[0.144s] DEBUG:colcon:Command line arguments: ['/usr/bin/colcon', 'build']
[0.144s] DEBUG:colcon:Parsed command line arguments: Namespace(log_base=None, log_level=None, verb_name='build', build_base='build', install_base='install', merge_install=False, symlink_install=False, test_result_base=None, continue_on_error=False, executor='parallel', parallel_workers=8, event_handlers=None, ignore_user_meta=False, metas=['./colcon.meta'], base_paths=['.'], packages_ignore=None, packages_ignore_regex=None, paths=None, packages_up_to=None, packages_up_to_regex=None, packages_above=None, packages_above_and_dependencies=None, packages_above_depth=None, packages_select_by_dep=None, packages_skip_by_dep=None, packages_skip_up_to=None, packages_select_build_failed=False, packages_skip_build_finished=False, packages_select_test_failures=False, packages_skip_test_passed=False, packages_select=None, packages_skip=None, packages_select_regex=None, packages_skip_regex=None, packages_start=None, packages_end=None, allow_overriding=[], cmake_args=None, cmake_target=None, cmake_target_skip_unavailable=False, cmake_clean_cache=False, cmake_clean_first=False, cmake_force_configure=False, ament_cmake_args=None, catkin_cmake_args=None, catkin_skip_building_tests=False, mixin_files=None, mixin=None, verb_parser=<colcon_mixin.mixin.mixin_argument.MixinArgumentDecorator object at 0x704e200f5000>, verb_extension=<colcon_core.verb.build.BuildVerb object at 0x704e200f4a90>, main=<bound method BuildVerb.main of <colcon_core.verb.build.BuildVerb object at 0x704e200f4a90>>, mixin_verb=('build',))
[0.517s] Level 1:colcon.colcon_core.package_discovery:discover_packages(colcon_meta) check parameters
[0.518s] Level 1:colcon.colcon_core.package_discovery:discover_packages(recursive) check parameters
[0.518s] Level 1:colcon.colcon_core.package_discovery:discover_packages(ignore) check parameters
[0.518s] Level 1:colcon.colcon_core.package_discovery:discover_packages(path) check parameters
[0.518s] Level 1:colcon.colcon_core.package_discovery:discover_packages(colcon_meta) discover
[0.518s] Level 1:colcon.colcon_core.package_discovery:discover_packages(recursive) discover
[0.518s] INFO:colcon.colcon_core.package_discovery:Crawling recursively for packages in '/home/dwduong74/yahboom_src'
[0.518s] Level 1:colcon.colcon_core.package_identification:_identify(.) by extensions ['ignore', 'ignore_ament_install']
[0.518s] Level 1:colcon.colcon_core.package_identification:_identify(.) by extension 'ignore'
[0.518s] Level 1:colcon.colcon_core.package_identification:_identify(.) by extension 'ignore_ament_install'
[0.518s] Level 1:colcon.colcon_core.package_identification:_identify(.) by extensions ['colcon_pkg']
[0.518s] Level 1:colcon.colcon_core.package_identification:_identify(.) by extension 'colcon_pkg'
[0.518s] Level 1:colcon.colcon_core.package_identification:_identify(.) by extensions ['colcon_meta']
[0.518s] Level 1:colcon.colcon_core.package_identification:_identify(.) by extension 'colcon_meta'
[0.518s] Level 1:colcon.colcon_core.package_identification:_identify(.) by extensions ['ros']
[0.519s] Level 1:colcon.colcon_core.package_identification:_identify(.) by extension 'ros'
[0.545s] Level 1:colcon.colcon_core.package_identification:_identify(.) by extensions ['cmake', 'python']
[0.545s] Level 1:colcon.colcon_core.package_identification:_identify(.) by extension 'cmake'
[0.545s] Level 1:colcon.colcon_core.package_identification:_identify(.) by extension 'python'
[0.545s] Level 1:colcon.colcon_core.package_identification:_identify(.) by extensions ['python_setup_py']
[0.545s] Level 1:colcon.colcon_core.package_identification:_identify(.) by extension 'python_setup_py'
[0.546s] Level 1:colcon.colcon_core.package_identification:_identify(build) by extensions ['ignore', 'ignore_ament_install']
[0.546s] Level 1:colcon.colcon_core.package_identification:_identify(build) by extension 'ignore'
[0.546s] Level 1:colcon.colcon_core.package_identification:_identify(build) ignored
[0.546s] Level 1:colcon.colcon_core.package_identification:_identify(install) by extensions ['ignore', 'ignore_ament_install']
[0.546s] Level 1:colcon.colcon_core.package_identification:_identify(install) by extension 'ignore'
[0.546s] Level 1:colcon.colcon_core.package_identification:_identify(install) ignored
[0.546s] Level 1:colcon.colcon_core.package_identification:_identify(log) by extensions ['ignore', 'ignore_ament_install']
[0.546s] Level 1:colcon.colcon_core.package_identification:_identify(log) by extension 'ignore'
[0.546s] Level 1:colcon.colcon_core.package_identification:_identify(log) ignored
[0.546s] Level 1:colcon.colcon_core.package_identification:_identify(src) by extensions ['ignore', 'ignore_ament_install']
[0.547s] Level 1:colcon.colcon_core.package_identification:_identify(src) by extension 'ignore'
[0.547s] Level 1:colcon.colcon_core.package_identification:_identify(src) by extension 'ignore_ament_install'
[0.547s] Level 1:colcon.colcon_core.package_identification:_identify(src) by extensions ['colcon_pkg']
[0.547s] Level 1:colcon.colcon_core.package_identification:_identify(src) by extension 'colcon_pkg'
[0.547s] Level 1:colcon.colcon_core.package_identification:_identify(src) by extensions ['colcon_meta']
[0.547s] Level 1:colcon.colcon_core.package_identification:_identify(src) by extension 'colcon_meta'
[0.547s] Level 1:colcon.colcon_core.package_identification:_identify(src) by extensions ['ros']
[0.547s] Level 1:colcon.colcon_core.package_identification:_identify(src) by extension 'ros'
[0.547s] Level 1:colcon.colcon_core.package_identification:_identify(src) by extensions ['cmake', 'python']
[0.547s] Level 1:colcon.colcon_core.package_identification:_identify(src) by extension 'cmake'
[0.547s] Level 1:colcon.colcon_core.package_identification:_identify(src) by extension 'python'
[0.547s] Level 1:colcon.colcon_core.package_identification:_identify(src) by extensions ['python_setup_py']
[0.547s] Level 1:colcon.colcon_core.package_identification:_identify(src) by extension 'python_setup_py'
[0.547s] Level 1:colcon.colcon_core.package_identification:_identify(src/bringup) by extensions ['ignore', 'ignore_ament_install']
[0.547s] Level 1:colcon.colcon_core.package_identification:_identify(src/bringup) by extension 'ignore'
[0.547s] Level 1:colcon.colcon_core.package_identification:_identify(src/bringup) by extension 'ignore_ament_install'
[0.548s] Level 1:colcon.colcon_core.package_identification:_identify(src/bringup) by extensions ['colcon_pkg']
[0.548s] Level 1:colcon.colcon_core.package_identification:_identify(src/bringup) by extension 'colcon_pkg'
[0.548s] Level 1:colcon.colcon_core.package_identification:_identify(src/bringup) by extensions ['colcon_meta']
[0.548s] Level 1:colcon.colcon_core.package_identification:_identify(src/bringup) by extension 'colcon_meta'
[0.548s] Level 1:colcon.colcon_core.package_identification:_identify(src/bringup) by extensions ['ros']
[0.548s] Level 1:colcon.colcon_core.package_identification:_identify(src/bringup) by extension 'ros'
[0.550s] DEBUG:colcon.colcon_core.package_identification:Package 'src/bringup' with type 'ros.ament_python' and name 'bringup'
[0.550s] Level 1:colcon.colcon_core.package_identification:_identify(src/build) by extensions ['ignore', 'ignore_ament_install']
[0.551s] Level 1:colcon.colcon_core.package_identification:_identify(src/build) by extension 'ignore'
[0.551s] Level 1:colcon.colcon_core.package_identification:_identify(src/build) ignored
[0.551s] Level 1:colcon.colcon_core.package_identification:_identify(src/dogzilla_sim) by extensions ['ignore', 'ignore_ament_install']
[0.551s] Level 1:colcon.colcon_core.package_identification:_identify(src/dogzilla_sim) by extension 'ignore'
[0.551s] Level 1:colcon.colcon_core.package_identification:_identify(src/dogzilla_sim) by extension 'ignore_ament_install'
[0.551s] Level 1:colcon.colcon_core.package_identification:_identify(src/dogzilla_sim) by extensions ['colcon_pkg']
[0.551s] Level 1:colcon.colcon_core.package_identification:_identify(src/dogzilla_sim) by extension 'colcon_pkg'
[0.551s] Level 1:colcon.colcon_core.package_identification:_identify(src/dogzilla_sim) by extensions ['colcon_meta']
[0.551s] Level 1:colcon.colcon_core.package_identification:_identify(src/dogzilla_sim) by extension 'colcon_meta'
[0.551s] Level 1:colcon.colcon_core.package_identification:_identify(src/dogzilla_sim) by extensions ['ros']
[0.551s] Level 1:colcon.colcon_core.package_identification:_identify(src/dogzilla_sim) by extension 'ros'
[0.551s] Level 1:colcon.colcon_core.package_identification:_identify(src/dogzilla_sim) by extensions ['cmake', 'python']
[0.551s] Level 1:colcon.colcon_core.package_identification:_identify(src/dogzilla_sim) by extension 'cmake'
[0.551s] Level 1:colcon.colcon_core.package_identification:_identify(src/dogzilla_sim) by extension 'python'
[0.551s] Level 1:colcon.colcon_core.package_identification:_identify(src/dogzilla_sim) by extensions ['python_setup_py']
[0.551s] Level 1:colcon.colcon_core.package_identification:_identify(src/dogzilla_sim) by extension 'python_setup_py'
[0.551s] Level 1:colcon.colcon_core.package_identification:_identify(src/dogzilla_sim/robots) by extensions ['ignore', 'ignore_ament_install']
[0.552s] Level 1:colcon.colcon_core.package_identification:_identify(src/dogzilla_sim/robots) by extension 'ignore'
[0.552s] Level 1:colcon.colcon_core.package_identification:_identify(src/dogzilla_sim/robots) by extension 'ignore_ament_install'
[0.552s] Level 1:colcon.colcon_core.package_identification:_identify(src/dogzilla_sim/robots) by extensions ['colcon_pkg']
[0.552s] Level 1:colcon.colcon_core.package_identification:_identify(src/dogzilla_sim/robots) by extension 'colcon_pkg'
[0.552s] Level 1:colcon.colcon_core.package_identification:_identify(src/dogzilla_sim/robots) by extensions ['colcon_meta']
[0.552s] Level 1:colcon.colcon_core.package_identification:_identify(src/dogzilla_sim/robots) by extension 'colcon_meta'
[0.552s] Level 1:colcon.colcon_core.package_identification:_identify(src/dogzilla_sim/robots) by extensions ['ros']
[0.552s] Level 1:colcon.colcon_core.package_identification:_identify(src/dogzilla_sim/robots) by extension 'ros'
[0.552s] Level 1:colcon.colcon_core.package_identification:_identify(src/dogzilla_sim/robots) by extensions ['cmake', 'python']
[0.552s] Level 1:colcon.colcon_core.package_identification:_identify(src/dogzilla_sim/robots) by extension 'cmake'
[0.552s] Level 1:colcon.colcon_core.package_identification:_identify(src/dogzilla_sim/robots) by extension 'python'
[0.552s] Level 1:colcon.colcon_core.package_identification:_identify(src/dogzilla_sim/robots) by extensions ['python_setup_py']
[0.552s] Level 1:colcon.colcon_core.package_identification:_identify(src/dogzilla_sim/robots) by extension 'python_setup_py'
[0.552s] Level 1:colcon.colcon_core.package_identification:_identify(src/dogzilla_sim/robots/configs) by extensions ['ignore', 'ignore_ament_install']
[0.552s] Level 1:colcon.colcon_core.package_identification:_identify(src/dogzilla_sim/robots/configs) by extension 'ignore'
[0.552s] Level 1:colcon.colcon_core.package_identification:_identify(src/dogzilla_sim/robots/configs) by extension 'ignore_ament_install'
[0.552s] Level 1:colcon.colcon_core.package_identification:_identify(src/dogzilla_sim/robots/configs) by extensions ['colcon_pkg']
[0.552s] Level 1:colcon.colcon_core.package_identification:_identify(src/dogzilla_sim/robots/configs) by extension 'colcon_pkg'
[0.552s] Level 1:colcon.colcon_core.package_identification:_identify(src/dogzilla_sim/robots/configs) by extensions ['colcon_meta']
[0.552s] Level 1:colcon.colcon_core.package_identification:_identify(src/dogzilla_sim/robots/configs) by extension 'colcon_meta'
[0.553s] Level 1:colcon.colcon_core.package_identification:_identify(src/dogzilla_sim/robots/configs) by extensions ['ros']
[0.553s] Level 1:colcon.colcon_core.package_identification:_identify(src/dogzilla_sim/robots/configs) by extension 'ros'
[0.553s] Level 1:colcon.colcon_core.package_identification:_identify(src/dogzilla_sim/robots/configs) by extensions ['cmake', 'python']
[0.553s] Level 1:colcon.colcon_core.package_identification:_identify(src/dogzilla_sim/robots/configs) by extension 'cmake'
[0.553s] Level 1:colcon.colcon_core.package_identification:_identify(src/dogzilla_sim/robots/configs) by extension 'python'
[0.553s] Level 1:colcon.colcon_core.package_identification:_identify(src/dogzilla_sim/robots/configs) by extensions ['python_setup_py']
[0.553s] Level 1:colcon.colcon_core.package_identification:_identify(src/dogzilla_sim/robots/configs) by extension 'python_setup_py'
[0.553s] Level 1:colcon.colcon_core.package_identification:_identify(src/dogzilla_sim/robots/configs/dogzilla_config) by extensions ['ignore', 'ignore_ament_install']
[0.553s] Level 1:colcon.colcon_core.package_identification:_identify(src/dogzilla_sim/robots/configs/dogzilla_config) by extension 'ignore'
[0.553s] Level 1:colcon.colcon_core.package_identification:_identify(src/dogzilla_sim/robots/configs/dogzilla_config) by extension 'ignore_ament_install'
[0.553s] Level 1:colcon.colcon_core.package_identification:_identify(src/dogzilla_sim/robots/configs/dogzilla_config) by extensions ['colcon_pkg']
[0.553s] Level 1:colcon.colcon_core.package_identification:_identify(src/dogzilla_sim/robots/configs/dogzilla_config) by extension 'colcon_pkg'
[0.553s] Level 1:colcon.colcon_core.package_identification:_identify(src/dogzilla_sim/robots/configs/dogzilla_config) by extensions ['colcon_meta']
[0.553s] Level 1:colcon.colcon_core.package_identification:_identify(src/dogzilla_sim/robots/configs/dogzilla_config) by extension 'colcon_meta'
[0.553s] Level 1:colcon.colcon_core.package_identification:_identify(src/dogzilla_sim/robots/configs/dogzilla_config) by extensions ['ros']
[0.553s] Level 1:colcon.colcon_core.package_identification:_identify(src/dogzilla_sim/robots/configs/dogzilla_config) by extension 'ros'
[0.554s] DEBUG:colcon.colcon_core.package_identification:Package 'src/dogzilla_sim/robots/configs/dogzilla_config' with type 'ros.ament_cmake' and name 'dogzilla_config'
[0.554s] Level 1:colcon.colcon_core.package_identification:_identify(src/dogzilla_sim/robots/descriptions) by extensions ['ignore', 'ignore_ament_install']
[0.554s] Level 1:colcon.colcon_core.package_identification:_identify(src/dogzilla_sim/robots/descriptions) by extension 'ignore'
[0.554s] Level 1:colcon.colcon_core.package_identification:_identify(src/dogzilla_sim/robots/descriptions) by extension 'ignore_ament_install'
[0.554s] Level 1:colcon.colcon_core.package_identification:_identify(src/dogzilla_sim/robots/descriptions) by extensions ['colcon_pkg']
[0.554s] Level 1:colcon.colcon_core.package_identification:_identify(src/dogzilla_sim/robots/descriptions) by extension 'colcon_pkg'
[0.554s] Level 1:colcon.colcon_core.package_identification:_identify(src/dogzilla_sim/robots/descriptions) by extensions ['colcon_meta']
[0.554s] Level 1:colcon.colcon_core.package_identification:_identify(src/dogzilla_sim/robots/descriptions) by extension 'colcon_meta'
[0.554s] Level 1:colcon.colcon_core.package_identification:_identify(src/dogzilla_sim/robots/descriptions) by extensions ['ros']
[0.555s] Level 1:colcon.colcon_core.package_identification:_identify(src/dogzilla_sim/robots/descriptions) by extension 'ros'
[0.555s] Level 1:colcon.colcon_core.package_identification:_identify(src/dogzilla_sim/robots/descriptions) by extensions ['cmake', 'python']
[0.555s] Level 1:colcon.colcon_core.package_identification:_identify(src/dogzilla_sim/robots/descriptions) by extension 'cmake'
[0.555s] Level 1:colcon.colcon_core.package_identification:_identify(src/dogzilla_sim/robots/descriptions) by extension 'python'
[0.555s] Level 1:colcon.colcon_core.package_identification:_identify(src/dogzilla_sim/robots/descriptions) by extensions ['python_setup_py']
[0.555s] Level 1:colcon.colcon_core.package_identification:_identify(src/dogzilla_sim/robots/descriptions) by extension 'python_setup_py'
[0.555s] Level 1:colcon.colcon_core.package_identification:_identify(src/dogzilla_sim/robots/descriptions/dogzilla_description) by extensions ['ignore', 'ignore_ament_install']
[0.555s] Level 1:colcon.colcon_core.package_identification:_identify(src/dogzilla_sim/robots/descriptions/dogzilla_description) by extension 'ignore'
[0.555s] Level 1:colcon.colcon_core.package_identification:_identify(src/dogzilla_sim/robots/descriptions/dogzilla_description) by extension 'ignore_ament_install'
[0.555s] Level 1:colcon.colcon_core.package_identification:_identify(src/dogzilla_sim/robots/descriptions/dogzilla_description) by extensions ['colcon_pkg']
[0.555s] Level 1:colcon.colcon_core.package_identification:_identify(src/dogzilla_sim/robots/descriptions/dogzilla_description) by extension 'colcon_pkg'
[0.555s] Level 1:colcon.colcon_core.package_identification:_identify(src/dogzilla_sim/robots/descriptions/dogzilla_description) by extensions ['colcon_meta']
[0.555s] Level 1:colcon.colcon_core.package_identification:_identify(src/dogzilla_sim/robots/descriptions/dogzilla_description) by extension 'colcon_meta'
[0.555s] Level 1:colcon.colcon_core.package_identification:_identify(src/dogzilla_sim/robots/descriptions/dogzilla_description) by extensions ['ros']
[0.555s] Level 1:colcon.colcon_core.package_identification:_identify(src/dogzilla_sim/robots/descriptions/dogzilla_description) by extension 'ros'
[0.556s] DEBUG:colcon.colcon_core.package_identification:Package 'src/dogzilla_sim/robots/descriptions/dogzilla_description' with type 'ros.ament_cmake' and name 'dogzilla_description'
[0.556s] Level 1:colcon.colcon_core.package_identification:_identify(src/gemini_examples) by extensions ['ignore', 'ignore_ament_install']
[0.556s] Level 1:colcon.colcon_core.package_identification:_identify(src/gemini_examples) by extension 'ignore'
[0.556s] Level 1:colcon.colcon_core.package_identification:_identify(src/gemini_examples) ignored
[0.556s] Level 1:colcon.colcon_core.package_identification:_identify(src/image_color_lab) by extensions ['ignore', 'ignore_ament_install']
[0.556s] Level 1:colcon.colcon_core.package_identification:_identify(src/image_color_lab) by extension 'ignore'
[0.556s] Level 1:colcon.colcon_core.package_identification:_identify(src/image_color_lab) by extension 'ignore_ament_install'
[0.556s] Level 1:colcon.colcon_core.package_identification:_identify(src/image_color_lab) by extensions ['colcon_pkg']
[0.557s] Level 1:colcon.colcon_core.package_identification:_identify(src/image_color_lab) by extension 'colcon_pkg'
[0.557s] Level 1:colcon.colcon_core.package_identification:_identify(src/image_color_lab) by extensions ['colcon_meta']
[0.557s] Level 1:colcon.colcon_core.package_identification:_identify(src/image_color_lab) by extension 'colcon_meta'
[0.557s] Level 1:colcon.colcon_core.package_identification:_identify(src/image_color_lab) by extensions ['ros']
[0.557s] Level 1:colcon.colcon_core.package_identification:_identify(src/image_color_lab) by extension 'ros'
[0.557s] DEBUG:colcon.colcon_core.package_identification:Package 'src/image_color_lab' with type 'ros.ament_cmake' and name 'image_color_lab'
[0.557s] Level 1:colcon.colcon_core.package_identification:_identify(src/install) by extensions ['ignore', 'ignore_ament_install']
[0.558s] Level 1:colcon.colcon_core.package_identification:_identify(src/install) by extension 'ignore'
[0.558s] Level 1:colcon.colcon_core.package_identification:_identify(src/install) ignored
[0.558s] Level 1:colcon.colcon_core.package_identification:_identify(src/oradar_lidar) by extensions ['ignore', 'ignore_ament_install']
[0.558s] Level 1:colcon.colcon_core.package_identification:_identify(src/oradar_lidar) by extension 'ignore'
[0.558s] Level 1:colcon.colcon_core.package_identification:_identify(src/oradar_lidar) by extension 'ignore_ament_install'
[0.558s] Level 1:colcon.colcon_core.package_identification:_identify(src/oradar_lidar) by extensions ['colcon_pkg']
[0.558s] Level 1:colcon.colcon_core.package_identification:_identify(src/oradar_lidar) by extension 'colcon_pkg'
[0.558s] Level 1:colcon.colcon_core.package_identification:_identify(src/oradar_lidar) by extensions ['colcon_meta']
[0.558s] Level 1:colcon.colcon_core.package_identification:_identify(src/oradar_lidar) by extension 'colcon_meta'
[0.558s] Level 1:colcon.colcon_core.package_identification:_identify(src/oradar_lidar) by extensions ['ros']
[0.558s] Level 1:colcon.colcon_core.package_identification:_identify(src/oradar_lidar) by extension 'ros'
[0.559s] DEBUG:colcon.colcon_core.package_identification:Package 'src/oradar_lidar' with type 'ros.ament_cmake' and name 'oradar_lidar'
[0.559s] Level 1:colcon.colcon_core.package_identification:_identify(src/src) by extensions ['ignore', 'ignore_ament_install']
[0.559s] Level 1:colcon.colcon_core.package_identification:_identify(src/src) by extension 'ignore'
[0.559s] Level 1:colcon.colcon_core.package_identification:_identify(src/src) by extension 'ignore_ament_install'
[0.559s] Level 1:colcon.colcon_core.package_identification:_identify(src/src) by extensions ['colcon_pkg']
[0.559s] Level 1:colcon.colcon_core.package_identification:_identify(src/src) by extension 'colcon_pkg'
[0.560s] Level 1:colcon.colcon_core.package_identification:_identify(src/src) by extensions ['colcon_meta']
[0.560s] Level 1:colcon.colcon_core.package_identification:_identify(src/src) by extension 'colcon_meta'
[0.560s] Level 1:colcon.colcon_core.package_identification:_identify(src/src) by extensions ['ros']
[0.560s] Level 1:colcon.colcon_core.package_identification:_identify(src/src) by extension 'ros'
[0.560s] Level 1:colcon.colcon_core.package_identification:_identify(src/src) by extensions ['cmake', 'python']
[0.560s] Level 1:colcon.colcon_core.package_identification:_identify(src/src) by extension 'cmake'
[0.560s] Level 1:colcon.colcon_core.package_identification:_identify(src/src) by extension 'python'
[0.560s] Level 1:colcon.colcon_core.package_identification:_identify(src/src) by extensions ['python_setup_py']
[0.560s] Level 1:colcon.colcon_core.package_identification:_identify(src/src) by extension 'python_setup_py'
[0.560s] Level 1:colcon.colcon_core.package_identification:_identify(src/tf_publisher) by extensions ['ignore', 'ignore_ament_install']
[0.560s] Level 1:colcon.colcon_core.package_identification:_identify(src/tf_publisher) by extension 'ignore'
[0.560s] Level 1:colcon.colcon_core.package_identification:_identify(src/tf_publisher) by extension 'ignore_ament_install'
[0.560s] Level 1:colcon.colcon_core.package_identification:_identify(src/tf_publisher) by extensions ['colcon_pkg']
[0.560s] Level 1:colcon.colcon_core.package_identification:_identify(src/tf_publisher) by extension 'colcon_pkg'
[0.560s] Level 1:colcon.colcon_core.package_identification:_identify(src/tf_publisher) by extensions ['colcon_meta']
[0.560s] Level 1:colcon.colcon_core.package_identification:_identify(src/tf_publisher) by extension 'colcon_meta'
[0.560s] Level 1:colcon.colcon_core.package_identification:_identify(src/tf_publisher) by extensions ['ros']
[0.560s] Level 1:colcon.colcon_core.package_identification:_identify(src/tf_publisher) by extension 'ros'
[0.561s] DEBUG:colcon.colcon_core.package_identification:Package 'src/tf_publisher' with type 'ros.ament_python' and name 'tf_publisher'
[0.561s] Level 1:colcon.colcon_core.package_identification:_identify(src/unitree-go2-ros2) by extensions ['ignore', 'ignore_ament_install']
[0.561s] Level 1:colcon.colcon_core.package_identification:_identify(src/unitree-go2-ros2) by extension 'ignore'
[0.561s] Level 1:colcon.colcon_core.package_identification:_identify(src/unitree-go2-ros2) by extension 'ignore_ament_install'
[0.562s] Level 1:colcon.colcon_core.package_identification:_identify(src/unitree-go2-ros2) by extensions ['colcon_pkg']
[0.562s] Level 1:colcon.colcon_core.package_identification:_identify(src/unitree-go2-ros2) by extension 'colcon_pkg'
[0.562s] Level 1:colcon.colcon_core.package_identification:_identify(src/unitree-go2-ros2) by extensions ['colcon_meta']
[0.562s] Level 1:colcon.colcon_core.package_identification:_identify(src/unitree-go2-ros2) by extension 'colcon_meta'
[0.562s] Level 1:colcon.colcon_core.package_identification:_identify(src/unitree-go2-ros2) by extensions ['ros']
[0.562s] Level 1:colcon.colcon_core.package_identification:_identify(src/unitree-go2-ros2) by extension 'ros'
[0.562s] Level 1:colcon.colcon_core.package_identification:_identify(src/unitree-go2-ros2) by extensions ['cmake', 'python']
[0.562s] Level 1:colcon.colcon_core.package_identification:_identify(src/unitree-go2-ros2) by extension 'cmake'
[0.562s] Level 1:colcon.colcon_core.package_identification:_identify(src/unitree-go2-ros2) by extension 'python'
[0.562s] Level 1:colcon.colcon_core.package_identification:_identify(src/unitree-go2-ros2) by extensions ['python_setup_py']
[0.562s] Level 1:colcon.colcon_core.package_identification:_identify(src/unitree-go2-ros2) by extension 'python_setup_py'
[0.562s] Level 1:colcon.colcon_core.package_identification:_identify(src/unitree-go2-ros2/champ) by extensions ['ignore', 'ignore_ament_install']
[0.562s] Level 1:colcon.colcon_core.package_identification:_identify(src/unitree-go2-ros2/champ) by extension 'ignore'
[0.562s] Level 1:colcon.colcon_core.package_identification:_identify(src/unitree-go2-ros2/champ) by extension 'ignore_ament_install'
[0.562s] Level 1:colcon.colcon_core.package_identification:_identify(src/unitree-go2-ros2/champ) by extensions ['colcon_pkg']
[0.562s] Level 1:colcon.colcon_core.package_identification:_identify(src/unitree-go2-ros2/champ) by extension 'colcon_pkg'
[0.562s] Level 1:colcon.colcon_core.package_identification:_identify(src/unitree-go2-ros2/champ) by extensions ['colcon_meta']
[0.562s] Level 1:colcon.colcon_core.package_identification:_identify(src/unitree-go2-ros2/champ) by extension 'colcon_meta'
[0.563s] Level 1:colcon.colcon_core.package_identification:_identify(src/unitree-go2-ros2/champ) by extensions ['ros']
[0.563s] Level 1:colcon.colcon_core.package_identification:_identify(src/unitree-go2-ros2/champ) by extension 'ros'
[0.563s] Level 1:colcon.colcon_core.package_identification:_identify(src/unitree-go2-ros2/champ) by extensions ['cmake', 'python']
[0.563s] Level 1:colcon.colcon_core.package_identification:_identify(src/unitree-go2-ros2/champ) by extension 'cmake'
[0.563s] Level 1:colcon.colcon_core.package_identification:_identify(src/unitree-go2-ros2/champ) by extension 'python'
[0.563s] Level 1:colcon.colcon_core.package_identification:_identify(src/unitree-go2-ros2/champ) by extensions ['python_setup_py']
[0.563s] Level 1:colcon.colcon_core.package_identification:_identify(src/unitree-go2-ros2/champ) by extension 'python_setup_py'
[0.563s] Level 1:colcon.colcon_core.package_identification:_identify(src/unitree-go2-ros2/champ/champ) by extensions ['ignore', 'ignore_ament_install']
[0.563s] Level 1:colcon.colcon_core.package_identification:_identify(src/unitree-go2-ros2/champ/champ) by extension 'ignore'
[0.563s] Level 1:colcon.colcon_core.package_identification:_identify(src/unitree-go2-ros2/champ/champ) by extension 'ignore_ament_install'
[0.563s] Level 1:colcon.colcon_core.package_identification:_identify(src/unitree-go2-ros2/champ/champ) by extensions ['colcon_pkg']
[0.563s] Level 1:colcon.colcon_core.package_identification:_identify(src/unitree-go2-ros2/champ/champ) by extension 'colcon_pkg'
[0.563s] Level 1:colcon.colcon_core.package_identification:_identify(src/unitree-go2-ros2/champ/champ) by extensions ['colcon_meta']
[0.563s] Level 1:colcon.colcon_core.package_identification:_identify(src/unitree-go2-ros2/champ/champ) by extension 'colcon_meta'
[0.563s] Level 1:colcon.colcon_core.package_identification:_identify(src/unitree-go2-ros2/champ/champ) by extensions ['ros']
[0.563s] Level 1:colcon.colcon_core.package_identification:_identify(src/unitree-go2-ros2/champ/champ) by extension 'ros'
[0.564s] DEBUG:colcon.colcon_core.package_identification:Package 'src/unitree-go2-ros2/champ/champ' with type 'ros.ament_cmake' and name 'champ'
[0.564s] Level 1:colcon.colcon_core.package_identification:_identify(src/unitree-go2-ros2/champ/champ_base) by extensions ['ignore', 'ignore_ament_install']
[0.564s] Level 1:colcon.colcon_core.package_identification:_identify(src/unitree-go2-ros2/champ/champ_base) by extension 'ignore'
[0.564s] Level 1:colcon.colcon_core.package_identification:_identify(src/unitree-go2-ros2/champ/champ_base) by extension 'ignore_ament_install'
[0.564s] Level 1:colcon.colcon_core.package_identification:_identify(src/unitree-go2-ros2/champ/champ_base) by extensions ['colcon_pkg']
[0.564s] Level 1:colcon.colcon_core.package_identification:_identify(src/unitree-go2-ros2/champ/champ_base) by extension 'colcon_pkg'
[0.564s] Level 1:colcon.colcon_core.package_identification:_identify(src/unitree-go2-ros2/champ/champ_base) by extensions ['colcon_meta']
[0.564s] Level 1:colcon.colcon_core.package_identification:_identify(src/unitree-go2-ros2/champ/champ_base) by extension 'colcon_meta'
[0.564s] Level 1:colcon.colcon_core.package_identification:_identify(src/unitree-go2-ros2/champ/champ_base) by extensions ['ros']
[0.565s] Level 1:colcon.colcon_core.package_identification:_identify(src/unitree-go2-ros2/champ/champ_base) by extension 'ros'
[0.566s] DEBUG:colcon.colcon_core.package_identification:Package 'src/unitree-go2-ros2/champ/champ_base' with type 'ros.ament_cmake' and name 'champ_base'
[0.566s] Level 1:colcon.colcon_core.package_identification:_identify(src/unitree-go2-ros2/champ/champ_bringup) by extensions ['ignore', 'ignore_ament_install']
[0.566s] Level 1:colcon.colcon_core.package_identification:_identify(src/unitree-go2-ros2/champ/champ_bringup) by extension 'ignore'
[0.566s] Level 1:colcon.colcon_core.package_identification:_identify(src/unitree-go2-ros2/champ/champ_bringup) by extension 'ignore_ament_install'
[0.566s] Level 1:colcon.colcon_core.package_identification:_identify(src/unitree-go2-ros2/champ/champ_bringup) by extensions ['colcon_pkg']
[0.566s] Level 1:colcon.colcon_core.package_identification:_identify(src/unitree-go2-ros2/champ/champ_bringup) by extension 'colcon_pkg'
[0.566s] Level 1:colcon.colcon_core.package_identification:_identify(src/unitree-go2-ros2/champ/champ_bringup) by extensions ['colcon_meta']
[0.566s] Level 1:colcon.colcon_core.package_identification:_identify(src/unitree-go2-ros2/champ/champ_bringup) by extension 'colcon_meta'
[0.566s] Level 1:colcon.colcon_core.package_identification:_identify(src/unitree-go2-ros2/champ/champ_bringup) by extensions ['ros']
[0.566s] Level 1:colcon.colcon_core.package_identification:_identify(src/unitree-go2-ros2/champ/champ_bringup) by extension 'ros'
[0.567s] DEBUG:colcon.colcon_core.package_identification:Package 'src/unitree-go2-ros2/champ/champ_bringup' with type 'ros.ament_cmake' and name 'champ_bringup'
[0.567s] Level 1:colcon.colcon_core.package_identification:_identify(src/unitree-go2-ros2/champ/champ_config) by extensions ['ignore', 'ignore_ament_install']
[0.567s] Level 1:colcon.colcon_core.package_identification:_identify(src/unitree-go2-ros2/champ/champ_config) by extension 'ignore'
[0.567s] Level 1:colcon.colcon_core.package_identification:_identify(src/unitree-go2-ros2/champ/champ_config) by extension 'ignore_ament_install'
[0.567s] Level 1:colcon.colcon_core.package_identification:_identify(src/unitree-go2-ros2/champ/champ_config) by extensions ['colcon_pkg']
[0.568s] Level 1:colcon.colcon_core.package_identification:_identify(src/unitree-go2-ros2/champ/champ_config) by extension 'colcon_pkg'
[0.568s] Level 1:colcon.colcon_core.package_identification:_identify(src/unitree-go2-ros2/champ/champ_config) by extensions ['colcon_meta']
[0.568s] Level 1:colcon.colcon_core.package_identification:_identify(src/unitree-go2-ros2/champ/champ_config) by extension 'colcon_meta'
[0.568s] Level 1:colcon.colcon_core.package_identification:_identify(src/unitree-go2-ros2/champ/champ_config) by extensions ['ros']
[0.568s] Level 1:colcon.colcon_core.package_identification:_identify(src/unitree-go2-ros2/champ/champ_config) by extension 'ros'
[0.568s] DEBUG:colcon.colcon_core.package_identification:Package 'src/unitree-go2-ros2/champ/champ_config' with type 'ros.ament_cmake' and name 'champ_config'
[0.568s] Level 1:colcon.colcon_core.package_identification:_identify(src/unitree-go2-ros2/champ/champ_description) by extensions ['ignore', 'ignore_ament_install']
[0.569s] Level 1:colcon.colcon_core.package_identification:_identify(src/unitree-go2-ros2/champ/champ_description) by extension 'ignore'
[0.569s] Level 1:colcon.colcon_core.package_identification:_identify(src/unitree-go2-ros2/champ/champ_description) by extension 'ignore_ament_install'
[0.569s] Level 1:colcon.colcon_core.package_identification:_identify(src/unitree-go2-ros2/champ/champ_description) by extensions ['colcon_pkg']
[0.569s] Level 1:colcon.colcon_core.package_identification:_identify(src/unitree-go2-ros2/champ/champ_description) by extension 'colcon_pkg'
[0.569s] Level 1:colcon.colcon_core.package_identification:_identify(src/unitree-go2-ros2/champ/champ_description) by extensions ['colcon_meta']
[0.569s] Level 1:colcon.colcon_core.package_identification:_identify(src/unitree-go2-ros2/champ/champ_description) by extension 'colcon_meta'
[0.569s] Level 1:colcon.colcon_core.package_identification:_identify(src/unitree-go2-ros2/champ/champ_description) by extensions ['ros']
[0.569s] Level 1:colcon.colcon_core.package_identification:_identify(src/unitree-go2-ros2/champ/champ_description) by extension 'ros'
[0.570s] DEBUG:colcon.colcon_core.package_identification:Package 'src/unitree-go2-ros2/champ/champ_description' with type 'ros.ament_cmake' and name 'champ_description'
[0.570s] Level 1:colcon.colcon_core.package_identification:_identify(src/unitree-go2-ros2/champ/champ_gazebo) by extensions ['ignore', 'ignore_ament_install']
[0.570s] Level 1:colcon.colcon_core.package_identification:_identify(src/unitree-go2-ros2/champ/champ_gazebo) by extension 'ignore'
[0.570s] Level 1:colcon.colcon_core.package_identification:_identify(src/unitree-go2-ros2/champ/champ_gazebo) by extension 'ignore_ament_install'
[0.570s] Level 1:colcon.colcon_core.package_identification:_identify(src/unitree-go2-ros2/champ/champ_gazebo) by extensions ['colcon_pkg']
[0.570s] Level 1:colcon.colcon_core.package_identification:_identify(src/unitree-go2-ros2/champ/champ_gazebo) by extension 'colcon_pkg'
[0.570s] Level 1:colcon.colcon_core.package_identification:_identify(src/unitree-go2-ros2/champ/champ_gazebo) by extensions ['colcon_meta']
[0.570s] Level 1:colcon.colcon_core.package_identification:_identify(src/unitree-go2-ros2/champ/champ_gazebo) by extension 'colcon_meta'
[0.570s] Level 1:colcon.colcon_core.package_identification:_identify(src/unitree-go2-ros2/champ/champ_gazebo) by extensions ['ros']
[0.570s] Level 1:colcon.colcon_core.package_identification:_identify(src/unitree-go2-ros2/champ/champ_gazebo) by extension 'ros'
[0.571s] DEBUG:colcon.colcon_core.package_identification:Package 'src/unitree-go2-ros2/champ/champ_gazebo' with type 'ros.ament_cmake' and name 'champ_gazebo'
[0.571s] Level 1:colcon.colcon_core.package_identification:_identify(src/unitree-go2-ros2/champ/champ_msgs) by extensions ['ignore', 'ignore_ament_install']
[0.571s] Level 1:colcon.colcon_core.package_identification:_identify(src/unitree-go2-ros2/champ/champ_msgs) by extension 'ignore'
[0.571s] Level 1:colcon.colcon_core.package_identification:_identify(src/unitree-go2-ros2/champ/champ_msgs) by extension 'ignore_ament_install'
[0.571s] Level 1:colcon.colcon_core.package_identification:_identify(src/unitree-go2-ros2/champ/champ_msgs) by extensions ['colcon_pkg']
[0.571s] Level 1:colcon.colcon_core.package_identification:_identify(src/unitree-go2-ros2/champ/champ_msgs) by extension 'colcon_pkg'
[0.572s] Level 1:colcon.colcon_core.package_identification:_identify(src/unitree-go2-ros2/champ/champ_msgs) by extensions ['colcon_meta']
[0.572s] Level 1:colcon.colcon_core.package_identification:_identify(src/unitree-go2-ros2/champ/champ_msgs) by extension 'colcon_meta'
[0.572s] Level 1:colcon.colcon_core.package_identification:_identify(src/unitree-go2-ros2/champ/champ_msgs) by extensions ['ros']
[0.572s] Level 1:colcon.colcon_core.package_identification:_identify(src/unitree-go2-ros2/champ/champ_msgs) by extension 'ros'
[0.572s] DEBUG:colcon.colcon_core.package_identification:Package 'src/unitree-go2-ros2/champ/champ_msgs' with type 'ros.ament_cmake' and name 'champ_msgs'
[0.573s] Level 1:colcon.colcon_core.package_identification:_identify(src/unitree-go2-ros2/champ/champ_navigation) by extensions ['ignore', 'ignore_ament_install']
[0.573s] Level 1:colcon.colcon_core.package_identification:_identify(src/unitree-go2-ros2/champ/champ_navigation) by extension 'ignore'
[0.573s] Level 1:colcon.colcon_core.package_identification:_identify(src/unitree-go2-ros2/champ/champ_navigation) by extension 'ignore_ament_install'
[0.573s] Level 1:colcon.colcon_core.package_identification:_identify(src/unitree-go2-ros2/champ/champ_navigation) by extensions ['colcon_pkg']
[0.573s] Level 1:colcon.colcon_core.package_identification:_identify(src/unitree-go2-ros2/champ/champ_navigation) by extension 'colcon_pkg'
[0.573s] Level 1:colcon.colcon_core.package_identification:_identify(src/unitree-go2-ros2/champ/champ_navigation) by extensions ['colcon_meta']
[0.573s] Level 1:colcon.colcon_core.package_identification:_identify(src/unitree-go2-ros2/champ/champ_navigation) by extension 'colcon_meta'
[0.573s] Level 1:colcon.colcon_core.package_identification:_identify(src/unitree-go2-ros2/champ/champ_navigation) by extensions ['ros']
[0.573s] Level 1:colcon.colcon_core.package_identification:_identify(src/unitree-go2-ros2/champ/champ_navigation) by extension 'ros'
[0.574s] DEBUG:colcon.colcon_core.package_identification:Package 'src/unitree-go2-ros2/champ/champ_navigation' with type 'ros.ament_cmake' and name 'champ_navigation'
[0.574s] Level 1:colcon.colcon_core.package_identification:_identify(src/unitree-go2-ros2/champ/docs) by extensions ['ignore', 'ignore_ament_install']
[0.574s] Level 1:colcon.colcon_core.package_identification:_identify(src/unitree-go2-ros2/champ/docs) by extension 'ignore'
[0.574s] Level 1:colcon.colcon_core.package_identification:_identify(src/unitree-go2-ros2/champ/docs) by extension 'ignore_ament_install'
[0.574s] Level 1:colcon.colcon_core.package_identification:_identify(src/unitree-go2-ros2/champ/docs) by extensions ['colcon_pkg']
[0.574s] Level 1:colcon.colcon_core.package_identification:_identify(src/unitree-go2-ros2/champ/docs) by extension 'colcon_pkg'
[0.574s] Level 1:colcon.colcon_core.package_identification:_identify(src/unitree-go2-ros2/champ/docs) by extensions ['colcon_meta']
[0.574s] Level 1:colcon.colcon_core.package_identification:_identify(src/unitree-go2-ros2/champ/docs) by extension 'colcon_meta'
[0.574s] Level 1:colcon.colcon_core.package_identification:_identify(src/unitree-go2-ros2/champ/docs) by extensions ['ros']
[0.574s] Level 1:colcon.colcon_core.package_identification:_identify(src/unitree-go2-ros2/champ/docs) by extension 'ros'
[0.574s] Level 1:colcon.colcon_core.package_identification:_identify(src/unitree-go2-ros2/champ/docs) by extensions ['cmake', 'python']
[0.574s] Level 1:colcon.colcon_core.package_identification:_identify(src/unitree-go2-ros2/champ/docs) by extension 'cmake'
[0.574s] Level 1:colcon.colcon_core.package_identification:_identify(src/unitree-go2-ros2/champ/docs) by extension 'python'
[0.575s] Level 1:colcon.colcon_core.package_identification:_identify(src/unitree-go2-ros2/champ/docs) by extensions ['python_setup_py']
[0.575s] Level 1:colcon.colcon_core.package_identification:_identify(src/unitree-go2-ros2/champ/docs) by extension 'python_setup_py'
[0.575s] Level 1:colcon.colcon_core.package_identification:_identify(src/unitree-go2-ros2/champ/docs/images) by extensions ['ignore', 'ignore_ament_install']
[0.575s] Level 1:colcon.colcon_core.package_identification:_identify(src/unitree-go2-ros2/champ/docs/images) by extension 'ignore'
[0.575s] Level 1:colcon.colcon_core.package_identification:_identify(src/unitree-go2-ros2/champ/docs/images) by extension 'ignore_ament_install'
[0.575s] Level 1:colcon.colcon_core.package_identification:_identify(src/unitree-go2-ros2/champ/docs/images) by extensions ['colcon_pkg']
[0.575s] Level 1:colcon.colcon_core.package_identification:_identify(src/unitree-go2-ros2/champ/docs/images) by extension 'colcon_pkg'
[0.575s] Level 1:colcon.colcon_core.package_identification:_identify(src/unitree-go2-ros2/champ/docs/images) by extensions ['colcon_meta']
[0.575s] Level 1:colcon.colcon_core.package_identification:_identify(src/unitree-go2-ros2/champ/docs/images) by extension 'colcon_meta'
[0.575s] Level 1:colcon.colcon_core.package_identification:_identify(src/unitree-go2-ros2/champ/docs/images) by extensions ['ros']
[0.575s] Level 1:colcon.colcon_core.package_identification:_identify(src/unitree-go2-ros2/champ/docs/images) by extension 'ros'
[0.575s] Level 1:colcon.colcon_core.package_identification:_identify(src/unitree-go2-ros2/champ/docs/images) by extensions ['cmake', 'python']
[0.575s] Level 1:colcon.colcon_core.package_identification:_identify(src/unitree-go2-ros2/champ/docs/images) by extension 'cmake'
[0.575s] Level 1:colcon.colcon_core.package_identification:_identify(src/unitree-go2-ros2/champ/docs/images) by extension 'python'
[0.575s] Level 1:colcon.colcon_core.package_identification:_identify(src/unitree-go2-ros2/champ/docs/images) by extensions ['python_setup_py']
[0.575s] Level 1:colcon.colcon_core.package_identification:_identify(src/unitree-go2-ros2/champ/docs/images) by extension 'python_setup_py'
[0.576s] Level 1:colcon.colcon_core.package_identification:_identify(src/unitree-go2-ros2/champ_teleop) by extensions ['ignore', 'ignore_ament_install']
[0.576s] Level 1:colcon.colcon_core.package_identification:_identify(src/unitree-go2-ros2/champ_teleop) by extension 'ignore'
[0.576s] Level 1:colcon.colcon_core.package_identification:_identify(src/unitree-go2-ros2/champ_teleop) by extension 'ignore_ament_install'
[0.576s] Level 1:colcon.colcon_core.package_identification:_identify(src/unitree-go2-ros2/champ_teleop) by extensions ['colcon_pkg']
[0.576s] Level 1:colcon.colcon_core.package_identification:_identify(src/unitree-go2-ros2/champ_teleop) by extension 'colcon_pkg'
[0.576s] Level 1:colcon.colcon_core.package_identification:_identify(src/unitree-go2-ros2/champ_teleop) by extensions ['colcon_meta']
[0.576s] Level 1:colcon.colcon_core.package_identification:_identify(src/unitree-go2-ros2/champ_teleop) by extension 'colcon_meta'
[0.576s] Level 1:colcon.colcon_core.package_identification:_identify(src/unitree-go2-ros2/champ_teleop) by extensions ['ros']
[0.576s] Level 1:colcon.colcon_core.package_identification:_identify(src/unitree-go2-ros2/champ_teleop) by extension 'ros'
[0.577s] DEBUG:colcon.colcon_core.package_identification:Package 'src/unitree-go2-ros2/champ_teleop' with type 'ros.ament_cmake' and name 'champ_teleop'
[0.577s] Level 1:colcon.colcon_core.package_identification:_identify(src/unitree-go2-ros2/robots) by extensions ['ignore', 'ignore_ament_install']
[0.577s] Level 1:colcon.colcon_core.package_identification:_identify(src/unitree-go2-ros2/robots) by extension 'ignore'
[0.577s] Level 1:colcon.colcon_core.package_identification:_identify(src/unitree-go2-ros2/robots) by extension 'ignore_ament_install'
[0.577s] Level 1:colcon.colcon_core.package_identification:_identify(src/unitree-go2-ros2/robots) by extensions ['colcon_pkg']
[0.577s] Level 1:colcon.colcon_core.package_identification:_identify(src/unitree-go2-ros2/robots) by extension 'colcon_pkg'
[0.577s] Level 1:colcon.colcon_core.package_identification:_identify(src/unitree-go2-ros2/robots) by extensions ['colcon_meta']
[0.577s] Level 1:colcon.colcon_core.package_identification:_identify(src/unitree-go2-ros2/robots) by extension 'colcon_meta'
[0.577s] Level 1:colcon.colcon_core.package_identification:_identify(src/unitree-go2-ros2/robots) by extensions ['ros']
[0.577s] Level 1:colcon.colcon_core.package_identification:_identify(src/unitree-go2-ros2/robots) by extension 'ros'
[0.577s] Level 1:colcon.colcon_core.package_identification:_identify(src/unitree-go2-ros2/robots) by extensions ['cmake', 'python']
[0.577s] Level 1:colcon.colcon_core.package_identification:_identify(src/unitree-go2-ros2/robots) by extension 'cmake'
[0.578s] Level 1:colcon.colcon_core.package_identification:_identify(src/unitree-go2-ros2/robots) by extension 'python'
[0.578s] Level 1:colcon.colcon_core.package_identification:_identify(src/unitree-go2-ros2/robots) by extensions ['python_setup_py']
[0.578s] Level 1:colcon.colcon_core.package_identification:_identify(src/unitree-go2-ros2/robots) by extension 'python_setup_py'
[0.578s] Level 1:colcon.colcon_core.package_identification:_identify(src/unitree-go2-ros2/robots/configs) by extensions ['ignore', 'ignore_ament_install']
[0.578s] Level 1:colcon.colcon_core.package_identification:_identify(src/unitree-go2-ros2/robots/configs) by extension 'ignore'
[0.578s] Level 1:colcon.colcon_core.package_identification:_identify(src/unitree-go2-ros2/robots/configs) by extension 'ignore_ament_install'
[0.578s] Level 1:colcon.colcon_core.package_identification:_identify(src/unitree-go2-ros2/robots/configs) by extensions ['colcon_pkg']
[0.578s] Level 1:colcon.colcon_core.package_identification:_identify(src/unitree-go2-ros2/robots/configs) by extension 'colcon_pkg'
[0.578s] Level 1:colcon.colcon_core.package_identification:_identify(src/unitree-go2-ros2/robots/configs) by extensions ['colcon_meta']
[0.578s] Level 1:colcon.colcon_core.package_identification:_identify(src/unitree-go2-ros2/robots/configs) by extension 'colcon_meta'
[0.578s] Level 1:colcon.colcon_core.package_identification:_identify(src/unitree-go2-ros2/robots/configs) by extensions ['ros']
[0.578s] Level 1:colcon.colcon_core.package_identification:_identify(src/unitree-go2-ros2/robots/configs) by extension 'ros'
[0.578s] Level 1:colcon.colcon_core.package_identification:_identify(src/unitree-go2-ros2/robots/configs) by extensions ['cmake', 'python']
[0.578s] Level 1:colcon.colcon_core.package_identification:_identify(src/unitree-go2-ros2/robots/configs) by extension 'cmake'
[0.578s] Level 1:colcon.colcon_core.package_identification:_identify(src/unitree-go2-ros2/robots/configs) by extension 'python'
[0.578s] Level 1:colcon.colcon_core.package_identification:_identify(src/unitree-go2-ros2/robots/configs) by extensions ['python_setup_py']
[0.578s] Level 1:colcon.colcon_core.package_identification:_identify(src/unitree-go2-ros2/robots/configs) by extension 'python_setup_py'
[0.579s] Level 1:colcon.colcon_core.package_identification:_identify(src/unitree-go2-ros2/robots/configs/go2_config) by extensions ['ignore', 'ignore_ament_install']
[0.579s] Level 1:colcon.colcon_core.package_identification:_identify(src/unitree-go2-ros2/robots/configs/go2_config) by extension 'ignore'
[0.579s] Level 1:colcon.colcon_core.package_identification:_identify(src/unitree-go2-ros2/robots/configs/go2_config) by extension 'ignore_ament_install'
[0.579s] Level 1:colcon.colcon_core.package_identification:_identify(src/unitree-go2-ros2/robots/configs/go2_config) by extensions ['colcon_pkg']
[0.579s] Level 1:colcon.colcon_core.package_identification:_identify(src/unitree-go2-ros2/robots/configs/go2_config) by extension 'colcon_pkg'
[0.579s] Level 1:colcon.colcon_core.package_identification:_identify(src/unitree-go2-ros2/robots/configs/go2_config) by extensions ['colcon_meta']
[0.579s] Level 1:colcon.colcon_core.package_identification:_identify(src/unitree-go2-ros2/robots/configs/go2_config) by extension 'colcon_meta'
[0.579s] Level 1:colcon.colcon_core.package_identification:_identify(src/unitree-go2-ros2/robots/configs/go2_config) by extensions ['ros']
[0.579s] Level 1:colcon.colcon_core.package_identification:_identify(src/unitree-go2-ros2/robots/configs/go2_config) by extension 'ros'
[0.580s] DEBUG:colcon.colcon_core.package_identification:Package 'src/unitree-go2-ros2/robots/configs/go2_config' with type 'ros.ament_cmake' and name 'go2_config'
[0.580s] Level 1:colcon.colcon_core.package_identification:_identify(src/unitree-go2-ros2/robots/descriptions) by extensions ['ignore', 'ignore_ament_install']
[0.580s] Level 1:colcon.colcon_core.package_identification:_identify(src/unitree-go2-ros2/robots/descriptions) by extension 'ignore'
[0.580s] Level 1:colcon.colcon_core.package_identification:_identify(src/unitree-go2-ros2/robots/descriptions) by extension 'ignore_ament_install'
[0.580s] Level 1:colcon.colcon_core.package_identification:_identify(src/unitree-go2-ros2/robots/descriptions) by extensions ['colcon_pkg']
[0.580s] Level 1:colcon.colcon_core.package_identification:_identify(src/unitree-go2-ros2/robots/descriptions) by extension 'colcon_pkg'
[0.580s] Level 1:colcon.colcon_core.package_identification:_identify(src/unitree-go2-ros2/robots/descriptions) by extensions ['colcon_meta']
[0.580s] Level 1:colcon.colcon_core.package_identification:_identify(src/unitree-go2-ros2/robots/descriptions) by extension 'colcon_meta'
[0.580s] Level 1:colcon.colcon_core.package_identification:_identify(src/unitree-go2-ros2/robots/descriptions) by extensions ['ros']
[0.580s] Level 1:colcon.colcon_core.package_identification:_identify(src/unitree-go2-ros2/robots/descriptions) by extension 'ros'
[0.580s] Level 1:colcon.colcon_core.package_identification:_identify(src/unitree-go2-ros2/robots/descriptions) by extensions ['cmake', 'python']
[0.580s] Level 1:colcon.colcon_core.package_identification:_identify(src/unitree-go2-ros2/robots/descriptions) by extension 'cmake'
[0.580s] Level 1:colcon.colcon_core.package_identification:_identify(src/unitree-go2-ros2/robots/descriptions) by extension 'python'
[0.580s] Level 1:colcon.colcon_core.package_identification:_identify(src/unitree-go2-ros2/robots/descriptions) by extensions ['python_setup_py']
[0.581s] Level 1:colcon.colcon_core.package_identification:_identify(src/unitree-go2-ros2/robots/descriptions) by extension 'python_setup_py'
[0.581s] Level 1:colcon.colcon_core.package_identification:_identify(src/unitree-go2-ros2/robots/descriptions/go2_description) by extensions ['ignore', 'ignore_ament_install']
[0.581s] Level 1:colcon.colcon_core.package_identification:_identify(src/unitree-go2-ros2/robots/descriptions/go2_description) by extension 'ignore'
[0.581s] Level 1:colcon.colcon_core.package_identification:_identify(src/unitree-go2-ros2/robots/descriptions/go2_description) by extension 'ignore_ament_install'
[0.581s] Level 1:colcon.colcon_core.package_identification:_identify(src/unitree-go2-ros2/robots/descriptions/go2_description) by extensions ['colcon_pkg']
[0.581s] Level 1:colcon.colcon_core.package_identification:_identify(src/unitree-go2-ros2/robots/descriptions/go2_description) by extension 'colcon_pkg'
[0.581s] Level 1:colcon.colcon_core.package_identification:_identify(src/unitree-go2-ros2/robots/descriptions/go2_description) by extensions ['colcon_meta']
[0.581s] Level 1:colcon.colcon_core.package_identification:_identify(src/unitree-go2-ros2/robots/descriptions/go2_description) by extension 'colcon_meta'
[0.581s] Level 1:colcon.colcon_core.package_identification:_identify(src/unitree-go2-ros2/robots/descriptions/go2_description) by extensions ['ros']
[0.581s] Level 1:colcon.colcon_core.package_identification:_identify(src/unitree-go2-ros2/robots/descriptions/go2_description) by extension 'ros'
[0.582s] DEBUG:colcon.colcon_core.package_identification:Package 'src/unitree-go2-ros2/robots/descriptions/go2_description' with type 'ros.ament_cmake' and name 'go2_description'
[0.582s] Level 1:colcon.colcon_core.package_identification:_identify(src/unitree-go2-ros2/velodyne) by extensions ['ignore', 'ignore_ament_install']
[0.582s] Level 1:colcon.colcon_core.package_identification:_identify(src/unitree-go2-ros2/velodyne) by extension 'ignore'
[0.582s] Level 1:colcon.colcon_core.package_identification:_identify(src/unitree-go2-ros2/velodyne) by extension 'ignore_ament_install'
[0.582s] Level 1:colcon.colcon_core.package_identification:_identify(src/unitree-go2-ros2/velodyne) by extensions ['colcon_pkg']
[0.582s] Level 1:colcon.colcon_core.package_identification:_identify(src/unitree-go2-ros2/velodyne) by extension 'colcon_pkg'
[0.582s] Level 1:colcon.colcon_core.package_identification:_identify(src/unitree-go2-ros2/velodyne) by extensions ['colcon_meta']
[0.582s] Level 1:colcon.colcon_core.package_identification:_identify(src/unitree-go2-ros2/velodyne) by extension 'colcon_meta'
[0.582s] Level 1:colcon.colcon_core.package_identification:_identify(src/unitree-go2-ros2/velodyne) by extensions ['ros']
[0.582s] Level 1:colcon.colcon_core.package_identification:_identify(src/unitree-go2-ros2/velodyne) by extension 'ros'
[0.582s] Level 1:colcon.colcon_core.package_identification:_identify(src/unitree-go2-ros2/velodyne) by extensions ['cmake', 'python']
[0.583s] Level 1:colcon.colcon_core.package_identification:_identify(src/unitree-go2-ros2/velodyne) by extension 'cmake'
[0.583s] Level 1:colcon.colcon_core.package_identification:_identify(src/unitree-go2-ros2/velodyne) by extension 'python'
[0.583s] Level 1:colcon.colcon_core.package_identification:_identify(src/unitree-go2-ros2/velodyne) by extensions ['python_setup_py']
[0.583s] Level 1:colcon.colcon_core.package_identification:_identify(src/unitree-go2-ros2/velodyne) by extension 'python_setup_py'
[0.583s] Level 1:colcon.colcon_core.package_identification:_identify(src/unitree-go2-ros2/velodyne/img) by extensions ['ignore', 'ignore_ament_install']
[0.583s] Level 1:colcon.colcon_core.package_identification:_identify(src/unitree-go2-ros2/velodyne/img) by extension 'ignore'
[0.583s] Level 1:colcon.colcon_core.package_identification:_identify(src/unitree-go2-ros2/velodyne/img) by extension 'ignore_ament_install'
[0.583s] Level 1:colcon.colcon_core.package_identification:_identify(src/unitree-go2-ros2/velodyne/img) by extensions ['colcon_pkg']
[0.583s] Level 1:colcon.colcon_core.package_identification:_identify(src/unitree-go2-ros2/velodyne/img) by extension 'colcon_pkg'
[0.583s] Level 1:colcon.colcon_core.package_identification:_identify(src/unitree-go2-ros2/velodyne/img) by extensions ['colcon_meta']
[0.583s] Level 1:colcon.colcon_core.package_identification:_identify(src/unitree-go2-ros2/velodyne/img) by extension 'colcon_meta'
[0.583s] Level 1:colcon.colcon_core.package_identification:_identify(src/unitree-go2-ros2/velodyne/img) by extensions ['ros']
[0.583s] Level 1:colcon.colcon_core.package_identification:_identify(src/unitree-go2-ros2/velodyne/img) by extension 'ros'
[0.583s] Level 1:colcon.colcon_core.package_identification:_identify(src/unitree-go2-ros2/velodyne/img) by extensions ['cmake', 'python']
[0.583s] Level 1:colcon.colcon_core.package_identification:_identify(src/unitree-go2-ros2/velodyne/img) by extension 'cmake'
[0.583s] Level 1:colcon.colcon_core.package_identification:_identify(src/unitree-go2-ros2/velodyne/img) by extension 'python'
[0.583s] Level 1:colcon.colcon_core.package_identification:_identify(src/unitree-go2-ros2/velodyne/img) by extensions ['python_setup_py']
[0.583s] Level 1:colcon.colcon_core.package_identification:_identify(src/unitree-go2-ros2/velodyne/img) by extension 'python_setup_py'
[0.584s] Level 1:colcon.colcon_core.package_identification:_identify(src/unitree-go2-ros2/velodyne/velodyne_description) by extensions ['ignore', 'ignore_ament_install']
[0.584s] Level 1:colcon.colcon_core.package_identification:_identify(src/unitree-go2-ros2/velodyne/velodyne_description) by extension 'ignore'
[0.584s] Level 1:colcon.colcon_core.package_identification:_identify(src/unitree-go2-ros2/velodyne/velodyne_description) by extension 'ignore_ament_install'
[0.584s] Level 1:colcon.colcon_core.package_identification:_identify(src/unitree-go2-ros2/velodyne/velodyne_description) by extensions ['colcon_pkg']
[0.584s] Level 1:colcon.colcon_core.package_identification:_identify(src/unitree-go2-ros2/velodyne/velodyne_description) by extension 'colcon_pkg'
[0.584s] Level 1:colcon.colcon_core.package_identification:_identify(src/unitree-go2-ros2/velodyne/velodyne_description) by extensions ['colcon_meta']
[0.584s] Level 1:colcon.colcon_core.package_identification:_identify(src/unitree-go2-ros2/velodyne/velodyne_description) by extension 'colcon_meta'
[0.584s] Level 1:colcon.colcon_core.package_identification:_identify(src/unitree-go2-ros2/velodyne/velodyne_description) by extensions ['ros']
[0.584s] Level 1:colcon.colcon_core.package_identification:_identify(src/unitree-go2-ros2/velodyne/velodyne_description) by extension 'ros'
[0.585s] DEBUG:colcon.colcon_core.package_identification:Package 'src/unitree-go2-ros2/velodyne/velodyne_description' with type 'ros.ament_cmake' and name 'velodyne_description'
[0.585s] Level 1:colcon.colcon_core.package_identification:_identify(src/unitree-go2-ros2/velodyne/velodyne_gazebo_plugins) by extensions ['ignore', 'ignore_ament_install']
[0.585s] Level 1:colcon.colcon_core.package_identification:_identify(src/unitree-go2-ros2/velodyne/velodyne_gazebo_plugins) by extension 'ignore'
[0.585s] Level 1:colcon.colcon_core.package_identification:_identify(src/unitree-go2-ros2/velodyne/velodyne_gazebo_plugins) by extension 'ignore_ament_install'
[0.585s] Level 1:colcon.colcon_core.package_identification:_identify(src/unitree-go2-ros2/velodyne/velodyne_gazebo_plugins) by extensions ['colcon_pkg']
[0.585s] Level 1:colcon.colcon_core.package_identification:_identify(src/unitree-go2-ros2/velodyne/velodyne_gazebo_plugins) by extension 'colcon_pkg'
[0.585s] Level 1:colcon.colcon_core.package_identification:_identify(src/unitree-go2-ros2/velodyne/velodyne_gazebo_plugins) by extensions ['colcon_meta']
[0.585s] Level 1:colcon.colcon_core.package_identification:_identify(src/unitree-go2-ros2/velodyne/velodyne_gazebo_plugins) by extension 'colcon_meta'
[0.585s] Level 1:colcon.colcon_core.package_identification:_identify(src/unitree-go2-ros2/velodyne/velodyne_gazebo_plugins) by extensions ['ros']
[0.585s] Level 1:colcon.colcon_core.package_identification:_identify(src/unitree-go2-ros2/velodyne/velodyne_gazebo_plugins) by extension 'ros'
[0.587s] DEBUG:colcon.colcon_core.package_identification:Package 'src/unitree-go2-ros2/velodyne/velodyne_gazebo_plugins' with type 'ros.ament_cmake' and name 'velodyne_gazebo_plugins'
[0.587s] Level 1:colcon.colcon_core.package_identification:_identify(src/unitree-go2-ros2/velodyne/velodyne_simulator) by extensions ['ignore', 'ignore_ament_install']
[0.587s] Level 1:colcon.colcon_core.package_identification:_identify(src/unitree-go2-ros2/velodyne/velodyne_simulator) by extension 'ignore'
[0.587s] Level 1:colcon.colcon_core.package_identification:_identify(src/unitree-go2-ros2/velodyne/velodyne_simulator) by extension 'ignore_ament_install'
[0.587s] Level 1:colcon.colcon_core.package_identification:_identify(src/unitree-go2-ros2/velodyne/velodyne_simulator) by extensions ['colcon_pkg']
[0.587s] Level 1:colcon.colcon_core.package_identification:_identify(src/unitree-go2-ros2/velodyne/velodyne_simulator) by extension 'colcon_pkg'
[0.587s] Level 1:colcon.colcon_core.package_identification:_identify(src/unitree-go2-ros2/velodyne/velodyne_simulator) by extensions ['colcon_meta']
[0.587s] Level 1:colcon.colcon_core.package_identification:_identify(src/unitree-go2-ros2/velodyne/velodyne_simulator) by extension 'colcon_meta'
[0.587s] Level 1:colcon.colcon_core.package_identification:_identify(src/unitree-go2-ros2/velodyne/velodyne_simulator) by extensions ['ros']
[0.587s] Level 1:colcon.colcon_core.package_identification:_identify(src/unitree-go2-ros2/velodyne/velodyne_simulator) by extension 'ros'
[0.588s] DEBUG:colcon.colcon_core.package_identification:Package 'src/unitree-go2-ros2/velodyne/velodyne_simulator' with type 'ros.ament_cmake' and name 'velodyne_simulator'
[0.588s] Level 1:colcon.colcon_core.package_identification:_identify(src/yahboom_app_save_map) by extensions ['ignore', 'ignore_ament_install']
[0.588s] Level 1:colcon.colcon_core.package_identification:_identify(src/yahboom_app_save_map) by extension 'ignore'
[0.588s] Level 1:colcon.colcon_core.package_identification:_identify(src/yahboom_app_save_map) by extension 'ignore_ament_install'
[0.588s] Level 1:colcon.colcon_core.package_identification:_identify(src/yahboom_app_save_map) by extensions ['colcon_pkg']
[0.588s] Level 1:colcon.colcon_core.package_identification:_identify(src/yahboom_app_save_map) by extension 'colcon_pkg'
[0.588s] Level 1:colcon.colcon_core.package_identification:_identify(src/yahboom_app_save_map) by extensions ['colcon_meta']
[0.588s] Level 1:colcon.colcon_core.package_identification:_identify(src/yahboom_app_save_map) by extension 'colcon_meta'
[0.588s] Level 1:colcon.colcon_core.package_identification:_identify(src/yahboom_app_save_map) by extensions ['ros']
[0.588s] Level 1:colcon.colcon_core.package_identification:_identify(src/yahboom_app_save_map) by extension 'ros'
[0.589s] DEBUG:colcon.colcon_core.package_identification:Package 'src/yahboom_app_save_map' with type 'ros.ament_python' and name 'yahboom_app_save_map'
[0.589s] Level 1:colcon.colcon_core.package_identification:_identify(src/yahboom_base) by extensions ['ignore', 'ignore_ament_install']
[0.589s] Level 1:colcon.colcon_core.package_identification:_identify(src/yahboom_base) by extension 'ignore'
[0.589s] Level 1:colcon.colcon_core.package_identification:_identify(src/yahboom_base) by extension 'ignore_ament_install'
[0.589s] Level 1:colcon.colcon_core.package_identification:_identify(src/yahboom_base) by extensions ['colcon_pkg']
[0.589s] Level 1:colcon.colcon_core.package_identification:_identify(src/yahboom_base) by extension 'colcon_pkg'
[0.589s] Level 1:colcon.colcon_core.package_identification:_identify(src/yahboom_base) by extensions ['colcon_meta']
[0.589s] Level 1:colcon.colcon_core.package_identification:_identify(src/yahboom_base) by extension 'colcon_meta'
[0.589s] Level 1:colcon.colcon_core.package_identification:_identify(src/yahboom_base) by extensions ['ros']
[0.589s] Level 1:colcon.colcon_core.package_identification:_identify(src/yahboom_base) by extension 'ros'
[0.591s] DEBUG:colcon.colcon_core.package_identification:Package 'src/yahboom_base' with type 'ros.ament_python' and name 'yahboom_base'
[0.591s] Level 1:colcon.colcon_core.package_identification:_identify(src/yahboom_bringup) by extensions ['ignore', 'ignore_ament_install']
[0.591s] Level 1:colcon.colcon_core.package_identification:_identify(src/yahboom_bringup) by extension 'ignore'
[0.591s] Level 1:colcon.colcon_core.package_identification:_identify(src/yahboom_bringup) by extension 'ignore_ament_install'
[0.591s] Level 1:colcon.colcon_core.package_identification:_identify(src/yahboom_bringup) by extensions ['colcon_pkg']
[0.591s] Level 1:colcon.colcon_core.package_identification:_identify(src/yahboom_bringup) by extension 'colcon_pkg'
[0.591s] Level 1:colcon.colcon_core.package_identification:_identify(src/yahboom_bringup) by extensions ['colcon_meta']
[0.591s] Level 1:colcon.colcon_core.package_identification:_identify(src/yahboom_bringup) by extension 'colcon_meta'
[0.591s] Level 1:colcon.colcon_core.package_identification:_identify(src/yahboom_bringup) by extensions ['ros']
[0.591s] Level 1:colcon.colcon_core.package_identification:_identify(src/yahboom_bringup) by extension 'ros'
[0.592s] DEBUG:colcon.colcon_core.package_identification:Package 'src/yahboom_bringup' with type 'ros.ament_python' and name 'yahboom_bringup'
[0.592s] Level 1:colcon.colcon_core.package_identification:_identify(src/yahboom_description) by extensions ['ignore', 'ignore_ament_install']
[0.592s] Level 1:colcon.colcon_core.package_identification:_identify(src/yahboom_description) by extension 'ignore'
[0.592s] Level 1:colcon.colcon_core.package_identification:_identify(src/yahboom_description) by extension 'ignore_ament_install'
[0.592s] Level 1:colcon.colcon_core.package_identification:_identify(src/yahboom_description) by extensions ['colcon_pkg']
[0.592s] Level 1:colcon.colcon_core.package_identification:_identify(src/yahboom_description) by extension 'colcon_pkg'
[0.592s] Level 1:colcon.colcon_core.package_identification:_identify(src/yahboom_description) by extensions ['colcon_meta']
[0.592s] Level 1:colcon.colcon_core.package_identification:_identify(src/yahboom_description) by extension 'colcon_meta'
[0.593s] Level 1:colcon.colcon_core.package_identification:_identify(src/yahboom_description) by extensions ['ros']
[0.593s] Level 1:colcon.colcon_core.package_identification:_identify(src/yahboom_description) by extension 'ros'
[0.593s] DEBUG:colcon.colcon_core.package_identification:Package 'src/yahboom_description' with type 'ros.ament_python' and name 'yahboom_description'
[0.593s] Level 1:colcon.colcon_core.package_identification:_identify(src/yahboom_dog_joint_state) by extensions ['ignore', 'ignore_ament_install']
[0.593s] Level 1:colcon.colcon_core.package_identification:_identify(src/yahboom_dog_joint_state) by extension 'ignore'
[0.593s] Level 1:colcon.colcon_core.package_identification:_identify(src/yahboom_dog_joint_state) by extension 'ignore_ament_install'
[0.593s] Level 1:colcon.colcon_core.package_identification:_identify(src/yahboom_dog_joint_state) by extensions ['colcon_pkg']
[0.593s] Level 1:colcon.colcon_core.package_identification:_identify(src/yahboom_dog_joint_state) by extension 'colcon_pkg'
[0.594s] Level 1:colcon.colcon_core.package_identification:_identify(src/yahboom_dog_joint_state) by extensions ['colcon_meta']
[0.594s] Level 1:colcon.colcon_core.package_identification:_identify(src/yahboom_dog_joint_state) by extension 'colcon_meta'
[0.594s] Level 1:colcon.colcon_core.package_identification:_identify(src/yahboom_dog_joint_state) by extensions ['ros']
[0.594s] Level 1:colcon.colcon_core.package_identification:_identify(src/yahboom_dog_joint_state) by extension 'ros'
[0.594s] DEBUG:colcon.colcon_core.package_identification:Package 'src/yahboom_dog_joint_state' with type 'ros.ament_python' and name 'yahboom_dog_joint_state'
[0.594s] Level 1:colcon.colcon_core.package_identification:_identify(src/yahboom_gait) by extensions ['ignore', 'ignore_ament_install']
[0.594s] Level 1:colcon.colcon_core.package_identification:_identify(src/yahboom_gait) by extension 'ignore'
[0.594s] Level 1:colcon.colcon_core.package_identification:_identify(src/yahboom_gait) by extension 'ignore_ament_install'
[0.594s] Level 1:colcon.colcon_core.package_identification:_identify(src/yahboom_gait) by extensions ['colcon_pkg']
[0.595s] Level 1:colcon.colcon_core.package_identification:_identify(src/yahboom_gait) by extension 'colcon_pkg'
[0.595s] Level 1:colcon.colcon_core.package_identification:_identify(src/yahboom_gait) by extensions ['colcon_meta']
[0.595s] Level 1:colcon.colcon_core.package_identification:_identify(src/yahboom_gait) by extension 'colcon_meta'
[0.595s] Level 1:colcon.colcon_core.package_identification:_identify(src/yahboom_gait) by extensions ['ros']
[0.595s] Level 1:colcon.colcon_core.package_identification:_identify(src/yahboom_gait) by extension 'ros'
[0.595s] DEBUG:colcon.colcon_core.package_identification:Package 'src/yahboom_gait' with type 'ros.ament_python' and name 'yahboom_gait'
[0.595s] Level 1:colcon.colcon_core.package_identification:_identify(src/yahboom_mediapipe) by extensions ['ignore', 'ignore_ament_install']
[0.595s] Level 1:colcon.colcon_core.package_identification:_identify(src/yahboom_mediapipe) by extension 'ignore'
[0.596s] Level 1:colcon.colcon_core.package_identification:_identify(src/yahboom_mediapipe) by extension 'ignore_ament_install'
[0.596s] Level 1:colcon.colcon_core.package_identification:_identify(src/yahboom_mediapipe) by extensions ['colcon_pkg']
[0.596s] Level 1:colcon.colcon_core.package_identification:_identify(src/yahboom_mediapipe) by extension 'colcon_pkg'
[0.596s] Level 1:colcon.colcon_core.package_identification:_identify(src/yahboom_mediapipe) by extensions ['colcon_meta']
[0.596s] Level 1:colcon.colcon_core.package_identification:_identify(src/yahboom_mediapipe) by extension 'colcon_meta'
[0.596s] Level 1:colcon.colcon_core.package_identification:_identify(src/yahboom_mediapipe) by extensions ['ros']
[0.596s] Level 1:colcon.colcon_core.package_identification:_identify(src/yahboom_mediapipe) by extension 'ros'
[0.596s] DEBUG:colcon.colcon_core.package_identification:Package 'src/yahboom_mediapipe' with type 'ros.ament_python' and name 'yahboom_mediapipe'
[0.596s] Level 1:colcon.colcon_core.package_identification:_identify(src/yahboom_msgs) by extensions ['ignore', 'ignore_ament_install']
[0.597s] Level 1:colcon.colcon_core.package_identification:_identify(src/yahboom_msgs) by extension 'ignore'
[0.597s] Level 1:colcon.colcon_core.package_identification:_identify(src/yahboom_msgs) by extension 'ignore_ament_install'
[0.597s] Level 1:colcon.colcon_core.package_identification:_identify(src/yahboom_msgs) by extensions ['colcon_pkg']
[0.597s] Level 1:colcon.colcon_core.package_identification:_identify(src/yahboom_msgs) by extension 'colcon_pkg'
[0.597s] Level 1:colcon.colcon_core.package_identification:_identify(src/yahboom_msgs) by extensions ['colcon_meta']
[0.597s] Level 1:colcon.colcon_core.package_identification:_identify(src/yahboom_msgs) by extension 'colcon_meta'
[0.597s] Level 1:colcon.colcon_core.package_identification:_identify(src/yahboom_msgs) by extensions ['ros']
[0.597s] Level 1:colcon.colcon_core.package_identification:_identify(src/yahboom_msgs) by extension 'ros'
[0.598s] DEBUG:colcon.colcon_core.package_identification:Package 'src/yahboom_msgs' with type 'ros.ament_cmake' and name 'yahboom_msgs'
[0.598s] Level 1:colcon.colcon_core.package_identification:_identify(src/yahboom_set_height) by extensions ['ignore', 'ignore_ament_install']
[0.598s] Level 1:colcon.colcon_core.package_identification:_identify(src/yahboom_set_height) by extension 'ignore'
[0.598s] Level 1:colcon.colcon_core.package_identification:_identify(src/yahboom_set_height) by extension 'ignore_ament_install'
[0.598s] Level 1:colcon.colcon_core.package_identification:_identify(src/yahboom_set_height) by extensions ['colcon_pkg']
[0.598s] Level 1:colcon.colcon_core.package_identification:_identify(src/yahboom_set_height) by extension 'colcon_pkg'
[0.598s] Level 1:colcon.colcon_core.package_identification:_identify(src/yahboom_set_height) by extensions ['colcon_meta']
[0.598s] Level 1:colcon.colcon_core.package_identification:_identify(src/yahboom_set_height) by extension 'colcon_meta'
[0.598s] Level 1:colcon.colcon_core.package_identification:_identify(src/yahboom_set_height) by extensions ['ros']
[0.598s] Level 1:colcon.colcon_core.package_identification:_identify(src/yahboom_set_height) by extension 'ros'
[0.599s] DEBUG:colcon.colcon_core.package_identification:Package 'src/yahboom_set_height' with type 'ros.ament_python' and name 'yahboom_set_height'
[0.599s] Level 1:colcon.colcon_core.package_discovery:discover_packages(recursive) using defaults
[0.599s] Level 1:colcon.colcon_core.package_discovery:discover_packages(ignore) discover
[0.599s] Level 1:colcon.colcon_core.package_discovery:discover_packages(ignore) using defaults
[0.599s] Level 1:colcon.colcon_core.package_discovery:discover_packages(path) discover
[0.599s] Level 1:colcon.colcon_core.package_discovery:discover_packages(path) using defaults
[0.627s] Level 1:colcon.colcon_core.package_discovery:discover_packages(prefix_path) check parameters
[0.627s] Level 1:colcon.colcon_core.package_discovery:discover_packages(prefix_path) discover
[0.631s] DEBUG:colcon.colcon_installed_package_information.package_discovery:Found 29 installed packages in /home/dwduong74/yahboom_src/install
[0.632s] DEBUG:colcon.colcon_installed_package_information.package_discovery:Found 6 installed packages in /home/dwduong74/LUMI_ws/install
[0.634s] DEBUG:colcon.colcon_installed_package_information.package_discovery:Found 424 installed packages in /opt/ros/humble
[0.637s] Level 1:colcon.colcon_core.package_discovery:discover_packages(prefix_path) using defaults
[0.694s] Level 5:colcon.colcon_core.verb:set package 'bringup' build argument 'cmake_args' from command line to 'None'
[0.694s] Level 5:colcon.colcon_core.verb:set package 'bringup' build argument 'cmake_target' from command line to 'None'
[0.694s] Level 5:colcon.colcon_core.verb:set package 'bringup' build argument 'cmake_target_skip_unavailable' from command line to 'False'
[0.694s] Level 5:colcon.colcon_core.verb:set package 'bringup' build argument 'cmake_clean_cache' from command line to 'False'
[0.694s] Level 5:colcon.colcon_core.verb:set package 'bringup' build argument 'cmake_clean_first' from command line to 'False'
[0.694s] Level 5:colcon.colcon_core.verb:set package 'bringup' build argument 'cmake_force_configure' from command line to 'False'
[0.694s] Level 5:colcon.colcon_core.verb:set package 'bringup' build argument 'ament_cmake_args' from command line to 'None'
[0.694s] Level 5:colcon.colcon_core.verb:set package 'bringup' build argument 'catkin_cmake_args' from command line to 'None'
[0.695s] Level 5:colcon.colcon_core.verb:set package 'bringup' build argument 'catkin_skip_building_tests' from command line to 'False'
[0.695s] DEBUG:colcon.colcon_core.verb:Building package 'bringup' with the following arguments: {'ament_cmake_args': None, 'build_base': '/home/dwduong74/yahboom_src/build/bringup', 'catkin_cmake_args': None, 'catkin_skip_building_tests': False, 'cmake_args': None, 'cmake_clean_cache': False, 'cmake_clean_first': False, 'cmake_force_configure': False, 'cmake_target': None, 'cmake_target_skip_unavailable': False, 'install_base': '/home/dwduong74/yahboom_src/install/bringup', 'merge_install': False, 'path': '/home/dwduong74/yahboom_src/src/bringup', 'symlink_install': False, 'test_result_base': None}
[0.695s] Level 5:colcon.colcon_core.verb:set package 'champ' build argument 'cmake_args' from command line to 'None'
[0.695s] Level 5:colcon.colcon_core.verb:set package 'champ' build argument 'cmake_target' from command line to 'None'
[0.695s] Level 5:colcon.colcon_core.verb:set package 'champ' build argument 'cmake_target_skip_unavailable' from command line to 'False'
[0.695s] Level 5:colcon.colcon_core.verb:set package 'champ' build argument 'cmake_clean_cache' from command line to 'False'
[0.695s] Level 5:colcon.colcon_core.verb:set package 'champ' build argument 'cmake_clean_first' from command line to 'False'
[0.695s] Level 5:colcon.colcon_core.verb:set package 'champ' build argument 'cmake_force_configure' from command line to 'False'
[0.695s] Level 5:colcon.colcon_core.verb:set package 'champ' build argument 'ament_cmake_args' from command line to 'None'
[0.695s] Level 5:colcon.colcon_core.verb:set package 'champ' build argument 'catkin_cmake_args' from command line to 'None'
[0.695s] Level 5:colcon.colcon_core.verb:set package 'champ' build argument 'catkin_skip_building_tests' from command line to 'False'
[0.695s] DEBUG:colcon.colcon_core.verb:Building package 'champ' with the following arguments: {'ament_cmake_args': None, 'build_base': '/home/dwduong74/yahboom_src/build/champ', 'catkin_cmake_args': None, 'catkin_skip_building_tests': False, 'cmake_args': None, 'cmake_clean_cache': False, 'cmake_clean_first': False, 'cmake_force_configure': False, 'cmake_target': None, 'cmake_target_skip_unavailable': False, 'install_base': '/home/dwduong74/yahboom_src/install/champ', 'merge_install': False, 'path': '/home/dwduong74/yahboom_src/src/unitree-go2-ros2/champ/champ', 'symlink_install': False, 'test_result_base': None}
[0.696s] Level 5:colcon.colcon_core.verb:set package 'champ_config' build argument 'cmake_args' from command line to 'None'
[0.696s] Level 5:colcon.colcon_core.verb:set package 'champ_config' build argument 'cmake_target' from command line to 'None'
[0.696s] Level 5:colcon.colcon_core.verb:set package 'champ_config' build argument 'cmake_target_skip_unavailable' from command line to 'False'
[0.696s] Level 5:colcon.colcon_core.verb:set package 'champ_config' build argument 'cmake_clean_cache' from command line to 'False'
[0.696s] Level 5:colcon.colcon_core.verb:set package 'champ_config' build argument 'cmake_clean_first' from command line to 'False'
[0.696s] Level 5:colcon.colcon_core.verb:set package 'champ_config' build argument 'cmake_force_configure' from command line to 'False'
[0.696s] Level 5:colcon.colcon_core.verb:set package 'champ_config' build argument 'ament_cmake_args' from command line to 'None'
[0.696s] Level 5:colcon.colcon_core.verb:set package 'champ_config' build argument 'catkin_cmake_args' from command line to 'None'
[0.696s] Level 5:colcon.colcon_core.verb:set package 'champ_config' build argument 'catkin_skip_building_tests' from command line to 'False'
[0.696s] DEBUG:colcon.colcon_core.verb:Building package 'champ_config' with the following arguments: {'ament_cmake_args': None, 'build_base': '/home/dwduong74/yahboom_src/build/champ_config', 'catkin_cmake_args': None, 'catkin_skip_building_tests': False, 'cmake_args': None, 'cmake_clean_cache': False, 'cmake_clean_first': False, 'cmake_force_configure': False, 'cmake_target': None, 'cmake_target_skip_unavailable': False, 'install_base': '/home/dwduong74/yahboom_src/install/champ_config', 'merge_install': False, 'path': '/home/dwduong74/yahboom_src/src/unitree-go2-ros2/champ/champ_config', 'symlink_install': False, 'test_result_base': None}
[0.696s] Level 5:colcon.colcon_core.verb:set package 'champ_msgs' build argument 'cmake_args' from command line to 'None'
[0.696s] Level 5:colcon.colcon_core.verb:set package 'champ_msgs' build argument 'cmake_target' from command line to 'None'
[0.697s] Level 5:colcon.colcon_core.verb:set package 'champ_msgs' build argument 'cmake_target_skip_unavailable' from command line to 'False'
[0.697s] Level 5:colcon.colcon_core.verb:set package 'champ_msgs' build argument 'cmake_clean_cache' from command line to 'False'
[0.697s] Level 5:colcon.colcon_core.verb:set package 'champ_msgs' build argument 'cmake_clean_first' from command line to 'False'
[0.697s] Level 5:colcon.colcon_core.verb:set package 'champ_msgs' build argument 'cmake_force_configure' from command line to 'False'
[0.697s] Level 5:colcon.colcon_core.verb:set package 'champ_msgs' build argument 'ament_cmake_args' from command line to 'None'
[0.697s] Level 5:colcon.colcon_core.verb:set package 'champ_msgs' build argument 'catkin_cmake_args' from command line to 'None'
[0.697s] Level 5:colcon.colcon_core.verb:set package 'champ_msgs' build argument 'catkin_skip_building_tests' from command line to 'False'
[0.697s] DEBUG:colcon.colcon_core.verb:Building package 'champ_msgs' with the following arguments: {'ament_cmake_args': None, 'build_base': '/home/dwduong74/yahboom_src/build/champ_msgs', 'catkin_cmake_args': None, 'catkin_skip_building_tests': False, 'cmake_args': None, 'cmake_clean_cache': False, 'cmake_clean_first': False, 'cmake_force_configure': False, 'cmake_target': None, 'cmake_target_skip_unavailable': False, 'install_base': '/home/dwduong74/yahboom_src/install/champ_msgs', 'merge_install': False, 'path': '/home/dwduong74/yahboom_src/src/unitree-go2-ros2/champ/champ_msgs', 'symlink_install': False, 'test_result_base': None}
[0.697s] Level 5:colcon.colcon_core.verb:set package 'champ_navigation' build argument 'cmake_args' from command line to 'None'
[0.697s] Level 5:colcon.colcon_core.verb:set package 'champ_navigation' build argument 'cmake_target' from command line to 'None'
[0.697s] Level 5:colcon.colcon_core.verb:set package 'champ_navigation' build argument 'cmake_target_skip_unavailable' from command line to 'False'
[0.697s] Level 5:colcon.colcon_core.verb:set package 'champ_navigation' build argument 'cmake_clean_cache' from command line to 'False'
[0.697s] Level 5:colcon.colcon_core.verb:set package 'champ_navigation' build argument 'cmake_clean_first' from command line to 'False'
[0.697s] Level 5:colcon.colcon_core.verb:set package 'champ_navigation' build argument 'cmake_force_configure' from command line to 'False'
[0.697s] Level 5:colcon.colcon_core.verb:set package 'champ_navigation' build argument 'ament_cmake_args' from command line to 'None'
[0.697s] Level 5:colcon.colcon_core.verb:set package 'champ_navigation' build argument 'catkin_cmake_args' from command line to 'None'
[0.697s] Level 5:colcon.colcon_core.verb:set package 'champ_navigation' build argument 'catkin_skip_building_tests' from command line to 'False'
[0.697s] DEBUG:colcon.colcon_core.verb:Building package 'champ_navigation' with the following arguments: {'ament_cmake_args': None, 'build_base': '/home/dwduong74/yahboom_src/build/champ_navigation', 'catkin_cmake_args': None, 'catkin_skip_building_tests': False, 'cmake_args': None, 'cmake_clean_cache': False, 'cmake_clean_first': False, 'cmake_force_configure': False, 'cmake_target': None, 'cmake_target_skip_unavailable': False, 'install_base': '/home/dwduong74/yahboom_src/install/champ_navigation', 'merge_install': False, 'path': '/home/dwduong74/yahboom_src/src/unitree-go2-ros2/champ/champ_navigation', 'symlink_install': False, 'test_result_base': None}
[0.698s] Level 5:colcon.colcon_core.verb:set package 'champ_teleop' build argument 'cmake_args' from command line to 'None'
[0.698s] Level 5:colcon.colcon_core.verb:set package 'champ_teleop' build argument 'cmake_target' from command line to 'None'
[0.698s] Level 5:colcon.colcon_core.verb:set package 'champ_teleop' build argument 'cmake_target_skip_unavailable' from command line to 'False'
[0.698s] Level 5:colcon.colcon_core.verb:set package 'champ_teleop' build argument 'cmake_clean_cache' from command line to 'False'
[0.698s] Level 5:colcon.colcon_core.verb:set package 'champ_teleop' build argument 'cmake_clean_first' from command line to 'False'
[0.698s] Level 5:colcon.colcon_core.verb:set package 'champ_teleop' build argument 'cmake_force_configure' from command line to 'False'
[0.698s] Level 5:colcon.colcon_core.verb:set package 'champ_teleop' build argument 'ament_cmake_args' from command line to 'None'
[0.698s] Level 5:colcon.colcon_core.verb:set package 'champ_teleop' build argument 'catkin_cmake_args' from command line to 'None'
[0.698s] Level 5:colcon.colcon_core.verb:set package 'champ_teleop' build argument 'catkin_skip_building_tests' from command line to 'False'
[0.698s] DEBUG:colcon.colcon_core.verb:Building package 'champ_teleop' with the following arguments: {'ament_cmake_args': None, 'build_base': '/home/dwduong74/yahboom_src/build/champ_teleop', 'catkin_cmake_args': None, 'catkin_skip_building_tests': False, 'cmake_args': None, 'cmake_clean_cache': False, 'cmake_clean_first': False, 'cmake_force_configure': False, 'cmake_target': None, 'cmake_target_skip_unavailable': False, 'install_base': '/home/dwduong74/yahboom_src/install/champ_teleop', 'merge_install': False, 'path': '/home/dwduong74/yahboom_src/src/unitree-go2-ros2/champ_teleop', 'symlink_install': False, 'test_result_base': None}
[0.698s] Level 5:colcon.colcon_core.verb:set package 'dogzilla_config' build argument 'cmake_args' from command line to 'None'
[0.698s] Level 5:colcon.colcon_core.verb:set package 'dogzilla_config' build argument 'cmake_target' from command line to 'None'
[0.698s] Level 5:colcon.colcon_core.verb:set package 'dogzilla_config' build argument 'cmake_target_skip_unavailable' from command line to 'False'
[0.699s] Level 5:colcon.colcon_core.verb:set package 'dogzilla_config' build argument 'cmake_clean_cache' from command line to 'False'
[0.699s] Level 5:colcon.colcon_core.verb:set package 'dogzilla_config' build argument 'cmake_clean_first' from command line to 'False'
[0.699s] Level 5:colcon.colcon_core.verb:set package 'dogzilla_config' build argument 'cmake_force_configure' from command line to 'False'
[0.699s] Level 5:colcon.colcon_core.verb:set package 'dogzilla_config' build argument 'ament_cmake_args' from command line to 'None'
[0.699s] Level 5:colcon.colcon_core.verb:set package 'dogzilla_config' build argument 'catkin_cmake_args' from command line to 'None'
[0.699s] Level 5:colcon.colcon_core.verb:set package 'dogzilla_config' build argument 'catkin_skip_building_tests' from command line to 'False'
[0.699s] DEBUG:colcon.colcon_core.verb:Building package 'dogzilla_config' with the following arguments: {'ament_cmake_args': None, 'build_base': '/home/dwduong74/yahboom_src/build/dogzilla_config', 'catkin_cmake_args': None, 'catkin_skip_building_tests': False, 'cmake_args': None, 'cmake_clean_cache': False, 'cmake_clean_first': False, 'cmake_force_configure': False, 'cmake_target': None, 'cmake_target_skip_unavailable': False, 'install_base': '/home/dwduong74/yahboom_src/install/dogzilla_config', 'merge_install': False, 'path': '/home/dwduong74/yahboom_src/src/dogzilla_sim/robots/configs/dogzilla_config', 'symlink_install': False, 'test_result_base': None}
[0.699s] Level 5:colcon.colcon_core.verb:set package 'dogzilla_description' build argument 'cmake_args' from command line to 'None'
[0.699s] Level 5:colcon.colcon_core.verb:set package 'dogzilla_description' build argument 'cmake_target' from command line to 'None'
[0.699s] Level 5:colcon.colcon_core.verb:set package 'dogzilla_description' build argument 'cmake_target_skip_unavailable' from command line to 'False'
[0.699s] Level 5:colcon.colcon_core.verb:set package 'dogzilla_description' build argument 'cmake_clean_cache' from command line to 'False'
[0.699s] Level 5:colcon.colcon_core.verb:set package 'dogzilla_description' build argument 'cmake_clean_first' from command line to 'False'
[0.699s] Level 5:colcon.colcon_core.verb:set package 'dogzilla_description' build argument 'cmake_force_configure' from command line to 'False'
[0.699s] Level 5:colcon.colcon_core.verb:set package 'dogzilla_description' build argument 'ament_cmake_args' from command line to 'None'
[0.699s] Level 5:colcon.colcon_core.verb:set package 'dogzilla_description' build argument 'catkin_cmake_args' from command line to 'None'
[0.699s] Level 5:colcon.colcon_core.verb:set package 'dogzilla_description' build argument 'catkin_skip_building_tests' from command line to 'False'
[0.699s] DEBUG:colcon.colcon_core.verb:Building package 'dogzilla_description' with the following arguments: {'ament_cmake_args': None, 'build_base': '/home/dwduong74/yahboom_src/build/dogzilla_description', 'catkin_cmake_args': None, 'catkin_skip_building_tests': False, 'cmake_args': None, 'cmake_clean_cache': False, 'cmake_clean_first': False, 'cmake_force_configure': False, 'cmake_target': None, 'cmake_target_skip_unavailable': False, 'install_base': '/home/dwduong74/yahboom_src/install/dogzilla_description', 'merge_install': False, 'path': '/home/dwduong74/yahboom_src/src/dogzilla_sim/robots/descriptions/dogzilla_description', 'symlink_install': False, 'test_result_base': None}
[0.700s] Level 5:colcon.colcon_core.verb:set package 'go2_config' build argument 'cmake_args' from command line to 'None'
[0.700s] Level 5:colcon.colcon_core.verb:set package 'go2_config' build argument 'cmake_target' from command line to 'None'
[0.700s] Level 5:colcon.colcon_core.verb:set package 'go2_config' build argument 'cmake_target_skip_unavailable' from command line to 'False'
[0.700s] Level 5:colcon.colcon_core.verb:set package 'go2_config' build argument 'cmake_clean_cache' from command line to 'False'
[0.700s] Level 5:colcon.colcon_core.verb:set package 'go2_config' build argument 'cmake_clean_first' from command line to 'False'
[0.700s] Level 5:colcon.colcon_core.verb:set package 'go2_config' build argument 'cmake_force_configure' from command line to 'False'
[0.700s] Level 5:colcon.colcon_core.verb:set package 'go2_config' build argument 'ament_cmake_args' from command line to 'None'
[0.700s] Level 5:colcon.colcon_core.verb:set package 'go2_config' build argument 'catkin_cmake_args' from command line to 'None'
[0.700s] Level 5:colcon.colcon_core.verb:set package 'go2_config' build argument 'catkin_skip_building_tests' from command line to 'False'
[0.700s] DEBUG:colcon.colcon_core.verb:Building package 'go2_config' with the following arguments: {'ament_cmake_args': None, 'build_base': '/home/dwduong74/yahboom_src/build/go2_config', 'catkin_cmake_args': None, 'catkin_skip_building_tests': False, 'cmake_args': None, 'cmake_clean_cache': False, 'cmake_clean_first': False, 'cmake_force_configure': False, 'cmake_target': None, 'cmake_target_skip_unavailable': False, 'install_base': '/home/dwduong74/yahboom_src/install/go2_config', 'merge_install': False, 'path': '/home/dwduong74/yahboom_src/src/unitree-go2-ros2/robots/configs/go2_config', 'symlink_install': False, 'test_result_base': None}
[0.700s] Level 5:colcon.colcon_core.verb:set package 'go2_description' build argument 'cmake_args' from command line to 'None'
[0.700s] Level 5:colcon.colcon_core.verb:set package 'go2_description' build argument 'cmake_target' from command line to 'None'
[0.701s] Level 5:colcon.colcon_core.verb:set package 'go2_description' build argument 'cmake_target_skip_unavailable' from command line to 'False'
[0.701s] Level 5:colcon.colcon_core.verb:set package 'go2_description' build argument 'cmake_clean_cache' from command line to 'False'
[0.701s] Level 5:colcon.colcon_core.verb:set package 'go2_description' build argument 'cmake_clean_first' from command line to 'False'
[0.701s] Level 5:colcon.colcon_core.verb:set package 'go2_description' build argument 'cmake_force_configure' from command line to 'False'
[0.701s] Level 5:colcon.colcon_core.verb:set package 'go2_description' build argument 'ament_cmake_args' from command line to 'None'
[0.701s] Level 5:colcon.colcon_core.verb:set package 'go2_description' build argument 'catkin_cmake_args' from command line to 'None'
[0.701s] Level 5:colcon.colcon_core.verb:set package 'go2_description' build argument 'catkin_skip_building_tests' from command line to 'False'
[0.701s] DEBUG:colcon.colcon_core.verb:Building package 'go2_description' with the following arguments: {'ament_cmake_args': None, 'build_base': '/home/dwduong74/yahboom_src/build/go2_description', 'catkin_cmake_args': None, 'catkin_skip_building_tests': False, 'cmake_args': None, 'cmake_clean_cache': False, 'cmake_clean_first': False, 'cmake_force_configure': False, 'cmake_target': None, 'cmake_target_skip_unavailable': False, 'install_base': '/home/dwduong74/yahboom_src/install/go2_description', 'merge_install': False, 'path': '/home/dwduong74/yahboom_src/src/unitree-go2-ros2/robots/descriptions/go2_description', 'symlink_install': False, 'test_result_base': None}
[0.701s] Level 5:colcon.colcon_core.verb:set package 'image_color_lab' build argument 'cmake_args' from command line to 'None'
[0.701s] Level 5:colcon.colcon_core.verb:set package 'image_color_lab' build argument 'cmake_target' from command line to 'None'
[0.701s] Level 5:colcon.colcon_core.verb:set package 'image_color_lab' build argument 'cmake_target_skip_unavailable' from command line to 'False'
[0.701s] Level 5:colcon.colcon_core.verb:set package 'image_color_lab' build argument 'cmake_clean_cache' from command line to 'False'
[0.701s] Level 5:colcon.colcon_core.verb:set package 'image_color_lab' build argument 'cmake_clean_first' from command line to 'False'
[0.701s] Level 5:colcon.colcon_core.verb:set package 'image_color_lab' build argument 'cmake_force_configure' from command line to 'False'
[0.701s] Level 5:colcon.colcon_core.verb:set package 'image_color_lab' build argument 'ament_cmake_args' from command line to 'None'
[0.701s] Level 5:colcon.colcon_core.verb:set package 'image_color_lab' build argument 'catkin_cmake_args' from command line to 'None'
[0.701s] Level 5:colcon.colcon_core.verb:set package 'image_color_lab' build argument 'catkin_skip_building_tests' from command line to 'False'
[0.701s] DEBUG:colcon.colcon_core.verb:Building package 'image_color_lab' with the following arguments: {'ament_cmake_args': None, 'build_base': '/home/dwduong74/yahboom_src/build/image_color_lab', 'catkin_cmake_args': None, 'catkin_skip_building_tests': False, 'cmake_args': None, 'cmake_clean_cache': False, 'cmake_clean_first': False, 'cmake_force_configure': False, 'cmake_target': None, 'cmake_target_skip_unavailable': False, 'install_base': '/home/dwduong74/yahboom_src/install/image_color_lab', 'merge_install': False, 'path': '/home/dwduong74/yahboom_src/src/image_color_lab', 'symlink_install': False, 'test_result_base': None}
[0.702s] Level 5:colcon.colcon_core.verb:set package 'oradar_lidar' build argument 'cmake_args' from command line to 'None'
[0.702s] Level 5:colcon.colcon_core.verb:set package 'oradar_lidar' build argument 'cmake_target' from command line to 'None'
[0.702s] Level 5:colcon.colcon_core.verb:set package 'oradar_lidar' build argument 'cmake_target_skip_unavailable' from command line to 'False'
[0.702s] Level 5:colcon.colcon_core.verb:set package 'oradar_lidar' build argument 'cmake_clean_cache' from command line to 'False'
[0.702s] Level 5:colcon.colcon_core.verb:set package 'oradar_lidar' build argument 'cmake_clean_first' from command line to 'False'
[0.702s] Level 5:colcon.colcon_core.verb:set package 'oradar_lidar' build argument 'cmake_force_configure' from command line to 'False'
[0.702s] Level 5:colcon.colcon_core.verb:set package 'oradar_lidar' build argument 'ament_cmake_args' from command line to 'None'
[0.702s] Level 5:colcon.colcon_core.verb:set package 'oradar_lidar' build argument 'catkin_cmake_args' from command line to 'None'
[0.702s] Level 5:colcon.colcon_core.verb:set package 'oradar_lidar' build argument 'catkin_skip_building_tests' from command line to 'False'
[0.702s] DEBUG:colcon.colcon_core.verb:Building package 'oradar_lidar' with the following arguments: {'ament_cmake_args': None, 'build_base': '/home/dwduong74/yahboom_src/build/oradar_lidar', 'catkin_cmake_args': None, 'catkin_skip_building_tests': False, 'cmake_args': None, 'cmake_clean_cache': False, 'cmake_clean_first': False, 'cmake_force_configure': False, 'cmake_target': None, 'cmake_target_skip_unavailable': False, 'install_base': '/home/dwduong74/yahboom_src/install/oradar_lidar', 'merge_install': False, 'path': '/home/dwduong74/yahboom_src/src/oradar_lidar', 'symlink_install': False, 'test_result_base': None}
[0.702s] Level 5:colcon.colcon_core.verb:set package 'tf_publisher' build argument 'cmake_args' from command line to 'None'
[0.702s] Level 5:colcon.colcon_core.verb:set package 'tf_publisher' build argument 'cmake_target' from command line to 'None'
[0.703s] Level 5:colcon.colcon_core.verb:set package 'tf_publisher' build argument 'cmake_target_skip_unavailable' from command line to 'False'
[0.703s] Level 5:colcon.colcon_core.verb:set package 'tf_publisher' build argument 'cmake_clean_cache' from command line to 'False'
[0.703s] Level 5:colcon.colcon_core.verb:set package 'tf_publisher' build argument 'cmake_clean_first' from command line to 'False'
[0.703s] Level 5:colcon.colcon_core.verb:set package 'tf_publisher' build argument 'cmake_force_configure' from command line to 'False'
[0.703s] Level 5:colcon.colcon_core.verb:set package 'tf_publisher' build argument 'ament_cmake_args' from command line to 'None'
[0.703s] Level 5:colcon.colcon_core.verb:set package 'tf_publisher' build argument 'catkin_cmake_args' from command line to 'None'
[0.703s] Level 5:colcon.colcon_core.verb:set package 'tf_publisher' build argument 'catkin_skip_building_tests' from command line to 'False'
[0.703s] DEBUG:colcon.colcon_core.verb:Building package 'tf_publisher' with the following arguments: {'ament_cmake_args': None, 'build_base': '/home/dwduong74/yahboom_src/build/tf_publisher', 'catkin_cmake_args': None, 'catkin_skip_building_tests': False, 'cmake_args': None, 'cmake_clean_cache': False, 'cmake_clean_first': False, 'cmake_force_configure': False, 'cmake_target': None, 'cmake_target_skip_unavailable': False, 'install_base': '/home/dwduong74/yahboom_src/install/tf_publisher', 'merge_install': False, 'path': '/home/dwduong74/yahboom_src/src/tf_publisher', 'symlink_install': False, 'test_result_base': None}
[0.703s] Level 5:colcon.colcon_core.verb:set package 'velodyne_gazebo_plugins' build argument 'cmake_args' from command line to 'None'
[0.703s] Level 5:colcon.colcon_core.verb:set package 'velodyne_gazebo_plugins' build argument 'cmake_target' from command line to 'None'
[0.703s] Level 5:colcon.colcon_core.verb:set package 'velodyne_gazebo_plugins' build argument 'cmake_target_skip_unavailable' from command line to 'False'
[0.703s] Level 5:colcon.colcon_core.verb:set package 'velodyne_gazebo_plugins' build argument 'cmake_clean_cache' from command line to 'False'
[0.703s] Level 5:colcon.colcon_core.verb:set package 'velodyne_gazebo_plugins' build argument 'cmake_clean_first' from command line to 'False'
[0.703s] Level 5:colcon.colcon_core.verb:set package 'velodyne_gazebo_plugins' build argument 'cmake_force_configure' from command line to 'False'
[0.703s] Level 5:colcon.colcon_core.verb:set package 'velodyne_gazebo_plugins' build argument 'ament_cmake_args' from command line to 'None'
[0.703s] Level 5:colcon.colcon_core.verb:set package 'velodyne_gazebo_plugins' build argument 'catkin_cmake_args' from command line to 'None'
[0.703s] Level 5:colcon.colcon_core.verb:set package 'velodyne_gazebo_plugins' build argument 'catkin_skip_building_tests' from command line to 'False'
[0.703s] DEBUG:colcon.colcon_core.verb:Building package 'velodyne_gazebo_plugins' with the following arguments: {'ament_cmake_args': None, 'build_base': '/home/dwduong74/yahboom_src/build/velodyne_gazebo_plugins', 'catkin_cmake_args': None, 'catkin_skip_building_tests': False, 'cmake_args': None, 'cmake_clean_cache': False, 'cmake_clean_first': False, 'cmake_force_configure': False, 'cmake_target': None, 'cmake_target_skip_unavailable': False, 'install_base': '/home/dwduong74/yahboom_src/install/velodyne_gazebo_plugins', 'merge_install': False, 'path': '/home/dwduong74/yahboom_src/src/unitree-go2-ros2/velodyne/velodyne_gazebo_plugins', 'symlink_install': False, 'test_result_base': None}
[0.704s] Level 5:colcon.colcon_core.verb:set package 'yahboom_app_save_map' build argument 'cmake_args' from command line to 'None'
[0.704s] Level 5:colcon.colcon_core.verb:set package 'yahboom_app_save_map' build argument 'cmake_target' from command line to 'None'
[0.704s] Level 5:colcon.colcon_core.verb:set package 'yahboom_app_save_map' build argument 'cmake_target_skip_unavailable' from command line to 'False'
[0.704s] Level 5:colcon.colcon_core.verb:set package 'yahboom_app_save_map' build argument 'cmake_clean_cache' from command line to 'False'
[0.704s] Level 5:colcon.colcon_core.verb:set package 'yahboom_app_save_map' build argument 'cmake_clean_first' from command line to 'False'
[0.704s] Level 5:colcon.colcon_core.verb:set package 'yahboom_app_save_map' build argument 'cmake_force_configure' from command line to 'False'
[0.704s] Level 5:colcon.colcon_core.verb:set package 'yahboom_app_save_map' build argument 'ament_cmake_args' from command line to 'None'
[0.704s] Level 5:colcon.colcon_core.verb:set package 'yahboom_app_save_map' build argument 'catkin_cmake_args' from command line to 'None'
[0.704s] Level 5:colcon.colcon_core.verb:set package 'yahboom_app_save_map' build argument 'catkin_skip_building_tests' from command line to 'False'
[0.704s] DEBUG:colcon.colcon_core.verb:Building package 'yahboom_app_save_map' with the following arguments: {'ament_cmake_args': None, 'build_base': '/home/dwduong74/yahboom_src/build/yahboom_app_save_map', 'catkin_cmake_args': None, 'catkin_skip_building_tests': False, 'cmake_args': None, 'cmake_clean_cache': False, 'cmake_clean_first': False, 'cmake_force_configure': False, 'cmake_target': None, 'cmake_target_skip_unavailable': False, 'install_base': '/home/dwduong74/yahboom_src/install/yahboom_app_save_map', 'merge_install': False, 'path': '/home/dwduong74/yahboom_src/src/yahboom_app_save_map', 'symlink_install': False, 'test_result_base': None}
[0.704s] Level 5:colcon.colcon_core.verb:set package 'yahboom_base' build argument 'cmake_args' from command line to 'None'
[0.704s] Level 5:colcon.colcon_core.verb:set package 'yahboom_base' build argument 'cmake_target' from command line to 'None'
[0.704s] Level 5:colcon.colcon_core.verb:set package 'yahboom_base' build argument 'cmake_target_skip_unavailable' from command line to 'False'
[0.704s] Level 5:colcon.colcon_core.verb:set package 'yahboom_base' build argument 'cmake_clean_cache' from command line to 'False'
[0.704s] Level 5:colcon.colcon_core.verb:set package 'yahboom_base' build argument 'cmake_clean_first' from command line to 'False'
[0.704s] Level 5:colcon.colcon_core.verb:set package 'yahboom_base' build argument 'cmake_force_configure' from command line to 'False'
[0.705s] Level 5:colcon.colcon_core.verb:set package 'yahboom_base' build argument 'ament_cmake_args' from command line to 'None'
[0.705s] Level 5:colcon.colcon_core.verb:set package 'yahboom_base' build argument 'catkin_cmake_args' from command line to 'None'
[0.705s] Level 5:colcon.colcon_core.verb:set package 'yahboom_base' build argument 'catkin_skip_building_tests' from command line to 'False'
[0.705s] DEBUG:colcon.colcon_core.verb:Building package 'yahboom_base' with the following arguments: {'ament_cmake_args': None, 'build_base': '/home/dwduong74/yahboom_src/build/yahboom_base', 'catkin_cmake_args': None, 'catkin_skip_building_tests': False, 'cmake_args': None, 'cmake_clean_cache': False, 'cmake_clean_first': False, 'cmake_force_configure': False, 'cmake_target': None, 'cmake_target_skip_unavailable': False, 'install_base': '/home/dwduong74/yahboom_src/install/yahboom_base', 'merge_install': False, 'path': '/home/dwduong74/yahboom_src/src/yahboom_base', 'symlink_install': False, 'test_result_base': None}
[0.705s] Level 5:colcon.colcon_core.verb:set package 'yahboom_bringup' build argument 'cmake_args' from command line to 'None'
[0.705s] Level 5:colcon.colcon_core.verb:set package 'yahboom_bringup' build argument 'cmake_target' from command line to 'None'
[0.705s] Level 5:colcon.colcon_core.verb:set package 'yahboom_bringup' build argument 'cmake_target_skip_unavailable' from command line to 'False'
[0.705s] Level 5:colcon.colcon_core.verb:set package 'yahboom_bringup' build argument 'cmake_clean_cache' from command line to 'False'
[0.705s] Level 5:colcon.colcon_core.verb:set package 'yahboom_bringup' build argument 'cmake_clean_first' from command line to 'False'
[0.705s] Level 5:colcon.colcon_core.verb:set package 'yahboom_bringup' build argument 'cmake_force_configure' from command line to 'False'
[0.705s] Level 5:colcon.colcon_core.verb:set package 'yahboom_bringup' build argument 'ament_cmake_args' from command line to 'None'
[0.705s] Level 5:colcon.colcon_core.verb:set package 'yahboom_bringup' build argument 'catkin_cmake_args' from command line to 'None'
[0.705s] Level 5:colcon.colcon_core.verb:set package 'yahboom_bringup' build argument 'catkin_skip_building_tests' from command line to 'False'
[0.705s] DEBUG:colcon.colcon_core.verb:Building package 'yahboom_bringup' with the following arguments: {'ament_cmake_args': None, 'build_base': '/home/dwduong74/yahboom_src/build/yahboom_bringup', 'catkin_cmake_args': None, 'catkin_skip_building_tests': False, 'cmake_args': None, 'cmake_clean_cache': False, 'cmake_clean_first': False, 'cmake_force_configure': False, 'cmake_target': None, 'cmake_target_skip_unavailable': False, 'install_base': '/home/dwduong74/yahboom_src/install/yahboom_bringup', 'merge_install': False, 'path': '/home/dwduong74/yahboom_src/src/yahboom_bringup', 'symlink_install': False, 'test_result_base': None}
[0.706s] Level 5:colcon.colcon_core.verb:set package 'yahboom_description' build argument 'cmake_args' from command line to 'None'
[0.706s] Level 5:colcon.colcon_core.verb:set package 'yahboom_description' build argument 'cmake_target' from command line to 'None'
[0.706s] Level 5:colcon.colcon_core.verb:set package 'yahboom_description' build argument 'cmake_target_skip_unavailable' from command line to 'False'
[0.706s] Level 5:colcon.colcon_core.verb:set package 'yahboom_description' build argument 'cmake_clean_cache' from command line to 'False'
[0.706s] Level 5:colcon.colcon_core.verb:set package 'yahboom_description' build argument 'cmake_clean_first' from command line to 'False'
[0.706s] Level 5:colcon.colcon_core.verb:set package 'yahboom_description' build argument 'cmake_force_configure' from command line to 'False'
[0.706s] Level 5:colcon.colcon_core.verb:set package 'yahboom_description' build argument 'ament_cmake_args' from command line to 'None'
[0.706s] Level 5:colcon.colcon_core.verb:set package 'yahboom_description' build argument 'catkin_cmake_args' from command line to 'None'
[0.706s] Level 5:colcon.colcon_core.verb:set package 'yahboom_description' build argument 'catkin_skip_building_tests' from command line to 'False'
[0.706s] DEBUG:colcon.colcon_core.verb:Building package 'yahboom_description' with the following arguments: {'ament_cmake_args': None, 'build_base': '/home/dwduong74/yahboom_src/build/yahboom_description', 'catkin_cmake_args': None, 'catkin_skip_building_tests': False, 'cmake_args': None, 'cmake_clean_cache': False, 'cmake_clean_first': False, 'cmake_force_configure': False, 'cmake_target': None, 'cmake_target_skip_unavailable': False, 'install_base': '/home/dwduong74/yahboom_src/install/yahboom_description', 'merge_install': False, 'path': '/home/dwduong74/yahboom_src/src/yahboom_description', 'symlink_install': False, 'test_result_base': None}
[0.706s] Level 5:colcon.colcon_core.verb:set package 'yahboom_dog_joint_state' build argument 'cmake_args' from command line to 'None'
[0.706s] Level 5:colcon.colcon_core.verb:set package 'yahboom_dog_joint_state' build argument 'cmake_target' from command line to 'None'
[0.706s] Level 5:colcon.colcon_core.verb:set package 'yahboom_dog_joint_state' build argument 'cmake_target_skip_unavailable' from command line to 'False'
[0.706s] Level 5:colcon.colcon_core.verb:set package 'yahboom_dog_joint_state' build argument 'cmake_clean_cache' from command line to 'False'
[0.706s] Level 5:colcon.colcon_core.verb:set package 'yahboom_dog_joint_state' build argument 'cmake_clean_first' from command line to 'False'
[0.706s] Level 5:colcon.colcon_core.verb:set package 'yahboom_dog_joint_state' build argument 'cmake_force_configure' from command line to 'False'
[0.706s] Level 5:colcon.colcon_core.verb:set package 'yahboom_dog_joint_state' build argument 'ament_cmake_args' from command line to 'None'
[0.706s] Level 5:colcon.colcon_core.verb:set package 'yahboom_dog_joint_state' build argument 'catkin_cmake_args' from command line to 'None'
[0.706s] Level 5:colcon.colcon_core.verb:set package 'yahboom_dog_joint_state' build argument 'catkin_skip_building_tests' from command line to 'False'
[0.707s] DEBUG:colcon.colcon_core.verb:Building package 'yahboom_dog_joint_state' with the following arguments: {'ament_cmake_args': None, 'build_base': '/home/dwduong74/yahboom_src/build/yahboom_dog_joint_state', 'catkin_cmake_args': None, 'catkin_skip_building_tests': False, 'cmake_args': None, 'cmake_clean_cache': False, 'cmake_clean_first': False, 'cmake_force_configure': False, 'cmake_target': None, 'cmake_target_skip_unavailable': False, 'install_base': '/home/dwduong74/yahboom_src/install/yahboom_dog_joint_state', 'merge_install': False, 'path': '/home/dwduong74/yahboom_src/src/yahboom_dog_joint_state', 'symlink_install': False, 'test_result_base': None}
[0.707s] Level 5:colcon.colcon_core.verb:set package 'yahboom_gait' build argument 'cmake_args' from command line to 'None'
[0.707s] Level 5:colcon.colcon_core.verb:set package 'yahboom_gait' build argument 'cmake_target' from command line to 'None'
[0.707s] Level 5:colcon.colcon_core.verb:set package 'yahboom_gait' build argument 'cmake_target_skip_unavailable' from command line to 'False'
[0.707s] Level 5:colcon.colcon_core.verb:set package 'yahboom_gait' build argument 'cmake_clean_cache' from command line to 'False'
[0.707s] Level 5:colcon.colcon_core.verb:set package 'yahboom_gait' build argument 'cmake_clean_first' from command line to 'False'
[0.707s] Level 5:colcon.colcon_core.verb:set package 'yahboom_gait' build argument 'cmake_force_configure' from command line to 'False'
[0.707s] Level 5:colcon.colcon_core.verb:set package 'yahboom_gait' build argument 'ament_cmake_args' from command line to 'None'
[0.707s] Level 5:colcon.colcon_core.verb:set package 'yahboom_gait' build argument 'catkin_cmake_args' from command line to 'None'
[0.707s] Level 5:colcon.colcon_core.verb:set package 'yahboom_gait' build argument 'catkin_skip_building_tests' from command line to 'False'
[0.707s] DEBUG:colcon.colcon_core.verb:Building package 'yahboom_gait' with the following arguments: {'ament_cmake_args': None, 'build_base': '/home/dwduong74/yahboom_src/build/yahboom_gait', 'catkin_cmake_args': None, 'catkin_skip_building_tests': False, 'cmake_args': None, 'cmake_clean_cache': False, 'cmake_clean_first': False, 'cmake_force_configure': False, 'cmake_target': None, 'cmake_target_skip_unavailable': False, 'install_base': '/home/dwduong74/yahboom_src/install/yahboom_gait', 'merge_install': False, 'path': '/home/dwduong74/yahboom_src/src/yahboom_gait', 'symlink_install': False, 'test_result_base': None}
[0.708s] Level 5:colcon.colcon_core.verb:set package 'yahboom_mediapipe' build argument 'cmake_args' from command line to 'None'
[0.708s] Level 5:colcon.colcon_core.verb:set package 'yahboom_mediapipe' build argument 'cmake_target' from command line to 'None'
[0.708s] Level 5:colcon.colcon_core.verb:set package 'yahboom_mediapipe' build argument 'cmake_target_skip_unavailable' from command line to 'False'
[0.708s] Level 5:colcon.colcon_core.verb:set package 'yahboom_mediapipe' build argument 'cmake_clean_cache' from command line to 'False'
[0.708s] Level 5:colcon.colcon_core.verb:set package 'yahboom_mediapipe' build argument 'cmake_clean_first' from command line to 'False'
[0.708s] Level 5:colcon.colcon_core.verb:set package 'yahboom_mediapipe' build argument 'cmake_force_configure' from command line to 'False'
[0.708s] Level 5:colcon.colcon_core.verb:set package 'yahboom_mediapipe' build argument 'ament_cmake_args' from command line to 'None'
[0.708s] Level 5:colcon.colcon_core.verb:set package 'yahboom_mediapipe' build argument 'catkin_cmake_args' from command line to 'None'
[0.708s] Level 5:colcon.colcon_core.verb:set package 'yahboom_mediapipe' build argument 'catkin_skip_building_tests' from command line to 'False'
[0.708s] DEBUG:colcon.colcon_core.verb:Building package 'yahboom_mediapipe' with the following arguments: {'ament_cmake_args': None, 'build_base': '/home/dwduong74/yahboom_src/build/yahboom_mediapipe', 'catkin_cmake_args': None, 'catkin_skip_building_tests': False, 'cmake_args': None, 'cmake_clean_cache': False, 'cmake_clean_first': False, 'cmake_force_configure': False, 'cmake_target': None, 'cmake_target_skip_unavailable': False, 'install_base': '/home/dwduong74/yahboom_src/install/yahboom_mediapipe', 'merge_install': False, 'path': '/home/dwduong74/yahboom_src/src/yahboom_mediapipe', 'symlink_install': False, 'test_result_base': None}
[0.708s] Level 5:colcon.colcon_core.verb:set package 'yahboom_msgs' build argument 'cmake_args' from command line to 'None'
[0.708s] Level 5:colcon.colcon_core.verb:set package 'yahboom_msgs' build argument 'cmake_target' from command line to 'None'
[0.708s] Level 5:colcon.colcon_core.verb:set package 'yahboom_msgs' build argument 'cmake_target_skip_unavailable' from command line to 'False'
[0.708s] Level 5:colcon.colcon_core.verb:set package 'yahboom_msgs' build argument 'cmake_clean_cache' from command line to 'False'
[0.708s] Level 5:colcon.colcon_core.verb:set package 'yahboom_msgs' build argument 'cmake_clean_first' from command line to 'False'
[0.708s] Level 5:colcon.colcon_core.verb:set package 'yahboom_msgs' build argument 'cmake_force_configure' from command line to 'False'
[0.708s] Level 5:colcon.colcon_core.verb:set package 'yahboom_msgs' build argument 'ament_cmake_args' from command line to 'None'
[0.708s] Level 5:colcon.colcon_core.verb:set package 'yahboom_msgs' build argument 'catkin_cmake_args' from command line to 'None'
[0.709s] Level 5:colcon.colcon_core.verb:set package 'yahboom_msgs' build argument 'catkin_skip_building_tests' from command line to 'False'
[0.709s] DEBUG:colcon.colcon_core.verb:Building package 'yahboom_msgs' with the following arguments: {'ament_cmake_args': None, 'build_base': '/home/dwduong74/yahboom_src/build/yahboom_msgs', 'catkin_cmake_args': None, 'catkin_skip_building_tests': False, 'cmake_args': None, 'cmake_clean_cache': False, 'cmake_clean_first': False, 'cmake_force_configure': False, 'cmake_target': None, 'cmake_target_skip_unavailable': False, 'install_base': '/home/dwduong74/yahboom_src/install/yahboom_msgs', 'merge_install': False, 'path': '/home/dwduong74/yahboom_src/src/yahboom_msgs', 'symlink_install': False, 'test_result_base': None}
[0.709s] Level 5:colcon.colcon_core.verb:set package 'yahboom_set_height' build argument 'cmake_args' from command line to 'None'
[0.709s] Level 5:colcon.colcon_core.verb:set package 'yahboom_set_height' build argument 'cmake_target' from command line to 'None'
[0.709s] Level 5:colcon.colcon_core.verb:set package 'yahboom_set_height' build argument 'cmake_target_skip_unavailable' from command line to 'False'
[0.709s] Level 5:colcon.colcon_core.verb:set package 'yahboom_set_height' build argument 'cmake_clean_cache' from command line to 'False'
[0.709s] Level 5:colcon.colcon_core.verb:set package 'yahboom_set_height' build argument 'cmake_clean_first' from command line to 'False'
[0.709s] Level 5:colcon.colcon_core.verb:set package 'yahboom_set_height' build argument 'cmake_force_configure' from command line to 'False'
[0.709s] Level 5:colcon.colcon_core.verb:set package 'yahboom_set_height' build argument 'ament_cmake_args' from command line to 'None'
[0.709s] Level 5:colcon.colcon_core.verb:set package 'yahboom_set_height' build argument 'catkin_cmake_args' from command line to 'None'
[0.709s] Level 5:colcon.colcon_core.verb:set package 'yahboom_set_height' build argument 'catkin_skip_building_tests' from command line to 'False'
[0.709s] DEBUG:colcon.colcon_core.verb:Building package 'yahboom_set_height' with the following arguments: {'ament_cmake_args': None, 'build_base': '/home/dwduong74/yahboom_src/build/yahboom_set_height', 'catkin_cmake_args': None, 'catkin_skip_building_tests': False, 'cmake_args': None, 'cmake_clean_cache': False, 'cmake_clean_first': False, 'cmake_force_configure': False, 'cmake_target': None, 'cmake_target_skip_unavailable': False, 'install_base': '/home/dwduong74/yahboom_src/install/yahboom_set_height', 'merge_install': False, 'path': '/home/dwduong74/yahboom_src/src/yahboom_set_height', 'symlink_install': False, 'test_result_base': None}
[0.710s] Level 5:colcon.colcon_core.verb:set package 'champ_base' build argument 'cmake_args' from command line to 'None'
[0.710s] Level 5:colcon.colcon_core.verb:set package 'champ_base' build argument 'cmake_target' from command line to 'None'
[0.710s] Level 5:colcon.colcon_core.verb:set package 'champ_base' build argument 'cmake_target_skip_unavailable' from command line to 'False'
[0.710s] Level 5:colcon.colcon_core.verb:set package 'champ_base' build argument 'cmake_clean_cache' from command line to 'False'
[0.710s] Level 5:colcon.colcon_core.verb:set package 'champ_base' build argument 'cmake_clean_first' from command line to 'False'
[0.710s] Level 5:colcon.colcon_core.verb:set package 'champ_base' build argument 'cmake_force_configure' from command line to 'False'
[0.710s] Level 5:colcon.colcon_core.verb:set package 'champ_base' build argument 'ament_cmake_args' from command line to 'None'
[0.710s] Level 5:colcon.colcon_core.verb:set package 'champ_base' build argument 'catkin_cmake_args' from command line to 'None'
[0.710s] Level 5:colcon.colcon_core.verb:set package 'champ_base' build argument 'catkin_skip_building_tests' from command line to 'False'
[0.710s] DEBUG:colcon.colcon_core.verb:Building package 'champ_base' with the following arguments: {'ament_cmake_args': None, 'build_base': '/home/dwduong74/yahboom_src/build/champ_base', 'catkin_cmake_args': None, 'catkin_skip_building_tests': False, 'cmake_args': None, 'cmake_clean_cache': False, 'cmake_clean_first': False, 'cmake_force_configure': False, 'cmake_target': None, 'cmake_target_skip_unavailable': False, 'install_base': '/home/dwduong74/yahboom_src/install/champ_base', 'merge_install': False, 'path': '/home/dwduong74/yahboom_src/src/unitree-go2-ros2/champ/champ_base', 'symlink_install': False, 'test_result_base': None}
[0.710s] Level 5:colcon.colcon_core.verb:set package 'champ_description' build argument 'cmake_args' from command line to 'None'
[0.710s] Level 5:colcon.colcon_core.verb:set package 'champ_description' build argument 'cmake_target' from command line to 'None'
[0.710s] Level 5:colcon.colcon_core.verb:set package 'champ_description' build argument 'cmake_target_skip_unavailable' from command line to 'False'
[0.710s] Level 5:colcon.colcon_core.verb:set package 'champ_description' build argument 'cmake_clean_cache' from command line to 'False'
[0.710s] Level 5:colcon.colcon_core.verb:set package 'champ_description' build argument 'cmake_clean_first' from command line to 'False'
[0.710s] Level 5:colcon.colcon_core.verb:set package 'champ_description' build argument 'cmake_force_configure' from command line to 'False'
[0.710s] Level 5:colcon.colcon_core.verb:set package 'champ_description' build argument 'ament_cmake_args' from command line to 'None'
[0.710s] Level 5:colcon.colcon_core.verb:set package 'champ_description' build argument 'catkin_cmake_args' from command line to 'None'
[0.710s] Level 5:colcon.colcon_core.verb:set package 'champ_description' build argument 'catkin_skip_building_tests' from command line to 'False'
[0.710s] DEBUG:colcon.colcon_core.verb:Building package 'champ_description' with the following arguments: {'ament_cmake_args': None, 'build_base': '/home/dwduong74/yahboom_src/build/champ_description', 'catkin_cmake_args': None, 'catkin_skip_building_tests': False, 'cmake_args': None, 'cmake_clean_cache': False, 'cmake_clean_first': False, 'cmake_force_configure': False, 'cmake_target': None, 'cmake_target_skip_unavailable': False, 'install_base': '/home/dwduong74/yahboom_src/install/champ_description', 'merge_install': False, 'path': '/home/dwduong74/yahboom_src/src/unitree-go2-ros2/champ/champ_description', 'symlink_install': False, 'test_result_base': None}
[0.711s] Level 5:colcon.colcon_core.verb:set package 'champ_gazebo' build argument 'cmake_args' from command line to 'None'
[0.711s] Level 5:colcon.colcon_core.verb:set package 'champ_gazebo' build argument 'cmake_target' from command line to 'None'
[0.711s] Level 5:colcon.colcon_core.verb:set package 'champ_gazebo' build argument 'cmake_target_skip_unavailable' from command line to 'False'
[0.711s] Level 5:colcon.colcon_core.verb:set package 'champ_gazebo' build argument 'cmake_clean_cache' from command line to 'False'
[0.711s] Level 5:colcon.colcon_core.verb:set package 'champ_gazebo' build argument 'cmake_clean_first' from command line to 'False'
[0.711s] Level 5:colcon.colcon_core.verb:set package 'champ_gazebo' build argument 'cmake_force_configure' from command line to 'False'
[0.711s] Level 5:colcon.colcon_core.verb:set package 'champ_gazebo' build argument 'ament_cmake_args' from command line to 'None'
[0.711s] Level 5:colcon.colcon_core.verb:set package 'champ_gazebo' build argument 'catkin_cmake_args' from command line to 'None'
[0.711s] Level 5:colcon.colcon_core.verb:set package 'champ_gazebo' build argument 'catkin_skip_building_tests' from command line to 'False'
[0.711s] DEBUG:colcon.colcon_core.verb:Building package 'champ_gazebo' with the following arguments: {'ament_cmake_args': None, 'build_base': '/home/dwduong74/yahboom_src/build/champ_gazebo', 'catkin_cmake_args': None, 'catkin_skip_building_tests': False, 'cmake_args': None, 'cmake_clean_cache': False, 'cmake_clean_first': False, 'cmake_force_configure': False, 'cmake_target': None, 'cmake_target_skip_unavailable': False, 'install_base': '/home/dwduong74/yahboom_src/install/champ_gazebo', 'merge_install': False, 'path': '/home/dwduong74/yahboom_src/src/unitree-go2-ros2/champ/champ_gazebo', 'symlink_install': False, 'test_result_base': None}
[0.712s] Level 5:colcon.colcon_core.verb:set package 'velodyne_description' build argument 'cmake_args' from command line to 'None'
[0.712s] Level 5:colcon.colcon_core.verb:set package 'velodyne_description' build argument 'cmake_target' from command line to 'None'
[0.712s] Level 5:colcon.colcon_core.verb:set package 'velodyne_description' build argument 'cmake_target_skip_unavailable' from command line to 'False'
[0.712s] Level 5:colcon.colcon_core.verb:set package 'velodyne_description' build argument 'cmake_clean_cache' from command line to 'False'
[0.712s] Level 5:colcon.colcon_core.verb:set package 'velodyne_description' build argument 'cmake_clean_first' from command line to 'False'
[0.712s] Level 5:colcon.colcon_core.verb:set package 'velodyne_description' build argument 'cmake_force_configure' from command line to 'False'
[0.712s] Level 5:colcon.colcon_core.verb:set package 'velodyne_description' build argument 'ament_cmake_args' from command line to 'None'
[0.712s] Level 5:colcon.colcon_core.verb:set package 'velodyne_description' build argument 'catkin_cmake_args' from command line to 'None'
[0.712s] Level 5:colcon.colcon_core.verb:set package 'velodyne_description' build argument 'catkin_skip_building_tests' from command line to 'False'
[0.712s] DEBUG:colcon.colcon_core.verb:Building package 'velodyne_description' with the following arguments: {'ament_cmake_args': None, 'build_base': '/home/dwduong74/yahboom_src/build/velodyne_description', 'catkin_cmake_args': None, 'catkin_skip_building_tests': False, 'cmake_args': None, 'cmake_clean_cache': False, 'cmake_clean_first': False, 'cmake_force_configure': False, 'cmake_target': None, 'cmake_target_skip_unavailable': False, 'install_base': '/home/dwduong74/yahboom_src/install/velodyne_description', 'merge_install': False, 'path': '/home/dwduong74/yahboom_src/src/unitree-go2-ros2/velodyne/velodyne_description', 'symlink_install': False, 'test_result_base': None}
[0.712s] Level 5:colcon.colcon_core.verb:set package 'champ_bringup' build argument 'cmake_args' from command line to 'None'
[0.712s] Level 5:colcon.colcon_core.verb:set package 'champ_bringup' build argument 'cmake_target' from command line to 'None'
[0.712s] Level 5:colcon.colcon_core.verb:set package 'champ_bringup' build argument 'cmake_target_skip_unavailable' from command line to 'False'
[0.712s] Level 5:colcon.colcon_core.verb:set package 'champ_bringup' build argument 'cmake_clean_cache' from command line to 'False'
[0.712s] Level 5:colcon.colcon_core.verb:set package 'champ_bringup' build argument 'cmake_clean_first' from command line to 'False'
[0.712s] Level 5:colcon.colcon_core.verb:set package 'champ_bringup' build argument 'cmake_force_configure' from command line to 'False'
[0.712s] Level 5:colcon.colcon_core.verb:set package 'champ_bringup' build argument 'ament_cmake_args' from command line to 'None'
[0.712s] Level 5:colcon.colcon_core.verb:set package 'champ_bringup' build argument 'catkin_cmake_args' from command line to 'None'
[0.712s] Level 5:colcon.colcon_core.verb:set package 'champ_bringup' build argument 'catkin_skip_building_tests' from command line to 'False'
[0.713s] DEBUG:colcon.colcon_core.verb:Building package 'champ_bringup' with the following arguments: {'ament_cmake_args': None, 'build_base': '/home/dwduong74/yahboom_src/build/champ_bringup', 'catkin_cmake_args': None, 'catkin_skip_building_tests': False, 'cmake_args': None, 'cmake_clean_cache': False, 'cmake_clean_first': False, 'cmake_force_configure': False, 'cmake_target': None, 'cmake_target_skip_unavailable': False, 'install_base': '/home/dwduong74/yahboom_src/install/champ_bringup', 'merge_install': False, 'path': '/home/dwduong74/yahboom_src/src/unitree-go2-ros2/champ/champ_bringup', 'symlink_install': False, 'test_result_base': None}
[0.713s] Level 5:colcon.colcon_core.verb:set package 'velodyne_simulator' build argument 'cmake_args' from command line to 'None'
[0.713s] Level 5:colcon.colcon_core.verb:set package 'velodyne_simulator' build argument 'cmake_target' from command line to 'None'
[0.713s] Level 5:colcon.colcon_core.verb:set package 'velodyne_simulator' build argument 'cmake_target_skip_unavailable' from command line to 'False'
[0.713s] Level 5:colcon.colcon_core.verb:set package 'velodyne_simulator' build argument 'cmake_clean_cache' from command line to 'False'
[0.713s] Level 5:colcon.colcon_core.verb:set package 'velodyne_simulator' build argument 'cmake_clean_first' from command line to 'False'
[0.713s] Level 5:colcon.colcon_core.verb:set package 'velodyne_simulator' build argument 'cmake_force_configure' from command line to 'False'
[0.713s] Level 5:colcon.colcon_core.verb:set package 'velodyne_simulator' build argument 'ament_cmake_args' from command line to 'None'
[0.713s] Level 5:colcon.colcon_core.verb:set package 'velodyne_simulator' build argument 'catkin_cmake_args' from command line to 'None'
[0.713s] Level 5:colcon.colcon_core.verb:set package 'velodyne_simulator' build argument 'catkin_skip_building_tests' from command line to 'False'
[0.713s] DEBUG:colcon.colcon_core.verb:Building package 'velodyne_simulator' with the following arguments: {'ament_cmake_args': None, 'build_base': '/home/dwduong74/yahboom_src/build/velodyne_simulator', 'catkin_cmake_args': None, 'catkin_skip_building_tests': False, 'cmake_args': None, 'cmake_clean_cache': False, 'cmake_clean_first': False, 'cmake_force_configure': False, 'cmake_target': None, 'cmake_target_skip_unavailable': False, 'install_base': '/home/dwduong74/yahboom_src/install/velodyne_simulator', 'merge_install': False, 'path': '/home/dwduong74/yahboom_src/src/unitree-go2-ros2/velodyne/velodyne_simulator', 'symlink_install': False, 'test_result_base': None}
[0.713s] INFO:colcon.colcon_core.executor:Executing jobs using 'parallel' executor
[0.714s] DEBUG:colcon.colcon_parallel_executor.executor.parallel:run_until_complete
[0.715s] INFO:colcon.colcon_ros.task.ament_cmake.build:Building ROS package in '/home/dwduong74/yahboom_src/src/unitree-go2-ros2/velodyne/velodyne_gazebo_plugins' with build type 'ament_cmake'
[0.715s] INFO:colcon.colcon_cmake.task.cmake.build:Building CMake package in '/home/dwduong74/yahboom_src/src/unitree-go2-ros2/velodyne/velodyne_gazebo_plugins'
[0.718s] INFO:colcon.colcon_core.plugin_system:Skipping extension 'colcon_core.shell.bat': Not used on non-Windows systems
[0.718s] INFO:colcon.colcon_core.shell:Skip shell extension 'powershell' for command environment: Not usable outside of PowerShell
[0.718s] DEBUG:colcon.colcon_core.shell:Skip shell extension 'dsv' for command environment
[0.731s] INFO:colcon.colcon_ros.task.ament_cmake.build:Building ROS package in '/home/dwduong74/yahboom_src/src/unitree-go2-ros2/champ/champ' with build type 'ament_cmake'
[0.732s] INFO:colcon.colcon_cmake.task.cmake.build:Building CMake package in '/home/dwduong74/yahboom_src/src/unitree-go2-ros2/champ/champ'
[0.732s] INFO:colcon.colcon_core.shell:Skip shell extension 'powershell' for command environment: Not usable outside of PowerShell
[0.733s] DEBUG:colcon.colcon_core.shell:Skip shell extension 'dsv' for command environment
[0.746s] INFO:colcon.colcon_ros.task.ament_cmake.build:Building ROS package in '/home/dwduong74/yahboom_src/src/unitree-go2-ros2/champ/champ_msgs' with build type 'ament_cmake'
[0.746s] INFO:colcon.colcon_cmake.task.cmake.build:Building CMake package in '/home/dwduong74/yahboom_src/src/unitree-go2-ros2/champ/champ_msgs'
[0.747s] INFO:colcon.colcon_core.shell:Skip shell extension 'powershell' for command environment: Not usable outside of PowerShell
[0.747s] DEBUG:colcon.colcon_core.shell:Skip shell extension 'dsv' for command environment
[0.756s] INFO:colcon.colcon_ros.task.ament_python.build:Building ROS package in '/home/dwduong74/yahboom_src/src/bringup' with build type 'ament_python'
[0.756s] Level 1:colcon.colcon_core.shell:create_environment_hook('bringup', 'ament_prefix_path')
[0.756s] INFO:colcon.colcon_core.shell:Creating environment hook '/home/dwduong74/yahboom_src/install/bringup/share/bringup/hook/ament_prefix_path.ps1'
[0.757s] INFO:colcon.colcon_core.shell:Creating environment descriptor '/home/dwduong74/yahboom_src/install/bringup/share/bringup/hook/ament_prefix_path.dsv'
[0.758s] INFO:colcon.colcon_core.shell:Creating environment hook '/home/dwduong74/yahboom_src/install/bringup/share/bringup/hook/ament_prefix_path.sh'
[0.759s] INFO:colcon.colcon_core.shell:Skip shell extension 'powershell' for command environment: Not usable outside of PowerShell
[0.759s] DEBUG:colcon.colcon_core.shell:Skip shell extension 'dsv' for command environment
[0.765s] INFO:colcon.colcon_ros.task.ament_cmake.build:Building ROS package in '/home/dwduong74/yahboom_src/src/unitree-go2-ros2/champ/champ_config' with build type 'ament_cmake'
[0.766s] INFO:colcon.colcon_cmake.task.cmake.build:Building CMake package in '/home/dwduong74/yahboom_src/src/unitree-go2-ros2/champ/champ_config'
[0.766s] INFO:colcon.colcon_core.shell:Skip shell extension 'powershell' for command environment: Not usable outside of PowerShell
[0.766s] DEBUG:colcon.colcon_core.shell:Skip shell extension 'dsv' for command environment
[0.774s] INFO:colcon.colcon_ros.task.ament_cmake.build:Building ROS package in '/home/dwduong74/yahboom_src/src/unitree-go2-ros2/champ/champ_navigation' with build type 'ament_cmake'
[0.775s] INFO:colcon.colcon_cmake.task.cmake.build:Building CMake package in '/home/dwduong74/yahboom_src/src/unitree-go2-ros2/champ/champ_navigation'
[0.775s] INFO:colcon.colcon_core.shell:Skip shell extension 'powershell' for command environment: Not usable outside of PowerShell
[0.776s] DEBUG:colcon.colcon_core.shell:Skip shell extension 'dsv' for command environment
[0.784s] INFO:colcon.colcon_ros.task.ament_cmake.build:Building ROS package in '/home/dwduong74/yahboom_src/src/unitree-go2-ros2/champ_teleop' with build type 'ament_cmake'
[0.785s] INFO:colcon.colcon_cmake.task.cmake.build:Building CMake package in '/home/dwduong74/yahboom_src/src/unitree-go2-ros2/champ_teleop'
[0.786s] INFO:colcon.colcon_core.shell:Skip shell extension 'powershell' for command environment: Not usable outside of PowerShell
[0.786s] DEBUG:colcon.colcon_core.shell:Skip shell extension 'dsv' for command environment
[0.794s] INFO:colcon.colcon_ros.task.ament_cmake.build:Building ROS package in '/home/dwduong74/yahboom_src/src/dogzilla_sim/robots/configs/dogzilla_config' with build type 'ament_cmake'
[0.794s] INFO:colcon.colcon_cmake.task.cmake.build:Building CMake package in '/home/dwduong74/yahboom_src/src/dogzilla_sim/robots/configs/dogzilla_config'
[0.794s] INFO:colcon.colcon_core.shell:Skip shell extension 'powershell' for command environment: Not usable outside of PowerShell
[0.795s] DEBUG:colcon.colcon_core.shell:Skip shell extension 'dsv' for command environment
[0.809s] DEBUG:colcon.colcon_core.event_handler.log_command:Invoking command in '/home/dwduong74/yahboom_src/build/velodyne_gazebo_plugins': CMAKE_PREFIX_PATH=${CMAKE_PREFIX_PATH}:/home/dwduong74/yahboom_src/install/yahboom_set_height:/home/dwduong74/yahboom_src/install/yahboom_mediapipe:/home/dwduong74/yahboom_src/install/yahboom_gait:/home/dwduong74/yahboom_src/install/yahboom_dog_joint_state:/home/dwduong74/yahboom_src/install/yahboom_description:/home/dwduong74/yahboom_src/install/yahboom_bringup:/home/dwduong74/yahboom_src/install/yahboom_base:/home/dwduong74/yahboom_src/install/yahboom_app_save_map:/home/dwduong74/yahboom_src/install/tf_publisher:/home/dwduong74/yahboom_src/install/bringup:/home/dwduong74/LUMI_ws/install/custom_explorer:/opt/ros/humble /usr/bin/cmake --build /home/dwduong74/yahboom_src/build/velodyne_gazebo_plugins -- -j8 -l8
[0.817s] DEBUG:colcon.colcon_core.event_handler.log_command:Invoking command in '/home/dwduong74/yahboom_src/build/champ': CMAKE_PREFIX_PATH=${CMAKE_PREFIX_PATH}:/home/dwduong74/yahboom_src/install/yahboom_set_height:/home/dwduong74/yahboom_src/install/yahboom_mediapipe:/home/dwduong74/yahboom_src/install/yahboom_gait:/home/dwduong74/yahboom_src/install/yahboom_dog_joint_state:/home/dwduong74/yahboom_src/install/yahboom_description:/home/dwduong74/yahboom_src/install/yahboom_bringup:/home/dwduong74/yahboom_src/install/yahboom_base:/home/dwduong74/yahboom_src/install/yahboom_app_save_map:/home/dwduong74/yahboom_src/install/tf_publisher:/home/dwduong74/yahboom_src/install/bringup:/home/dwduong74/LUMI_ws/install/custom_explorer:/opt/ros/humble /usr/bin/cmake --build /home/dwduong74/yahboom_src/build/champ -- -j8 -l8
[0.822s] DEBUG:colcon.colcon_core.event_handler.log_command:Invoking command in '/home/dwduong74/yahboom_src/build/champ_msgs': CMAKE_PREFIX_PATH=${CMAKE_PREFIX_PATH}:/home/dwduong74/yahboom_src/install/yahboom_set_height:/home/dwduong74/yahboom_src/install/yahboom_mediapipe:/home/dwduong74/yahboom_src/install/yahboom_gait:/home/dwduong74/yahboom_src/install/yahboom_dog_joint_state:/home/dwduong74/yahboom_src/install/yahboom_description:/home/dwduong74/yahboom_src/install/yahboom_bringup:/home/dwduong74/yahboom_src/install/yahboom_base:/home/dwduong74/yahboom_src/install/yahboom_app_save_map:/home/dwduong74/yahboom_src/install/tf_publisher:/home/dwduong74/yahboom_src/install/bringup:/home/dwduong74/LUMI_ws/install/custom_explorer:/opt/ros/humble /usr/bin/cmake --build /home/dwduong74/yahboom_src/build/champ_msgs -- -j8 -l8
[1.416s] INFO:colcon.colcon_core.task.python.build:Building Python package in '/home/dwduong74/yahboom_src/src/bringup'
[1.417s] INFO:colcon.colcon_core.shell:Skip shell extension 'powershell' for command environment: Not usable outside of PowerShell
[1.417s] DEBUG:colcon.colcon_core.shell:Skip shell extension 'dsv' for command environment
[1.433s] DEBUG:colcon.colcon_core.event_handler.log_command:Invoking command in '/home/dwduong74/yahboom_src/build/champ_config': CMAKE_PREFIX_PATH=${CMAKE_PREFIX_PATH}:/home/dwduong74/yahboom_src/install/yahboom_set_height:/home/dwduong74/yahboom_src/install/yahboom_mediapipe:/home/dwduong74/yahboom_src/install/yahboom_gait:/home/dwduong74/yahboom_src/install/yahboom_dog_joint_state:/home/dwduong74/yahboom_src/install/yahboom_description:/home/dwduong74/yahboom_src/install/yahboom_bringup:/home/dwduong74/yahboom_src/install/yahboom_base:/home/dwduong74/yahboom_src/install/yahboom_app_save_map:/home/dwduong74/yahboom_src/install/tf_publisher:/home/dwduong74/yahboom_src/install/bringup:/home/dwduong74/LUMI_ws/install/custom_explorer:/opt/ros/humble /usr/bin/cmake --build /home/dwduong74/yahboom_src/build/champ_config -- -j8 -l8
[1.438s] DEBUG:colcon.colcon_core.event_handler.log_command:Invoking command in '/home/dwduong74/yahboom_src/build/champ_navigation': CMAKE_PREFIX_PATH=${CMAKE_PREFIX_PATH}:/home/dwduong74/yahboom_src/install/yahboom_set_height:/home/dwduong74/yahboom_src/install/yahboom_mediapipe:/home/dwduong74/yahboom_src/install/yahboom_gait:/home/dwduong74/yahboom_src/install/yahboom_dog_joint_state:/home/dwduong74/yahboom_src/install/yahboom_description:/home/dwduong74/yahboom_src/install/yahboom_bringup:/home/dwduong74/yahboom_src/install/yahboom_base:/home/dwduong74/yahboom_src/install/yahboom_app_save_map:/home/dwduong74/yahboom_src/install/tf_publisher:/home/dwduong74/yahboom_src/install/bringup:/home/dwduong74/LUMI_ws/install/custom_explorer:/opt/ros/humble /usr/bin/cmake --build /home/dwduong74/yahboom_src/build/champ_navigation -- -j8 -l8
[1.444s] DEBUG:colcon.colcon_core.event_handler.log_command:Invoking command in '/home/dwduong74/yahboom_src/build/champ_teleop': CMAKE_PREFIX_PATH=${CMAKE_PREFIX_PATH}:/home/dwduong74/yahboom_src/install/yahboom_set_height:/home/dwduong74/yahboom_src/install/yahboom_mediapipe:/home/dwduong74/yahboom_src/install/yahboom_gait:/home/dwduong74/yahboom_src/install/yahboom_dog_joint_state:/home/dwduong74/yahboom_src/install/yahboom_description:/home/dwduong74/yahboom_src/install/yahboom_bringup:/home/dwduong74/yahboom_src/install/yahboom_base:/home/dwduong74/yahboom_src/install/yahboom_app_save_map:/home/dwduong74/yahboom_src/install/tf_publisher:/home/dwduong74/yahboom_src/install/bringup:/home/dwduong74/LUMI_ws/install/custom_explorer:/opt/ros/humble /usr/bin/cmake --build /home/dwduong74/yahboom_src/build/champ_teleop -- -j8 -l8
[1.458s] DEBUG:colcon.colcon_core.event_handler.log_command:Invoking command in '/home/dwduong74/yahboom_src/build/dogzilla_config': CMAKE_PREFIX_PATH=${CMAKE_PREFIX_PATH}:/home/dwduong74/yahboom_src/install/yahboom_set_height:/home/dwduong74/yahboom_src/install/yahboom_mediapipe:/home/dwduong74/yahboom_src/install/yahboom_gait:/home/dwduong74/yahboom_src/install/yahboom_dog_joint_state:/home/dwduong74/yahboom_src/install/yahboom_description:/home/dwduong74/yahboom_src/install/yahboom_bringup:/home/dwduong74/yahboom_src/install/yahboom_base:/home/dwduong74/yahboom_src/install/yahboom_app_save_map:/home/dwduong74/yahboom_src/install/tf_publisher:/home/dwduong74/yahboom_src/install/bringup:/home/dwduong74/LUMI_ws/install/custom_explorer:/opt/ros/humble /usr/bin/cmake --build /home/dwduong74/yahboom_src/build/dogzilla_config -- -j8 -l8
[1.459s] DEBUG:colcon.colcon_core.event_handler.log_command:Invoked command in '/home/dwduong74/yahboom_src/build/champ' returned '0': CMAKE_PREFIX_PATH=${CMAKE_PREFIX_PATH}:/home/dwduong74/yahboom_src/install/yahboom_set_height:/home/dwduong74/yahboom_src/install/yahboom_mediapipe:/home/dwduong74/yahboom_src/install/yahboom_gait:/home/dwduong74/yahboom_src/install/yahboom_dog_joint_state:/home/dwduong74/yahboom_src/install/yahboom_description:/home/dwduong74/yahboom_src/install/yahboom_bringup:/home/dwduong74/yahboom_src/install/yahboom_base:/home/dwduong74/yahboom_src/install/yahboom_app_save_map:/home/dwduong74/yahboom_src/install/tf_publisher:/home/dwduong74/yahboom_src/install/bringup:/home/dwduong74/LUMI_ws/install/custom_explorer:/opt/ros/humble /usr/bin/cmake --build /home/dwduong74/yahboom_src/build/champ -- -j8 -l8
[1.475s] DEBUG:colcon.colcon_core.event_handler.log_command:Invoking command in '/home/dwduong74/yahboom_src/build/champ': CMAKE_PREFIX_PATH=${CMAKE_PREFIX_PATH}:/home/dwduong74/yahboom_src/install/yahboom_set_height:/home/dwduong74/yahboom_src/install/yahboom_mediapipe:/home/dwduong74/yahboom_src/install/yahboom_gait:/home/dwduong74/yahboom_src/install/yahboom_dog_joint_state:/home/dwduong74/yahboom_src/install/yahboom_description:/home/dwduong74/yahboom_src/install/yahboom_bringup:/home/dwduong74/yahboom_src/install/yahboom_base:/home/dwduong74/yahboom_src/install/yahboom_app_save_map:/home/dwduong74/yahboom_src/install/tf_publisher:/home/dwduong74/yahboom_src/install/bringup:/home/dwduong74/LUMI_ws/install/custom_explorer:/opt/ros/humble /usr/bin/cmake --install /home/dwduong74/yahboom_src/build/champ
[1.483s] DEBUG:colcon.colcon_core.event_handler.log_command:Invoked command in '/home/dwduong74/yahboom_src/build/velodyne_gazebo_plugins' returned '0': CMAKE_PREFIX_PATH=${CMAKE_PREFIX_PATH}:/home/dwduong74/yahboom_src/install/yahboom_set_height:/home/dwduong74/yahboom_src/install/yahboom_mediapipe:/home/dwduong74/yahboom_src/install/yahboom_gait:/home/dwduong74/yahboom_src/install/yahboom_dog_joint_state:/home/dwduong74/yahboom_src/install/yahboom_description:/home/dwduong74/yahboom_src/install/yahboom_bringup:/home/dwduong74/yahboom_src/install/yahboom_base:/home/dwduong74/yahboom_src/install/yahboom_app_save_map:/home/dwduong74/yahboom_src/install/tf_publisher:/home/dwduong74/yahboom_src/install/bringup:/home/dwduong74/LUMI_ws/install/custom_explorer:/opt/ros/humble /usr/bin/cmake --build /home/dwduong74/yahboom_src/build/velodyne_gazebo_plugins -- -j8 -l8
[1.484s] DEBUG:colcon.colcon_core.event_handler.log_command:Invoking command in '/home/dwduong74/yahboom_src/build/velodyne_gazebo_plugins': CMAKE_PREFIX_PATH=${CMAKE_PREFIX_PATH}:/home/dwduong74/yahboom_src/install/yahboom_set_height:/home/dwduong74/yahboom_src/install/yahboom_mediapipe:/home/dwduong74/yahboom_src/install/yahboom_gait:/home/dwduong74/yahboom_src/install/yahboom_dog_joint_state:/home/dwduong74/yahboom_src/install/yahboom_description:/home/dwduong74/yahboom_src/install/yahboom_bringup:/home/dwduong74/yahboom_src/install/yahboom_base:/home/dwduong74/yahboom_src/install/yahboom_app_save_map:/home/dwduong74/yahboom_src/install/tf_publisher:/home/dwduong74/yahboom_src/install/bringup:/home/dwduong74/LUMI_ws/install/custom_explorer:/opt/ros/humble /usr/bin/cmake --install /home/dwduong74/yahboom_src/build/velodyne_gazebo_plugins
[1.511s] Level 1:colcon.colcon_core.environment:create_environment_scripts_only(champ)
[1.519s] DEBUG:colcon.colcon_core.event_handler.log_command:Invoked command in '/home/dwduong74/yahboom_src/build/champ_config' returned '0': CMAKE_PREFIX_PATH=${CMAKE_PREFIX_PATH}:/home/dwduong74/yahboom_src/install/yahboom_set_height:/home/dwduong74/yahboom_src/install/yahboom_mediapipe:/home/dwduong74/yahboom_src/install/yahboom_gait:/home/dwduong74/yahboom_src/install/yahboom_dog_joint_state:/home/dwduong74/yahboom_src/install/yahboom_description:/home/dwduong74/yahboom_src/install/yahboom_bringup:/home/dwduong74/yahboom_src/install/yahboom_base:/home/dwduong74/yahboom_src/install/yahboom_app_save_map:/home/dwduong74/yahboom_src/install/tf_publisher:/home/dwduong74/yahboom_src/install/bringup:/home/dwduong74/LUMI_ws/install/custom_explorer:/opt/ros/humble /usr/bin/cmake --build /home/dwduong74/yahboom_src/build/champ_config -- -j8 -l8
[1.522s] DEBUG:colcon.colcon_core.event_handler.log_command:Invoking command in '/home/dwduong74/yahboom_src/build/champ_config': CMAKE_PREFIX_PATH=${CMAKE_PREFIX_PATH}:/home/dwduong74/yahboom_src/install/yahboom_set_height:/home/dwduong74/yahboom_src/install/yahboom_mediapipe:/home/dwduong74/yahboom_src/install/yahboom_gait:/home/dwduong74/yahboom_src/install/yahboom_dog_joint_state:/home/dwduong74/yahboom_src/install/yahboom_description:/home/dwduong74/yahboom_src/install/yahboom_bringup:/home/dwduong74/yahboom_src/install/yahboom_base:/home/dwduong74/yahboom_src/install/yahboom_app_save_map:/home/dwduong74/yahboom_src/install/tf_publisher:/home/dwduong74/yahboom_src/install/bringup:/home/dwduong74/LUMI_ws/install/custom_explorer:/opt/ros/humble /usr/bin/cmake --install /home/dwduong74/yahboom_src/build/champ_config
[1.523s] DEBUG:colcon.colcon_core.event_handler.log_command:Invoked command in '/home/dwduong74/yahboom_src/build/champ' returned '0': CMAKE_PREFIX_PATH=${CMAKE_PREFIX_PATH}:/home/dwduong74/yahboom_src/install/yahboom_set_height:/home/dwduong74/yahboom_src/install/yahboom_mediapipe:/home/dwduong74/yahboom_src/install/yahboom_gait:/home/dwduong74/yahboom_src/install/yahboom_dog_joint_state:/home/dwduong74/yahboom_src/install/yahboom_description:/home/dwduong74/yahboom_src/install/yahboom_bringup:/home/dwduong74/yahboom_src/install/yahboom_base:/home/dwduong74/yahboom_src/install/yahboom_app_save_map:/home/dwduong74/yahboom_src/install/tf_publisher:/home/dwduong74/yahboom_src/install/bringup:/home/dwduong74/LUMI_ws/install/custom_explorer:/opt/ros/humble /usr/bin/cmake --install /home/dwduong74/yahboom_src/build/champ
[1.525s] Level 1:colcon.colcon_core.environment:checking '/home/dwduong74/yahboom_src/install/champ' for CMake module files
[1.527s] Level 1:colcon.colcon_core.environment:checking '/home/dwduong74/yahboom_src/install/champ' for CMake config files
[1.527s] Level 1:colcon.colcon_core.shell:create_environment_hook('champ', 'cmake_prefix_path')
[1.527s] INFO:colcon.colcon_core.shell:Creating environment hook '/home/dwduong74/yahboom_src/install/champ/share/champ/hook/cmake_prefix_path.ps1'
[1.528s] INFO:colcon.colcon_core.shell:Creating environment descriptor '/home/dwduong74/yahboom_src/install/champ/share/champ/hook/cmake_prefix_path.dsv'
[1.528s] INFO:colcon.colcon_core.shell:Creating environment hook '/home/dwduong74/yahboom_src/install/champ/share/champ/hook/cmake_prefix_path.sh'
[1.529s] Level 1:colcon.colcon_core.environment:checking '/home/dwduong74/yahboom_src/install/champ/bin'
[1.529s] Level 1:colcon.colcon_core.environment:checking '/home/dwduong74/yahboom_src/install/champ/lib/pkgconfig/champ.pc'
[1.530s] Level 1:colcon.colcon_core.environment:checking '/home/dwduong74/yahboom_src/install/champ/lib/python3.10/site-packages'
[1.530s] Level 1:colcon.colcon_core.environment:checking '/home/dwduong74/yahboom_src/install/champ/bin'
[1.530s] INFO:colcon.colcon_core.shell:Creating package script '/home/dwduong74/yahboom_src/install/champ/share/champ/package.ps1'
[1.531s] INFO:colcon.colcon_core.shell:Creating package descriptor '/home/dwduong74/yahboom_src/install/champ/share/champ/package.dsv'
[1.532s] INFO:colcon.colcon_core.shell:Creating package script '/home/dwduong74/yahboom_src/install/champ/share/champ/package.sh'
[1.533s] INFO:colcon.colcon_core.shell:Creating package script '/home/dwduong74/yahboom_src/install/champ/share/champ/package.bash'
[1.534s] INFO:colcon.colcon_core.shell:Creating package script '/home/dwduong74/yahboom_src/install/champ/share/champ/package.zsh'
[1.535s] Level 1:colcon.colcon_core.environment:create_file_with_runtime_dependencies(/home/dwduong74/yahboom_src/install/champ/share/colcon-core/packages/champ)
[1.536s] Level 1:colcon.colcon_core.environment:create_environment_scripts_only(champ)
[1.536s] Level 1:colcon.colcon_core.environment:checking '/home/dwduong74/yahboom_src/install/champ' for CMake module files
[1.537s] Level 1:colcon.colcon_core.environment:checking '/home/dwduong74/yahboom_src/install/champ' for CMake config files
[1.538s] Level 1:colcon.colcon_core.shell:create_environment_hook('champ', 'cmake_prefix_path')
[1.538s] INFO:colcon.colcon_core.shell:Creating environment hook '/home/dwduong74/yahboom_src/install/champ/share/champ/hook/cmake_prefix_path.ps1'
[1.539s] INFO:colcon.colcon_core.shell:Creating environment descriptor '/home/dwduong74/yahboom_src/install/champ/share/champ/hook/cmake_prefix_path.dsv'
[1.540s] INFO:colcon.colcon_core.shell:Creating environment hook '/home/dwduong74/yahboom_src/install/champ/share/champ/hook/cmake_prefix_path.sh'
[1.541s] Level 1:colcon.colcon_core.environment:checking '/home/dwduong74/yahboom_src/install/champ/bin'
[1.541s] Level 1:colcon.colcon_core.environment:checking '/home/dwduong74/yahboom_src/install/champ/lib/pkgconfig/champ.pc'
[1.541s] Level 1:colcon.colcon_core.environment:checking '/home/dwduong74/yahboom_src/install/champ/lib/python3.10/site-packages'
[1.542s] Level 1:colcon.colcon_core.environment:checking '/home/dwduong74/yahboom_src/install/champ/bin'
[1.543s] INFO:colcon.colcon_core.shell:Creating package script '/home/dwduong74/yahboom_src/install/champ/share/champ/package.ps1'
[1.544s] INFO:colcon.colcon_core.shell:Creating package descriptor '/home/dwduong74/yahboom_src/install/champ/share/champ/package.dsv'
[1.545s] INFO:colcon.colcon_core.shell:Creating package script '/home/dwduong74/yahboom_src/install/champ/share/champ/package.sh'
[1.545s] INFO:colcon.colcon_core.shell:Creating package script '/home/dwduong74/yahboom_src/install/champ/share/champ/package.bash'
[1.546s] INFO:colcon.colcon_core.shell:Creating package script '/home/dwduong74/yahboom_src/install/champ/share/champ/package.zsh'
[1.547s] Level 1:colcon.colcon_core.environment:create_file_with_runtime_dependencies(/home/dwduong74/yahboom_src/install/champ/share/colcon-core/packages/champ)
[1.548s] INFO:colcon.colcon_ros.task.ament_cmake.build:Building ROS package in '/home/dwduong74/yahboom_src/src/dogzilla_sim/robots/descriptions/dogzilla_description' with build type 'ament_cmake'
[1.549s] INFO:colcon.colcon_cmake.task.cmake.build:Building CMake package in '/home/dwduong74/yahboom_src/src/dogzilla_sim/robots/descriptions/dogzilla_description'
[1.549s] INFO:colcon.colcon_core.shell:Skip shell extension 'powershell' for command environment: Not usable outside of PowerShell
[1.549s] DEBUG:colcon.colcon_core.shell:Skip shell extension 'dsv' for command environment
[1.568s] Level 1:colcon.colcon_core.environment:create_environment_scripts_only(velodyne_gazebo_plugins)
[1.568s] Level 1:colcon.colcon_core.environment:checking '/home/dwduong74/yahboom_src/install/velodyne_gazebo_plugins' for CMake module files
[1.569s] DEBUG:colcon.colcon_core.event_handler.log_command:Invoked command in '/home/dwduong74/yahboom_src/build/velodyne_gazebo_plugins' returned '0': CMAKE_PREFIX_PATH=${CMAKE_PREFIX_PATH}:/home/dwduong74/yahboom_src/install/yahboom_set_height:/home/dwduong74/yahboom_src/install/yahboom_mediapipe:/home/dwduong74/yahboom_src/install/yahboom_gait:/home/dwduong74/yahboom_src/install/yahboom_dog_joint_state:/home/dwduong74/yahboom_src/install/yahboom_description:/home/dwduong74/yahboom_src/install/yahboom_bringup:/home/dwduong74/yahboom_src/install/yahboom_base:/home/dwduong74/yahboom_src/install/yahboom_app_save_map:/home/dwduong74/yahboom_src/install/tf_publisher:/home/dwduong74/yahboom_src/install/bringup:/home/dwduong74/LUMI_ws/install/custom_explorer:/opt/ros/humble /usr/bin/cmake --install /home/dwduong74/yahboom_src/build/velodyne_gazebo_plugins
[1.570s] Level 1:colcon.colcon_core.environment:checking '/home/dwduong74/yahboom_src/install/velodyne_gazebo_plugins' for CMake config files
[1.570s] Level 1:colcon.colcon_core.shell:create_environment_hook('velodyne_gazebo_plugins', 'cmake_prefix_path')
[1.571s] INFO:colcon.colcon_core.shell:Creating environment hook '/home/dwduong74/yahboom_src/install/velodyne_gazebo_plugins/share/velodyne_gazebo_plugins/hook/cmake_prefix_path.ps1'
[1.572s] INFO:colcon.colcon_core.shell:Creating environment descriptor '/home/dwduong74/yahboom_src/install/velodyne_gazebo_plugins/share/velodyne_gazebo_plugins/hook/cmake_prefix_path.dsv'
[1.572s] INFO:colcon.colcon_core.shell:Creating environment hook '/home/dwduong74/yahboom_src/install/velodyne_gazebo_plugins/share/velodyne_gazebo_plugins/hook/cmake_prefix_path.sh'
[1.573s] Level 1:colcon.colcon_core.environment:checking '/home/dwduong74/yahboom_src/install/velodyne_gazebo_plugins/lib'
[1.573s] Level 1:colcon.colcon_core.shell:create_environment_hook('velodyne_gazebo_plugins', 'ld_library_path_lib')
[1.574s] INFO:colcon.colcon_core.shell:Creating environment hook '/home/dwduong74/yahboom_src/install/velodyne_gazebo_plugins/share/velodyne_gazebo_plugins/hook/ld_library_path_lib.ps1'
[1.574s] INFO:colcon.colcon_core.shell:Creating environment descriptor '/home/dwduong74/yahboom_src/install/velodyne_gazebo_plugins/share/velodyne_gazebo_plugins/hook/ld_library_path_lib.dsv'
[1.575s] INFO:colcon.colcon_core.shell:Creating environment hook '/home/dwduong74/yahboom_src/install/velodyne_gazebo_plugins/share/velodyne_gazebo_plugins/hook/ld_library_path_lib.sh'
[1.576s] Level 1:colcon.colcon_core.environment:checking '/home/dwduong74/yahboom_src/install/velodyne_gazebo_plugins/bin'
[1.576s] Level 1:colcon.colcon_core.environment:checking '/home/dwduong74/yahboom_src/install/velodyne_gazebo_plugins/lib/pkgconfig/velodyne_gazebo_plugins.pc'
[1.576s] Level 1:colcon.colcon_core.environment:checking '/home/dwduong74/yahboom_src/install/velodyne_gazebo_plugins/lib/python3.10/site-packages'
[1.577s] Level 1:colcon.colcon_core.environment:checking '/home/dwduong74/yahboom_src/install/velodyne_gazebo_plugins/bin'
[1.578s] INFO:colcon.colcon_core.shell:Creating package script '/home/dwduong74/yahboom_src/install/velodyne_gazebo_plugins/share/velodyne_gazebo_plugins/package.ps1'
[1.579s] INFO:colcon.colcon_core.shell:Creating package descriptor '/home/dwduong74/yahboom_src/install/velodyne_gazebo_plugins/share/velodyne_gazebo_plugins/package.dsv'
[1.579s] INFO:colcon.colcon_core.shell:Creating package script '/home/dwduong74/yahboom_src/install/velodyne_gazebo_plugins/share/velodyne_gazebo_plugins/package.sh'
[1.580s] INFO:colcon.colcon_core.shell:Creating package script '/home/dwduong74/yahboom_src/install/velodyne_gazebo_plugins/share/velodyne_gazebo_plugins/package.bash'
[1.581s] INFO:colcon.colcon_core.shell:Creating package script '/home/dwduong74/yahboom_src/install/velodyne_gazebo_plugins/share/velodyne_gazebo_plugins/package.zsh'
[1.581s] Level 1:colcon.colcon_core.environment:create_file_with_runtime_dependencies(/home/dwduong74/yahboom_src/install/velodyne_gazebo_plugins/share/colcon-core/packages/velodyne_gazebo_plugins)
[1.582s] Level 1:colcon.colcon_core.environment:create_environment_scripts_only(velodyne_gazebo_plugins)
[1.583s] Level 1:colcon.colcon_core.environment:checking '/home/dwduong74/yahboom_src/install/velodyne_gazebo_plugins' for CMake module files
[1.584s] Level 1:colcon.colcon_core.environment:checking '/home/dwduong74/yahboom_src/install/velodyne_gazebo_plugins' for CMake config files
[1.584s] Level 1:colcon.colcon_core.shell:create_environment_hook('velodyne_gazebo_plugins', 'cmake_prefix_path')
[1.584s] INFO:colcon.colcon_core.shell:Creating environment hook '/home/dwduong74/yahboom_src/install/velodyne_gazebo_plugins/share/velodyne_gazebo_plugins/hook/cmake_prefix_path.ps1'
[1.585s] INFO:colcon.colcon_core.shell:Creating environment descriptor '/home/dwduong74/yahboom_src/install/velodyne_gazebo_plugins/share/velodyne_gazebo_plugins/hook/cmake_prefix_path.dsv'
[1.585s] INFO:colcon.colcon_core.shell:Creating environment hook '/home/dwduong74/yahboom_src/install/velodyne_gazebo_plugins/share/velodyne_gazebo_plugins/hook/cmake_prefix_path.sh'
[1.586s] Level 1:colcon.colcon_core.environment:checking '/home/dwduong74/yahboom_src/install/velodyne_gazebo_plugins/lib'
[1.587s] Level 1:colcon.colcon_core.shell:create_environment_hook('velodyne_gazebo_plugins', 'ld_library_path_lib')
[1.587s] INFO:colcon.colcon_core.shell:Creating environment hook '/home/dwduong74/yahboom_src/install/velodyne_gazebo_plugins/share/velodyne_gazebo_plugins/hook/ld_library_path_lib.ps1'
[1.588s] INFO:colcon.colcon_core.shell:Creating environment descriptor '/home/dwduong74/yahboom_src/install/velodyne_gazebo_plugins/share/velodyne_gazebo_plugins/hook/ld_library_path_lib.dsv'
[1.588s] INFO:colcon.colcon_core.shell:Creating environment hook '/home/dwduong74/yahboom_src/install/velodyne_gazebo_plugins/share/velodyne_gazebo_plugins/hook/ld_library_path_lib.sh'
[1.589s] Level 1:colcon.colcon_core.environment:checking '/home/dwduong74/yahboom_src/install/velodyne_gazebo_plugins/bin'
[1.589s] Level 1:colcon.colcon_core.environment:checking '/home/dwduong74/yahboom_src/install/velodyne_gazebo_plugins/lib/pkgconfig/velodyne_gazebo_plugins.pc'
[1.589s] Level 1:colcon.colcon_core.environment:checking '/home/dwduong74/yahboom_src/install/velodyne_gazebo_plugins/lib/python3.10/site-packages'
[1.590s] Level 1:colcon.colcon_core.environment:checking '/home/dwduong74/yahboom_src/install/velodyne_gazebo_plugins/bin'
[1.591s] INFO:colcon.colcon_core.shell:Creating package script '/home/dwduong74/yahboom_src/install/velodyne_gazebo_plugins/share/velodyne_gazebo_plugins/package.ps1'
[1.592s] INFO:colcon.colcon_core.shell:Creating package descriptor '/home/dwduong74/yahboom_src/install/velodyne_gazebo_plugins/share/velodyne_gazebo_plugins/package.dsv'
[1.593s] INFO:colcon.colcon_core.shell:Creating package script '/home/dwduong74/yahboom_src/install/velodyne_gazebo_plugins/share/velodyne_gazebo_plugins/package.sh'
[1.594s] INFO:colcon.colcon_core.shell:Creating package script '/home/dwduong74/yahboom_src/install/velodyne_gazebo_plugins/share/velodyne_gazebo_plugins/package.bash'
[1.594s] INFO:colcon.colcon_core.shell:Creating package script '/home/dwduong74/yahboom_src/install/velodyne_gazebo_plugins/share/velodyne_gazebo_plugins/package.zsh'
[1.595s] Level 1:colcon.colcon_core.environment:create_file_with_runtime_dependencies(/home/dwduong74/yahboom_src/install/velodyne_gazebo_plugins/share/colcon-core/packages/velodyne_gazebo_plugins)
[1.597s] INFO:colcon.colcon_ros.task.ament_cmake.build:Building ROS package in '/home/dwduong74/yahboom_src/src/unitree-go2-ros2/champ/champ_description' with build type 'ament_cmake'
[1.597s] INFO:colcon.colcon_cmake.task.cmake.build:Building CMake package in '/home/dwduong74/yahboom_src/src/unitree-go2-ros2/champ/champ_description'
[1.598s] INFO:colcon.colcon_core.shell:Skip shell extension 'powershell' for command environment: Not usable outside of PowerShell
[1.598s] DEBUG:colcon.colcon_core.shell:Skip shell extension 'dsv' for command environment
[1.612s] DEBUG:colcon.colcon_core.event_handler.log_command:Invoked command in '/home/dwduong74/yahboom_src/build/champ_navigation' returned '0': CMAKE_PREFIX_PATH=${CMAKE_PREFIX_PATH}:/home/dwduong74/yahboom_src/install/yahboom_set_height:/home/dwduong74/yahboom_src/install/yahboom_mediapipe:/home/dwduong74/yahboom_src/install/yahboom_gait:/home/dwduong74/yahboom_src/install/yahboom_dog_joint_state:/home/dwduong74/yahboom_src/install/yahboom_description:/home/dwduong74/yahboom_src/install/yahboom_bringup:/home/dwduong74/yahboom_src/install/yahboom_base:/home/dwduong74/yahboom_src/install/yahboom_app_save_map:/home/dwduong74/yahboom_src/install/tf_publisher:/home/dwduong74/yahboom_src/install/bringup:/home/dwduong74/LUMI_ws/install/custom_explorer:/opt/ros/humble /usr/bin/cmake --build /home/dwduong74/yahboom_src/build/champ_navigation -- -j8 -l8
[1.613s] DEBUG:colcon.colcon_core.event_handler.log_command:Invoking command in '/home/dwduong74/yahboom_src/build/champ_navigation': CMAKE_PREFIX_PATH=${CMAKE_PREFIX_PATH}:/home/dwduong74/yahboom_src/install/yahboom_set_height:/home/dwduong74/yahboom_src/install/yahboom_mediapipe:/home/dwduong74/yahboom_src/install/yahboom_gait:/home/dwduong74/yahboom_src/install/yahboom_dog_joint_state:/home/dwduong74/yahboom_src/install/yahboom_description:/home/dwduong74/yahboom_src/install/yahboom_bringup:/home/dwduong74/yahboom_src/install/yahboom_base:/home/dwduong74/yahboom_src/install/yahboom_app_save_map:/home/dwduong74/yahboom_src/install/tf_publisher:/home/dwduong74/yahboom_src/install/bringup:/home/dwduong74/LUMI_ws/install/custom_explorer:/opt/ros/humble /usr/bin/cmake --install /home/dwduong74/yahboom_src/build/champ_navigation
[1.614s] DEBUG:colcon.colcon_core.event_handler.log_command:Invoked command in '/home/dwduong74/yahboom_src/build/champ_teleop' returned '0': CMAKE_PREFIX_PATH=${CMAKE_PREFIX_PATH}:/home/dwduong74/yahboom_src/install/yahboom_set_height:/home/dwduong74/yahboom_src/install/yahboom_mediapipe:/home/dwduong74/yahboom_src/install/yahboom_gait:/home/dwduong74/yahboom_src/install/yahboom_dog_joint_state:/home/dwduong74/yahboom_src/install/yahboom_description:/home/dwduong74/yahboom_src/install/yahboom_bringup:/home/dwduong74/yahboom_src/install/yahboom_base:/home/dwduong74/yahboom_src/install/yahboom_app_save_map:/home/dwduong74/yahboom_src/install/tf_publisher:/home/dwduong74/yahboom_src/install/bringup:/home/dwduong74/LUMI_ws/install/custom_explorer:/opt/ros/humble /usr/bin/cmake --build /home/dwduong74/yahboom_src/build/champ_teleop -- -j8 -l8
[1.617s] Level 1:colcon.colcon_core.environment:create_environment_scripts_only(champ_config)
[1.618s] DEBUG:colcon.colcon_core.event_handler.log_command:Invoking command in '/home/dwduong74/yahboom_src/build/champ_teleop': CMAKE_PREFIX_PATH=${CMAKE_PREFIX_PATH}:/home/dwduong74/yahboom_src/install/yahboom_set_height:/home/dwduong74/yahboom_src/install/yahboom_mediapipe:/home/dwduong74/yahboom_src/install/yahboom_gait:/home/dwduong74/yahboom_src/install/yahboom_dog_joint_state:/home/dwduong74/yahboom_src/install/yahboom_description:/home/dwduong74/yahboom_src/install/yahboom_bringup:/home/dwduong74/yahboom_src/install/yahboom_base:/home/dwduong74/yahboom_src/install/yahboom_app_save_map:/home/dwduong74/yahboom_src/install/tf_publisher:/home/dwduong74/yahboom_src/install/bringup:/home/dwduong74/LUMI_ws/install/custom_explorer:/opt/ros/humble /usr/bin/cmake --install /home/dwduong74/yahboom_src/build/champ_teleop
[1.618s] Level 1:colcon.colcon_core.environment:checking '/home/dwduong74/yahboom_src/install/champ_config' for CMake module files
[1.619s] DEBUG:colcon.colcon_core.event_handler.log_command:Invoked command in '/home/dwduong74/yahboom_src/build/champ_config' returned '0': CMAKE_PREFIX_PATH=${CMAKE_PREFIX_PATH}:/home/dwduong74/yahboom_src/install/yahboom_set_height:/home/dwduong74/yahboom_src/install/yahboom_mediapipe:/home/dwduong74/yahboom_src/install/yahboom_gait:/home/dwduong74/yahboom_src/install/yahboom_dog_joint_state:/home/dwduong74/yahboom_src/install/yahboom_description:/home/dwduong74/yahboom_src/install/yahboom_bringup:/home/dwduong74/yahboom_src/install/yahboom_base:/home/dwduong74/yahboom_src/install/yahboom_app_save_map:/home/dwduong74/yahboom_src/install/tf_publisher:/home/dwduong74/yahboom_src/install/bringup:/home/dwduong74/LUMI_ws/install/custom_explorer:/opt/ros/humble /usr/bin/cmake --install /home/dwduong74/yahboom_src/build/champ_config
[1.621s] Level 1:colcon.colcon_core.environment:checking '/home/dwduong74/yahboom_src/install/champ_config' for CMake config files
[1.621s] Level 1:colcon.colcon_core.shell:create_environment_hook('champ_config', 'cmake_prefix_path')
[1.622s] INFO:colcon.colcon_core.shell:Creating environment hook '/home/dwduong74/yahboom_src/install/champ_config/share/champ_config/hook/cmake_prefix_path.ps1'
[1.623s] INFO:colcon.colcon_core.shell:Creating environment descriptor '/home/dwduong74/yahboom_src/install/champ_config/share/champ_config/hook/cmake_prefix_path.dsv'
[1.623s] INFO:colcon.colcon_core.shell:Creating environment hook '/home/dwduong74/yahboom_src/install/champ_config/share/champ_config/hook/cmake_prefix_path.sh'
[1.625s] Level 1:colcon.colcon_core.environment:checking '/home/dwduong74/yahboom_src/install/champ_config/bin'
[1.625s] Level 1:colcon.colcon_core.environment:checking '/home/dwduong74/yahboom_src/install/champ_config/lib/pkgconfig/champ_config.pc'
[1.625s] Level 1:colcon.colcon_core.environment:checking '/home/dwduong74/yahboom_src/install/champ_config/lib/python3.10/site-packages'
[1.626s] Level 1:colcon.colcon_core.environment:checking '/home/dwduong74/yahboom_src/install/champ_config/bin'
[1.626s] INFO:colcon.colcon_core.shell:Creating package script '/home/dwduong74/yahboom_src/install/champ_config/share/champ_config/package.ps1'
[1.627s] INFO:colcon.colcon_core.shell:Creating package descriptor '/home/dwduong74/yahboom_src/install/champ_config/share/champ_config/package.dsv'
[1.628s] INFO:colcon.colcon_core.shell:Creating package script '/home/dwduong74/yahboom_src/install/champ_config/share/champ_config/package.sh'
[1.629s] INFO:colcon.colcon_core.shell:Creating package script '/home/dwduong74/yahboom_src/install/champ_config/share/champ_config/package.bash'
[1.630s] INFO:colcon.colcon_core.shell:Creating package script '/home/dwduong74/yahboom_src/install/champ_config/share/champ_config/package.zsh'
[1.630s] Level 1:colcon.colcon_core.environment:create_file_with_runtime_dependencies(/home/dwduong74/yahboom_src/install/champ_config/share/colcon-core/packages/champ_config)
[1.632s] Level 1:colcon.colcon_core.environment:create_environment_scripts_only(champ_config)
[1.632s] Level 1:colcon.colcon_core.environment:checking '/home/dwduong74/yahboom_src/install/champ_config' for CMake module files
[1.633s] Level 1:colcon.colcon_core.environment:checking '/home/dwduong74/yahboom_src/install/champ_config' for CMake config files
[1.634s] Level 1:colcon.colcon_core.shell:create_environment_hook('champ_config', 'cmake_prefix_path')
[1.634s] INFO:colcon.colcon_core.shell:Creating environment hook '/home/dwduong74/yahboom_src/install/champ_config/share/champ_config/hook/cmake_prefix_path.ps1'
[1.635s] INFO:colcon.colcon_core.shell:Creating environment descriptor '/home/dwduong74/yahboom_src/install/champ_config/share/champ_config/hook/cmake_prefix_path.dsv'
[1.635s] INFO:colcon.colcon_core.shell:Creating environment hook '/home/dwduong74/yahboom_src/install/champ_config/share/champ_config/hook/cmake_prefix_path.sh'
[1.636s] Level 1:colcon.colcon_core.environment:checking '/home/dwduong74/yahboom_src/install/champ_config/bin'
[1.637s] Level 1:colcon.colcon_core.environment:checking '/home/dwduong74/yahboom_src/install/champ_config/lib/pkgconfig/champ_config.pc'
[1.637s] Level 1:colcon.colcon_core.environment:checking '/home/dwduong74/yahboom_src/install/champ_config/lib/python3.10/site-packages'
[1.638s] Level 1:colcon.colcon_core.environment:checking '/home/dwduong74/yahboom_src/install/champ_config/bin'
[1.638s] INFO:colcon.colcon_core.shell:Creating package script '/home/dwduong74/yahboom_src/install/champ_config/share/champ_config/package.ps1'
[1.639s] INFO:colcon.colcon_core.shell:Creating package descriptor '/home/dwduong74/yahboom_src/install/champ_config/share/champ_config/package.dsv'
[1.640s] INFO:colcon.colcon_core.shell:Creating package script '/home/dwduong74/yahboom_src/install/champ_config/share/champ_config/package.sh'
[1.641s] INFO:colcon.colcon_core.shell:Creating package script '/home/dwduong74/yahboom_src/install/champ_config/share/champ_config/package.bash'
[1.642s] INFO:colcon.colcon_core.shell:Creating package script '/home/dwduong74/yahboom_src/install/champ_config/share/champ_config/package.zsh'
[1.643s] Level 1:colcon.colcon_core.environment:create_file_with_runtime_dependencies(/home/dwduong74/yahboom_src/install/champ_config/share/colcon-core/packages/champ_config)
[1.646s] DEBUG:colcon.colcon_core.event_handler.log_command:Invoked command in '/home/dwduong74/yahboom_src/build/dogzilla_config' returned '0': CMAKE_PREFIX_PATH=${CMAKE_PREFIX_PATH}:/home/dwduong74/yahboom_src/install/yahboom_set_height:/home/dwduong74/yahboom_src/install/yahboom_mediapipe:/home/dwduong74/yahboom_src/install/yahboom_gait:/home/dwduong74/yahboom_src/install/yahboom_dog_joint_state:/home/dwduong74/yahboom_src/install/yahboom_description:/home/dwduong74/yahboom_src/install/yahboom_bringup:/home/dwduong74/yahboom_src/install/yahboom_base:/home/dwduong74/yahboom_src/install/yahboom_app_save_map:/home/dwduong74/yahboom_src/install/tf_publisher:/home/dwduong74/yahboom_src/install/bringup:/home/dwduong74/LUMI_ws/install/custom_explorer:/opt/ros/humble /usr/bin/cmake --build /home/dwduong74/yahboom_src/build/dogzilla_config -- -j8 -l8
[1.649s] INFO:colcon.colcon_ros.task.ament_cmake.build:Building ROS package in '/home/dwduong74/yahboom_src/src/unitree-go2-ros2/velodyne/velodyne_description' with build type 'ament_cmake'
[1.650s] INFO:colcon.colcon_cmake.task.cmake.build:Building CMake package in '/home/dwduong74/yahboom_src/src/unitree-go2-ros2/velodyne/velodyne_description'
[1.651s] INFO:colcon.colcon_core.shell:Skip shell extension 'powershell' for command environment: Not usable outside of PowerShell
[1.651s] DEBUG:colcon.colcon_core.shell:Skip shell extension 'dsv' for command environment
[1.652s] DEBUG:colcon.colcon_core.event_handler.log_command:Invoking command in '/home/dwduong74/yahboom_src/build/dogzilla_config': CMAKE_PREFIX_PATH=${CMAKE_PREFIX_PATH}:/home/dwduong74/yahboom_src/install/yahboom_set_height:/home/dwduong74/yahboom_src/install/yahboom_mediapipe:/home/dwduong74/yahboom_src/install/yahboom_gait:/home/dwduong74/yahboom_src/install/yahboom_dog_joint_state:/home/dwduong74/yahboom_src/install/yahboom_description:/home/dwduong74/yahboom_src/install/yahboom_bringup:/home/dwduong74/yahboom_src/install/yahboom_base:/home/dwduong74/yahboom_src/install/yahboom_app_save_map:/home/dwduong74/yahboom_src/install/tf_publisher:/home/dwduong74/yahboom_src/install/bringup:/home/dwduong74/LUMI_ws/install/custom_explorer:/opt/ros/humble /usr/bin/cmake --install /home/dwduong74/yahboom_src/build/dogzilla_config
[1.668s] DEBUG:colcon.colcon_core.event_handler.log_command:Invoked command in '/home/dwduong74/yahboom_src/build/champ_msgs' returned '0': CMAKE_PREFIX_PATH=${CMAKE_PREFIX_PATH}:/home/dwduong74/yahboom_src/install/yahboom_set_height:/home/dwduong74/yahboom_src/install/yahboom_mediapipe:/home/dwduong74/yahboom_src/install/yahboom_gait:/home/dwduong74/yahboom_src/install/yahboom_dog_joint_state:/home/dwduong74/yahboom_src/install/yahboom_description:/home/dwduong74/yahboom_src/install/yahboom_bringup:/home/dwduong74/yahboom_src/install/yahboom_base:/home/dwduong74/yahboom_src/install/yahboom_app_save_map:/home/dwduong74/yahboom_src/install/tf_publisher:/home/dwduong74/yahboom_src/install/bringup:/home/dwduong74/LUMI_ws/install/custom_explorer:/opt/ros/humble /usr/bin/cmake --build /home/dwduong74/yahboom_src/build/champ_msgs -- -j8 -l8
[1.679s] DEBUG:colcon.colcon_core.event_handler.log_command:Invoking command in '/home/dwduong74/yahboom_src/build/champ_msgs': CMAKE_PREFIX_PATH=${CMAKE_PREFIX_PATH}:/home/dwduong74/yahboom_src/install/yahboom_set_height:/home/dwduong74/yahboom_src/install/yahboom_mediapipe:/home/dwduong74/yahboom_src/install/yahboom_gait:/home/dwduong74/yahboom_src/install/yahboom_dog_joint_state:/home/dwduong74/yahboom_src/install/yahboom_description:/home/dwduong74/yahboom_src/install/yahboom_bringup:/home/dwduong74/yahboom_src/install/yahboom_base:/home/dwduong74/yahboom_src/install/yahboom_app_save_map:/home/dwduong74/yahboom_src/install/tf_publisher:/home/dwduong74/yahboom_src/install/bringup:/home/dwduong74/LUMI_ws/install/custom_explorer:/opt/ros/humble /usr/bin/cmake --install /home/dwduong74/yahboom_src/build/champ_msgs
[1.682s] DEBUG:colcon.colcon_core.event_handler.log_command:Invoking command in '/home/dwduong74/yahboom_src/build/dogzilla_description': CMAKE_PREFIX_PATH=${CMAKE_PREFIX_PATH}:/home/dwduong74/yahboom_src/install/yahboom_set_height:/home/dwduong74/yahboom_src/install/yahboom_mediapipe:/home/dwduong74/yahboom_src/install/yahboom_gait:/home/dwduong74/yahboom_src/install/yahboom_dog_joint_state:/home/dwduong74/yahboom_src/install/yahboom_description:/home/dwduong74/yahboom_src/install/yahboom_bringup:/home/dwduong74/yahboom_src/install/yahboom_base:/home/dwduong74/yahboom_src/install/yahboom_app_save_map:/home/dwduong74/yahboom_src/install/tf_publisher:/home/dwduong74/yahboom_src/install/bringup:/home/dwduong74/LUMI_ws/install/custom_explorer:/opt/ros/humble /usr/bin/cmake --build /home/dwduong74/yahboom_src/build/dogzilla_description -- -j8 -l8
[1.683s] Level 1:colcon.colcon_core.environment:create_environment_scripts_only(champ_navigation)
[1.683s] Level 1:colcon.colcon_core.environment:checking '/home/dwduong74/yahboom_src/install/champ_navigation' for CMake module files
[1.685s] DEBUG:colcon.colcon_core.event_handler.log_command:Invoked command in '/home/dwduong74/yahboom_src/build/champ_navigation' returned '0': CMAKE_PREFIX_PATH=${CMAKE_PREFIX_PATH}:/home/dwduong74/yahboom_src/install/yahboom_set_height:/home/dwduong74/yahboom_src/install/yahboom_mediapipe:/home/dwduong74/yahboom_src/install/yahboom_gait:/home/dwduong74/yahboom_src/install/yahboom_dog_joint_state:/home/dwduong74/yahboom_src/install/yahboom_description:/home/dwduong74/yahboom_src/install/yahboom_bringup:/home/dwduong74/yahboom_src/install/yahboom_base:/home/dwduong74/yahboom_src/install/yahboom_app_save_map:/home/dwduong74/yahboom_src/install/tf_publisher:/home/dwduong74/yahboom_src/install/bringup:/home/dwduong74/LUMI_ws/install/custom_explorer:/opt/ros/humble /usr/bin/cmake --install /home/dwduong74/yahboom_src/build/champ_navigation
[1.685s] Level 1:colcon.colcon_core.environment:checking '/home/dwduong74/yahboom_src/install/champ_navigation' for CMake config files
[1.686s] Level 1:colcon.colcon_core.shell:create_environment_hook('champ_navigation', 'cmake_prefix_path')
[1.686s] INFO:colcon.colcon_core.shell:Creating environment hook '/home/dwduong74/yahboom_src/install/champ_navigation/share/champ_navigation/hook/cmake_prefix_path.ps1'
[1.687s] INFO:colcon.colcon_core.shell:Creating environment descriptor '/home/dwduong74/yahboom_src/install/champ_navigation/share/champ_navigation/hook/cmake_prefix_path.dsv'
[1.688s] INFO:colcon.colcon_core.shell:Creating environment hook '/home/dwduong74/yahboom_src/install/champ_navigation/share/champ_navigation/hook/cmake_prefix_path.sh'
[1.693s] Level 1:colcon.colcon_core.environment:checking '/home/dwduong74/yahboom_src/install/champ_navigation/bin'
[1.693s] Level 1:colcon.colcon_core.environment:checking '/home/dwduong74/yahboom_src/install/champ_navigation/lib/pkgconfig/champ_navigation.pc'
[1.695s] Level 1:colcon.colcon_core.environment:checking '/home/dwduong74/yahboom_src/install/champ_navigation/lib/python3.10/site-packages'
[1.695s] Level 1:colcon.colcon_core.environment:checking '/home/dwduong74/yahboom_src/install/champ_navigation/bin'
[1.696s] INFO:colcon.colcon_core.shell:Creating package script '/home/dwduong74/yahboom_src/install/champ_navigation/share/champ_navigation/package.ps1'
[1.699s] INFO:colcon.colcon_core.shell:Creating package descriptor '/home/dwduong74/yahboom_src/install/champ_navigation/share/champ_navigation/package.dsv'
[1.701s] INFO:colcon.colcon_core.shell:Creating package script '/home/dwduong74/yahboom_src/install/champ_navigation/share/champ_navigation/package.sh'
[1.703s] INFO:colcon.colcon_core.shell:Creating package script '/home/dwduong74/yahboom_src/install/champ_navigation/share/champ_navigation/package.bash'
[1.706s] INFO:colcon.colcon_core.shell:Creating package script '/home/dwduong74/yahboom_src/install/champ_navigation/share/champ_navigation/package.zsh'
[1.709s] Level 1:colcon.colcon_core.environment:create_file_with_runtime_dependencies(/home/dwduong74/yahboom_src/install/champ_navigation/share/colcon-core/packages/champ_navigation)
[1.715s] Level 1:colcon.colcon_core.environment:create_environment_scripts_only(champ_navigation)
[1.716s] Level 1:colcon.colcon_core.environment:checking '/home/dwduong74/yahboom_src/install/champ_navigation' for CMake module files
[1.721s] Level 1:colcon.colcon_core.environment:checking '/home/dwduong74/yahboom_src/install/champ_navigation' for CMake config files
[1.725s] Level 1:colcon.colcon_core.shell:create_environment_hook('champ_navigation', 'cmake_prefix_path')
[1.726s] INFO:colcon.colcon_core.shell:Creating environment hook '/home/dwduong74/yahboom_src/install/champ_navigation/share/champ_navigation/hook/cmake_prefix_path.ps1'
[1.728s] INFO:colcon.colcon_core.shell:Creating environment descriptor '/home/dwduong74/yahboom_src/install/champ_navigation/share/champ_navigation/hook/cmake_prefix_path.dsv'
[1.731s] INFO:colcon.colcon_core.shell:Creating environment hook '/home/dwduong74/yahboom_src/install/champ_navigation/share/champ_navigation/hook/cmake_prefix_path.sh'
[1.732s] Level 1:colcon.colcon_core.environment:checking '/home/dwduong74/yahboom_src/install/champ_navigation/bin'
[1.732s] Level 1:colcon.colcon_core.environment:checking '/home/dwduong74/yahboom_src/install/champ_navigation/lib/pkgconfig/champ_navigation.pc'
[1.733s] Level 1:colcon.colcon_core.environment:checking '/home/dwduong74/yahboom_src/install/champ_navigation/lib/python3.10/site-packages'
[1.734s] Level 1:colcon.colcon_core.environment:checking '/home/dwduong74/yahboom_src/install/champ_navigation/bin'
[1.734s] INFO:colcon.colcon_core.shell:Creating package script '/home/dwduong74/yahboom_src/install/champ_navigation/share/champ_navigation/package.ps1'
[1.735s] INFO:colcon.colcon_core.shell:Creating package descriptor '/home/dwduong74/yahboom_src/install/champ_navigation/share/champ_navigation/package.dsv'
[1.736s] INFO:colcon.colcon_core.shell:Creating package script '/home/dwduong74/yahboom_src/install/champ_navigation/share/champ_navigation/package.sh'
[1.737s] INFO:colcon.colcon_core.shell:Creating package script '/home/dwduong74/yahboom_src/install/champ_navigation/share/champ_navigation/package.bash'
[1.738s] INFO:colcon.colcon_core.shell:Creating package script '/home/dwduong74/yahboom_src/install/champ_navigation/share/champ_navigation/package.zsh'
[1.738s] Level 1:colcon.colcon_core.environment:create_file_with_runtime_dependencies(/home/dwduong74/yahboom_src/install/champ_navigation/share/colcon-core/packages/champ_navigation)
[1.740s] Level 1:colcon.colcon_core.environment:create_environment_scripts_only(champ_teleop)
[1.740s] Level 1:colcon.colcon_core.environment:checking '/home/dwduong74/yahboom_src/install/champ_teleop' for CMake module files
[1.741s] DEBUG:colcon.colcon_core.event_handler.log_command:Invoked command in '/home/dwduong74/yahboom_src/build/champ_teleop' returned '0': CMAKE_PREFIX_PATH=${CMAKE_PREFIX_PATH}:/home/dwduong74/yahboom_src/install/yahboom_set_height:/home/dwduong74/yahboom_src/install/yahboom_mediapipe:/home/dwduong74/yahboom_src/install/yahboom_gait:/home/dwduong74/yahboom_src/install/yahboom_dog_joint_state:/home/dwduong74/yahboom_src/install/yahboom_description:/home/dwduong74/yahboom_src/install/yahboom_bringup:/home/dwduong74/yahboom_src/install/yahboom_base:/home/dwduong74/yahboom_src/install/yahboom_app_save_map:/home/dwduong74/yahboom_src/install/tf_publisher:/home/dwduong74/yahboom_src/install/bringup:/home/dwduong74/LUMI_ws/install/custom_explorer:/opt/ros/humble /usr/bin/cmake --install /home/dwduong74/yahboom_src/build/champ_teleop
[1.742s] Level 1:colcon.colcon_core.environment:checking '/home/dwduong74/yahboom_src/install/champ_teleop' for CMake config files
[1.742s] Level 1:colcon.colcon_core.shell:create_environment_hook('champ_teleop', 'cmake_prefix_path')
[1.743s] INFO:colcon.colcon_core.shell:Creating environment hook '/home/dwduong74/yahboom_src/install/champ_teleop/share/champ_teleop/hook/cmake_prefix_path.ps1'
[1.743s] INFO:colcon.colcon_core.shell:Creating environment descriptor '/home/dwduong74/yahboom_src/install/champ_teleop/share/champ_teleop/hook/cmake_prefix_path.dsv'
[1.744s] INFO:colcon.colcon_core.shell:Creating environment hook '/home/dwduong74/yahboom_src/install/champ_teleop/share/champ_teleop/hook/cmake_prefix_path.sh'
[1.744s] Level 1:colcon.colcon_core.environment:checking '/home/dwduong74/yahboom_src/install/champ_teleop/lib'
[1.744s] Level 1:colcon.colcon_core.environment:checking '/home/dwduong74/yahboom_src/install/champ_teleop/bin'
[1.744s] Level 1:colcon.colcon_core.environment:checking '/home/dwduong74/yahboom_src/install/champ_teleop/lib/pkgconfig/champ_teleop.pc'
[1.745s] Level 1:colcon.colcon_core.environment:checking '/home/dwduong74/yahboom_src/install/champ_teleop/lib/python3.10/site-packages'
[1.746s] Level 1:colcon.colcon_core.environment:checking '/home/dwduong74/yahboom_src/install/champ_teleop/bin'
[1.746s] INFO:colcon.colcon_core.shell:Creating package script '/home/dwduong74/yahboom_src/install/champ_teleop/share/champ_teleop/package.ps1'
[1.747s] INFO:colcon.colcon_core.shell:Creating package descriptor '/home/dwduong74/yahboom_src/install/champ_teleop/share/champ_teleop/package.dsv'
[1.747s] INFO:colcon.colcon_core.shell:Creating package script '/home/dwduong74/yahboom_src/install/champ_teleop/share/champ_teleop/package.sh'
[1.748s] INFO:colcon.colcon_core.shell:Creating package script '/home/dwduong74/yahboom_src/install/champ_teleop/share/champ_teleop/package.bash'
[1.749s] INFO:colcon.colcon_core.shell:Creating package script '/home/dwduong74/yahboom_src/install/champ_teleop/share/champ_teleop/package.zsh'
[1.750s] Level 1:colcon.colcon_core.environment:create_file_with_runtime_dependencies(/home/dwduong74/yahboom_src/install/champ_teleop/share/colcon-core/packages/champ_teleop)
[1.751s] Level 1:colcon.colcon_core.environment:create_environment_scripts_only(champ_teleop)
[1.751s] Level 1:colcon.colcon_core.environment:checking '/home/dwduong74/yahboom_src/install/champ_teleop' for CMake module files
[1.752s] Level 1:colcon.colcon_core.environment:checking '/home/dwduong74/yahboom_src/install/champ_teleop' for CMake config files
[1.752s] Level 1:colcon.colcon_core.shell:create_environment_hook('champ_teleop', 'cmake_prefix_path')
[1.752s] INFO:colcon.colcon_core.shell:Creating environment hook '/home/dwduong74/yahboom_src/install/champ_teleop/share/champ_teleop/hook/cmake_prefix_path.ps1'
[1.753s] INFO:colcon.colcon_core.shell:Creating environment descriptor '/home/dwduong74/yahboom_src/install/champ_teleop/share/champ_teleop/hook/cmake_prefix_path.dsv'
[1.753s] INFO:colcon.colcon_core.shell:Creating environment hook '/home/dwduong74/yahboom_src/install/champ_teleop/share/champ_teleop/hook/cmake_prefix_path.sh'
[1.754s] Level 1:colcon.colcon_core.environment:checking '/home/dwduong74/yahboom_src/install/champ_teleop/lib'
[1.754s] Level 1:colcon.colcon_core.environment:checking '/home/dwduong74/yahboom_src/install/champ_teleop/bin'
[1.754s] Level 1:colcon.colcon_core.environment:checking '/home/dwduong74/yahboom_src/install/champ_teleop/lib/pkgconfig/champ_teleop.pc'
[1.754s] Level 1:colcon.colcon_core.environment:checking '/home/dwduong74/yahboom_src/install/champ_teleop/lib/python3.10/site-packages'
[1.755s] Level 1:colcon.colcon_core.environment:checking '/home/dwduong74/yahboom_src/install/champ_teleop/bin'
[1.755s] INFO:colcon.colcon_core.shell:Creating package script '/home/dwduong74/yahboom_src/install/champ_teleop/share/champ_teleop/package.ps1'
[1.756s] INFO:colcon.colcon_core.shell:Creating package descriptor '/home/dwduong74/yahboom_src/install/champ_teleop/share/champ_teleop/package.dsv'
[1.756s] INFO:colcon.colcon_core.shell:Creating package script '/home/dwduong74/yahboom_src/install/champ_teleop/share/champ_teleop/package.sh'
[1.757s] INFO:colcon.colcon_core.shell:Creating package script '/home/dwduong74/yahboom_src/install/champ_teleop/share/champ_teleop/package.bash'
[1.757s] INFO:colcon.colcon_core.shell:Creating package script '/home/dwduong74/yahboom_src/install/champ_teleop/share/champ_teleop/package.zsh'
[1.758s] Level 1:colcon.colcon_core.environment:create_file_with_runtime_dependencies(/home/dwduong74/yahboom_src/install/champ_teleop/share/colcon-core/packages/champ_teleop)
[1.762s] INFO:colcon.colcon_ros.task.ament_cmake.build:Building ROS package in '/home/dwduong74/yahboom_src/src/unitree-go2-ros2/robots/configs/go2_config' with build type 'ament_cmake'
[1.762s] INFO:colcon.colcon_cmake.task.cmake.build:Building CMake package in '/home/dwduong74/yahboom_src/src/unitree-go2-ros2/robots/configs/go2_config'
[1.762s] INFO:colcon.colcon_core.shell:Skip shell extension 'powershell' for command environment: Not usable outside of PowerShell
[1.762s] DEBUG:colcon.colcon_core.shell:Skip shell extension 'dsv' for command environment
[1.763s] DEBUG:colcon.colcon_core.event_handler.log_command:Invoking command in '/home/dwduong74/yahboom_src/build/champ_description': CMAKE_PREFIX_PATH=/home/dwduong74/yahboom_src/install/velodyne_gazebo_plugins:/home/dwduong74/yahboom_src/install/yahboom_msgs:/home/dwduong74/yahboom_src/install/velodyne_simulator:/home/dwduong74/yahboom_src/install/velodyne_description:/home/dwduong74/yahboom_src/install/champ_bringup:/home/dwduong74/yahboom_src/install/champ_description:/home/dwduong74/yahboom_src/install/oradar_lidar:/home/dwduong74/yahboom_src/install/image_color_lab:/home/dwduong74/yahboom_src/install/go2_description:/home/dwduong74/yahboom_src/install/go2_config:/home/dwduong74/yahboom_src/install/dogzilla_description:/home/dwduong74/yahboom_src/install/dogzilla_config:/home/dwduong74/yahboom_src/install/champ_teleop:/home/dwduong74/yahboom_src/install/champ_navigation:/home/dwduong74/yahboom_src/install/champ_gazebo:/home/dwduong74/yahboom_src/install/champ_base:/home/dwduong74/yahboom_src/install/champ_msgs:/home/dwduong74/yahboom_src/install/champ_config:/home/dwduong74/yahboom_src/install/champ:/home/dwduong74/LUMI_ws/install/turtlebot3_manipulation_gazebo:/home/dwduong74/LUMI_ws/install/champ:/home/dwduong74/LUMI_ws/install/rf2o_laser_odometry:/home/dwduong74/yahboom_src/install/yahboom_set_height:/home/dwduong74/yahboom_src/install/yahboom_mediapipe:/home/dwduong74/yahboom_src/install/yahboom_gait:/home/dwduong74/yahboom_src/install/yahboom_dog_joint_state:/home/dwduong74/yahboom_src/install/yahboom_description:/home/dwduong74/yahboom_src/install/yahboom_bringup:/home/dwduong74/yahboom_src/install/yahboom_base:/home/dwduong74/yahboom_src/install/yahboom_app_save_map:/home/dwduong74/yahboom_src/install/tf_publisher:/home/dwduong74/yahboom_src/install/bringup:/home/dwduong74/LUMI_ws/install/custom_explorer:/opt/ros/humble LD_LIBRARY_PATH=/home/dwduong74/yahboom_src/install/velodyne_gazebo_plugins/lib:/home/dwduong74/yahboom_src/install/yahboom_msgs/lib:/home/dwduong74/yahboom_src/install/image_color_lab/lib:/home/dwduong74/yahboom_src/install/champ_base/lib:/home/dwduong74/yahboom_src/install/champ_msgs/lib:/usr/lib/x86_64-linux-gnu/gazebo-11/plugins:/opt/ros/humble/opt/rviz_ogre_vendor/lib:/opt/ros/humble/lib/x86_64-linux-gnu:/opt/ros/humble/lib /usr/bin/cmake --build /home/dwduong74/yahboom_src/build/champ_description -- -j8 -l8
[1.772s] Level 1:colcon.colcon_core.environment:create_environment_scripts_only(dogzilla_config)
[1.773s] Level 1:colcon.colcon_core.environment:checking '/home/dwduong74/yahboom_src/install/dogzilla_config' for CMake module files
[1.774s] DEBUG:colcon.colcon_core.event_handler.log_command:Invoked command in '/home/dwduong74/yahboom_src/build/dogzilla_config' returned '0': CMAKE_PREFIX_PATH=${CMAKE_PREFIX_PATH}:/home/dwduong74/yahboom_src/install/yahboom_set_height:/home/dwduong74/yahboom_src/install/yahboom_mediapipe:/home/dwduong74/yahboom_src/install/yahboom_gait:/home/dwduong74/yahboom_src/install/yahboom_dog_joint_state:/home/dwduong74/yahboom_src/install/yahboom_description:/home/dwduong74/yahboom_src/install/yahboom_bringup:/home/dwduong74/yahboom_src/install/yahboom_base:/home/dwduong74/yahboom_src/install/yahboom_app_save_map:/home/dwduong74/yahboom_src/install/tf_publisher:/home/dwduong74/yahboom_src/install/bringup:/home/dwduong74/LUMI_ws/install/custom_explorer:/opt/ros/humble /usr/bin/cmake --install /home/dwduong74/yahboom_src/build/dogzilla_config
[1.774s] Level 1:colcon.colcon_core.environment:checking '/home/dwduong74/yahboom_src/install/dogzilla_config' for CMake config files
[1.775s] Level 1:colcon.colcon_core.shell:create_environment_hook('dogzilla_config', 'cmake_prefix_path')
[1.775s] INFO:colcon.colcon_core.shell:Creating environment hook '/home/dwduong74/yahboom_src/install/dogzilla_config/share/dogzilla_config/hook/cmake_prefix_path.ps1'
[1.776s] INFO:colcon.colcon_core.shell:Creating environment descriptor '/home/dwduong74/yahboom_src/install/dogzilla_config/share/dogzilla_config/hook/cmake_prefix_path.dsv'
[1.776s] INFO:colcon.colcon_core.shell:Creating environment hook '/home/dwduong74/yahboom_src/install/dogzilla_config/share/dogzilla_config/hook/cmake_prefix_path.sh'
[1.777s] Level 1:colcon.colcon_core.environment:checking '/home/dwduong74/yahboom_src/install/dogzilla_config/bin'
[1.777s] Level 1:colcon.colcon_core.environment:checking '/home/dwduong74/yahboom_src/install/dogzilla_config/lib/pkgconfig/dogzilla_config.pc'
[1.777s] Level 1:colcon.colcon_core.environment:checking '/home/dwduong74/yahboom_src/install/dogzilla_config/lib/python3.10/site-packages'
[1.778s] Level 1:colcon.colcon_core.environment:checking '/home/dwduong74/yahboom_src/install/dogzilla_config/bin'
[1.778s] INFO:colcon.colcon_core.shell:Creating package script '/home/dwduong74/yahboom_src/install/dogzilla_config/share/dogzilla_config/package.ps1'
[1.779s] INFO:colcon.colcon_core.shell:Creating package descriptor '/home/dwduong74/yahboom_src/install/dogzilla_config/share/dogzilla_config/package.dsv'
[1.779s] INFO:colcon.colcon_core.shell:Creating package script '/home/dwduong74/yahboom_src/install/dogzilla_config/share/dogzilla_config/package.sh'
[1.780s] INFO:colcon.colcon_core.shell:Creating package script '/home/dwduong74/yahboom_src/install/dogzilla_config/share/dogzilla_config/package.bash'
[1.782s] INFO:colcon.colcon_core.shell:Creating package script '/home/dwduong74/yahboom_src/install/dogzilla_config/share/dogzilla_config/package.zsh'
[1.782s] Level 1:colcon.colcon_core.environment:create_file_with_runtime_dependencies(/home/dwduong74/yahboom_src/install/dogzilla_config/share/colcon-core/packages/dogzilla_config)
[1.784s] Level 1:colcon.colcon_core.environment:create_environment_scripts_only(dogzilla_config)
[1.786s] Level 1:colcon.colcon_core.environment:checking '/home/dwduong74/yahboom_src/install/dogzilla_config' for CMake module files
[1.787s] Level 1:colcon.colcon_core.environment:checking '/home/dwduong74/yahboom_src/install/dogzilla_config' for CMake config files
[1.787s] Level 1:colcon.colcon_core.shell:create_environment_hook('dogzilla_config', 'cmake_prefix_path')
[1.787s] INFO:colcon.colcon_core.shell:Creating environment hook '/home/dwduong74/yahboom_src/install/dogzilla_config/share/dogzilla_config/hook/cmake_prefix_path.ps1'
[1.789s] INFO:colcon.colcon_core.shell:Creating environment descriptor '/home/dwduong74/yahboom_src/install/dogzilla_config/share/dogzilla_config/hook/cmake_prefix_path.dsv'
[1.790s] INFO:colcon.colcon_core.shell:Creating environment hook '/home/dwduong74/yahboom_src/install/dogzilla_config/share/dogzilla_config/hook/cmake_prefix_path.sh'
[1.791s] Level 1:colcon.colcon_core.environment:checking '/home/dwduong74/yahboom_src/install/dogzilla_config/bin'
[1.791s] Level 1:colcon.colcon_core.environment:checking '/home/dwduong74/yahboom_src/install/dogzilla_config/lib/pkgconfig/dogzilla_config.pc'
[1.791s] Level 1:colcon.colcon_core.environment:checking '/home/dwduong74/yahboom_src/install/dogzilla_config/lib/python3.10/site-packages'
[1.792s] Level 1:colcon.colcon_core.environment:checking '/home/dwduong74/yahboom_src/install/dogzilla_config/bin'
[1.792s] INFO:colcon.colcon_core.shell:Creating package script '/home/dwduong74/yahboom_src/install/dogzilla_config/share/dogzilla_config/package.ps1'
[1.794s] INFO:colcon.colcon_core.shell:Creating package descriptor '/home/dwduong74/yahboom_src/install/dogzilla_config/share/dogzilla_config/package.dsv'
[1.796s] INFO:colcon.colcon_core.shell:Creating package script '/home/dwduong74/yahboom_src/install/dogzilla_config/share/dogzilla_config/package.sh'
[1.796s] INFO:colcon.colcon_core.shell:Creating package script '/home/dwduong74/yahboom_src/install/dogzilla_config/share/dogzilla_config/package.bash'
[1.802s] INFO:colcon.colcon_core.shell:Creating package script '/home/dwduong74/yahboom_src/install/dogzilla_config/share/dogzilla_config/package.zsh'
[1.803s] Level 1:colcon.colcon_core.environment:create_file_with_runtime_dependencies(/home/dwduong74/yahboom_src/install/dogzilla_config/share/colcon-core/packages/dogzilla_config)
[1.804s] INFO:colcon.colcon_ros.task.ament_cmake.build:Building ROS package in '/home/dwduong74/yahboom_src/src/unitree-go2-ros2/robots/descriptions/go2_description' with build type 'ament_cmake'
[1.804s] INFO:colcon.colcon_cmake.task.cmake.build:Building CMake package in '/home/dwduong74/yahboom_src/src/unitree-go2-ros2/robots/descriptions/go2_description'
[1.805s] INFO:colcon.colcon_core.shell:Skip shell extension 'powershell' for command environment: Not usable outside of PowerShell
[1.807s] DEBUG:colcon.colcon_core.shell:Skip shell extension 'dsv' for command environment
[1.831s] INFO:colcon.colcon_ros.task.ament_cmake.build:Building ROS package in '/home/dwduong74/yahboom_src/src/image_color_lab' with build type 'ament_cmake'
[1.831s] INFO:colcon.colcon_cmake.task.cmake.build:Building CMake package in '/home/dwduong74/yahboom_src/src/image_color_lab'
[1.832s] INFO:colcon.colcon_core.shell:Skip shell extension 'powershell' for command environment: Not usable outside of PowerShell
[1.832s] DEBUG:colcon.colcon_core.shell:Skip shell extension 'dsv' for command environment
[1.850s] DEBUG:colcon.colcon_core.event_handler.log_command:Invoking command in '/home/dwduong74/yahboom_src/build/velodyne_description': CMAKE_PREFIX_PATH=/home/dwduong74/yahboom_src/install/velodyne_gazebo_plugins:/home/dwduong74/yahboom_src/install/yahboom_msgs:/home/dwduong74/yahboom_src/install/velodyne_simulator:/home/dwduong74/yahboom_src/install/velodyne_description:/home/dwduong74/yahboom_src/install/champ_bringup:/home/dwduong74/yahboom_src/install/champ_description:/home/dwduong74/yahboom_src/install/oradar_lidar:/home/dwduong74/yahboom_src/install/image_color_lab:/home/dwduong74/yahboom_src/install/go2_description:/home/dwduong74/yahboom_src/install/go2_config:/home/dwduong74/yahboom_src/install/dogzilla_description:/home/dwduong74/yahboom_src/install/dogzilla_config:/home/dwduong74/yahboom_src/install/champ_teleop:/home/dwduong74/yahboom_src/install/champ_navigation:/home/dwduong74/yahboom_src/install/champ_gazebo:/home/dwduong74/yahboom_src/install/champ_base:/home/dwduong74/yahboom_src/install/champ_msgs:/home/dwduong74/yahboom_src/install/champ_config:/home/dwduong74/yahboom_src/install/champ:/home/dwduong74/LUMI_ws/install/turtlebot3_manipulation_gazebo:/home/dwduong74/LUMI_ws/install/champ:/home/dwduong74/LUMI_ws/install/rf2o_laser_odometry:/home/dwduong74/yahboom_src/install/yahboom_set_height:/home/dwduong74/yahboom_src/install/yahboom_mediapipe:/home/dwduong74/yahboom_src/install/yahboom_gait:/home/dwduong74/yahboom_src/install/yahboom_dog_joint_state:/home/dwduong74/yahboom_src/install/yahboom_description:/home/dwduong74/yahboom_src/install/yahboom_bringup:/home/dwduong74/yahboom_src/install/yahboom_base:/home/dwduong74/yahboom_src/install/yahboom_app_save_map:/home/dwduong74/yahboom_src/install/tf_publisher:/home/dwduong74/yahboom_src/install/bringup:/home/dwduong74/LUMI_ws/install/custom_explorer:/opt/ros/humble LD_LIBRARY_PATH=/home/dwduong74/yahboom_src/install/velodyne_gazebo_plugins/lib:/home/dwduong74/yahboom_src/install/yahboom_msgs/lib:/home/dwduong74/yahboom_src/install/image_color_lab/lib:/home/dwduong74/yahboom_src/install/champ_base/lib:/home/dwduong74/yahboom_src/install/champ_msgs/lib:/usr/lib/x86_64-linux-gnu/gazebo-11/plugins:/opt/ros/humble/opt/rviz_ogre_vendor/lib:/opt/ros/humble/lib/x86_64-linux-gnu:/opt/ros/humble/lib /usr/bin/cmake --build /home/dwduong74/yahboom_src/build/velodyne_description -- -j8 -l8
[1.851s] DEBUG:colcon.colcon_core.event_handler.log_command:Invoked command in '/home/dwduong74/yahboom_src/build/dogzilla_description' returned '0': CMAKE_PREFIX_PATH=${CMAKE_PREFIX_PATH}:/home/dwduong74/yahboom_src/install/yahboom_set_height:/home/dwduong74/yahboom_src/install/yahboom_mediapipe:/home/dwduong74/yahboom_src/install/yahboom_gait:/home/dwduong74/yahboom_src/install/yahboom_dog_joint_state:/home/dwduong74/yahboom_src/install/yahboom_description:/home/dwduong74/yahboom_src/install/yahboom_bringup:/home/dwduong74/yahboom_src/install/yahboom_base:/home/dwduong74/yahboom_src/install/yahboom_app_save_map:/home/dwduong74/yahboom_src/install/tf_publisher:/home/dwduong74/yahboom_src/install/bringup:/home/dwduong74/LUMI_ws/install/custom_explorer:/opt/ros/humble /usr/bin/cmake --build /home/dwduong74/yahboom_src/build/dogzilla_description -- -j8 -l8
[1.859s] DEBUG:colcon.colcon_core.event_handler.log_command:Invoking command in '/home/dwduong74/yahboom_src/build/dogzilla_description': CMAKE_PREFIX_PATH=${CMAKE_PREFIX_PATH}:/home/dwduong74/yahboom_src/install/yahboom_set_height:/home/dwduong74/yahboom_src/install/yahboom_mediapipe:/home/dwduong74/yahboom_src/install/yahboom_gait:/home/dwduong74/yahboom_src/install/yahboom_dog_joint_state:/home/dwduong74/yahboom_src/install/yahboom_description:/home/dwduong74/yahboom_src/install/yahboom_bringup:/home/dwduong74/yahboom_src/install/yahboom_base:/home/dwduong74/yahboom_src/install/yahboom_app_save_map:/home/dwduong74/yahboom_src/install/tf_publisher:/home/dwduong74/yahboom_src/install/bringup:/home/dwduong74/LUMI_ws/install/custom_explorer:/opt/ros/humble /usr/bin/cmake --install /home/dwduong74/yahboom_src/build/dogzilla_description
[1.862s] Level 1:colcon.colcon_core.environment:create_environment_scripts_only(champ_msgs)
[1.866s] Level 1:colcon.colcon_core.environment:checking '/home/dwduong74/yahboom_src/install/champ_msgs' for CMake module files
[1.869s] Level 1:colcon.colcon_core.environment:checking '/home/dwduong74/yahboom_src/install/champ_msgs' for CMake config files
[1.873s] DEBUG:colcon.colcon_core.event_handler.log_command:Invoked command in '/home/dwduong74/yahboom_src/build/champ_msgs' returned '0': CMAKE_PREFIX_PATH=${CMAKE_PREFIX_PATH}:/home/dwduong74/yahboom_src/install/yahboom_set_height:/home/dwduong74/yahboom_src/install/yahboom_mediapipe:/home/dwduong74/yahboom_src/install/yahboom_gait:/home/dwduong74/yahboom_src/install/yahboom_dog_joint_state:/home/dwduong74/yahboom_src/install/yahboom_description:/home/dwduong74/yahboom_src/install/yahboom_bringup:/home/dwduong74/yahboom_src/install/yahboom_base:/home/dwduong74/yahboom_src/install/yahboom_app_save_map:/home/dwduong74/yahboom_src/install/tf_publisher:/home/dwduong74/yahboom_src/install/bringup:/home/dwduong74/LUMI_ws/install/custom_explorer:/opt/ros/humble /usr/bin/cmake --install /home/dwduong74/yahboom_src/build/champ_msgs
[1.878s] Level 1:colcon.colcon_core.shell:create_environment_hook('champ_msgs', 'cmake_prefix_path')
[1.880s] INFO:colcon.colcon_core.shell:Creating environment hook '/home/dwduong74/yahboom_src/install/champ_msgs/share/champ_msgs/hook/cmake_prefix_path.ps1'
[1.888s] INFO:colcon.colcon_core.shell:Creating environment descriptor '/home/dwduong74/yahboom_src/install/champ_msgs/share/champ_msgs/hook/cmake_prefix_path.dsv'
[1.888s] INFO:colcon.colcon_core.shell:Creating environment hook '/home/dwduong74/yahboom_src/install/champ_msgs/share/champ_msgs/hook/cmake_prefix_path.sh'
[1.890s] Level 1:colcon.colcon_core.environment:checking '/home/dwduong74/yahboom_src/install/champ_msgs/lib'
[1.890s] Level 1:colcon.colcon_core.shell:create_environment_hook('champ_msgs', 'ld_library_path_lib')
[1.893s] INFO:colcon.colcon_core.shell:Creating environment hook '/home/dwduong74/yahboom_src/install/champ_msgs/share/champ_msgs/hook/ld_library_path_lib.ps1'
[1.894s] INFO:colcon.colcon_core.shell:Creating environment descriptor '/home/dwduong74/yahboom_src/install/champ_msgs/share/champ_msgs/hook/ld_library_path_lib.dsv'
[1.895s] INFO:colcon.colcon_core.shell:Creating environment hook '/home/dwduong74/yahboom_src/install/champ_msgs/share/champ_msgs/hook/ld_library_path_lib.sh'
[1.899s] Level 1:colcon.colcon_core.environment:checking '/home/dwduong74/yahboom_src/install/champ_msgs/bin'
[1.899s] Level 1:colcon.colcon_core.environment:checking '/home/dwduong74/yahboom_src/install/champ_msgs/lib/pkgconfig/champ_msgs.pc'
[1.900s] Level 1:colcon.colcon_core.environment:checking '/home/dwduong74/yahboom_src/install/champ_msgs/lib/python3.10/site-packages'
[1.900s] Level 1:colcon.colcon_core.environment:checking '/home/dwduong74/yahboom_src/install/champ_msgs/bin'
[1.901s] INFO:colcon.colcon_core.shell:Creating package script '/home/dwduong74/yahboom_src/install/champ_msgs/share/champ_msgs/package.ps1'
[1.902s] INFO:colcon.colcon_core.shell:Creating package descriptor '/home/dwduong74/yahboom_src/install/champ_msgs/share/champ_msgs/package.dsv'
[1.910s] INFO:colcon.colcon_core.shell:Creating package script '/home/dwduong74/yahboom_src/install/champ_msgs/share/champ_msgs/package.sh'
[1.910s] INFO:colcon.colcon_core.shell:Creating package script '/home/dwduong74/yahboom_src/install/champ_msgs/share/champ_msgs/package.bash'
[1.911s] INFO:colcon.colcon_core.shell:Creating package script '/home/dwduong74/yahboom_src/install/champ_msgs/share/champ_msgs/package.zsh'
[1.912s] Level 1:colcon.colcon_core.environment:create_file_with_runtime_dependencies(/home/dwduong74/yahboom_src/install/champ_msgs/share/colcon-core/packages/champ_msgs)
[1.918s] Level 1:colcon.colcon_core.environment:create_environment_scripts_only(champ_msgs)
[1.918s] Level 1:colcon.colcon_core.environment:checking '/home/dwduong74/yahboom_src/install/champ_msgs' for CMake module files
[1.922s] Level 1:colcon.colcon_core.environment:checking '/home/dwduong74/yahboom_src/install/champ_msgs' for CMake config files
[1.923s] Level 1:colcon.colcon_core.shell:create_environment_hook('champ_msgs', 'cmake_prefix_path')
[1.923s] INFO:colcon.colcon_core.shell:Creating environment hook '/home/dwduong74/yahboom_src/install/champ_msgs/share/champ_msgs/hook/cmake_prefix_path.ps1'
[1.934s] INFO:colcon.colcon_core.shell:Creating environment descriptor '/home/dwduong74/yahboom_src/install/champ_msgs/share/champ_msgs/hook/cmake_prefix_path.dsv'
[1.935s] INFO:colcon.colcon_core.shell:Creating environment hook '/home/dwduong74/yahboom_src/install/champ_msgs/share/champ_msgs/hook/cmake_prefix_path.sh'
[1.936s] Level 1:colcon.colcon_core.environment:checking '/home/dwduong74/yahboom_src/install/champ_msgs/lib'
[1.936s] Level 1:colcon.colcon_core.shell:create_environment_hook('champ_msgs', 'ld_library_path_lib')
[1.936s] INFO:colcon.colcon_core.shell:Creating environment hook '/home/dwduong74/yahboom_src/install/champ_msgs/share/champ_msgs/hook/ld_library_path_lib.ps1'
[1.937s] INFO:colcon.colcon_core.shell:Creating environment descriptor '/home/dwduong74/yahboom_src/install/champ_msgs/share/champ_msgs/hook/ld_library_path_lib.dsv'
[1.939s] INFO:colcon.colcon_core.shell:Creating environment hook '/home/dwduong74/yahboom_src/install/champ_msgs/share/champ_msgs/hook/ld_library_path_lib.sh'
[1.940s] Level 1:colcon.colcon_core.environment:checking '/home/dwduong74/yahboom_src/install/champ_msgs/bin'
[1.940s] Level 1:colcon.colcon_core.environment:checking '/home/dwduong74/yahboom_src/install/champ_msgs/lib/pkgconfig/champ_msgs.pc'
[1.940s] Level 1:colcon.colcon_core.environment:checking '/home/dwduong74/yahboom_src/install/champ_msgs/lib/python3.10/site-packages'
[1.941s] Level 1:colcon.colcon_core.environment:checking '/home/dwduong74/yahboom_src/install/champ_msgs/bin'
[1.941s] INFO:colcon.colcon_core.shell:Creating package script '/home/dwduong74/yahboom_src/install/champ_msgs/share/champ_msgs/package.ps1'
[1.942s] INFO:colcon.colcon_core.shell:Creating package descriptor '/home/dwduong74/yahboom_src/install/champ_msgs/share/champ_msgs/package.dsv'
[1.943s] INFO:colcon.colcon_core.shell:Creating package script '/home/dwduong74/yahboom_src/install/champ_msgs/share/champ_msgs/package.sh'
[1.944s] INFO:colcon.colcon_core.shell:Creating package script '/home/dwduong74/yahboom_src/install/champ_msgs/share/champ_msgs/package.bash'
[1.945s] INFO:colcon.colcon_core.shell:Creating package script '/home/dwduong74/yahboom_src/install/champ_msgs/share/champ_msgs/package.zsh'
[1.946s] Level 1:colcon.colcon_core.environment:create_file_with_runtime_dependencies(/home/dwduong74/yahboom_src/install/champ_msgs/share/colcon-core/packages/champ_msgs)
[1.953s] DEBUG:colcon.colcon_core.event_handler.log_command:Invoking command in '/home/dwduong74/yahboom_src/build/go2_config': CMAKE_PREFIX_PATH=${CMAKE_PREFIX_PATH}:/home/dwduong74/yahboom_src/install/yahboom_set_height:/home/dwduong74/yahboom_src/install/yahboom_mediapipe:/home/dwduong74/yahboom_src/install/yahboom_gait:/home/dwduong74/yahboom_src/install/yahboom_dog_joint_state:/home/dwduong74/yahboom_src/install/yahboom_description:/home/dwduong74/yahboom_src/install/yahboom_bringup:/home/dwduong74/yahboom_src/install/yahboom_base:/home/dwduong74/yahboom_src/install/yahboom_app_save_map:/home/dwduong74/yahboom_src/install/tf_publisher:/home/dwduong74/yahboom_src/install/bringup:/home/dwduong74/LUMI_ws/install/custom_explorer:/opt/ros/humble /usr/bin/cmake --build /home/dwduong74/yahboom_src/build/go2_config -- -j8 -l8
[1.953s] INFO:colcon.colcon_ros.task.ament_cmake.build:Building ROS package in '/home/dwduong74/yahboom_src/src/unitree-go2-ros2/champ/champ_base' with build type 'ament_cmake'
[1.954s] INFO:colcon.colcon_cmake.task.cmake.build:Building CMake package in '/home/dwduong74/yahboom_src/src/unitree-go2-ros2/champ/champ_base'
[1.954s] INFO:colcon.colcon_core.shell:Skip shell extension 'powershell' for command environment: Not usable outside of PowerShell
[1.954s] DEBUG:colcon.colcon_core.shell:Skip shell extension 'dsv' for command environment
[1.976s] DEBUG:colcon.colcon_core.event_handler.log_command:Invoked command in '/home/dwduong74/yahboom_src/build/champ_description' returned '0': CMAKE_PREFIX_PATH=/home/dwduong74/yahboom_src/install/velodyne_gazebo_plugins:/home/dwduong74/yahboom_src/install/yahboom_msgs:/home/dwduong74/yahboom_src/install/velodyne_simulator:/home/dwduong74/yahboom_src/install/velodyne_description:/home/dwduong74/yahboom_src/install/champ_bringup:/home/dwduong74/yahboom_src/install/champ_description:/home/dwduong74/yahboom_src/install/oradar_lidar:/home/dwduong74/yahboom_src/install/image_color_lab:/home/dwduong74/yahboom_src/install/go2_description:/home/dwduong74/yahboom_src/install/go2_config:/home/dwduong74/yahboom_src/install/dogzilla_description:/home/dwduong74/yahboom_src/install/dogzilla_config:/home/dwduong74/yahboom_src/install/champ_teleop:/home/dwduong74/yahboom_src/install/champ_navigation:/home/dwduong74/yahboom_src/install/champ_gazebo:/home/dwduong74/yahboom_src/install/champ_base:/home/dwduong74/yahboom_src/install/champ_msgs:/home/dwduong74/yahboom_src/install/champ_config:/home/dwduong74/yahboom_src/install/champ:/home/dwduong74/LUMI_ws/install/turtlebot3_manipulation_gazebo:/home/dwduong74/LUMI_ws/install/champ:/home/dwduong74/LUMI_ws/install/rf2o_laser_odometry:/home/dwduong74/yahboom_src/install/yahboom_set_height:/home/dwduong74/yahboom_src/install/yahboom_mediapipe:/home/dwduong74/yahboom_src/install/yahboom_gait:/home/dwduong74/yahboom_src/install/yahboom_dog_joint_state:/home/dwduong74/yahboom_src/install/yahboom_description:/home/dwduong74/yahboom_src/install/yahboom_bringup:/home/dwduong74/yahboom_src/install/yahboom_base:/home/dwduong74/yahboom_src/install/yahboom_app_save_map:/home/dwduong74/yahboom_src/install/tf_publisher:/home/dwduong74/yahboom_src/install/bringup:/home/dwduong74/LUMI_ws/install/custom_explorer:/opt/ros/humble LD_LIBRARY_PATH=/home/dwduong74/yahboom_src/install/velodyne_gazebo_plugins/lib:/home/dwduong74/yahboom_src/install/yahboom_msgs/lib:/home/dwduong74/yahboom_src/install/image_color_lab/lib:/home/dwduong74/yahboom_src/install/champ_base/lib:/home/dwduong74/yahboom_src/install/champ_msgs/lib:/usr/lib/x86_64-linux-gnu/gazebo-11/plugins:/opt/ros/humble/opt/rviz_ogre_vendor/lib:/opt/ros/humble/lib/x86_64-linux-gnu:/opt/ros/humble/lib /usr/bin/cmake --build /home/dwduong74/yahboom_src/build/champ_description -- -j8 -l8
[1.978s] DEBUG:colcon.colcon_core.event_handler.log_command:Invoking command in '/home/dwduong74/yahboom_src/build/champ_description': CMAKE_PREFIX_PATH=/home/dwduong74/yahboom_src/install/velodyne_gazebo_plugins:/home/dwduong74/yahboom_src/install/yahboom_msgs:/home/dwduong74/yahboom_src/install/velodyne_simulator:/home/dwduong74/yahboom_src/install/velodyne_description:/home/dwduong74/yahboom_src/install/champ_bringup:/home/dwduong74/yahboom_src/install/champ_description:/home/dwduong74/yahboom_src/install/oradar_lidar:/home/dwduong74/yahboom_src/install/image_color_lab:/home/dwduong74/yahboom_src/install/go2_description:/home/dwduong74/yahboom_src/install/go2_config:/home/dwduong74/yahboom_src/install/dogzilla_description:/home/dwduong74/yahboom_src/install/dogzilla_config:/home/dwduong74/yahboom_src/install/champ_teleop:/home/dwduong74/yahboom_src/install/champ_navigation:/home/dwduong74/yahboom_src/install/champ_gazebo:/home/dwduong74/yahboom_src/install/champ_base:/home/dwduong74/yahboom_src/install/champ_msgs:/home/dwduong74/yahboom_src/install/champ_config:/home/dwduong74/yahboom_src/install/champ:/home/dwduong74/LUMI_ws/install/turtlebot3_manipulation_gazebo:/home/dwduong74/LUMI_ws/install/champ:/home/dwduong74/LUMI_ws/install/rf2o_laser_odometry:/home/dwduong74/yahboom_src/install/yahboom_set_height:/home/dwduong74/yahboom_src/install/yahboom_mediapipe:/home/dwduong74/yahboom_src/install/yahboom_gait:/home/dwduong74/yahboom_src/install/yahboom_dog_joint_state:/home/dwduong74/yahboom_src/install/yahboom_description:/home/dwduong74/yahboom_src/install/yahboom_bringup:/home/dwduong74/yahboom_src/install/yahboom_base:/home/dwduong74/yahboom_src/install/yahboom_app_save_map:/home/dwduong74/yahboom_src/install/tf_publisher:/home/dwduong74/yahboom_src/install/bringup:/home/dwduong74/LUMI_ws/install/custom_explorer:/opt/ros/humble LD_LIBRARY_PATH=/home/dwduong74/yahboom_src/install/velodyne_gazebo_plugins/lib:/home/dwduong74/yahboom_src/install/yahboom_msgs/lib:/home/dwduong74/yahboom_src/install/image_color_lab/lib:/home/dwduong74/yahboom_src/install/champ_base/lib:/home/dwduong74/yahboom_src/install/champ_msgs/lib:/usr/lib/x86_64-linux-gnu/gazebo-11/plugins:/opt/ros/humble/opt/rviz_ogre_vendor/lib:/opt/ros/humble/lib/x86_64-linux-gnu:/opt/ros/humble/lib /usr/bin/cmake --install /home/dwduong74/yahboom_src/build/champ_description
[1.983s] DEBUG:colcon.colcon_core.event_handler.log_command:Invoking command in '/home/dwduong74/yahboom_src/build/go2_description': CMAKE_PREFIX_PATH=${CMAKE_PREFIX_PATH}:/home/dwduong74/yahboom_src/install/yahboom_set_height:/home/dwduong74/yahboom_src/install/yahboom_mediapipe:/home/dwduong74/yahboom_src/install/yahboom_gait:/home/dwduong74/yahboom_src/install/yahboom_dog_joint_state:/home/dwduong74/yahboom_src/install/yahboom_description:/home/dwduong74/yahboom_src/install/yahboom_bringup:/home/dwduong74/yahboom_src/install/yahboom_base:/home/dwduong74/yahboom_src/install/yahboom_app_save_map:/home/dwduong74/yahboom_src/install/tf_publisher:/home/dwduong74/yahboom_src/install/bringup:/home/dwduong74/LUMI_ws/install/custom_explorer:/opt/ros/humble /usr/bin/cmake --build /home/dwduong74/yahboom_src/build/go2_description -- -j8 -l8
[1.990s] DEBUG:colcon.colcon_core.event_handler.log_command:Invoking command in '/home/dwduong74/yahboom_src/build/image_color_lab': CMAKE_PREFIX_PATH=${CMAKE_PREFIX_PATH}:/home/dwduong74/yahboom_src/install/yahboom_set_height:/home/dwduong74/yahboom_src/install/yahboom_mediapipe:/home/dwduong74/yahboom_src/install/yahboom_gait:/home/dwduong74/yahboom_src/install/yahboom_dog_joint_state:/home/dwduong74/yahboom_src/install/yahboom_description:/home/dwduong74/yahboom_src/install/yahboom_bringup:/home/dwduong74/yahboom_src/install/yahboom_base:/home/dwduong74/yahboom_src/install/yahboom_app_save_map:/home/dwduong74/yahboom_src/install/tf_publisher:/home/dwduong74/yahboom_src/install/bringup:/home/dwduong74/LUMI_ws/install/custom_explorer:/opt/ros/humble /usr/bin/cmake --build /home/dwduong74/yahboom_src/build/image_color_lab -- -j8 -l8
[1.994s] Level 1:colcon.colcon_core.environment:create_environment_scripts_only(dogzilla_description)
[1.995s] Level 1:colcon.colcon_core.environment:checking '/home/dwduong74/yahboom_src/install/dogzilla_description' for CMake module files
[1.997s] DEBUG:colcon.colcon_core.event_handler.log_command:Invoked command in '/home/dwduong74/yahboom_src/build/dogzilla_description' returned '0': CMAKE_PREFIX_PATH=${CMAKE_PREFIX_PATH}:/home/dwduong74/yahboom_src/install/yahboom_set_height:/home/dwduong74/yahboom_src/install/yahboom_mediapipe:/home/dwduong74/yahboom_src/install/yahboom_gait:/home/dwduong74/yahboom_src/install/yahboom_dog_joint_state:/home/dwduong74/yahboom_src/install/yahboom_description:/home/dwduong74/yahboom_src/install/yahboom_bringup:/home/dwduong74/yahboom_src/install/yahboom_base:/home/dwduong74/yahboom_src/install/yahboom_app_save_map:/home/dwduong74/yahboom_src/install/tf_publisher:/home/dwduong74/yahboom_src/install/bringup:/home/dwduong74/LUMI_ws/install/custom_explorer:/opt/ros/humble /usr/bin/cmake --install /home/dwduong74/yahboom_src/build/dogzilla_description
[1.997s] Level 1:colcon.colcon_core.environment:checking '/home/dwduong74/yahboom_src/install/dogzilla_description' for CMake config files
[1.998s] Level 1:colcon.colcon_core.shell:create_environment_hook('dogzilla_description', 'cmake_prefix_path')
[1.999s] INFO:colcon.colcon_core.shell:Creating environment hook '/home/dwduong74/yahboom_src/install/dogzilla_description/share/dogzilla_description/hook/cmake_prefix_path.ps1'
[1.999s] INFO:colcon.colcon_core.shell:Creating environment descriptor '/home/dwduong74/yahboom_src/install/dogzilla_description/share/dogzilla_description/hook/cmake_prefix_path.dsv'
[2.000s] INFO:colcon.colcon_core.shell:Creating environment hook '/home/dwduong74/yahboom_src/install/dogzilla_description/share/dogzilla_description/hook/cmake_prefix_path.sh'
[2.001s] Level 1:colcon.colcon_core.environment:checking '/home/dwduong74/yahboom_src/install/dogzilla_description/bin'
[2.001s] Level 1:colcon.colcon_core.environment:checking '/home/dwduong74/yahboom_src/install/dogzilla_description/lib/pkgconfig/dogzilla_description.pc'
[2.002s] Level 1:colcon.colcon_core.environment:checking '/home/dwduong74/yahboom_src/install/dogzilla_description/lib/python3.10/site-packages'
[2.003s] Level 1:colcon.colcon_core.environment:checking '/home/dwduong74/yahboom_src/install/dogzilla_description/bin'
[2.004s] INFO:colcon.colcon_core.shell:Creating package script '/home/dwduong74/yahboom_src/install/dogzilla_description/share/dogzilla_description/package.ps1'
[2.005s] INFO:colcon.colcon_core.shell:Creating package descriptor '/home/dwduong74/yahboom_src/install/dogzilla_description/share/dogzilla_description/package.dsv'
[2.005s] INFO:colcon.colcon_core.shell:Creating package script '/home/dwduong74/yahboom_src/install/dogzilla_description/share/dogzilla_description/package.sh'
[2.006s] INFO:colcon.colcon_core.shell:Creating package script '/home/dwduong74/yahboom_src/install/dogzilla_description/share/dogzilla_description/package.bash'
[2.007s] INFO:colcon.colcon_core.shell:Creating package script '/home/dwduong74/yahboom_src/install/dogzilla_description/share/dogzilla_description/package.zsh'
[2.007s] Level 1:colcon.colcon_core.environment:create_file_with_runtime_dependencies(/home/dwduong74/yahboom_src/install/dogzilla_description/share/colcon-core/packages/dogzilla_description)
[2.008s] Level 1:colcon.colcon_core.environment:create_environment_scripts_only(dogzilla_description)
[2.009s] Level 1:colcon.colcon_core.environment:checking '/home/dwduong74/yahboom_src/install/dogzilla_description' for CMake module files
[2.014s] Level 1:colcon.colcon_core.environment:checking '/home/dwduong74/yahboom_src/install/dogzilla_description' for CMake config files
[2.015s] Level 1:colcon.colcon_core.shell:create_environment_hook('dogzilla_description', 'cmake_prefix_path')
[2.015s] INFO:colcon.colcon_core.shell:Creating environment hook '/home/dwduong74/yahboom_src/install/dogzilla_description/share/dogzilla_description/hook/cmake_prefix_path.ps1'
[2.016s] INFO:colcon.colcon_core.shell:Creating environment descriptor '/home/dwduong74/yahboom_src/install/dogzilla_description/share/dogzilla_description/hook/cmake_prefix_path.dsv'
[2.020s] INFO:colcon.colcon_core.shell:Creating environment hook '/home/dwduong74/yahboom_src/install/dogzilla_description/share/dogzilla_description/hook/cmake_prefix_path.sh'
[2.021s] Level 1:colcon.colcon_core.environment:checking '/home/dwduong74/yahboom_src/install/dogzilla_description/bin'
[2.021s] Level 1:colcon.colcon_core.environment:checking '/home/dwduong74/yahboom_src/install/dogzilla_description/lib/pkgconfig/dogzilla_description.pc'
[2.021s] Level 1:colcon.colcon_core.environment:checking '/home/dwduong74/yahboom_src/install/dogzilla_description/lib/python3.10/site-packages'
[2.022s] Level 1:colcon.colcon_core.environment:checking '/home/dwduong74/yahboom_src/install/dogzilla_description/bin'
[2.023s] INFO:colcon.colcon_core.shell:Creating package script '/home/dwduong74/yahboom_src/install/dogzilla_description/share/dogzilla_description/package.ps1'
[2.025s] INFO:colcon.colcon_core.shell:Creating package descriptor '/home/dwduong74/yahboom_src/install/dogzilla_description/share/dogzilla_description/package.dsv'
[2.026s] INFO:colcon.colcon_core.shell:Creating package script '/home/dwduong74/yahboom_src/install/dogzilla_description/share/dogzilla_description/package.sh'
[2.027s] INFO:colcon.colcon_core.shell:Creating package script '/home/dwduong74/yahboom_src/install/dogzilla_description/share/dogzilla_description/package.bash'
[2.027s] INFO:colcon.colcon_core.shell:Creating package script '/home/dwduong74/yahboom_src/install/dogzilla_description/share/dogzilla_description/package.zsh'
[2.028s] Level 1:colcon.colcon_core.environment:create_file_with_runtime_dependencies(/home/dwduong74/yahboom_src/install/dogzilla_description/share/colcon-core/packages/dogzilla_description)
[2.034s] DEBUG:colcon.colcon_core.event_handler.log_command:Invoked command in '/home/dwduong74/yahboom_src/build/velodyne_description' returned '0': CMAKE_PREFIX_PATH=/home/dwduong74/yahboom_src/install/velodyne_gazebo_plugins:/home/dwduong74/yahboom_src/install/yahboom_msgs:/home/dwduong74/yahboom_src/install/velodyne_simulator:/home/dwduong74/yahboom_src/install/velodyne_description:/home/dwduong74/yahboom_src/install/champ_bringup:/home/dwduong74/yahboom_src/install/champ_description:/home/dwduong74/yahboom_src/install/oradar_lidar:/home/dwduong74/yahboom_src/install/image_color_lab:/home/dwduong74/yahboom_src/install/go2_description:/home/dwduong74/yahboom_src/install/go2_config:/home/dwduong74/yahboom_src/install/dogzilla_description:/home/dwduong74/yahboom_src/install/dogzilla_config:/home/dwduong74/yahboom_src/install/champ_teleop:/home/dwduong74/yahboom_src/install/champ_navigation:/home/dwduong74/yahboom_src/install/champ_gazebo:/home/dwduong74/yahboom_src/install/champ_base:/home/dwduong74/yahboom_src/install/champ_msgs:/home/dwduong74/yahboom_src/install/champ_config:/home/dwduong74/yahboom_src/install/champ:/home/dwduong74/LUMI_ws/install/turtlebot3_manipulation_gazebo:/home/dwduong74/LUMI_ws/install/champ:/home/dwduong74/LUMI_ws/install/rf2o_laser_odometry:/home/dwduong74/yahboom_src/install/yahboom_set_height:/home/dwduong74/yahboom_src/install/yahboom_mediapipe:/home/dwduong74/yahboom_src/install/yahboom_gait:/home/dwduong74/yahboom_src/install/yahboom_dog_joint_state:/home/dwduong74/yahboom_src/install/yahboom_description:/home/dwduong74/yahboom_src/install/yahboom_bringup:/home/dwduong74/yahboom_src/install/yahboom_base:/home/dwduong74/yahboom_src/install/yahboom_app_save_map:/home/dwduong74/yahboom_src/install/tf_publisher:/home/dwduong74/yahboom_src/install/bringup:/home/dwduong74/LUMI_ws/install/custom_explorer:/opt/ros/humble LD_LIBRARY_PATH=/home/dwduong74/yahboom_src/install/velodyne_gazebo_plugins/lib:/home/dwduong74/yahboom_src/install/yahboom_msgs/lib:/home/dwduong74/yahboom_src/install/image_color_lab/lib:/home/dwduong74/yahboom_src/install/champ_base/lib:/home/dwduong74/yahboom_src/install/champ_msgs/lib:/usr/lib/x86_64-linux-gnu/gazebo-11/plugins:/opt/ros/humble/opt/rviz_ogre_vendor/lib:/opt/ros/humble/lib/x86_64-linux-gnu:/opt/ros/humble/lib /usr/bin/cmake --build /home/dwduong74/yahboom_src/build/velodyne_description -- -j8 -l8
[2.035s] INFO:colcon.colcon_ros.task.ament_cmake.build:Building ROS package in '/home/dwduong74/yahboom_src/src/oradar_lidar' with build type 'ament_cmake'
[2.035s] INFO:colcon.colcon_cmake.task.cmake.build:Building CMake package in '/home/dwduong74/yahboom_src/src/oradar_lidar'
[2.036s] INFO:colcon.colcon_core.shell:Skip shell extension 'powershell' for command environment: Not usable outside of PowerShell
[2.036s] DEBUG:colcon.colcon_core.shell:Skip shell extension 'dsv' for command environment
[2.036s] DEBUG:colcon.colcon_core.event_handler.log_command:Invoking command in '/home/dwduong74/yahboom_src/build/velodyne_description': CMAKE_PREFIX_PATH=/home/dwduong74/yahboom_src/install/velodyne_gazebo_plugins:/home/dwduong74/yahboom_src/install/yahboom_msgs:/home/dwduong74/yahboom_src/install/velodyne_simulator:/home/dwduong74/yahboom_src/install/velodyne_description:/home/dwduong74/yahboom_src/install/champ_bringup:/home/dwduong74/yahboom_src/install/champ_description:/home/dwduong74/yahboom_src/install/oradar_lidar:/home/dwduong74/yahboom_src/install/image_color_lab:/home/dwduong74/yahboom_src/install/go2_description:/home/dwduong74/yahboom_src/install/go2_config:/home/dwduong74/yahboom_src/install/dogzilla_description:/home/dwduong74/yahboom_src/install/dogzilla_config:/home/dwduong74/yahboom_src/install/champ_teleop:/home/dwduong74/yahboom_src/install/champ_navigation:/home/dwduong74/yahboom_src/install/champ_gazebo:/home/dwduong74/yahboom_src/install/champ_base:/home/dwduong74/yahboom_src/install/champ_msgs:/home/dwduong74/yahboom_src/install/champ_config:/home/dwduong74/yahboom_src/install/champ:/home/dwduong74/LUMI_ws/install/turtlebot3_manipulation_gazebo:/home/dwduong74/LUMI_ws/install/champ:/home/dwduong74/LUMI_ws/install/rf2o_laser_odometry:/home/dwduong74/yahboom_src/install/yahboom_set_height:/home/dwduong74/yahboom_src/install/yahboom_mediapipe:/home/dwduong74/yahboom_src/install/yahboom_gait:/home/dwduong74/yahboom_src/install/yahboom_dog_joint_state:/home/dwduong74/yahboom_src/install/yahboom_description:/home/dwduong74/yahboom_src/install/yahboom_bringup:/home/dwduong74/yahboom_src/install/yahboom_base:/home/dwduong74/yahboom_src/install/yahboom_app_save_map:/home/dwduong74/yahboom_src/install/tf_publisher:/home/dwduong74/yahboom_src/install/bringup:/home/dwduong74/LUMI_ws/install/custom_explorer:/opt/ros/humble LD_LIBRARY_PATH=/home/dwduong74/yahboom_src/install/velodyne_gazebo_plugins/lib:/home/dwduong74/yahboom_src/install/yahboom_msgs/lib:/home/dwduong74/yahboom_src/install/image_color_lab/lib:/home/dwduong74/yahboom_src/install/champ_base/lib:/home/dwduong74/yahboom_src/install/champ_msgs/lib:/usr/lib/x86_64-linux-gnu/gazebo-11/plugins:/opt/ros/humble/opt/rviz_ogre_vendor/lib:/opt/ros/humble/lib/x86_64-linux-gnu:/opt/ros/humble/lib /usr/bin/cmake --install /home/dwduong74/yahboom_src/build/velodyne_description
[2.065s] Level 1:colcon.colcon_core.environment:create_environment_scripts_only(champ_description)
[2.066s] Level 1:colcon.colcon_core.environment:checking '/home/dwduong74/yahboom_src/install/champ_description' for CMake module files
[2.067s] Level 1:colcon.colcon_core.environment:checking '/home/dwduong74/yahboom_src/install/champ_description' for CMake config files
[2.068s] Level 1:colcon.colcon_core.shell:create_environment_hook('champ_description', 'cmake_prefix_path')
[2.068s] INFO:colcon.colcon_core.shell:Creating environment hook '/home/dwduong74/yahboom_src/install/champ_description/share/champ_description/hook/cmake_prefix_path.ps1'
[2.069s] INFO:colcon.colcon_core.shell:Creating environment descriptor '/home/dwduong74/yahboom_src/install/champ_description/share/champ_description/hook/cmake_prefix_path.dsv'
[2.071s] INFO:colcon.colcon_core.shell:Creating environment hook '/home/dwduong74/yahboom_src/install/champ_description/share/champ_description/hook/cmake_prefix_path.sh'
[2.070s] DEBUG:colcon.colcon_core.event_handler.log_command:Invoking command in '/home/dwduong74/yahboom_src/build/champ_base': CMAKE_PREFIX_PATH=/home/dwduong74/yahboom_src/install/champ_msgs:/home/dwduong74/yahboom_src/install/champ:/home/dwduong74/yahboom_src/install/yahboom_msgs:/home/dwduong74/yahboom_src/install/velodyne_simulator:/home/dwduong74/yahboom_src/install/velodyne_description:/home/dwduong74/yahboom_src/install/champ_bringup:/home/dwduong74/yahboom_src/install/champ_description:/home/dwduong74/yahboom_src/install/velodyne_gazebo_plugins:/home/dwduong74/yahboom_src/install/oradar_lidar:/home/dwduong74/yahboom_src/install/image_color_lab:/home/dwduong74/yahboom_src/install/go2_description:/home/dwduong74/yahboom_src/install/go2_config:/home/dwduong74/yahboom_src/install/dogzilla_description:/home/dwduong74/yahboom_src/install/dogzilla_config:/home/dwduong74/yahboom_src/install/champ_teleop:/home/dwduong74/yahboom_src/install/champ_navigation:/home/dwduong74/yahboom_src/install/champ_gazebo:/home/dwduong74/yahboom_src/install/champ_base:/home/dwduong74/yahboom_src/install/champ_config:/home/dwduong74/LUMI_ws/install/turtlebot3_manipulation_gazebo:/home/dwduong74/LUMI_ws/install/champ:/home/dwduong74/LUMI_ws/install/rf2o_laser_odometry:/home/dwduong74/yahboom_src/install/yahboom_set_height:/home/dwduong74/yahboom_src/install/yahboom_mediapipe:/home/dwduong74/yahboom_src/install/yahboom_gait:/home/dwduong74/yahboom_src/install/yahboom_dog_joint_state:/home/dwduong74/yahboom_src/install/yahboom_description:/home/dwduong74/yahboom_src/install/yahboom_bringup:/home/dwduong74/yahboom_src/install/yahboom_base:/home/dwduong74/yahboom_src/install/yahboom_app_save_map:/home/dwduong74/yahboom_src/install/tf_publisher:/home/dwduong74/yahboom_src/install/bringup:/home/dwduong74/LUMI_ws/install/custom_explorer:/opt/ros/humble LD_LIBRARY_PATH=/home/dwduong74/yahboom_src/install/champ_msgs/lib:/home/dwduong74/yahboom_src/install/yahboom_msgs/lib:/home/dwduong74/yahboom_src/install/velodyne_gazebo_plugins/lib:/home/dwduong74/yahboom_src/install/image_color_lab/lib:/home/dwduong74/yahboom_src/install/champ_base/lib:/usr/lib/x86_64-linux-gnu/gazebo-11/plugins:/opt/ros/humble/opt/rviz_ogre_vendor/lib:/opt/ros/humble/lib/x86_64-linux-gnu:/opt/ros/humble/lib /usr/bin/cmake --build /home/dwduong74/yahboom_src/build/champ_base -- -j8 -l8
[2.073s] DEBUG:colcon.colcon_core.event_handler.log_command:Invoked command in '/home/dwduong74/yahboom_src/build/champ_description' returned '0': CMAKE_PREFIX_PATH=/home/dwduong74/yahboom_src/install/velodyne_gazebo_plugins:/home/dwduong74/yahboom_src/install/yahboom_msgs:/home/dwduong74/yahboom_src/install/velodyne_simulator:/home/dwduong74/yahboom_src/install/velodyne_description:/home/dwduong74/yahboom_src/install/champ_bringup:/home/dwduong74/yahboom_src/install/champ_description:/home/dwduong74/yahboom_src/install/oradar_lidar:/home/dwduong74/yahboom_src/install/image_color_lab:/home/dwduong74/yahboom_src/install/go2_description:/home/dwduong74/yahboom_src/install/go2_config:/home/dwduong74/yahboom_src/install/dogzilla_description:/home/dwduong74/yahboom_src/install/dogzilla_config:/home/dwduong74/yahboom_src/install/champ_teleop:/home/dwduong74/yahboom_src/install/champ_navigation:/home/dwduong74/yahboom_src/install/champ_gazebo:/home/dwduong74/yahboom_src/install/champ_base:/home/dwduong74/yahboom_src/install/champ_msgs:/home/dwduong74/yahboom_src/install/champ_config:/home/dwduong74/yahboom_src/install/champ:/home/dwduong74/LUMI_ws/install/turtlebot3_manipulation_gazebo:/home/dwduong74/LUMI_ws/install/champ:/home/dwduong74/LUMI_ws/install/rf2o_laser_odometry:/home/dwduong74/yahboom_src/install/yahboom_set_height:/home/dwduong74/yahboom_src/install/yahboom_mediapipe:/home/dwduong74/yahboom_src/install/yahboom_gait:/home/dwduong74/yahboom_src/install/yahboom_dog_joint_state:/home/dwduong74/yahboom_src/install/yahboom_description:/home/dwduong74/yahboom_src/install/yahboom_bringup:/home/dwduong74/yahboom_src/install/yahboom_base:/home/dwduong74/yahboom_src/install/yahboom_app_save_map:/home/dwduong74/yahboom_src/install/tf_publisher:/home/dwduong74/yahboom_src/install/bringup:/home/dwduong74/LUMI_ws/install/custom_explorer:/opt/ros/humble LD_LIBRARY_PATH=/home/dwduong74/yahboom_src/install/velodyne_gazebo_plugins/lib:/home/dwduong74/yahboom_src/install/yahboom_msgs/lib:/home/dwduong74/yahboom_src/install/image_color_lab/lib:/home/dwduong74/yahboom_src/install/champ_base/lib:/home/dwduong74/yahboom_src/install/champ_msgs/lib:/usr/lib/x86_64-linux-gnu/gazebo-11/plugins:/opt/ros/humble/opt/rviz_ogre_vendor/lib:/opt/ros/humble/lib/x86_64-linux-gnu:/opt/ros/humble/lib /usr/bin/cmake --install /home/dwduong74/yahboom_src/build/champ_description
[2.073s] Level 1:colcon.colcon_core.environment:checking '/home/dwduong74/yahboom_src/install/champ_description/bin'
[2.073s] Level 1:colcon.colcon_core.environment:checking '/home/dwduong74/yahboom_src/install/champ_description/lib/pkgconfig/champ_description.pc'
[2.074s] Level 1:colcon.colcon_core.environment:checking '/home/dwduong74/yahboom_src/install/champ_description/lib/python3.10/site-packages'
[2.075s] Level 1:colcon.colcon_core.environment:checking '/home/dwduong74/yahboom_src/install/champ_description/bin'
[2.076s] INFO:colcon.colcon_core.shell:Creating package script '/home/dwduong74/yahboom_src/install/champ_description/share/champ_description/package.ps1'
[2.076s] INFO:colcon.colcon_core.shell:Creating package descriptor '/home/dwduong74/yahboom_src/install/champ_description/share/champ_description/package.dsv'
[2.078s] INFO:colcon.colcon_core.shell:Creating package script '/home/dwduong74/yahboom_src/install/champ_description/share/champ_description/package.sh'
[2.079s] INFO:colcon.colcon_core.shell:Creating package script '/home/dwduong74/yahboom_src/install/champ_description/share/champ_description/package.bash'
[2.079s] INFO:colcon.colcon_core.shell:Creating package script '/home/dwduong74/yahboom_src/install/champ_description/share/champ_description/package.zsh'
[2.080s] Level 1:colcon.colcon_core.environment:create_file_with_runtime_dependencies(/home/dwduong74/yahboom_src/install/champ_description/share/colcon-core/packages/champ_description)
[2.082s] Level 1:colcon.colcon_core.environment:create_environment_scripts_only(champ_description)
[2.082s] Level 1:colcon.colcon_core.environment:checking '/home/dwduong74/yahboom_src/install/champ_description' for CMake module files
[2.084s] Level 1:colcon.colcon_core.environment:checking '/home/dwduong74/yahboom_src/install/champ_description' for CMake config files
[2.084s] Level 1:colcon.colcon_core.shell:create_environment_hook('champ_description', 'cmake_prefix_path')
[2.085s] INFO:colcon.colcon_core.shell:Creating environment hook '/home/dwduong74/yahboom_src/install/champ_description/share/champ_description/hook/cmake_prefix_path.ps1'
[2.086s] INFO:colcon.colcon_core.shell:Creating environment descriptor '/home/dwduong74/yahboom_src/install/champ_description/share/champ_description/hook/cmake_prefix_path.dsv'
[2.087s] INFO:colcon.colcon_core.shell:Creating environment hook '/home/dwduong74/yahboom_src/install/champ_description/share/champ_description/hook/cmake_prefix_path.sh'
[2.088s] Level 1:colcon.colcon_core.environment:checking '/home/dwduong74/yahboom_src/install/champ_description/bin'
[2.089s] Level 1:colcon.colcon_core.environment:checking '/home/dwduong74/yahboom_src/install/champ_description/lib/pkgconfig/champ_description.pc'
[2.089s] Level 1:colcon.colcon_core.environment:checking '/home/dwduong74/yahboom_src/install/champ_description/lib/python3.10/site-packages'
[2.090s] Level 1:colcon.colcon_core.environment:checking '/home/dwduong74/yahboom_src/install/champ_description/bin'
[2.091s] INFO:colcon.colcon_core.shell:Creating package script '/home/dwduong74/yahboom_src/install/champ_description/share/champ_description/package.ps1'
[2.091s] INFO:colcon.colcon_core.shell:Creating package descriptor '/home/dwduong74/yahboom_src/install/champ_description/share/champ_description/package.dsv'
[2.092s] INFO:colcon.colcon_core.shell:Creating package script '/home/dwduong74/yahboom_src/install/champ_description/share/champ_description/package.sh'
[2.094s] INFO:colcon.colcon_core.shell:Creating package script '/home/dwduong74/yahboom_src/install/champ_description/share/champ_description/package.bash'
[2.095s] INFO:colcon.colcon_core.shell:Creating package script '/home/dwduong74/yahboom_src/install/champ_description/share/champ_description/package.zsh'
[2.096s] Level 1:colcon.colcon_core.environment:create_file_with_runtime_dependencies(/home/dwduong74/yahboom_src/install/champ_description/share/colcon-core/packages/champ_description)
[2.099s] DEBUG:colcon.colcon_core.event_handler.log_command:Invoked command in '/home/dwduong74/yahboom_src/build/go2_config' returned '0': CMAKE_PREFIX_PATH=${CMAKE_PREFIX_PATH}:/home/dwduong74/yahboom_src/install/yahboom_set_height:/home/dwduong74/yahboom_src/install/yahboom_mediapipe:/home/dwduong74/yahboom_src/install/yahboom_gait:/home/dwduong74/yahboom_src/install/yahboom_dog_joint_state:/home/dwduong74/yahboom_src/install/yahboom_description:/home/dwduong74/yahboom_src/install/yahboom_bringup:/home/dwduong74/yahboom_src/install/yahboom_base:/home/dwduong74/yahboom_src/install/yahboom_app_save_map:/home/dwduong74/yahboom_src/install/tf_publisher:/home/dwduong74/yahboom_src/install/bringup:/home/dwduong74/LUMI_ws/install/custom_explorer:/opt/ros/humble /usr/bin/cmake --build /home/dwduong74/yahboom_src/build/go2_config -- -j8 -l8
[2.100s] DEBUG:colcon.colcon_core.event_handler.log_command:Invoking command in '/home/dwduong74/yahboom_src/build/go2_config': CMAKE_PREFIX_PATH=${CMAKE_PREFIX_PATH}:/home/dwduong74/yahboom_src/install/yahboom_set_height:/home/dwduong74/yahboom_src/install/yahboom_mediapipe:/home/dwduong74/yahboom_src/install/yahboom_gait:/home/dwduong74/yahboom_src/install/yahboom_dog_joint_state:/home/dwduong74/yahboom_src/install/yahboom_description:/home/dwduong74/yahboom_src/install/yahboom_bringup:/home/dwduong74/yahboom_src/install/yahboom_base:/home/dwduong74/yahboom_src/install/yahboom_app_save_map:/home/dwduong74/yahboom_src/install/tf_publisher:/home/dwduong74/yahboom_src/install/bringup:/home/dwduong74/LUMI_ws/install/custom_explorer:/opt/ros/humble /usr/bin/cmake --install /home/dwduong74/yahboom_src/build/go2_config
[2.105s] INFO:colcon.colcon_ros.task.ament_python.build:Building ROS package in '/home/dwduong74/yahboom_src/src/tf_publisher' with build type 'ament_python'
[2.105s] Level 1:colcon.colcon_core.shell:create_environment_hook('tf_publisher', 'ament_prefix_path')
[2.105s] INFO:colcon.colcon_core.shell:Creating environment hook '/home/dwduong74/yahboom_src/install/tf_publisher/share/tf_publisher/hook/ament_prefix_path.ps1'
[2.106s] INFO:colcon.colcon_core.shell:Creating environment descriptor '/home/dwduong74/yahboom_src/install/tf_publisher/share/tf_publisher/hook/ament_prefix_path.dsv'
[2.107s] INFO:colcon.colcon_core.shell:Creating environment hook '/home/dwduong74/yahboom_src/install/tf_publisher/share/tf_publisher/hook/ament_prefix_path.sh'
[2.107s] INFO:colcon.colcon_core.shell:Skip shell extension 'powershell' for command environment: Not usable outside of PowerShell
[2.108s] DEBUG:colcon.colcon_core.shell:Skip shell extension 'dsv' for command environment
[2.156s] DEBUG:colcon.colcon_core.event_handler.log_command:Invoking command in '/home/dwduong74/yahboom_src/build/oradar_lidar': CMAKE_PREFIX_PATH=${CMAKE_PREFIX_PATH}:/home/dwduong74/yahboom_src/install/yahboom_set_height:/home/dwduong74/yahboom_src/install/yahboom_mediapipe:/home/dwduong74/yahboom_src/install/yahboom_gait:/home/dwduong74/yahboom_src/install/yahboom_dog_joint_state:/home/dwduong74/yahboom_src/install/yahboom_description:/home/dwduong74/yahboom_src/install/yahboom_bringup:/home/dwduong74/yahboom_src/install/yahboom_base:/home/dwduong74/yahboom_src/install/yahboom_app_save_map:/home/dwduong74/yahboom_src/install/tf_publisher:/home/dwduong74/yahboom_src/install/bringup:/home/dwduong74/LUMI_ws/install/custom_explorer:/opt/ros/humble /usr/bin/cmake --build /home/dwduong74/yahboom_src/build/oradar_lidar -- -j8 -l8
[2.158s] Level 1:colcon.colcon_core.environment:create_environment_scripts_only(velodyne_description)
[2.159s] Level 1:colcon.colcon_core.environment:checking '/home/dwduong74/yahboom_src/install/velodyne_description' for CMake module files
[2.169s] Level 1:colcon.colcon_core.environment:checking '/home/dwduong74/yahboom_src/install/velodyne_description' for CMake config files
[2.170s] Level 1:colcon.colcon_core.shell:create_environment_hook('velodyne_description', 'cmake_prefix_path')
[2.171s] INFO:colcon.colcon_core.shell:Creating environment hook '/home/dwduong74/yahboom_src/install/velodyne_description/share/velodyne_description/hook/cmake_prefix_path.ps1'
[2.172s] INFO:colcon.colcon_core.shell:Creating environment descriptor '/home/dwduong74/yahboom_src/install/velodyne_description/share/velodyne_description/hook/cmake_prefix_path.dsv'
[2.173s] DEBUG:colcon.colcon_core.event_handler.log_command:Invoked command in '/home/dwduong74/yahboom_src/build/velodyne_description' returned '0': CMAKE_PREFIX_PATH=/home/dwduong74/yahboom_src/install/velodyne_gazebo_plugins:/home/dwduong74/yahboom_src/install/yahboom_msgs:/home/dwduong74/yahboom_src/install/velodyne_simulator:/home/dwduong74/yahboom_src/install/velodyne_description:/home/dwduong74/yahboom_src/install/champ_bringup:/home/dwduong74/yahboom_src/install/champ_description:/home/dwduong74/yahboom_src/install/oradar_lidar:/home/dwduong74/yahboom_src/install/image_color_lab:/home/dwduong74/yahboom_src/install/go2_description:/home/dwduong74/yahboom_src/install/go2_config:/home/dwduong74/yahboom_src/install/dogzilla_description:/home/dwduong74/yahboom_src/install/dogzilla_config:/home/dwduong74/yahboom_src/install/champ_teleop:/home/dwduong74/yahboom_src/install/champ_navigation:/home/dwduong74/yahboom_src/install/champ_gazebo:/home/dwduong74/yahboom_src/install/champ_base:/home/dwduong74/yahboom_src/install/champ_msgs:/home/dwduong74/yahboom_src/install/champ_config:/home/dwduong74/yahboom_src/install/champ:/home/dwduong74/LUMI_ws/install/turtlebot3_manipulation_gazebo:/home/dwduong74/LUMI_ws/install/champ:/home/dwduong74/LUMI_ws/install/rf2o_laser_odometry:/home/dwduong74/yahboom_src/install/yahboom_set_height:/home/dwduong74/yahboom_src/install/yahboom_mediapipe:/home/dwduong74/yahboom_src/install/yahboom_gait:/home/dwduong74/yahboom_src/install/yahboom_dog_joint_state:/home/dwduong74/yahboom_src/install/yahboom_description:/home/dwduong74/yahboom_src/install/yahboom_bringup:/home/dwduong74/yahboom_src/install/yahboom_base:/home/dwduong74/yahboom_src/install/yahboom_app_save_map:/home/dwduong74/yahboom_src/install/tf_publisher:/home/dwduong74/yahboom_src/install/bringup:/home/dwduong74/LUMI_ws/install/custom_explorer:/opt/ros/humble LD_LIBRARY_PATH=/home/dwduong74/yahboom_src/install/velodyne_gazebo_plugins/lib:/home/dwduong74/yahboom_src/install/yahboom_msgs/lib:/home/dwduong74/yahboom_src/install/image_color_lab/lib:/home/dwduong74/yahboom_src/install/champ_base/lib:/home/dwduong74/yahboom_src/install/champ_msgs/lib:/usr/lib/x86_64-linux-gnu/gazebo-11/plugins:/opt/ros/humble/opt/rviz_ogre_vendor/lib:/opt/ros/humble/lib/x86_64-linux-gnu:/opt/ros/humble/lib /usr/bin/cmake --install /home/dwduong74/yahboom_src/build/velodyne_description
[2.182s] INFO:colcon.colcon_core.shell:Creating environment hook '/home/dwduong74/yahboom_src/install/velodyne_description/share/velodyne_description/hook/cmake_prefix_path.sh'
[2.183s] Level 1:colcon.colcon_core.environment:checking '/home/dwduong74/yahboom_src/install/velodyne_description/bin'
[2.183s] Level 1:colcon.colcon_core.environment:checking '/home/dwduong74/yahboom_src/install/velodyne_description/lib/pkgconfig/velodyne_description.pc'
[2.184s] Level 1:colcon.colcon_core.environment:checking '/home/dwduong74/yahboom_src/install/velodyne_description/lib/python3.10/site-packages'
[2.193s] Level 1:colcon.colcon_core.environment:checking '/home/dwduong74/yahboom_src/install/velodyne_description/bin'
[2.194s] INFO:colcon.colcon_core.shell:Creating package script '/home/dwduong74/yahboom_src/install/velodyne_description/share/velodyne_description/package.ps1'
[2.195s] INFO:colcon.colcon_core.shell:Creating package descriptor '/home/dwduong74/yahboom_src/install/velodyne_description/share/velodyne_description/package.dsv'
[2.196s] INFO:colcon.colcon_core.shell:Creating package script '/home/dwduong74/yahboom_src/install/velodyne_description/share/velodyne_description/package.sh'
[2.197s] INFO:colcon.colcon_core.shell:Creating package script '/home/dwduong74/yahboom_src/install/velodyne_description/share/velodyne_description/package.bash'
[2.197s] INFO:colcon.colcon_core.shell:Creating package script '/home/dwduong74/yahboom_src/install/velodyne_description/share/velodyne_description/package.zsh'
[2.198s] Level 1:colcon.colcon_core.environment:create_file_with_runtime_dependencies(/home/dwduong74/yahboom_src/install/velodyne_description/share/colcon-core/packages/velodyne_description)
[2.199s] Level 1:colcon.colcon_core.environment:create_environment_scripts_only(velodyne_description)
[2.200s] Level 1:colcon.colcon_core.environment:checking '/home/dwduong74/yahboom_src/install/velodyne_description' for CMake module files
[2.201s] Level 1:colcon.colcon_core.environment:checking '/home/dwduong74/yahboom_src/install/velodyne_description' for CMake config files
[2.201s] Level 1:colcon.colcon_core.shell:create_environment_hook('velodyne_description', 'cmake_prefix_path')
[2.202s] INFO:colcon.colcon_core.shell:Creating environment hook '/home/dwduong74/yahboom_src/install/velodyne_description/share/velodyne_description/hook/cmake_prefix_path.ps1'
[2.202s] INFO:colcon.colcon_core.shell:Creating environment descriptor '/home/dwduong74/yahboom_src/install/velodyne_description/share/velodyne_description/hook/cmake_prefix_path.dsv'
[2.203s] INFO:colcon.colcon_core.shell:Creating environment hook '/home/dwduong74/yahboom_src/install/velodyne_description/share/velodyne_description/hook/cmake_prefix_path.sh'
[2.204s] Level 1:colcon.colcon_core.environment:checking '/home/dwduong74/yahboom_src/install/velodyne_description/bin'
[2.204s] Level 1:colcon.colcon_core.environment:checking '/home/dwduong74/yahboom_src/install/velodyne_description/lib/pkgconfig/velodyne_description.pc'
[2.204s] Level 1:colcon.colcon_core.environment:checking '/home/dwduong74/yahboom_src/install/velodyne_description/lib/python3.10/site-packages'
[2.205s] Level 1:colcon.colcon_core.environment:checking '/home/dwduong74/yahboom_src/install/velodyne_description/bin'
[2.206s] INFO:colcon.colcon_core.shell:Creating package script '/home/dwduong74/yahboom_src/install/velodyne_description/share/velodyne_description/package.ps1'
[2.207s] INFO:colcon.colcon_core.shell:Creating package descriptor '/home/dwduong74/yahboom_src/install/velodyne_description/share/velodyne_description/package.dsv'
[2.208s] INFO:colcon.colcon_core.shell:Creating package script '/home/dwduong74/yahboom_src/install/velodyne_description/share/velodyne_description/package.sh'
[2.209s] INFO:colcon.colcon_core.shell:Creating package script '/home/dwduong74/yahboom_src/install/velodyne_description/share/velodyne_description/package.bash'
[2.210s] INFO:colcon.colcon_core.shell:Creating package script '/home/dwduong74/yahboom_src/install/velodyne_description/share/velodyne_description/package.zsh'
[2.210s] Level 1:colcon.colcon_core.environment:create_file_with_runtime_dependencies(/home/dwduong74/yahboom_src/install/velodyne_description/share/colcon-core/packages/velodyne_description)
[2.212s] DEBUG:colcon.colcon_core.event_handler.log_command:Invoked command in '/home/dwduong74/yahboom_src/build/go2_description' returned '0': CMAKE_PREFIX_PATH=${CMAKE_PREFIX_PATH}:/home/dwduong74/yahboom_src/install/yahboom_set_height:/home/dwduong74/yahboom_src/install/yahboom_mediapipe:/home/dwduong74/yahboom_src/install/yahboom_gait:/home/dwduong74/yahboom_src/install/yahboom_dog_joint_state:/home/dwduong74/yahboom_src/install/yahboom_description:/home/dwduong74/yahboom_src/install/yahboom_bringup:/home/dwduong74/yahboom_src/install/yahboom_base:/home/dwduong74/yahboom_src/install/yahboom_app_save_map:/home/dwduong74/yahboom_src/install/tf_publisher:/home/dwduong74/yahboom_src/install/bringup:/home/dwduong74/LUMI_ws/install/custom_explorer:/opt/ros/humble /usr/bin/cmake --build /home/dwduong74/yahboom_src/build/go2_description -- -j8 -l8
[2.218s] DEBUG:colcon.colcon_core.event_handler.log_command:Invoking command in '/home/dwduong74/yahboom_src/build/go2_description': CMAKE_PREFIX_PATH=${CMAKE_PREFIX_PATH}:/home/dwduong74/yahboom_src/install/yahboom_set_height:/home/dwduong74/yahboom_src/install/yahboom_mediapipe:/home/dwduong74/yahboom_src/install/yahboom_gait:/home/dwduong74/yahboom_src/install/yahboom_dog_joint_state:/home/dwduong74/yahboom_src/install/yahboom_description:/home/dwduong74/yahboom_src/install/yahboom_bringup:/home/dwduong74/yahboom_src/install/yahboom_base:/home/dwduong74/yahboom_src/install/yahboom_app_save_map:/home/dwduong74/yahboom_src/install/tf_publisher:/home/dwduong74/yahboom_src/install/bringup:/home/dwduong74/LUMI_ws/install/custom_explorer:/opt/ros/humble /usr/bin/cmake --install /home/dwduong74/yahboom_src/build/go2_description
[2.220s] INFO:colcon.colcon_ros.task.ament_python.build:Building ROS package in '/home/dwduong74/yahboom_src/src/yahboom_app_save_map' with build type 'ament_python'
[2.221s] Level 1:colcon.colcon_core.shell:create_environment_hook('yahboom_app_save_map', 'ament_prefix_path')
[2.221s] INFO:colcon.colcon_core.shell:Creating environment hook '/home/dwduong74/yahboom_src/install/yahboom_app_save_map/share/yahboom_app_save_map/hook/ament_prefix_path.ps1'
[2.222s] INFO:colcon.colcon_core.shell:Creating environment descriptor '/home/dwduong74/yahboom_src/install/yahboom_app_save_map/share/yahboom_app_save_map/hook/ament_prefix_path.dsv'
[2.223s] INFO:colcon.colcon_core.shell:Creating environment hook '/home/dwduong74/yahboom_src/install/yahboom_app_save_map/share/yahboom_app_save_map/hook/ament_prefix_path.sh'
[2.229s] INFO:colcon.colcon_core.shell:Skip shell extension 'powershell' for command environment: Not usable outside of PowerShell
[2.230s] DEBUG:colcon.colcon_core.shell:Skip shell extension 'dsv' for command environment
[3.099s] INFO:colcon.colcon_core.task.python.build:Building Python package in '/home/dwduong74/yahboom_src/src/tf_publisher'
[3.100s] INFO:colcon.colcon_core.shell:Skip shell extension 'powershell' for command environment: Not usable outside of PowerShell
[3.100s] DEBUG:colcon.colcon_core.shell:Skip shell extension 'dsv' for command environment
[3.108s] Level 1:colcon.colcon_core.environment:create_environment_scripts_only(go2_description)
[3.108s] Level 1:colcon.colcon_core.environment:checking '/home/dwduong74/yahboom_src/install/go2_description' for CMake module files
[3.109s] DEBUG:colcon.colcon_core.event_handler.log_command:Invoked command in '/home/dwduong74/yahboom_src/build/go2_description' returned '0': CMAKE_PREFIX_PATH=${CMAKE_PREFIX_PATH}:/home/dwduong74/yahboom_src/install/yahboom_set_height:/home/dwduong74/yahboom_src/install/yahboom_mediapipe:/home/dwduong74/yahboom_src/install/yahboom_gait:/home/dwduong74/yahboom_src/install/yahboom_dog_joint_state:/home/dwduong74/yahboom_src/install/yahboom_description:/home/dwduong74/yahboom_src/install/yahboom_bringup:/home/dwduong74/yahboom_src/install/yahboom_base:/home/dwduong74/yahboom_src/install/yahboom_app_save_map:/home/dwduong74/yahboom_src/install/tf_publisher:/home/dwduong74/yahboom_src/install/bringup:/home/dwduong74/LUMI_ws/install/custom_explorer:/opt/ros/humble /usr/bin/cmake --install /home/dwduong74/yahboom_src/build/go2_description
[3.110s] Level 1:colcon.colcon_core.environment:checking '/home/dwduong74/yahboom_src/install/go2_description' for CMake config files
[3.110s] Level 1:colcon.colcon_core.shell:create_environment_hook('go2_description', 'cmake_prefix_path')
[3.110s] INFO:colcon.colcon_core.shell:Creating environment hook '/home/dwduong74/yahboom_src/install/go2_description/share/go2_description/hook/cmake_prefix_path.ps1'
[3.111s] INFO:colcon.colcon_core.shell:Creating environment descriptor '/home/dwduong74/yahboom_src/install/go2_description/share/go2_description/hook/cmake_prefix_path.dsv'
[3.112s] INFO:colcon.colcon_core.shell:Creating environment hook '/home/dwduong74/yahboom_src/install/go2_description/share/go2_description/hook/cmake_prefix_path.sh'
[3.112s] Level 1:colcon.colcon_core.environment:checking '/home/dwduong74/yahboom_src/install/go2_description/bin'
[3.112s] Level 1:colcon.colcon_core.environment:checking '/home/dwduong74/yahboom_src/install/go2_description/lib/pkgconfig/go2_description.pc'
[3.113s] Level 1:colcon.colcon_core.environment:checking '/home/dwduong74/yahboom_src/install/go2_description/lib/python3.10/site-packages'
[3.113s] Level 1:colcon.colcon_core.environment:checking '/home/dwduong74/yahboom_src/install/go2_description/bin'
[3.114s] INFO:colcon.colcon_core.shell:Creating package script '/home/dwduong74/yahboom_src/install/go2_description/share/go2_description/package.ps1'
[3.114s] INFO:colcon.colcon_core.shell:Creating package descriptor '/home/dwduong74/yahboom_src/install/go2_description/share/go2_description/package.dsv'
[3.115s] INFO:colcon.colcon_core.shell:Creating package script '/home/dwduong74/yahboom_src/install/go2_description/share/go2_description/package.sh'
[3.116s] INFO:colcon.colcon_core.shell:Creating package script '/home/dwduong74/yahboom_src/install/go2_description/share/go2_description/package.bash'
[3.116s] INFO:colcon.colcon_core.shell:Creating package script '/home/dwduong74/yahboom_src/install/go2_description/share/go2_description/package.zsh'
[3.117s] Level 1:colcon.colcon_core.environment:create_file_with_runtime_dependencies(/home/dwduong74/yahboom_src/install/go2_description/share/colcon-core/packages/go2_description)
[3.118s] Level 1:colcon.colcon_core.environment:create_environment_scripts_only(go2_description)
[3.118s] Level 1:colcon.colcon_core.environment:checking '/home/dwduong74/yahboom_src/install/go2_description' for CMake module files
[3.119s] Level 1:colcon.colcon_core.environment:checking '/home/dwduong74/yahboom_src/install/go2_description' for CMake config files
[3.119s] Level 1:colcon.colcon_core.shell:create_environment_hook('go2_description', 'cmake_prefix_path')
[3.119s] INFO:colcon.colcon_core.shell:Creating environment hook '/home/dwduong74/yahboom_src/install/go2_description/share/go2_description/hook/cmake_prefix_path.ps1'
[3.120s] INFO:colcon.colcon_core.shell:Creating environment descriptor '/home/dwduong74/yahboom_src/install/go2_description/share/go2_description/hook/cmake_prefix_path.dsv'
[3.120s] INFO:colcon.colcon_core.shell:Creating environment hook '/home/dwduong74/yahboom_src/install/go2_description/share/go2_description/hook/cmake_prefix_path.sh'
[3.121s] Level 1:colcon.colcon_core.environment:checking '/home/dwduong74/yahboom_src/install/go2_description/bin'
[3.121s] Level 1:colcon.colcon_core.environment:checking '/home/dwduong74/yahboom_src/install/go2_description/lib/pkgconfig/go2_description.pc'
[3.122s] Level 1:colcon.colcon_core.environment:checking '/home/dwduong74/yahboom_src/install/go2_description/lib/python3.10/site-packages'
[3.122s] Level 1:colcon.colcon_core.environment:checking '/home/dwduong74/yahboom_src/install/go2_description/bin'
[3.123s] INFO:colcon.colcon_core.shell:Creating package script '/home/dwduong74/yahboom_src/install/go2_description/share/go2_description/package.ps1'
[3.124s] INFO:colcon.colcon_core.shell:Creating package descriptor '/home/dwduong74/yahboom_src/install/go2_description/share/go2_description/package.dsv'
[3.124s] INFO:colcon.colcon_core.shell:Creating package script '/home/dwduong74/yahboom_src/install/go2_description/share/go2_description/package.sh'
[3.125s] INFO:colcon.colcon_core.shell:Creating package script '/home/dwduong74/yahboom_src/install/go2_description/share/go2_description/package.bash'
[3.125s] INFO:colcon.colcon_core.shell:Creating package script '/home/dwduong74/yahboom_src/install/go2_description/share/go2_description/package.zsh'
[3.126s] Level 1:colcon.colcon_core.environment:create_file_with_runtime_dependencies(/home/dwduong74/yahboom_src/install/go2_description/share/colcon-core/packages/go2_description)
[3.126s] Level 1:colcon.colcon_core.environment:create_environment_scripts_only(go2_config)
[3.127s] Level 1:colcon.colcon_core.environment:checking '/home/dwduong74/yahboom_src/install/go2_config' for CMake module files
[3.128s] DEBUG:colcon.colcon_core.event_handler.log_command:Invoked command in '/home/dwduong74/yahboom_src/build/go2_config' returned '0': CMAKE_PREFIX_PATH=${CMAKE_PREFIX_PATH}:/home/dwduong74/yahboom_src/install/yahboom_set_height:/home/dwduong74/yahboom_src/install/yahboom_mediapipe:/home/dwduong74/yahboom_src/install/yahboom_gait:/home/dwduong74/yahboom_src/install/yahboom_dog_joint_state:/home/dwduong74/yahboom_src/install/yahboom_description:/home/dwduong74/yahboom_src/install/yahboom_bringup:/home/dwduong74/yahboom_src/install/yahboom_base:/home/dwduong74/yahboom_src/install/yahboom_app_save_map:/home/dwduong74/yahboom_src/install/tf_publisher:/home/dwduong74/yahboom_src/install/bringup:/home/dwduong74/LUMI_ws/install/custom_explorer:/opt/ros/humble /usr/bin/cmake --install /home/dwduong74/yahboom_src/build/go2_config
[3.129s] Level 1:colcon.colcon_core.environment:checking '/home/dwduong74/yahboom_src/install/go2_config' for CMake config files
[3.129s] Level 1:colcon.colcon_core.shell:create_environment_hook('go2_config', 'cmake_prefix_path')
[3.129s] INFO:colcon.colcon_core.shell:Creating environment hook '/home/dwduong74/yahboom_src/install/go2_config/share/go2_config/hook/cmake_prefix_path.ps1'
[3.130s] INFO:colcon.colcon_core.shell:Creating environment descriptor '/home/dwduong74/yahboom_src/install/go2_config/share/go2_config/hook/cmake_prefix_path.dsv'
[3.131s] INFO:colcon.colcon_core.shell:Creating environment hook '/home/dwduong74/yahboom_src/install/go2_config/share/go2_config/hook/cmake_prefix_path.sh'
[3.131s] Level 1:colcon.colcon_core.environment:checking '/home/dwduong74/yahboom_src/install/go2_config/bin'
[3.131s] Level 1:colcon.colcon_core.environment:checking '/home/dwduong74/yahboom_src/install/go2_config/lib/pkgconfig/go2_config.pc'
[3.132s] Level 1:colcon.colcon_core.environment:checking '/home/dwduong74/yahboom_src/install/go2_config/lib/python3.10/site-packages'
[3.133s] Level 1:colcon.colcon_core.environment:checking '/home/dwduong74/yahboom_src/install/go2_config/bin'
[3.133s] INFO:colcon.colcon_core.shell:Creating package script '/home/dwduong74/yahboom_src/install/go2_config/share/go2_config/package.ps1'
[3.134s] INFO:colcon.colcon_core.shell:Creating package descriptor '/home/dwduong74/yahboom_src/install/go2_config/share/go2_config/package.dsv'
[3.134s] INFO:colcon.colcon_core.shell:Creating package script '/home/dwduong74/yahboom_src/install/go2_config/share/go2_config/package.sh'
[3.135s] INFO:colcon.colcon_core.shell:Creating package script '/home/dwduong74/yahboom_src/install/go2_config/share/go2_config/package.bash'
[3.135s] INFO:colcon.colcon_core.shell:Creating package script '/home/dwduong74/yahboom_src/install/go2_config/share/go2_config/package.zsh'
[3.136s] Level 1:colcon.colcon_core.environment:create_file_with_runtime_dependencies(/home/dwduong74/yahboom_src/install/go2_config/share/colcon-core/packages/go2_config)
[3.137s] Level 1:colcon.colcon_core.environment:create_environment_scripts_only(go2_config)
[3.137s] Level 1:colcon.colcon_core.environment:checking '/home/dwduong74/yahboom_src/install/go2_config' for CMake module files
[3.137s] Level 1:colcon.colcon_core.environment:checking '/home/dwduong74/yahboom_src/install/go2_config' for CMake config files
[3.138s] Level 1:colcon.colcon_core.shell:create_environment_hook('go2_config', 'cmake_prefix_path')
[3.138s] INFO:colcon.colcon_core.shell:Creating environment hook '/home/dwduong74/yahboom_src/install/go2_config/share/go2_config/hook/cmake_prefix_path.ps1'
[3.139s] INFO:colcon.colcon_core.shell:Creating environment descriptor '/home/dwduong74/yahboom_src/install/go2_config/share/go2_config/hook/cmake_prefix_path.dsv'
[3.139s] INFO:colcon.colcon_core.shell:Creating environment hook '/home/dwduong74/yahboom_src/install/go2_config/share/go2_config/hook/cmake_prefix_path.sh'
[3.140s] Level 1:colcon.colcon_core.environment:checking '/home/dwduong74/yahboom_src/install/go2_config/bin'
[3.140s] Level 1:colcon.colcon_core.environment:checking '/home/dwduong74/yahboom_src/install/go2_config/lib/pkgconfig/go2_config.pc'
[3.140s] Level 1:colcon.colcon_core.environment:checking '/home/dwduong74/yahboom_src/install/go2_config/lib/python3.10/site-packages'
[3.141s] Level 1:colcon.colcon_core.environment:checking '/home/dwduong74/yahboom_src/install/go2_config/bin'
[3.141s] INFO:colcon.colcon_core.shell:Creating package script '/home/dwduong74/yahboom_src/install/go2_config/share/go2_config/package.ps1'
[3.142s] INFO:colcon.colcon_core.shell:Creating package descriptor '/home/dwduong74/yahboom_src/install/go2_config/share/go2_config/package.dsv'
[3.143s] INFO:colcon.colcon_core.shell:Creating package script '/home/dwduong74/yahboom_src/install/go2_config/share/go2_config/package.sh'
[3.144s] INFO:colcon.colcon_core.shell:Creating package script '/home/dwduong74/yahboom_src/install/go2_config/share/go2_config/package.bash'
[3.144s] INFO:colcon.colcon_core.shell:Creating package script '/home/dwduong74/yahboom_src/install/go2_config/share/go2_config/package.zsh'
[3.145s] Level 1:colcon.colcon_core.environment:create_file_with_runtime_dependencies(/home/dwduong74/yahboom_src/install/go2_config/share/colcon-core/packages/go2_config)
[3.148s] INFO:colcon.colcon_ros.task.ament_python.build:Building ROS package in '/home/dwduong74/yahboom_src/src/yahboom_base' with build type 'ament_python'
[3.148s] Level 1:colcon.colcon_core.shell:create_environment_hook('yahboom_base', 'ament_prefix_path')
[3.148s] INFO:colcon.colcon_core.shell:Creating environment hook '/home/dwduong74/yahboom_src/install/yahboom_base/share/yahboom_base/hook/ament_prefix_path.ps1'
[3.149s] INFO:colcon.colcon_core.shell:Creating environment descriptor '/home/dwduong74/yahboom_src/install/yahboom_base/share/yahboom_base/hook/ament_prefix_path.dsv'
[3.150s] INFO:colcon.colcon_core.shell:Creating environment hook '/home/dwduong74/yahboom_src/install/yahboom_base/share/yahboom_base/hook/ament_prefix_path.sh'
[3.150s] INFO:colcon.colcon_core.shell:Skip shell extension 'powershell' for command environment: Not usable outside of PowerShell
[3.150s] DEBUG:colcon.colcon_core.shell:Skip shell extension 'dsv' for command environment
[3.159s] INFO:colcon.colcon_ros.task.ament_python.build:Building ROS package in '/home/dwduong74/yahboom_src/src/yahboom_bringup' with build type 'ament_python'
[3.160s] Level 1:colcon.colcon_core.shell:create_environment_hook('yahboom_bringup', 'ament_prefix_path')
[3.160s] INFO:colcon.colcon_core.shell:Creating environment hook '/home/dwduong74/yahboom_src/install/yahboom_bringup/share/yahboom_bringup/hook/ament_prefix_path.ps1'
[3.161s] INFO:colcon.colcon_core.shell:Creating environment descriptor '/home/dwduong74/yahboom_src/install/yahboom_bringup/share/yahboom_bringup/hook/ament_prefix_path.dsv'
[3.161s] INFO:colcon.colcon_core.shell:Creating environment hook '/home/dwduong74/yahboom_src/install/yahboom_bringup/share/yahboom_bringup/hook/ament_prefix_path.sh'
[3.162s] INFO:colcon.colcon_core.shell:Skip shell extension 'powershell' for command environment: Not usable outside of PowerShell
[3.162s] DEBUG:colcon.colcon_core.shell:Skip shell extension 'dsv' for command environment
[3.170s] DEBUG:colcon.colcon_core.event_handler.log_command:Invoked command in '/home/dwduong74/yahboom_src/build/champ_base' returned '0': CMAKE_PREFIX_PATH=/home/dwduong74/yahboom_src/install/champ_msgs:/home/dwduong74/yahboom_src/install/champ:/home/dwduong74/yahboom_src/install/yahboom_msgs:/home/dwduong74/yahboom_src/install/velodyne_simulator:/home/dwduong74/yahboom_src/install/velodyne_description:/home/dwduong74/yahboom_src/install/champ_bringup:/home/dwduong74/yahboom_src/install/champ_description:/home/dwduong74/yahboom_src/install/velodyne_gazebo_plugins:/home/dwduong74/yahboom_src/install/oradar_lidar:/home/dwduong74/yahboom_src/install/image_color_lab:/home/dwduong74/yahboom_src/install/go2_description:/home/dwduong74/yahboom_src/install/go2_config:/home/dwduong74/yahboom_src/install/dogzilla_description:/home/dwduong74/yahboom_src/install/dogzilla_config:/home/dwduong74/yahboom_src/install/champ_teleop:/home/dwduong74/yahboom_src/install/champ_navigation:/home/dwduong74/yahboom_src/install/champ_gazebo:/home/dwduong74/yahboom_src/install/champ_base:/home/dwduong74/yahboom_src/install/champ_config:/home/dwduong74/LUMI_ws/install/turtlebot3_manipulation_gazebo:/home/dwduong74/LUMI_ws/install/champ:/home/dwduong74/LUMI_ws/install/rf2o_laser_odometry:/home/dwduong74/yahboom_src/install/yahboom_set_height:/home/dwduong74/yahboom_src/install/yahboom_mediapipe:/home/dwduong74/yahboom_src/install/yahboom_gait:/home/dwduong74/yahboom_src/install/yahboom_dog_joint_state:/home/dwduong74/yahboom_src/install/yahboom_description:/home/dwduong74/yahboom_src/install/yahboom_bringup:/home/dwduong74/yahboom_src/install/yahboom_base:/home/dwduong74/yahboom_src/install/yahboom_app_save_map:/home/dwduong74/yahboom_src/install/tf_publisher:/home/dwduong74/yahboom_src/install/bringup:/home/dwduong74/LUMI_ws/install/custom_explorer:/opt/ros/humble LD_LIBRARY_PATH=/home/dwduong74/yahboom_src/install/champ_msgs/lib:/home/dwduong74/yahboom_src/install/yahboom_msgs/lib:/home/dwduong74/yahboom_src/install/velodyne_gazebo_plugins/lib:/home/dwduong74/yahboom_src/install/image_color_lab/lib:/home/dwduong74/yahboom_src/install/champ_base/lib:/usr/lib/x86_64-linux-gnu/gazebo-11/plugins:/opt/ros/humble/opt/rviz_ogre_vendor/lib:/opt/ros/humble/lib/x86_64-linux-gnu:/opt/ros/humble/lib /usr/bin/cmake --build /home/dwduong74/yahboom_src/build/champ_base -- -j8 -l8
[3.172s] DEBUG:colcon.colcon_core.event_handler.log_command:Invoking command in '/home/dwduong74/yahboom_src/build/champ_base': CMAKE_PREFIX_PATH=/home/dwduong74/yahboom_src/install/champ_msgs:/home/dwduong74/yahboom_src/install/champ:/home/dwduong74/yahboom_src/install/yahboom_msgs:/home/dwduong74/yahboom_src/install/velodyne_simulator:/home/dwduong74/yahboom_src/install/velodyne_description:/home/dwduong74/yahboom_src/install/champ_bringup:/home/dwduong74/yahboom_src/install/champ_description:/home/dwduong74/yahboom_src/install/velodyne_gazebo_plugins:/home/dwduong74/yahboom_src/install/oradar_lidar:/home/dwduong74/yahboom_src/install/image_color_lab:/home/dwduong74/yahboom_src/install/go2_description:/home/dwduong74/yahboom_src/install/go2_config:/home/dwduong74/yahboom_src/install/dogzilla_description:/home/dwduong74/yahboom_src/install/dogzilla_config:/home/dwduong74/yahboom_src/install/champ_teleop:/home/dwduong74/yahboom_src/install/champ_navigation:/home/dwduong74/yahboom_src/install/champ_gazebo:/home/dwduong74/yahboom_src/install/champ_base:/home/dwduong74/yahboom_src/install/champ_config:/home/dwduong74/LUMI_ws/install/turtlebot3_manipulation_gazebo:/home/dwduong74/LUMI_ws/install/champ:/home/dwduong74/LUMI_ws/install/rf2o_laser_odometry:/home/dwduong74/yahboom_src/install/yahboom_set_height:/home/dwduong74/yahboom_src/install/yahboom_mediapipe:/home/dwduong74/yahboom_src/install/yahboom_gait:/home/dwduong74/yahboom_src/install/yahboom_dog_joint_state:/home/dwduong74/yahboom_src/install/yahboom_description:/home/dwduong74/yahboom_src/install/yahboom_bringup:/home/dwduong74/yahboom_src/install/yahboom_base:/home/dwduong74/yahboom_src/install/yahboom_app_save_map:/home/dwduong74/yahboom_src/install/tf_publisher:/home/dwduong74/yahboom_src/install/bringup:/home/dwduong74/LUMI_ws/install/custom_explorer:/opt/ros/humble LD_LIBRARY_PATH=/home/dwduong74/yahboom_src/install/champ_msgs/lib:/home/dwduong74/yahboom_src/install/yahboom_msgs/lib:/home/dwduong74/yahboom_src/install/velodyne_gazebo_plugins/lib:/home/dwduong74/yahboom_src/install/image_color_lab/lib:/home/dwduong74/yahboom_src/install/champ_base/lib:/usr/lib/x86_64-linux-gnu/gazebo-11/plugins:/opt/ros/humble/opt/rviz_ogre_vendor/lib:/opt/ros/humble/lib/x86_64-linux-gnu:/opt/ros/humble/lib /usr/bin/cmake --install /home/dwduong74/yahboom_src/build/champ_base
[3.173s] DEBUG:colcon.colcon_core.event_handler.log_command:Invoked command in '/home/dwduong74/yahboom_src/build/oradar_lidar' returned '0': CMAKE_PREFIX_PATH=${CMAKE_PREFIX_PATH}:/home/dwduong74/yahboom_src/install/yahboom_set_height:/home/dwduong74/yahboom_src/install/yahboom_mediapipe:/home/dwduong74/yahboom_src/install/yahboom_gait:/home/dwduong74/yahboom_src/install/yahboom_dog_joint_state:/home/dwduong74/yahboom_src/install/yahboom_description:/home/dwduong74/yahboom_src/install/yahboom_bringup:/home/dwduong74/yahboom_src/install/yahboom_base:/home/dwduong74/yahboom_src/install/yahboom_app_save_map:/home/dwduong74/yahboom_src/install/tf_publisher:/home/dwduong74/yahboom_src/install/bringup:/home/dwduong74/LUMI_ws/install/custom_explorer:/opt/ros/humble /usr/bin/cmake --build /home/dwduong74/yahboom_src/build/oradar_lidar -- -j8 -l8
[3.176s] DEBUG:colcon.colcon_core.event_handler.log_command:Invoking command in '/home/dwduong74/yahboom_src/build/oradar_lidar': CMAKE_PREFIX_PATH=${CMAKE_PREFIX_PATH}:/home/dwduong74/yahboom_src/install/yahboom_set_height:/home/dwduong74/yahboom_src/install/yahboom_mediapipe:/home/dwduong74/yahboom_src/install/yahboom_gait:/home/dwduong74/yahboom_src/install/yahboom_dog_joint_state:/home/dwduong74/yahboom_src/install/yahboom_description:/home/dwduong74/yahboom_src/install/yahboom_bringup:/home/dwduong74/yahboom_src/install/yahboom_base:/home/dwduong74/yahboom_src/install/yahboom_app_save_map:/home/dwduong74/yahboom_src/install/tf_publisher:/home/dwduong74/yahboom_src/install/bringup:/home/dwduong74/LUMI_ws/install/custom_explorer:/opt/ros/humble /usr/bin/cmake --install /home/dwduong74/yahboom_src/build/oradar_lidar
[3.700s] INFO:colcon.colcon_core.task.python.build:Building Python package in '/home/dwduong74/yahboom_src/src/yahboom_app_save_map'
[3.700s] INFO:colcon.colcon_core.shell:Skip shell extension 'powershell' for command environment: Not usable outside of PowerShell
[3.700s] DEBUG:colcon.colcon_core.shell:Skip shell extension 'dsv' for command environment
[3.710s] DEBUG:colcon.colcon_core.event_handler.log_command:Invoking command in '/home/dwduong74/yahboom_src/src/bringup': PYTHONPATH=/home/dwduong74/yahboom_src/build/bringup/prefix_override:/usr/lib/python3/dist-packages/colcon_core/task/python/colcon_distutils_commands:/home/dwduong74/yahboom_src/install/bringup/lib/python3.10/site-packages:${PYTHONPATH} /usr/bin/python3 -W ignore:setup.py install is deprecated -W ignore:easy_install command is deprecated setup.py egg_info --egg-base ../../build/bringup build --build-base /home/dwduong74/yahboom_src/build/bringup/build install --record /home/dwduong74/yahboom_src/build/bringup/install.log --single-version-externally-managed install_data
[3.712s] DEBUG:colcon.colcon_core.event_handler.log_command:Invoked command in '/home/dwduong74/yahboom_src/build/image_color_lab' returned '0': CMAKE_PREFIX_PATH=${CMAKE_PREFIX_PATH}:/home/dwduong74/yahboom_src/install/yahboom_set_height:/home/dwduong74/yahboom_src/install/yahboom_mediapipe:/home/dwduong74/yahboom_src/install/yahboom_gait:/home/dwduong74/yahboom_src/install/yahboom_dog_joint_state:/home/dwduong74/yahboom_src/install/yahboom_description:/home/dwduong74/yahboom_src/install/yahboom_bringup:/home/dwduong74/yahboom_src/install/yahboom_base:/home/dwduong74/yahboom_src/install/yahboom_app_save_map:/home/dwduong74/yahboom_src/install/tf_publisher:/home/dwduong74/yahboom_src/install/bringup:/home/dwduong74/LUMI_ws/install/custom_explorer:/opt/ros/humble /usr/bin/cmake --build /home/dwduong74/yahboom_src/build/image_color_lab -- -j8 -l8
[3.714s] DEBUG:colcon.colcon_core.event_handler.log_command:Invoking command in '/home/dwduong74/yahboom_src/build/image_color_lab': CMAKE_PREFIX_PATH=${CMAKE_PREFIX_PATH}:/home/dwduong74/yahboom_src/install/yahboom_set_height:/home/dwduong74/yahboom_src/install/yahboom_mediapipe:/home/dwduong74/yahboom_src/install/yahboom_gait:/home/dwduong74/yahboom_src/install/yahboom_dog_joint_state:/home/dwduong74/yahboom_src/install/yahboom_description:/home/dwduong74/yahboom_src/install/yahboom_bringup:/home/dwduong74/yahboom_src/install/yahboom_base:/home/dwduong74/yahboom_src/install/yahboom_app_save_map:/home/dwduong74/yahboom_src/install/tf_publisher:/home/dwduong74/yahboom_src/install/bringup:/home/dwduong74/LUMI_ws/install/custom_explorer:/opt/ros/humble /usr/bin/cmake --install /home/dwduong74/yahboom_src/build/image_color_lab
[3.722s] Level 1:colcon.colcon_core.environment:create_environment_scripts_only(champ_base)
[3.722s] Level 1:colcon.colcon_core.environment:checking '/home/dwduong74/yahboom_src/install/champ_base' for CMake module files
[3.725s] Level 1:colcon.colcon_core.environment:checking '/home/dwduong74/yahboom_src/install/champ_base' for CMake config files
[3.730s] Level 1:colcon.colcon_core.shell:create_environment_hook('champ_base', 'cmake_prefix_path')
[3.731s] INFO:colcon.colcon_core.shell:Creating environment hook '/home/dwduong74/yahboom_src/install/champ_base/share/champ_base/hook/cmake_prefix_path.ps1'
[3.734s] INFO:colcon.colcon_core.shell:Creating environment descriptor '/home/dwduong74/yahboom_src/install/champ_base/share/champ_base/hook/cmake_prefix_path.dsv'
[3.737s] INFO:colcon.colcon_core.shell:Creating environment hook '/home/dwduong74/yahboom_src/install/champ_base/share/champ_base/hook/cmake_prefix_path.sh'
[3.740s] DEBUG:colcon.colcon_core.event_handler.log_command:Invoked command in '/home/dwduong74/yahboom_src/build/champ_base' returned '0': CMAKE_PREFIX_PATH=/home/dwduong74/yahboom_src/install/champ_msgs:/home/dwduong74/yahboom_src/install/champ:/home/dwduong74/yahboom_src/install/yahboom_msgs:/home/dwduong74/yahboom_src/install/velodyne_simulator:/home/dwduong74/yahboom_src/install/velodyne_description:/home/dwduong74/yahboom_src/install/champ_bringup:/home/dwduong74/yahboom_src/install/champ_description:/home/dwduong74/yahboom_src/install/velodyne_gazebo_plugins:/home/dwduong74/yahboom_src/install/oradar_lidar:/home/dwduong74/yahboom_src/install/image_color_lab:/home/dwduong74/yahboom_src/install/go2_description:/home/dwduong74/yahboom_src/install/go2_config:/home/dwduong74/yahboom_src/install/dogzilla_description:/home/dwduong74/yahboom_src/install/dogzilla_config:/home/dwduong74/yahboom_src/install/champ_teleop:/home/dwduong74/yahboom_src/install/champ_navigation:/home/dwduong74/yahboom_src/install/champ_gazebo:/home/dwduong74/yahboom_src/install/champ_base:/home/dwduong74/yahboom_src/install/champ_config:/home/dwduong74/LUMI_ws/install/turtlebot3_manipulation_gazebo:/home/dwduong74/LUMI_ws/install/champ:/home/dwduong74/LUMI_ws/install/rf2o_laser_odometry:/home/dwduong74/yahboom_src/install/yahboom_set_height:/home/dwduong74/yahboom_src/install/yahboom_mediapipe:/home/dwduong74/yahboom_src/install/yahboom_gait:/home/dwduong74/yahboom_src/install/yahboom_dog_joint_state:/home/dwduong74/yahboom_src/install/yahboom_description:/home/dwduong74/yahboom_src/install/yahboom_bringup:/home/dwduong74/yahboom_src/install/yahboom_base:/home/dwduong74/yahboom_src/install/yahboom_app_save_map:/home/dwduong74/yahboom_src/install/tf_publisher:/home/dwduong74/yahboom_src/install/bringup:/home/dwduong74/LUMI_ws/install/custom_explorer:/opt/ros/humble LD_LIBRARY_PATH=/home/dwduong74/yahboom_src/install/champ_msgs/lib:/home/dwduong74/yahboom_src/install/yahboom_msgs/lib:/home/dwduong74/yahboom_src/install/velodyne_gazebo_plugins/lib:/home/dwduong74/yahboom_src/install/image_color_lab/lib:/home/dwduong74/yahboom_src/install/champ_base/lib:/usr/lib/x86_64-linux-gnu/gazebo-11/plugins:/opt/ros/humble/opt/rviz_ogre_vendor/lib:/opt/ros/humble/lib/x86_64-linux-gnu:/opt/ros/humble/lib /usr/bin/cmake --install /home/dwduong74/yahboom_src/build/champ_base
[3.741s] Level 1:colcon.colcon_core.environment:checking '/home/dwduong74/yahboom_src/install/champ_base/lib'
[3.742s] Level 1:colcon.colcon_core.shell:create_environment_hook('champ_base', 'ld_library_path_lib')
[3.743s] INFO:colcon.colcon_core.shell:Creating environment hook '/home/dwduong74/yahboom_src/install/champ_base/share/champ_base/hook/ld_library_path_lib.ps1'
[3.746s] INFO:colcon.colcon_core.shell:Creating environment descriptor '/home/dwduong74/yahboom_src/install/champ_base/share/champ_base/hook/ld_library_path_lib.dsv'
[3.748s] INFO:colcon.colcon_core.shell:Creating environment hook '/home/dwduong74/yahboom_src/install/champ_base/share/champ_base/hook/ld_library_path_lib.sh'
[3.751s] Level 1:colcon.colcon_core.environment:checking '/home/dwduong74/yahboom_src/install/champ_base/bin'
[3.752s] Level 1:colcon.colcon_core.shell:create_environment_hook('champ_base', 'path')
[3.753s] INFO:colcon.colcon_core.shell:Creating environment hook '/home/dwduong74/yahboom_src/install/champ_base/share/champ_base/hook/path.ps1'
[3.755s] INFO:colcon.colcon_core.shell:Creating environment descriptor '/home/dwduong74/yahboom_src/install/champ_base/share/champ_base/hook/path.dsv'
[3.756s] INFO:colcon.colcon_core.shell:Creating environment hook '/home/dwduong74/yahboom_src/install/champ_base/share/champ_base/hook/path.sh'
[3.756s] Level 1:colcon.colcon_core.environment:checking '/home/dwduong74/yahboom_src/install/champ_base/lib/pkgconfig/champ_base.pc'
[3.757s] Level 1:colcon.colcon_core.environment:checking '/home/dwduong74/yahboom_src/install/champ_base/lib/python3.10/site-packages'
[3.757s] Level 1:colcon.colcon_core.environment:checking '/home/dwduong74/yahboom_src/install/champ_base/bin'
[3.758s] Level 1:colcon.colcon_core.shell:create_environment_hook('champ_base', 'pythonscriptspath')
[3.758s] INFO:colcon.colcon_core.shell:Creating environment hook '/home/dwduong74/yahboom_src/install/champ_base/share/champ_base/hook/pythonscriptspath.ps1'
[3.759s] INFO:colcon.colcon_core.shell:Creating environment descriptor '/home/dwduong74/yahboom_src/install/champ_base/share/champ_base/hook/pythonscriptspath.dsv'
[3.759s] INFO:colcon.colcon_core.shell:Creating environment hook '/home/dwduong74/yahboom_src/install/champ_base/share/champ_base/hook/pythonscriptspath.sh'
[3.761s] INFO:colcon.colcon_core.shell:Creating package script '/home/dwduong74/yahboom_src/install/champ_base/share/champ_base/package.ps1'
[3.762s] INFO:colcon.colcon_core.shell:Creating package descriptor '/home/dwduong74/yahboom_src/install/champ_base/share/champ_base/package.dsv'
[3.763s] INFO:colcon.colcon_core.shell:Creating package script '/home/dwduong74/yahboom_src/install/champ_base/share/champ_base/package.sh'
[3.764s] INFO:colcon.colcon_core.shell:Creating package script '/home/dwduong74/yahboom_src/install/champ_base/share/champ_base/package.bash'
[3.764s] INFO:colcon.colcon_core.shell:Creating package script '/home/dwduong74/yahboom_src/install/champ_base/share/champ_base/package.zsh'
[3.765s] Level 1:colcon.colcon_core.environment:create_file_with_runtime_dependencies(/home/dwduong74/yahboom_src/install/champ_base/share/colcon-core/packages/champ_base)
[3.766s] Level 1:colcon.colcon_core.environment:create_environment_scripts_only(champ_base)
[3.766s] Level 1:colcon.colcon_core.environment:checking '/home/dwduong74/yahboom_src/install/champ_base' for CMake module files
[3.767s] Level 1:colcon.colcon_core.environment:checking '/home/dwduong74/yahboom_src/install/champ_base' for CMake config files
[3.768s] Level 1:colcon.colcon_core.shell:create_environment_hook('champ_base', 'cmake_prefix_path')
[3.768s] INFO:colcon.colcon_core.shell:Creating environment hook '/home/dwduong74/yahboom_src/install/champ_base/share/champ_base/hook/cmake_prefix_path.ps1'
[3.769s] INFO:colcon.colcon_core.shell:Creating environment descriptor '/home/dwduong74/yahboom_src/install/champ_base/share/champ_base/hook/cmake_prefix_path.dsv'
[3.769s] INFO:colcon.colcon_core.shell:Creating environment hook '/home/dwduong74/yahboom_src/install/champ_base/share/champ_base/hook/cmake_prefix_path.sh'
[3.770s] Level 1:colcon.colcon_core.environment:checking '/home/dwduong74/yahboom_src/install/champ_base/lib'
[3.770s] Level 1:colcon.colcon_core.shell:create_environment_hook('champ_base', 'ld_library_path_lib')
[3.771s] INFO:colcon.colcon_core.shell:Creating environment hook '/home/dwduong74/yahboom_src/install/champ_base/share/champ_base/hook/ld_library_path_lib.ps1'
[3.771s] INFO:colcon.colcon_core.shell:Creating environment descriptor '/home/dwduong74/yahboom_src/install/champ_base/share/champ_base/hook/ld_library_path_lib.dsv'
[3.772s] INFO:colcon.colcon_core.shell:Creating environment hook '/home/dwduong74/yahboom_src/install/champ_base/share/champ_base/hook/ld_library_path_lib.sh'
[3.772s] Level 1:colcon.colcon_core.environment:checking '/home/dwduong74/yahboom_src/install/champ_base/bin'
[3.773s] Level 1:colcon.colcon_core.shell:create_environment_hook('champ_base', 'path')
[3.773s] INFO:colcon.colcon_core.shell:Creating environment hook '/home/dwduong74/yahboom_src/install/champ_base/share/champ_base/hook/path.ps1'
[3.774s] INFO:colcon.colcon_core.shell:Creating environment descriptor '/home/dwduong74/yahboom_src/install/champ_base/share/champ_base/hook/path.dsv'
[3.775s] INFO:colcon.colcon_core.shell:Creating environment hook '/home/dwduong74/yahboom_src/install/champ_base/share/champ_base/hook/path.sh'
[3.776s] Level 1:colcon.colcon_core.environment:checking '/home/dwduong74/yahboom_src/install/champ_base/lib/pkgconfig/champ_base.pc'
[3.777s] Level 1:colcon.colcon_core.environment:checking '/home/dwduong74/yahboom_src/install/champ_base/lib/python3.10/site-packages'
[3.778s] Level 1:colcon.colcon_core.environment:checking '/home/dwduong74/yahboom_src/install/champ_base/bin'
[3.778s] Level 1:colcon.colcon_core.shell:create_environment_hook('champ_base', 'pythonscriptspath')
[3.778s] INFO:colcon.colcon_core.shell:Creating environment hook '/home/dwduong74/yahboom_src/install/champ_base/share/champ_base/hook/pythonscriptspath.ps1'
[3.779s] INFO:colcon.colcon_core.shell:Creating environment descriptor '/home/dwduong74/yahboom_src/install/champ_base/share/champ_base/hook/pythonscriptspath.dsv'
[3.780s] INFO:colcon.colcon_core.shell:Creating environment hook '/home/dwduong74/yahboom_src/install/champ_base/share/champ_base/hook/pythonscriptspath.sh'
[3.781s] INFO:colcon.colcon_core.shell:Creating package script '/home/dwduong74/yahboom_src/install/champ_base/share/champ_base/package.ps1'
[3.782s] INFO:colcon.colcon_core.shell:Creating package descriptor '/home/dwduong74/yahboom_src/install/champ_base/share/champ_base/package.dsv'
[3.783s] INFO:colcon.colcon_core.shell:Creating package script '/home/dwduong74/yahboom_src/install/champ_base/share/champ_base/package.sh'
[3.784s] INFO:colcon.colcon_core.shell:Creating package script '/home/dwduong74/yahboom_src/install/champ_base/share/champ_base/package.bash'
[3.785s] INFO:colcon.colcon_core.shell:Creating package script '/home/dwduong74/yahboom_src/install/champ_base/share/champ_base/package.zsh'
[3.785s] Level 1:colcon.colcon_core.environment:create_file_with_runtime_dependencies(/home/dwduong74/yahboom_src/install/champ_base/share/colcon-core/packages/champ_base)
[3.786s] Level 1:colcon.colcon_core.environment:create_environment_scripts_only(oradar_lidar)
[3.786s] Level 1:colcon.colcon_core.environment:checking '/home/dwduong74/yahboom_src/install/oradar_lidar' for CMake module files
[3.788s] Level 1:colcon.colcon_core.environment:checking '/home/dwduong74/yahboom_src/install/oradar_lidar' for CMake config files
[3.788s] Level 1:colcon.colcon_core.shell:create_environment_hook('oradar_lidar', 'cmake_prefix_path')
[3.788s] INFO:colcon.colcon_core.shell:Creating environment hook '/home/dwduong74/yahboom_src/install/oradar_lidar/share/oradar_lidar/hook/cmake_prefix_path.ps1'
[3.789s] INFO:colcon.colcon_core.shell:Creating environment descriptor '/home/dwduong74/yahboom_src/install/oradar_lidar/share/oradar_lidar/hook/cmake_prefix_path.dsv'
[3.790s] DEBUG:colcon.colcon_core.event_handler.log_command:Invoked command in '/home/dwduong74/yahboom_src/build/oradar_lidar' returned '0': CMAKE_PREFIX_PATH=${CMAKE_PREFIX_PATH}:/home/dwduong74/yahboom_src/install/yahboom_set_height:/home/dwduong74/yahboom_src/install/yahboom_mediapipe:/home/dwduong74/yahboom_src/install/yahboom_gait:/home/dwduong74/yahboom_src/install/yahboom_dog_joint_state:/home/dwduong74/yahboom_src/install/yahboom_description:/home/dwduong74/yahboom_src/install/yahboom_bringup:/home/dwduong74/yahboom_src/install/yahboom_base:/home/dwduong74/yahboom_src/install/yahboom_app_save_map:/home/dwduong74/yahboom_src/install/tf_publisher:/home/dwduong74/yahboom_src/install/bringup:/home/dwduong74/LUMI_ws/install/custom_explorer:/opt/ros/humble /usr/bin/cmake --install /home/dwduong74/yahboom_src/build/oradar_lidar
[3.790s] INFO:colcon.colcon_core.shell:Creating environment hook '/home/dwduong74/yahboom_src/install/oradar_lidar/share/oradar_lidar/hook/cmake_prefix_path.sh'
[3.791s] Level 1:colcon.colcon_core.environment:checking '/home/dwduong74/yahboom_src/install/oradar_lidar/lib'
[3.791s] Level 1:colcon.colcon_core.environment:checking '/home/dwduong74/yahboom_src/install/oradar_lidar/bin'
[3.791s] Level 1:colcon.colcon_core.shell:create_environment_hook('oradar_lidar', 'path')
[3.791s] INFO:colcon.colcon_core.shell:Creating environment hook '/home/dwduong74/yahboom_src/install/oradar_lidar/share/oradar_lidar/hook/path.ps1'
[3.792s] INFO:colcon.colcon_core.shell:Creating environment descriptor '/home/dwduong74/yahboom_src/install/oradar_lidar/share/oradar_lidar/hook/path.dsv'
[3.792s] INFO:colcon.colcon_core.shell:Creating environment hook '/home/dwduong74/yahboom_src/install/oradar_lidar/share/oradar_lidar/hook/path.sh'
[3.793s] Level 1:colcon.colcon_core.environment:checking '/home/dwduong74/yahboom_src/install/oradar_lidar/lib/pkgconfig/oradar_lidar.pc'
[3.793s] Level 1:colcon.colcon_core.environment:checking '/home/dwduong74/yahboom_src/install/oradar_lidar/lib/python3.10/site-packages'
[3.794s] Level 1:colcon.colcon_core.environment:checking '/home/dwduong74/yahboom_src/install/oradar_lidar/bin'
[3.794s] Level 1:colcon.colcon_core.shell:create_environment_hook('oradar_lidar', 'pythonscriptspath')
[3.794s] INFO:colcon.colcon_core.shell:Creating environment hook '/home/dwduong74/yahboom_src/install/oradar_lidar/share/oradar_lidar/hook/pythonscriptspath.ps1'
[3.795s] INFO:colcon.colcon_core.shell:Creating environment descriptor '/home/dwduong74/yahboom_src/install/oradar_lidar/share/oradar_lidar/hook/pythonscriptspath.dsv'
[3.796s] INFO:colcon.colcon_core.shell:Creating environment hook '/home/dwduong74/yahboom_src/install/oradar_lidar/share/oradar_lidar/hook/pythonscriptspath.sh'
[3.797s] INFO:colcon.colcon_core.shell:Creating package script '/home/dwduong74/yahboom_src/install/oradar_lidar/share/oradar_lidar/package.ps1'
[3.798s] INFO:colcon.colcon_core.shell:Creating package descriptor '/home/dwduong74/yahboom_src/install/oradar_lidar/share/oradar_lidar/package.dsv'
[3.798s] INFO:colcon.colcon_core.shell:Creating package script '/home/dwduong74/yahboom_src/install/oradar_lidar/share/oradar_lidar/package.sh'
[3.799s] INFO:colcon.colcon_core.shell:Creating package script '/home/dwduong74/yahboom_src/install/oradar_lidar/share/oradar_lidar/package.bash'
[3.799s] INFO:colcon.colcon_core.shell:Creating package script '/home/dwduong74/yahboom_src/install/oradar_lidar/share/oradar_lidar/package.zsh'
[3.800s] Level 1:colcon.colcon_core.environment:create_file_with_runtime_dependencies(/home/dwduong74/yahboom_src/install/oradar_lidar/share/colcon-core/packages/oradar_lidar)
[3.801s] Level 1:colcon.colcon_core.environment:create_environment_scripts_only(oradar_lidar)
[3.801s] Level 1:colcon.colcon_core.environment:checking '/home/dwduong74/yahboom_src/install/oradar_lidar' for CMake module files
[3.801s] Level 1:colcon.colcon_core.environment:checking '/home/dwduong74/yahboom_src/install/oradar_lidar' for CMake config files
[3.802s] Level 1:colcon.colcon_core.shell:create_environment_hook('oradar_lidar', 'cmake_prefix_path')
[3.802s] INFO:colcon.colcon_core.shell:Creating environment hook '/home/dwduong74/yahboom_src/install/oradar_lidar/share/oradar_lidar/hook/cmake_prefix_path.ps1'
[3.802s] INFO:colcon.colcon_core.shell:Creating environment descriptor '/home/dwduong74/yahboom_src/install/oradar_lidar/share/oradar_lidar/hook/cmake_prefix_path.dsv'
[3.803s] INFO:colcon.colcon_core.shell:Creating environment hook '/home/dwduong74/yahboom_src/install/oradar_lidar/share/oradar_lidar/hook/cmake_prefix_path.sh'
[3.803s] Level 1:colcon.colcon_core.environment:checking '/home/dwduong74/yahboom_src/install/oradar_lidar/lib'
[3.804s] Level 1:colcon.colcon_core.environment:checking '/home/dwduong74/yahboom_src/install/oradar_lidar/bin'
[3.804s] Level 1:colcon.colcon_core.shell:create_environment_hook('oradar_lidar', 'path')
[3.804s] INFO:colcon.colcon_core.shell:Creating environment hook '/home/dwduong74/yahboom_src/install/oradar_lidar/share/oradar_lidar/hook/path.ps1'
[3.804s] INFO:colcon.colcon_core.shell:Creating environment descriptor '/home/dwduong74/yahboom_src/install/oradar_lidar/share/oradar_lidar/hook/path.dsv'
[3.805s] INFO:colcon.colcon_core.shell:Creating environment hook '/home/dwduong74/yahboom_src/install/oradar_lidar/share/oradar_lidar/hook/path.sh'
[3.805s] Level 1:colcon.colcon_core.environment:checking '/home/dwduong74/yahboom_src/install/oradar_lidar/lib/pkgconfig/oradar_lidar.pc'
[3.805s] Level 1:colcon.colcon_core.environment:checking '/home/dwduong74/yahboom_src/install/oradar_lidar/lib/python3.10/site-packages'
[3.806s] Level 1:colcon.colcon_core.environment:checking '/home/dwduong74/yahboom_src/install/oradar_lidar/bin'
[3.806s] Level 1:colcon.colcon_core.shell:create_environment_hook('oradar_lidar', 'pythonscriptspath')
[3.806s] INFO:colcon.colcon_core.shell:Creating environment hook '/home/dwduong74/yahboom_src/install/oradar_lidar/share/oradar_lidar/hook/pythonscriptspath.ps1'
[3.807s] INFO:colcon.colcon_core.shell:Creating environment descriptor '/home/dwduong74/yahboom_src/install/oradar_lidar/share/oradar_lidar/hook/pythonscriptspath.dsv'
[3.807s] INFO:colcon.colcon_core.shell:Creating environment hook '/home/dwduong74/yahboom_src/install/oradar_lidar/share/oradar_lidar/hook/pythonscriptspath.sh'
[3.809s] INFO:colcon.colcon_core.shell:Creating package script '/home/dwduong74/yahboom_src/install/oradar_lidar/share/oradar_lidar/package.ps1'
[3.810s] INFO:colcon.colcon_core.shell:Creating package descriptor '/home/dwduong74/yahboom_src/install/oradar_lidar/share/oradar_lidar/package.dsv'
[3.811s] INFO:colcon.colcon_core.shell:Creating package script '/home/dwduong74/yahboom_src/install/oradar_lidar/share/oradar_lidar/package.sh'
[3.813s] INFO:colcon.colcon_core.shell:Creating package script '/home/dwduong74/yahboom_src/install/oradar_lidar/share/oradar_lidar/package.bash'
[3.814s] INFO:colcon.colcon_core.shell:Creating package script '/home/dwduong74/yahboom_src/install/oradar_lidar/share/oradar_lidar/package.zsh'
[3.814s] Level 1:colcon.colcon_core.environment:create_file_with_runtime_dependencies(/home/dwduong74/yahboom_src/install/oradar_lidar/share/colcon-core/packages/oradar_lidar)
[4.406s] INFO:colcon.colcon_core.task.python.build:Building Python package in '/home/dwduong74/yahboom_src/src/yahboom_base'
[4.406s] INFO:colcon.colcon_core.shell:Skip shell extension 'powershell' for command environment: Not usable outside of PowerShell
[4.406s] DEBUG:colcon.colcon_core.shell:Skip shell extension 'dsv' for command environment
[5.077s] INFO:colcon.colcon_core.task.python.build:Building Python package in '/home/dwduong74/yahboom_src/src/yahboom_bringup'
[5.077s] INFO:colcon.colcon_core.shell:Skip shell extension 'powershell' for command environment: Not usable outside of PowerShell
[5.077s] DEBUG:colcon.colcon_core.shell:Skip shell extension 'dsv' for command environment
[5.084s] INFO:colcon.colcon_ros.task.ament_python.build:Building ROS package in '/home/dwduong74/yahboom_src/src/yahboom_description' with build type 'ament_python'
[5.085s] Level 1:colcon.colcon_core.shell:create_environment_hook('yahboom_description', 'ament_prefix_path')
[5.085s] INFO:colcon.colcon_core.shell:Creating environment hook '/home/dwduong74/yahboom_src/install/yahboom_description/share/yahboom_description/hook/ament_prefix_path.ps1'
[5.086s] INFO:colcon.colcon_core.shell:Creating environment descriptor '/home/dwduong74/yahboom_src/install/yahboom_description/share/yahboom_description/hook/ament_prefix_path.dsv'
[5.086s] INFO:colcon.colcon_core.shell:Creating environment hook '/home/dwduong74/yahboom_src/install/yahboom_description/share/yahboom_description/hook/ament_prefix_path.sh'
[5.088s] INFO:colcon.colcon_core.shell:Skip shell extension 'powershell' for command environment: Not usable outside of PowerShell
[5.088s] DEBUG:colcon.colcon_core.shell:Skip shell extension 'dsv' for command environment
[5.095s] INFO:colcon.colcon_ros.task.ament_python.build:Building ROS package in '/home/dwduong74/yahboom_src/src/yahboom_dog_joint_state' with build type 'ament_python'
[5.096s] Level 1:colcon.colcon_core.shell:create_environment_hook('yahboom_dog_joint_state', 'ament_prefix_path')
[5.096s] INFO:colcon.colcon_core.shell:Creating environment hook '/home/dwduong74/yahboom_src/install/yahboom_dog_joint_state/share/yahboom_dog_joint_state/hook/ament_prefix_path.ps1'
[5.097s] INFO:colcon.colcon_core.shell:Creating environment descriptor '/home/dwduong74/yahboom_src/install/yahboom_dog_joint_state/share/yahboom_dog_joint_state/hook/ament_prefix_path.dsv'
[5.097s] INFO:colcon.colcon_core.shell:Creating environment hook '/home/dwduong74/yahboom_src/install/yahboom_dog_joint_state/share/yahboom_dog_joint_state/hook/ament_prefix_path.sh'
[5.099s] INFO:colcon.colcon_core.shell:Skip shell extension 'powershell' for command environment: Not usable outside of PowerShell
[5.099s] DEBUG:colcon.colcon_core.shell:Skip shell extension 'dsv' for command environment
[5.117s] Level 1:colcon.colcon_core.environment:create_environment_scripts_only(image_color_lab)
[5.117s] Level 1:colcon.colcon_core.environment:checking '/home/dwduong74/yahboom_src/install/image_color_lab' for CMake module files
[5.119s] DEBUG:colcon.colcon_core.event_handler.log_command:Invoking command in '/home/dwduong74/yahboom_src/src/tf_publisher': PYTHONPATH=/home/dwduong74/yahboom_src/build/tf_publisher/prefix_override:/usr/lib/python3/dist-packages/colcon_core/task/python/colcon_distutils_commands:/home/dwduong74/yahboom_src/install/tf_publisher/lib/python3.10/site-packages:${PYTHONPATH} /usr/bin/python3 -W ignore:setup.py install is deprecated -W ignore:easy_install command is deprecated setup.py egg_info --egg-base ../../build/tf_publisher build --build-base /home/dwduong74/yahboom_src/build/tf_publisher/build install --record /home/dwduong74/yahboom_src/build/tf_publisher/install.log --single-version-externally-managed install_data
[5.119s] Level 1:colcon.colcon_core.environment:checking '/home/dwduong74/yahboom_src/install/image_color_lab' for CMake config files
[5.120s] DEBUG:colcon.colcon_core.event_handler.log_command:Invoked command in '/home/dwduong74/yahboom_src/build/image_color_lab' returned '0': CMAKE_PREFIX_PATH=${CMAKE_PREFIX_PATH}:/home/dwduong74/yahboom_src/install/yahboom_set_height:/home/dwduong74/yahboom_src/install/yahboom_mediapipe:/home/dwduong74/yahboom_src/install/yahboom_gait:/home/dwduong74/yahboom_src/install/yahboom_dog_joint_state:/home/dwduong74/yahboom_src/install/yahboom_description:/home/dwduong74/yahboom_src/install/yahboom_bringup:/home/dwduong74/yahboom_src/install/yahboom_base:/home/dwduong74/yahboom_src/install/yahboom_app_save_map:/home/dwduong74/yahboom_src/install/tf_publisher:/home/dwduong74/yahboom_src/install/bringup:/home/dwduong74/LUMI_ws/install/custom_explorer:/opt/ros/humble /usr/bin/cmake --install /home/dwduong74/yahboom_src/build/image_color_lab
[5.120s] Level 1:colcon.colcon_core.shell:create_environment_hook('image_color_lab', 'cmake_prefix_path')
[5.121s] INFO:colcon.colcon_core.shell:Creating environment hook '/home/dwduong74/yahboom_src/install/image_color_lab/share/image_color_lab/hook/cmake_prefix_path.ps1'
[5.122s] INFO:colcon.colcon_core.shell:Creating environment descriptor '/home/dwduong74/yahboom_src/install/image_color_lab/share/image_color_lab/hook/cmake_prefix_path.dsv'
[5.122s] INFO:colcon.colcon_core.shell:Creating environment hook '/home/dwduong74/yahboom_src/install/image_color_lab/share/image_color_lab/hook/cmake_prefix_path.sh'
[5.123s] Level 1:colcon.colcon_core.environment:checking '/home/dwduong74/yahboom_src/install/image_color_lab/lib'
[5.123s] Level 1:colcon.colcon_core.shell:create_environment_hook('image_color_lab', 'ld_library_path_lib')
[5.123s] INFO:colcon.colcon_core.shell:Creating environment hook '/home/dwduong74/yahboom_src/install/image_color_lab/share/image_color_lab/hook/ld_library_path_lib.ps1'
[5.124s] INFO:colcon.colcon_core.shell:Creating environment descriptor '/home/dwduong74/yahboom_src/install/image_color_lab/share/image_color_lab/hook/ld_library_path_lib.dsv'
[5.124s] INFO:colcon.colcon_core.shell:Creating environment hook '/home/dwduong74/yahboom_src/install/image_color_lab/share/image_color_lab/hook/ld_library_path_lib.sh'
[5.124s] Level 1:colcon.colcon_core.environment:checking '/home/dwduong74/yahboom_src/install/image_color_lab/bin'
[5.125s] Level 1:colcon.colcon_core.environment:checking '/home/dwduong74/yahboom_src/install/image_color_lab/lib/pkgconfig/image_color_lab.pc'
[5.125s] Level 1:colcon.colcon_core.environment:checking '/home/dwduong74/yahboom_src/install/image_color_lab/lib/python3.10/site-packages'
[5.125s] Level 1:colcon.colcon_core.environment:checking '/home/dwduong74/yahboom_src/install/image_color_lab/bin'
[5.126s] INFO:colcon.colcon_core.shell:Creating package script '/home/dwduong74/yahboom_src/install/image_color_lab/share/image_color_lab/package.ps1'
[5.127s] INFO:colcon.colcon_core.shell:Creating package descriptor '/home/dwduong74/yahboom_src/install/image_color_lab/share/image_color_lab/package.dsv'
[5.127s] INFO:colcon.colcon_core.shell:Creating package script '/home/dwduong74/yahboom_src/install/image_color_lab/share/image_color_lab/package.sh'
[5.128s] INFO:colcon.colcon_core.shell:Creating package script '/home/dwduong74/yahboom_src/install/image_color_lab/share/image_color_lab/package.bash'
[5.128s] INFO:colcon.colcon_core.shell:Creating package script '/home/dwduong74/yahboom_src/install/image_color_lab/share/image_color_lab/package.zsh'
[5.129s] Level 1:colcon.colcon_core.environment:create_file_with_runtime_dependencies(/home/dwduong74/yahboom_src/install/image_color_lab/share/colcon-core/packages/image_color_lab)
[5.129s] Level 1:colcon.colcon_core.environment:create_environment_scripts_only(image_color_lab)
[5.130s] Level 1:colcon.colcon_core.environment:checking '/home/dwduong74/yahboom_src/install/image_color_lab' for CMake module files
[5.130s] Level 1:colcon.colcon_core.environment:checking '/home/dwduong74/yahboom_src/install/image_color_lab' for CMake config files
[5.130s] Level 1:colcon.colcon_core.shell:create_environment_hook('image_color_lab', 'cmake_prefix_path')
[5.131s] INFO:colcon.colcon_core.shell:Creating environment hook '/home/dwduong74/yahboom_src/install/image_color_lab/share/image_color_lab/hook/cmake_prefix_path.ps1'
[5.131s] INFO:colcon.colcon_core.shell:Creating environment descriptor '/home/dwduong74/yahboom_src/install/image_color_lab/share/image_color_lab/hook/cmake_prefix_path.dsv'
[5.132s] INFO:colcon.colcon_core.shell:Creating environment hook '/home/dwduong74/yahboom_src/install/image_color_lab/share/image_color_lab/hook/cmake_prefix_path.sh'
[5.132s] Level 1:colcon.colcon_core.environment:checking '/home/dwduong74/yahboom_src/install/image_color_lab/lib'
[5.132s] Level 1:colcon.colcon_core.shell:create_environment_hook('image_color_lab', 'ld_library_path_lib')
[5.133s] INFO:colcon.colcon_core.shell:Creating environment hook '/home/dwduong74/yahboom_src/install/image_color_lab/share/image_color_lab/hook/ld_library_path_lib.ps1'
[5.133s] INFO:colcon.colcon_core.shell:Creating environment descriptor '/home/dwduong74/yahboom_src/install/image_color_lab/share/image_color_lab/hook/ld_library_path_lib.dsv'
[5.133s] INFO:colcon.colcon_core.shell:Creating environment hook '/home/dwduong74/yahboom_src/install/image_color_lab/share/image_color_lab/hook/ld_library_path_lib.sh'
[5.134s] Level 1:colcon.colcon_core.environment:checking '/home/dwduong74/yahboom_src/install/image_color_lab/bin'
[5.134s] Level 1:colcon.colcon_core.environment:checking '/home/dwduong74/yahboom_src/install/image_color_lab/lib/pkgconfig/image_color_lab.pc'
[5.134s] Level 1:colcon.colcon_core.environment:checking '/home/dwduong74/yahboom_src/install/image_color_lab/lib/python3.10/site-packages'
[5.135s] Level 1:colcon.colcon_core.environment:checking '/home/dwduong74/yahboom_src/install/image_color_lab/bin'
[5.135s] INFO:colcon.colcon_core.shell:Creating package script '/home/dwduong74/yahboom_src/install/image_color_lab/share/image_color_lab/package.ps1'
[5.136s] INFO:colcon.colcon_core.shell:Creating package descriptor '/home/dwduong74/yahboom_src/install/image_color_lab/share/image_color_lab/package.dsv'
[5.137s] INFO:colcon.colcon_core.shell:Creating package script '/home/dwduong74/yahboom_src/install/image_color_lab/share/image_color_lab/package.sh'
[5.137s] INFO:colcon.colcon_core.shell:Creating package script '/home/dwduong74/yahboom_src/install/image_color_lab/share/image_color_lab/package.bash'
[5.138s] INFO:colcon.colcon_core.shell:Creating package script '/home/dwduong74/yahboom_src/install/image_color_lab/share/image_color_lab/package.zsh'
[5.139s] Level 1:colcon.colcon_core.environment:create_file_with_runtime_dependencies(/home/dwduong74/yahboom_src/install/image_color_lab/share/colcon-core/packages/image_color_lab)
[5.139s] Level 1:colcon.colcon_core.environment:checking '/home/dwduong74/yahboom_src/install/bringup' for CMake module files
[5.141s] Level 1:colcon.colcon_core.environment:checking '/home/dwduong74/yahboom_src/install/bringup' for CMake config files
[5.141s] DEBUG:colcon.colcon_core.event_handler.log_command:Invoked command in '/home/dwduong74/yahboom_src/src/bringup' returned '0': PYTHONPATH=/home/dwduong74/yahboom_src/build/bringup/prefix_override:/usr/lib/python3/dist-packages/colcon_core/task/python/colcon_distutils_commands:/home/dwduong74/yahboom_src/install/bringup/lib/python3.10/site-packages:${PYTHONPATH} /usr/bin/python3 -W ignore:setup.py install is deprecated -W ignore:easy_install command is deprecated setup.py egg_info --egg-base ../../build/bringup build --build-base /home/dwduong74/yahboom_src/build/bringup/build install --record /home/dwduong74/yahboom_src/build/bringup/install.log --single-version-externally-managed install_data
[5.142s] Level 1:colcon.colcon_core.environment:checking '/home/dwduong74/yahboom_src/install/bringup/lib'
[5.142s] Level 1:colcon.colcon_core.environment:checking '/home/dwduong74/yahboom_src/install/bringup/bin'
[5.142s] Level 1:colcon.colcon_core.environment:checking '/home/dwduong74/yahboom_src/install/bringup/lib/pkgconfig/bringup.pc'
[5.143s] Level 1:colcon.colcon_core.environment:checking '/home/dwduong74/yahboom_src/install/bringup/lib/python3.10/site-packages'
[5.143s] Level 1:colcon.colcon_core.shell:create_environment_hook('bringup', 'pythonpath')
[5.143s] INFO:colcon.colcon_core.shell:Creating environment hook '/home/dwduong74/yahboom_src/install/bringup/share/bringup/hook/pythonpath.ps1'
[5.144s] INFO:colcon.colcon_core.shell:Creating environment descriptor '/home/dwduong74/yahboom_src/install/bringup/share/bringup/hook/pythonpath.dsv'
[5.144s] INFO:colcon.colcon_core.shell:Creating environment hook '/home/dwduong74/yahboom_src/install/bringup/share/bringup/hook/pythonpath.sh'
[5.145s] Level 1:colcon.colcon_core.environment:checking '/home/dwduong74/yahboom_src/install/bringup/bin'
[5.145s] Level 1:colcon.colcon_core.environment:create_environment_scripts_only(bringup)
[5.145s] INFO:colcon.colcon_core.shell:Creating package script '/home/dwduong74/yahboom_src/install/bringup/share/bringup/package.ps1'
[5.146s] INFO:colcon.colcon_core.shell:Creating package descriptor '/home/dwduong74/yahboom_src/install/bringup/share/bringup/package.dsv'
[5.147s] INFO:colcon.colcon_core.shell:Creating package script '/home/dwduong74/yahboom_src/install/bringup/share/bringup/package.sh'
[5.147s] INFO:colcon.colcon_core.shell:Creating package script '/home/dwduong74/yahboom_src/install/bringup/share/bringup/package.bash'
[5.147s] INFO:colcon.colcon_core.shell:Creating package script '/home/dwduong74/yahboom_src/install/bringup/share/bringup/package.zsh'
[5.148s] Level 1:colcon.colcon_core.environment:create_file_with_runtime_dependencies(/home/dwduong74/yahboom_src/install/bringup/share/colcon-core/packages/bringup)
[5.154s] INFO:colcon.colcon_ros.task.ament_python.build:Building ROS package in '/home/dwduong74/yahboom_src/src/yahboom_gait' with build type 'ament_python'
[5.155s] Level 1:colcon.colcon_core.shell:create_environment_hook('yahboom_gait', 'ament_prefix_path')
[5.155s] INFO:colcon.colcon_core.shell:Creating environment hook '/home/dwduong74/yahboom_src/install/yahboom_gait/share/yahboom_gait/hook/ament_prefix_path.ps1'
[5.156s] INFO:colcon.colcon_core.shell:Creating environment descriptor '/home/dwduong74/yahboom_src/install/yahboom_gait/share/yahboom_gait/hook/ament_prefix_path.dsv'
[5.157s] INFO:colcon.colcon_core.shell:Creating environment hook '/home/dwduong74/yahboom_src/install/yahboom_gait/share/yahboom_gait/hook/ament_prefix_path.sh'
[5.158s] INFO:colcon.colcon_core.shell:Skip shell extension 'powershell' for command environment: Not usable outside of PowerShell
[5.159s] DEBUG:colcon.colcon_core.shell:Skip shell extension 'dsv' for command environment
[5.171s] INFO:colcon.colcon_ros.task.ament_python.build:Building ROS package in '/home/dwduong74/yahboom_src/src/yahboom_mediapipe' with build type 'ament_python'
[5.171s] Level 1:colcon.colcon_core.shell:create_environment_hook('yahboom_mediapipe', 'ament_prefix_path')
[5.172s] INFO:colcon.colcon_core.shell:Creating environment hook '/home/dwduong74/yahboom_src/install/yahboom_mediapipe/share/yahboom_mediapipe/hook/ament_prefix_path.ps1'
[5.172s] INFO:colcon.colcon_core.shell:Creating environment descriptor '/home/dwduong74/yahboom_src/install/yahboom_mediapipe/share/yahboom_mediapipe/hook/ament_prefix_path.dsv'
[5.173s] INFO:colcon.colcon_core.shell:Creating environment hook '/home/dwduong74/yahboom_src/install/yahboom_mediapipe/share/yahboom_mediapipe/hook/ament_prefix_path.sh'
[5.175s] INFO:colcon.colcon_core.shell:Skip shell extension 'powershell' for command environment: Not usable outside of PowerShell
[5.175s] DEBUG:colcon.colcon_core.shell:Skip shell extension 'dsv' for command environment
[6.054s] INFO:colcon.colcon_core.task.python.build:Building Python package in '/home/dwduong74/yahboom_src/src/yahboom_description'
[6.055s] INFO:colcon.colcon_core.shell:Skip shell extension 'powershell' for command environment: Not usable outside of PowerShell
[6.055s] DEBUG:colcon.colcon_core.shell:Skip shell extension 'dsv' for command environment
[6.609s] INFO:colcon.colcon_core.task.python.build:Building Python package in '/home/dwduong74/yahboom_src/src/yahboom_dog_joint_state'
[6.610s] INFO:colcon.colcon_core.shell:Skip shell extension 'powershell' for command environment: Not usable outside of PowerShell
[6.610s] DEBUG:colcon.colcon_core.shell:Skip shell extension 'dsv' for command environment
[6.628s] Level 1:colcon.colcon_core.environment:checking '/home/dwduong74/yahboom_src/install/tf_publisher' for CMake module files
[6.629s] DEBUG:colcon.colcon_core.event_handler.log_command:Invoking command in '/home/dwduong74/yahboom_src/src/yahboom_app_save_map': PYTHONPATH=/home/dwduong74/yahboom_src/build/yahboom_app_save_map/prefix_override:/usr/lib/python3/dist-packages/colcon_core/task/python/colcon_distutils_commands:/home/dwduong74/yahboom_src/install/yahboom_app_save_map/lib/python3.10/site-packages:${PYTHONPATH} /usr/bin/python3 -W ignore:setup.py install is deprecated -W ignore:easy_install command is deprecated setup.py egg_info --egg-base ../../build/yahboom_app_save_map build --build-base /home/dwduong74/yahboom_src/build/yahboom_app_save_map/build install --record /home/dwduong74/yahboom_src/build/yahboom_app_save_map/install.log --single-version-externally-managed install_data
[6.630s] DEBUG:colcon.colcon_core.event_handler.log_command:Invoked command in '/home/dwduong74/yahboom_src/src/tf_publisher' returned '0': PYTHONPATH=/home/dwduong74/yahboom_src/build/tf_publisher/prefix_override:/usr/lib/python3/dist-packages/colcon_core/task/python/colcon_distutils_commands:/home/dwduong74/yahboom_src/install/tf_publisher/lib/python3.10/site-packages:${PYTHONPATH} /usr/bin/python3 -W ignore:setup.py install is deprecated -W ignore:easy_install command is deprecated setup.py egg_info --egg-base ../../build/tf_publisher build --build-base /home/dwduong74/yahboom_src/build/tf_publisher/build install --record /home/dwduong74/yahboom_src/build/tf_publisher/install.log --single-version-externally-managed install_data
[6.630s] Level 1:colcon.colcon_core.environment:checking '/home/dwduong74/yahboom_src/install/tf_publisher' for CMake config files
[6.631s] Level 1:colcon.colcon_core.environment:checking '/home/dwduong74/yahboom_src/install/tf_publisher/lib'
[6.631s] Level 1:colcon.colcon_core.environment:checking '/home/dwduong74/yahboom_src/install/tf_publisher/bin'
[6.631s] Level 1:colcon.colcon_core.environment:checking '/home/dwduong74/yahboom_src/install/tf_publisher/lib/pkgconfig/tf_publisher.pc'
[6.632s] Level 1:colcon.colcon_core.environment:checking '/home/dwduong74/yahboom_src/install/tf_publisher/lib/python3.10/site-packages'
[6.632s] Level 1:colcon.colcon_core.shell:create_environment_hook('tf_publisher', 'pythonpath')
[6.632s] INFO:colcon.colcon_core.shell:Creating environment hook '/home/dwduong74/yahboom_src/install/tf_publisher/share/tf_publisher/hook/pythonpath.ps1'
[6.633s] INFO:colcon.colcon_core.shell:Creating environment descriptor '/home/dwduong74/yahboom_src/install/tf_publisher/share/tf_publisher/hook/pythonpath.dsv'
[6.633s] INFO:colcon.colcon_core.shell:Creating environment hook '/home/dwduong74/yahboom_src/install/tf_publisher/share/tf_publisher/hook/pythonpath.sh'
[6.635s] Level 1:colcon.colcon_core.environment:checking '/home/dwduong74/yahboom_src/install/tf_publisher/bin'
[6.635s] Level 1:colcon.colcon_core.environment:create_environment_scripts_only(tf_publisher)
[6.635s] INFO:colcon.colcon_core.shell:Creating package script '/home/dwduong74/yahboom_src/install/tf_publisher/share/tf_publisher/package.ps1'
[6.636s] INFO:colcon.colcon_core.shell:Creating package descriptor '/home/dwduong74/yahboom_src/install/tf_publisher/share/tf_publisher/package.dsv'
[6.637s] INFO:colcon.colcon_core.shell:Creating package script '/home/dwduong74/yahboom_src/install/tf_publisher/share/tf_publisher/package.sh'
[6.638s] INFO:colcon.colcon_core.shell:Creating package script '/home/dwduong74/yahboom_src/install/tf_publisher/share/tf_publisher/package.bash'
[6.638s] INFO:colcon.colcon_core.shell:Creating package script '/home/dwduong74/yahboom_src/install/tf_publisher/share/tf_publisher/package.zsh'
[6.639s] Level 1:colcon.colcon_core.environment:create_file_with_runtime_dependencies(/home/dwduong74/yahboom_src/install/tf_publisher/share/colcon-core/packages/tf_publisher)
[6.645s] DEBUG:colcon.colcon_core.event_handler.log_command:Invoking command in '/home/dwduong74/yahboom_src/src/yahboom_base': PYTHONPATH=/home/dwduong74/yahboom_src/build/yahboom_base/prefix_override:/usr/lib/python3/dist-packages/colcon_core/task/python/colcon_distutils_commands:/home/dwduong74/yahboom_src/install/yahboom_base/lib/python3.10/site-packages:${PYTHONPATH} /usr/bin/python3 -W ignore:setup.py install is deprecated -W ignore:easy_install command is deprecated setup.py egg_info --egg-base ../../build/yahboom_base build --build-base /home/dwduong74/yahboom_src/build/yahboom_base/build install --record /home/dwduong74/yahboom_src/build/yahboom_base/install.log --single-version-externally-managed install_data
[6.647s] DEBUG:colcon.colcon_core.event_handler.log_command:Invoking command in '/home/dwduong74/yahboom_src/src/yahboom_bringup': PYTHONPATH=/home/dwduong74/yahboom_src/build/yahboom_bringup/prefix_override:/usr/lib/python3/dist-packages/colcon_core/task/python/colcon_distutils_commands:/home/dwduong74/yahboom_src/install/yahboom_bringup/lib/python3.10/site-packages:${PYTHONPATH} /usr/bin/python3 -W ignore:setup.py install is deprecated -W ignore:easy_install command is deprecated setup.py egg_info --egg-base ../../build/yahboom_bringup build --build-base /home/dwduong74/yahboom_src/build/yahboom_bringup/build install --record /home/dwduong74/yahboom_src/build/yahboom_bringup/install.log --single-version-externally-managed install_data
[7.475s] INFO:colcon.colcon_core.task.python.build:Building Python package in '/home/dwduong74/yahboom_src/src/yahboom_gait'
[7.476s] INFO:colcon.colcon_core.shell:Skip shell extension 'powershell' for command environment: Not usable outside of PowerShell
[7.476s] DEBUG:colcon.colcon_core.shell:Skip shell extension 'dsv' for command environment
[7.994s] INFO:colcon.colcon_core.task.python.build:Building Python package in '/home/dwduong74/yahboom_src/src/yahboom_mediapipe'
[7.994s] INFO:colcon.colcon_core.shell:Skip shell extension 'powershell' for command environment: Not usable outside of PowerShell
[7.994s] DEBUG:colcon.colcon_core.shell:Skip shell extension 'dsv' for command environment
[8.003s] INFO:colcon.colcon_ros.task.ament_cmake.build:Building ROS package in '/home/dwduong74/yahboom_src/src/yahboom_msgs' with build type 'ament_cmake'
[8.004s] INFO:colcon.colcon_cmake.task.cmake.build:Building CMake package in '/home/dwduong74/yahboom_src/src/yahboom_msgs'
[8.004s] INFO:colcon.colcon_core.shell:Skip shell extension 'powershell' for command environment: Not usable outside of PowerShell
[8.004s] DEBUG:colcon.colcon_core.shell:Skip shell extension 'dsv' for command environment
[8.022s] Level 1:colcon.colcon_core.environment:checking '/home/dwduong74/yahboom_src/install/yahboom_bringup' for CMake module files
[8.023s] Level 1:colcon.colcon_core.environment:checking '/home/dwduong74/yahboom_src/install/yahboom_bringup' for CMake config files
[8.026s] Level 1:colcon.colcon_core.environment:checking '/home/dwduong74/yahboom_src/install/yahboom_bringup/lib'
[8.027s] Level 1:colcon.colcon_core.environment:checking '/home/dwduong74/yahboom_src/install/yahboom_bringup/bin'
[8.027s] Level 1:colcon.colcon_core.environment:checking '/home/dwduong74/yahboom_src/install/yahboom_bringup/lib/pkgconfig/yahboom_bringup.pc'
[8.027s] Level 1:colcon.colcon_core.environment:checking '/home/dwduong74/yahboom_src/install/yahboom_bringup/lib/python3.10/site-packages'
[8.027s] Level 1:colcon.colcon_core.shell:create_environment_hook('yahboom_bringup', 'pythonpath')
[8.027s] INFO:colcon.colcon_core.shell:Creating environment hook '/home/dwduong74/yahboom_src/install/yahboom_bringup/share/yahboom_bringup/hook/pythonpath.ps1'
[8.028s] INFO:colcon.colcon_core.shell:Creating environment descriptor '/home/dwduong74/yahboom_src/install/yahboom_bringup/share/yahboom_bringup/hook/pythonpath.dsv'
[8.029s] INFO:colcon.colcon_core.shell:Creating environment hook '/home/dwduong74/yahboom_src/install/yahboom_bringup/share/yahboom_bringup/hook/pythonpath.sh'
[8.030s] Level 1:colcon.colcon_core.environment:checking '/home/dwduong74/yahboom_src/install/yahboom_bringup/bin'
[8.030s] Level 1:colcon.colcon_core.environment:create_environment_scripts_only(yahboom_bringup)
[8.031s] INFO:colcon.colcon_core.shell:Creating package script '/home/dwduong74/yahboom_src/install/yahboom_bringup/share/yahboom_bringup/package.ps1'
[8.032s] INFO:colcon.colcon_core.shell:Creating package descriptor '/home/dwduong74/yahboom_src/install/yahboom_bringup/share/yahboom_bringup/package.dsv'
[8.033s] INFO:colcon.colcon_core.shell:Creating package script '/home/dwduong74/yahboom_src/install/yahboom_bringup/share/yahboom_bringup/package.sh'
[8.033s] DEBUG:colcon.colcon_core.event_handler.log_command:Invoked command in '/home/dwduong74/yahboom_src/src/yahboom_bringup' returned '0': PYTHONPATH=/home/dwduong74/yahboom_src/build/yahboom_bringup/prefix_override:/usr/lib/python3/dist-packages/colcon_core/task/python/colcon_distutils_commands:/home/dwduong74/yahboom_src/install/yahboom_bringup/lib/python3.10/site-packages:${PYTHONPATH} /usr/bin/python3 -W ignore:setup.py install is deprecated -W ignore:easy_install command is deprecated setup.py egg_info --egg-base ../../build/yahboom_bringup build --build-base /home/dwduong74/yahboom_src/build/yahboom_bringup/build install --record /home/dwduong74/yahboom_src/build/yahboom_bringup/install.log --single-version-externally-managed install_data
[8.034s] INFO:colcon.colcon_core.shell:Creating package script '/home/dwduong74/yahboom_src/install/yahboom_bringup/share/yahboom_bringup/package.bash'
[8.034s] INFO:colcon.colcon_core.shell:Creating package script '/home/dwduong74/yahboom_src/install/yahboom_bringup/share/yahboom_bringup/package.zsh'
[8.035s] Level 1:colcon.colcon_core.environment:create_file_with_runtime_dependencies(/home/dwduong74/yahboom_src/install/yahboom_bringup/share/colcon-core/packages/yahboom_bringup)
[8.035s] Level 1:colcon.colcon_core.environment:checking '/home/dwduong74/yahboom_src/install/yahboom_base' for CMake module files
[8.037s] Level 1:colcon.colcon_core.environment:checking '/home/dwduong74/yahboom_src/install/yahboom_base' for CMake config files
[8.037s] DEBUG:colcon.colcon_core.event_handler.log_command:Invoked command in '/home/dwduong74/yahboom_src/src/yahboom_base' returned '0': PYTHONPATH=/home/dwduong74/yahboom_src/build/yahboom_base/prefix_override:/usr/lib/python3/dist-packages/colcon_core/task/python/colcon_distutils_commands:/home/dwduong74/yahboom_src/install/yahboom_base/lib/python3.10/site-packages:${PYTHONPATH} /usr/bin/python3 -W ignore:setup.py install is deprecated -W ignore:easy_install command is deprecated setup.py egg_info --egg-base ../../build/yahboom_base build --build-base /home/dwduong74/yahboom_src/build/yahboom_base/build install --record /home/dwduong74/yahboom_src/build/yahboom_base/install.log --single-version-externally-managed install_data
[8.037s] Level 1:colcon.colcon_core.environment:checking '/home/dwduong74/yahboom_src/install/yahboom_base/lib'
[8.038s] Level 1:colcon.colcon_core.environment:checking '/home/dwduong74/yahboom_src/install/yahboom_base/bin'
[8.038s] Level 1:colcon.colcon_core.environment:checking '/home/dwduong74/yahboom_src/install/yahboom_base/lib/pkgconfig/yahboom_base.pc'
[8.038s] Level 1:colcon.colcon_core.environment:checking '/home/dwduong74/yahboom_src/install/yahboom_base/lib/python3.10/site-packages'
[8.038s] Level 1:colcon.colcon_core.shell:create_environment_hook('yahboom_base', 'pythonpath')
[8.038s] INFO:colcon.colcon_core.shell:Creating environment hook '/home/dwduong74/yahboom_src/install/yahboom_base/share/yahboom_base/hook/pythonpath.ps1'
[8.039s] INFO:colcon.colcon_core.shell:Creating environment descriptor '/home/dwduong74/yahboom_src/install/yahboom_base/share/yahboom_base/hook/pythonpath.dsv'
[8.039s] INFO:colcon.colcon_core.shell:Creating environment hook '/home/dwduong74/yahboom_src/install/yahboom_base/share/yahboom_base/hook/pythonpath.sh'
[8.040s] Level 1:colcon.colcon_core.environment:checking '/home/dwduong74/yahboom_src/install/yahboom_base/bin'
[8.040s] Level 1:colcon.colcon_core.environment:create_environment_scripts_only(yahboom_base)
[8.040s] INFO:colcon.colcon_core.shell:Creating package script '/home/dwduong74/yahboom_src/install/yahboom_base/share/yahboom_base/package.ps1'
[8.041s] INFO:colcon.colcon_core.shell:Creating package descriptor '/home/dwduong74/yahboom_src/install/yahboom_base/share/yahboom_base/package.dsv'
[8.041s] INFO:colcon.colcon_core.shell:Creating package script '/home/dwduong74/yahboom_src/install/yahboom_base/share/yahboom_base/package.sh'
[8.042s] INFO:colcon.colcon_core.shell:Creating package script '/home/dwduong74/yahboom_src/install/yahboom_base/share/yahboom_base/package.bash'
[8.042s] INFO:colcon.colcon_core.shell:Creating package script '/home/dwduong74/yahboom_src/install/yahboom_base/share/yahboom_base/package.zsh'
[8.043s] Level 1:colcon.colcon_core.environment:create_file_with_runtime_dependencies(/home/dwduong74/yahboom_src/install/yahboom_base/share/colcon-core/packages/yahboom_base)
[8.043s] Level 1:colcon.colcon_core.environment:checking '/home/dwduong74/yahboom_src/install/yahboom_app_save_map' for CMake module files
[8.044s] Level 1:colcon.colcon_core.environment:checking '/home/dwduong74/yahboom_src/install/yahboom_app_save_map' for CMake config files
[8.045s] DEBUG:colcon.colcon_core.event_handler.log_command:Invoked command in '/home/dwduong74/yahboom_src/src/yahboom_app_save_map' returned '0': PYTHONPATH=/home/dwduong74/yahboom_src/build/yahboom_app_save_map/prefix_override:/usr/lib/python3/dist-packages/colcon_core/task/python/colcon_distutils_commands:/home/dwduong74/yahboom_src/install/yahboom_app_save_map/lib/python3.10/site-packages:${PYTHONPATH} /usr/bin/python3 -W ignore:setup.py install is deprecated -W ignore:easy_install command is deprecated setup.py egg_info --egg-base ../../build/yahboom_app_save_map build --build-base /home/dwduong74/yahboom_src/build/yahboom_app_save_map/build install --record /home/dwduong74/yahboom_src/build/yahboom_app_save_map/install.log --single-version-externally-managed install_data
[8.045s] Level 1:colcon.colcon_core.environment:checking '/home/dwduong74/yahboom_src/install/yahboom_app_save_map/lib'
[8.045s] Level 1:colcon.colcon_core.environment:checking '/home/dwduong74/yahboom_src/install/yahboom_app_save_map/bin'
[8.045s] Level 1:colcon.colcon_core.environment:checking '/home/dwduong74/yahboom_src/install/yahboom_app_save_map/lib/pkgconfig/yahboom_app_save_map.pc'
[8.046s] Level 1:colcon.colcon_core.environment:checking '/home/dwduong74/yahboom_src/install/yahboom_app_save_map/lib/python3.10/site-packages'
[8.046s] Level 1:colcon.colcon_core.shell:create_environment_hook('yahboom_app_save_map', 'pythonpath')
[8.046s] INFO:colcon.colcon_core.shell:Creating environment hook '/home/dwduong74/yahboom_src/install/yahboom_app_save_map/share/yahboom_app_save_map/hook/pythonpath.ps1'
[8.047s] INFO:colcon.colcon_core.shell:Creating environment descriptor '/home/dwduong74/yahboom_src/install/yahboom_app_save_map/share/yahboom_app_save_map/hook/pythonpath.dsv'
[8.047s] INFO:colcon.colcon_core.shell:Creating environment hook '/home/dwduong74/yahboom_src/install/yahboom_app_save_map/share/yahboom_app_save_map/hook/pythonpath.sh'
[8.048s] Level 1:colcon.colcon_core.environment:checking '/home/dwduong74/yahboom_src/install/yahboom_app_save_map/bin'
[8.048s] Level 1:colcon.colcon_core.environment:create_environment_scripts_only(yahboom_app_save_map)
[8.048s] INFO:colcon.colcon_core.shell:Creating package script '/home/dwduong74/yahboom_src/install/yahboom_app_save_map/share/yahboom_app_save_map/package.ps1'
[8.049s] INFO:colcon.colcon_core.shell:Creating package descriptor '/home/dwduong74/yahboom_src/install/yahboom_app_save_map/share/yahboom_app_save_map/package.dsv'
[8.049s] INFO:colcon.colcon_core.shell:Creating package script '/home/dwduong74/yahboom_src/install/yahboom_app_save_map/share/yahboom_app_save_map/package.sh'
[8.050s] INFO:colcon.colcon_core.shell:Creating package script '/home/dwduong74/yahboom_src/install/yahboom_app_save_map/share/yahboom_app_save_map/package.bash'
[8.050s] INFO:colcon.colcon_core.shell:Creating package script '/home/dwduong74/yahboom_src/install/yahboom_app_save_map/share/yahboom_app_save_map/package.zsh'
[8.051s] Level 1:colcon.colcon_core.environment:create_file_with_runtime_dependencies(/home/dwduong74/yahboom_src/install/yahboom_app_save_map/share/colcon-core/packages/yahboom_app_save_map)
[8.051s] INFO:colcon.colcon_ros.task.ament_python.build:Building ROS package in '/home/dwduong74/yahboom_src/src/yahboom_set_height' with build type 'ament_python'
[8.051s] Level 1:colcon.colcon_core.shell:create_environment_hook('yahboom_set_height', 'ament_prefix_path')
[8.052s] INFO:colcon.colcon_core.shell:Creating environment hook '/home/dwduong74/yahboom_src/install/yahboom_set_height/share/yahboom_set_height/hook/ament_prefix_path.ps1'
[8.052s] INFO:colcon.colcon_core.shell:Creating environment descriptor '/home/dwduong74/yahboom_src/install/yahboom_set_height/share/yahboom_set_height/hook/ament_prefix_path.dsv'
[8.053s] INFO:colcon.colcon_core.shell:Creating environment hook '/home/dwduong74/yahboom_src/install/yahboom_set_height/share/yahboom_set_height/hook/ament_prefix_path.sh'
[8.054s] INFO:colcon.colcon_core.shell:Skip shell extension 'powershell' for command environment: Not usable outside of PowerShell
[8.054s] DEBUG:colcon.colcon_core.shell:Skip shell extension 'dsv' for command environment
[8.062s] INFO:colcon.colcon_ros.task.ament_cmake.build:Building ROS package in '/home/dwduong74/yahboom_src/src/unitree-go2-ros2/champ/champ_gazebo' with build type 'ament_cmake'
[8.062s] INFO:colcon.colcon_cmake.task.cmake.build:Building CMake package in '/home/dwduong74/yahboom_src/src/unitree-go2-ros2/champ/champ_gazebo'
[8.062s] INFO:colcon.colcon_core.shell:Skip shell extension 'powershell' for command environment: Not usable outside of PowerShell
[8.062s] DEBUG:colcon.colcon_core.shell:Skip shell extension 'dsv' for command environment
[8.071s] INFO:colcon.colcon_ros.task.ament_cmake.build:Building ROS package in '/home/dwduong74/yahboom_src/src/unitree-go2-ros2/champ/champ_bringup' with build type 'ament_cmake'
[8.071s] INFO:colcon.colcon_cmake.task.cmake.build:Building CMake package in '/home/dwduong74/yahboom_src/src/unitree-go2-ros2/champ/champ_bringup'
[8.071s] INFO:colcon.colcon_core.shell:Skip shell extension 'powershell' for command environment: Not usable outside of PowerShell
[8.072s] DEBUG:colcon.colcon_core.shell:Skip shell extension 'dsv' for command environment
[8.094s] DEBUG:colcon.colcon_core.event_handler.log_command:Invoking command in '/home/dwduong74/yahboom_src/build/yahboom_msgs': CMAKE_PREFIX_PATH=${CMAKE_PREFIX_PATH}:/home/dwduong74/yahboom_src/install/yahboom_set_height:/home/dwduong74/yahboom_src/install/yahboom_mediapipe:/home/dwduong74/yahboom_src/install/yahboom_gait:/home/dwduong74/yahboom_src/install/yahboom_dog_joint_state:/home/dwduong74/yahboom_src/install/yahboom_description:/home/dwduong74/yahboom_src/install/yahboom_bringup:/home/dwduong74/yahboom_src/install/yahboom_base:/home/dwduong74/yahboom_src/install/yahboom_app_save_map:/home/dwduong74/yahboom_src/install/tf_publisher:/home/dwduong74/yahboom_src/install/bringup:/home/dwduong74/LUMI_ws/install/custom_explorer:/opt/ros/humble /usr/bin/cmake --build /home/dwduong74/yahboom_src/build/yahboom_msgs -- -j8 -l8
[9.112s] INFO:colcon.colcon_core.task.python.build:Building Python package in '/home/dwduong74/yahboom_src/src/yahboom_set_height'
[9.112s] INFO:colcon.colcon_core.shell:Skip shell extension 'powershell' for command environment: Not usable outside of PowerShell
[9.113s] DEBUG:colcon.colcon_core.shell:Skip shell extension 'dsv' for command environment
[9.129s] DEBUG:colcon.colcon_core.event_handler.log_command:Invoking command in '/home/dwduong74/yahboom_src/build/champ_gazebo': CMAKE_PREFIX_PATH=/home/dwduong74/yahboom_src/install/champ_msgs:/home/dwduong74/yahboom_src/install/champ:/home/dwduong74/yahboom_src/install/yahboom_msgs:/home/dwduong74/yahboom_src/install/velodyne_simulator:/home/dwduong74/yahboom_src/install/velodyne_description:/home/dwduong74/yahboom_src/install/champ_bringup:/home/dwduong74/yahboom_src/install/champ_description:/home/dwduong74/yahboom_src/install/velodyne_gazebo_plugins:/home/dwduong74/yahboom_src/install/oradar_lidar:/home/dwduong74/yahboom_src/install/image_color_lab:/home/dwduong74/yahboom_src/install/go2_description:/home/dwduong74/yahboom_src/install/go2_config:/home/dwduong74/yahboom_src/install/dogzilla_description:/home/dwduong74/yahboom_src/install/dogzilla_config:/home/dwduong74/yahboom_src/install/champ_teleop:/home/dwduong74/yahboom_src/install/champ_navigation:/home/dwduong74/yahboom_src/install/champ_gazebo:/home/dwduong74/yahboom_src/install/champ_base:/home/dwduong74/yahboom_src/install/champ_config:/home/dwduong74/LUMI_ws/install/turtlebot3_manipulation_gazebo:/home/dwduong74/LUMI_ws/install/champ:/home/dwduong74/LUMI_ws/install/rf2o_laser_odometry:/home/dwduong74/yahboom_src/install/yahboom_set_height:/home/dwduong74/yahboom_src/install/yahboom_mediapipe:/home/dwduong74/yahboom_src/install/yahboom_gait:/home/dwduong74/yahboom_src/install/yahboom_dog_joint_state:/home/dwduong74/yahboom_src/install/yahboom_description:/home/dwduong74/yahboom_src/install/yahboom_bringup:/home/dwduong74/yahboom_src/install/yahboom_base:/home/dwduong74/yahboom_src/install/yahboom_app_save_map:/home/dwduong74/yahboom_src/install/tf_publisher:/home/dwduong74/yahboom_src/install/bringup:/home/dwduong74/LUMI_ws/install/custom_explorer:/opt/ros/humble LD_LIBRARY_PATH=/home/dwduong74/yahboom_src/install/champ_msgs/lib:/home/dwduong74/yahboom_src/install/yahboom_msgs/lib:/home/dwduong74/yahboom_src/install/velodyne_gazebo_plugins/lib:/home/dwduong74/yahboom_src/install/image_color_lab/lib:/home/dwduong74/yahboom_src/install/champ_base/lib:/usr/lib/x86_64-linux-gnu/gazebo-11/plugins:/opt/ros/humble/opt/rviz_ogre_vendor/lib:/opt/ros/humble/lib/x86_64-linux-gnu:/opt/ros/humble/lib /usr/bin/cmake --build /home/dwduong74/yahboom_src/build/champ_gazebo -- -j8 -l8
[9.135s] DEBUG:colcon.colcon_core.event_handler.log_command:Invoking command in '/home/dwduong74/yahboom_src/build/champ_bringup': CMAKE_PREFIX_PATH=/home/dwduong74/yahboom_src/install/champ_description:/home/dwduong74/yahboom_src/install/champ_base:/home/dwduong74/yahboom_src/install/velodyne_gazebo_plugins:/home/dwduong74/yahboom_src/install/champ_msgs:/home/dwduong74/yahboom_src/install/champ:/home/dwduong74/yahboom_src/install/yahboom_msgs:/home/dwduong74/yahboom_src/install/velodyne_simulator:/home/dwduong74/yahboom_src/install/velodyne_description:/home/dwduong74/yahboom_src/install/champ_bringup:/home/dwduong74/yahboom_src/install/oradar_lidar:/home/dwduong74/yahboom_src/install/image_color_lab:/home/dwduong74/yahboom_src/install/go2_description:/home/dwduong74/yahboom_src/install/go2_config:/home/dwduong74/yahboom_src/install/dogzilla_description:/home/dwduong74/yahboom_src/install/dogzilla_config:/home/dwduong74/yahboom_src/install/champ_teleop:/home/dwduong74/yahboom_src/install/champ_navigation:/home/dwduong74/yahboom_src/install/champ_gazebo:/home/dwduong74/yahboom_src/install/champ_config:/home/dwduong74/LUMI_ws/install/turtlebot3_manipulation_gazebo:/home/dwduong74/LUMI_ws/install/champ:/home/dwduong74/LUMI_ws/install/rf2o_laser_odometry:/home/dwduong74/yahboom_src/install/yahboom_set_height:/home/dwduong74/yahboom_src/install/yahboom_mediapipe:/home/dwduong74/yahboom_src/install/yahboom_gait:/home/dwduong74/yahboom_src/install/yahboom_dog_joint_state:/home/dwduong74/yahboom_src/install/yahboom_description:/home/dwduong74/yahboom_src/install/yahboom_bringup:/home/dwduong74/yahboom_src/install/yahboom_base:/home/dwduong74/yahboom_src/install/yahboom_app_save_map:/home/dwduong74/yahboom_src/install/tf_publisher:/home/dwduong74/yahboom_src/install/bringup:/home/dwduong74/LUMI_ws/install/custom_explorer:/opt/ros/humble LD_LIBRARY_PATH=/home/dwduong74/yahboom_src/install/champ_base/lib:/home/dwduong74/yahboom_src/install/velodyne_gazebo_plugins/lib:/home/dwduong74/yahboom_src/install/champ_msgs/lib:/home/dwduong74/yahboom_src/install/yahboom_msgs/lib:/home/dwduong74/yahboom_src/install/image_color_lab/lib:/usr/lib/x86_64-linux-gnu/gazebo-11/plugins:/opt/ros/humble/opt/rviz_ogre_vendor/lib:/opt/ros/humble/lib/x86_64-linux-gnu:/opt/ros/humble/lib PATH=/home/dwduong74/yahboom_src/install/champ_base/bin:/home/dwduong74/yahboom_src/install/oradar_lidar/bin:/home/dwduong74/yahboom_src/install/champ_gazebo/bin:/usr/bin:/home/dwduong74/.local/bin:/home/dwduong74/.local/bin:/opt/ros/humble/bin:/usr/local/sbin:/usr/local/bin:/usr/sbin:/usr/bin:/sbin:/bin:/usr/games:/usr/local/games:/snap/bin /usr/bin/cmake --build /home/dwduong74/yahboom_src/build/champ_bringup -- -j8 -l8
[9.141s] DEBUG:colcon.colcon_core.event_handler.log_command:Invoking command in '/home/dwduong74/yahboom_src/src/yahboom_dog_joint_state': PYTHONPATH=/home/dwduong74/yahboom_src/build/yahboom_dog_joint_state/prefix_override:/usr/lib/python3/dist-packages/colcon_core/task/python/colcon_distutils_commands:/home/dwduong74/yahboom_src/install/yahboom_dog_joint_state/lib/python3.10/site-packages:${PYTHONPATH} /usr/bin/python3 -W ignore:setup.py install is deprecated -W ignore:easy_install command is deprecated setup.py egg_info --egg-base ../../build/yahboom_dog_joint_state build --build-base /home/dwduong74/yahboom_src/build/yahboom_dog_joint_state/build install --record /home/dwduong74/yahboom_src/build/yahboom_dog_joint_state/install.log --single-version-externally-managed install_data
[9.242s] DEBUG:colcon.colcon_core.event_handler.log_command:Invoked command in '/home/dwduong74/yahboom_src/build/champ_gazebo' returned '0': CMAKE_PREFIX_PATH=/home/dwduong74/yahboom_src/install/champ_msgs:/home/dwduong74/yahboom_src/install/champ:/home/dwduong74/yahboom_src/install/yahboom_msgs:/home/dwduong74/yahboom_src/install/velodyne_simulator:/home/dwduong74/yahboom_src/install/velodyne_description:/home/dwduong74/yahboom_src/install/champ_bringup:/home/dwduong74/yahboom_src/install/champ_description:/home/dwduong74/yahboom_src/install/velodyne_gazebo_plugins:/home/dwduong74/yahboom_src/install/oradar_lidar:/home/dwduong74/yahboom_src/install/image_color_lab:/home/dwduong74/yahboom_src/install/go2_description:/home/dwduong74/yahboom_src/install/go2_config:/home/dwduong74/yahboom_src/install/dogzilla_description:/home/dwduong74/yahboom_src/install/dogzilla_config:/home/dwduong74/yahboom_src/install/champ_teleop:/home/dwduong74/yahboom_src/install/champ_navigation:/home/dwduong74/yahboom_src/install/champ_gazebo:/home/dwduong74/yahboom_src/install/champ_base:/home/dwduong74/yahboom_src/install/champ_config:/home/dwduong74/LUMI_ws/install/turtlebot3_manipulation_gazebo:/home/dwduong74/LUMI_ws/install/champ:/home/dwduong74/LUMI_ws/install/rf2o_laser_odometry:/home/dwduong74/yahboom_src/install/yahboom_set_height:/home/dwduong74/yahboom_src/install/yahboom_mediapipe:/home/dwduong74/yahboom_src/install/yahboom_gait:/home/dwduong74/yahboom_src/install/yahboom_dog_joint_state:/home/dwduong74/yahboom_src/install/yahboom_description:/home/dwduong74/yahboom_src/install/yahboom_bringup:/home/dwduong74/yahboom_src/install/yahboom_base:/home/dwduong74/yahboom_src/install/yahboom_app_save_map:/home/dwduong74/yahboom_src/install/tf_publisher:/home/dwduong74/yahboom_src/install/bringup:/home/dwduong74/LUMI_ws/install/custom_explorer:/opt/ros/humble LD_LIBRARY_PATH=/home/dwduong74/yahboom_src/install/champ_msgs/lib:/home/dwduong74/yahboom_src/install/yahboom_msgs/lib:/home/dwduong74/yahboom_src/install/velodyne_gazebo_plugins/lib:/home/dwduong74/yahboom_src/install/image_color_lab/lib:/home/dwduong74/yahboom_src/install/champ_base/lib:/usr/lib/x86_64-linux-gnu/gazebo-11/plugins:/opt/ros/humble/opt/rviz_ogre_vendor/lib:/opt/ros/humble/lib/x86_64-linux-gnu:/opt/ros/humble/lib /usr/bin/cmake --build /home/dwduong74/yahboom_src/build/champ_gazebo -- -j8 -l8
[9.243s] DEBUG:colcon.colcon_core.event_handler.log_command:Invoking command in '/home/dwduong74/yahboom_src/build/champ_gazebo': CMAKE_PREFIX_PATH=/home/dwduong74/yahboom_src/install/champ_msgs:/home/dwduong74/yahboom_src/install/champ:/home/dwduong74/yahboom_src/install/yahboom_msgs:/home/dwduong74/yahboom_src/install/velodyne_simulator:/home/dwduong74/yahboom_src/install/velodyne_description:/home/dwduong74/yahboom_src/install/champ_bringup:/home/dwduong74/yahboom_src/install/champ_description:/home/dwduong74/yahboom_src/install/velodyne_gazebo_plugins:/home/dwduong74/yahboom_src/install/oradar_lidar:/home/dwduong74/yahboom_src/install/image_color_lab:/home/dwduong74/yahboom_src/install/go2_description:/home/dwduong74/yahboom_src/install/go2_config:/home/dwduong74/yahboom_src/install/dogzilla_description:/home/dwduong74/yahboom_src/install/dogzilla_config:/home/dwduong74/yahboom_src/install/champ_teleop:/home/dwduong74/yahboom_src/install/champ_navigation:/home/dwduong74/yahboom_src/install/champ_gazebo:/home/dwduong74/yahboom_src/install/champ_base:/home/dwduong74/yahboom_src/install/champ_config:/home/dwduong74/LUMI_ws/install/turtlebot3_manipulation_gazebo:/home/dwduong74/LUMI_ws/install/champ:/home/dwduong74/LUMI_ws/install/rf2o_laser_odometry:/home/dwduong74/yahboom_src/install/yahboom_set_height:/home/dwduong74/yahboom_src/install/yahboom_mediapipe:/home/dwduong74/yahboom_src/install/yahboom_gait:/home/dwduong74/yahboom_src/install/yahboom_dog_joint_state:/home/dwduong74/yahboom_src/install/yahboom_description:/home/dwduong74/yahboom_src/install/yahboom_bringup:/home/dwduong74/yahboom_src/install/yahboom_base:/home/dwduong74/yahboom_src/install/yahboom_app_save_map:/home/dwduong74/yahboom_src/install/tf_publisher:/home/dwduong74/yahboom_src/install/bringup:/home/dwduong74/LUMI_ws/install/custom_explorer:/opt/ros/humble LD_LIBRARY_PATH=/home/dwduong74/yahboom_src/install/champ_msgs/lib:/home/dwduong74/yahboom_src/install/yahboom_msgs/lib:/home/dwduong74/yahboom_src/install/velodyne_gazebo_plugins/lib:/home/dwduong74/yahboom_src/install/image_color_lab/lib:/home/dwduong74/yahboom_src/install/champ_base/lib:/usr/lib/x86_64-linux-gnu/gazebo-11/plugins:/opt/ros/humble/opt/rviz_ogre_vendor/lib:/opt/ros/humble/lib/x86_64-linux-gnu:/opt/ros/humble/lib /usr/bin/cmake --install /home/dwduong74/yahboom_src/build/champ_gazebo
[9.282s] Level 1:colcon.colcon_core.environment:create_environment_scripts_only(champ_gazebo)
[9.282s] Level 1:colcon.colcon_core.environment:checking '/home/dwduong74/yahboom_src/install/champ_gazebo' for CMake module files
[9.283s] Level 1:colcon.colcon_core.environment:checking '/home/dwduong74/yahboom_src/install/champ_gazebo' for CMake config files
[9.284s] Level 1:colcon.colcon_core.shell:create_environment_hook('champ_gazebo', 'cmake_prefix_path')
[9.284s] INFO:colcon.colcon_core.shell:Creating environment hook '/home/dwduong74/yahboom_src/install/champ_gazebo/share/champ_gazebo/hook/cmake_prefix_path.ps1'
[9.285s] INFO:colcon.colcon_core.shell:Creating environment descriptor '/home/dwduong74/yahboom_src/install/champ_gazebo/share/champ_gazebo/hook/cmake_prefix_path.dsv'
[9.289s] INFO:colcon.colcon_core.shell:Creating environment hook '/home/dwduong74/yahboom_src/install/champ_gazebo/share/champ_gazebo/hook/cmake_prefix_path.sh'
[9.290s] Level 1:colcon.colcon_core.environment:checking '/home/dwduong74/yahboom_src/install/champ_gazebo/bin'
[9.290s] Level 1:colcon.colcon_core.shell:create_environment_hook('champ_gazebo', 'path')
[9.291s] INFO:colcon.colcon_core.shell:Creating environment hook '/home/dwduong74/yahboom_src/install/champ_gazebo/share/champ_gazebo/hook/path.ps1'
[9.292s] INFO:colcon.colcon_core.shell:Creating environment descriptor '/home/dwduong74/yahboom_src/install/champ_gazebo/share/champ_gazebo/hook/path.dsv'
[9.292s] DEBUG:colcon.colcon_core.event_handler.log_command:Invoked command in '/home/dwduong74/yahboom_src/build/champ_gazebo' returned '0': CMAKE_PREFIX_PATH=/home/dwduong74/yahboom_src/install/champ_msgs:/home/dwduong74/yahboom_src/install/champ:/home/dwduong74/yahboom_src/install/yahboom_msgs:/home/dwduong74/yahboom_src/install/velodyne_simulator:/home/dwduong74/yahboom_src/install/velodyne_description:/home/dwduong74/yahboom_src/install/champ_bringup:/home/dwduong74/yahboom_src/install/champ_description:/home/dwduong74/yahboom_src/install/velodyne_gazebo_plugins:/home/dwduong74/yahboom_src/install/oradar_lidar:/home/dwduong74/yahboom_src/install/image_color_lab:/home/dwduong74/yahboom_src/install/go2_description:/home/dwduong74/yahboom_src/install/go2_config:/home/dwduong74/yahboom_src/install/dogzilla_description:/home/dwduong74/yahboom_src/install/dogzilla_config:/home/dwduong74/yahboom_src/install/champ_teleop:/home/dwduong74/yahboom_src/install/champ_navigation:/home/dwduong74/yahboom_src/install/champ_gazebo:/home/dwduong74/yahboom_src/install/champ_base:/home/dwduong74/yahboom_src/install/champ_config:/home/dwduong74/LUMI_ws/install/turtlebot3_manipulation_gazebo:/home/dwduong74/LUMI_ws/install/champ:/home/dwduong74/LUMI_ws/install/rf2o_laser_odometry:/home/dwduong74/yahboom_src/install/yahboom_set_height:/home/dwduong74/yahboom_src/install/yahboom_mediapipe:/home/dwduong74/yahboom_src/install/yahboom_gait:/home/dwduong74/yahboom_src/install/yahboom_dog_joint_state:/home/dwduong74/yahboom_src/install/yahboom_description:/home/dwduong74/yahboom_src/install/yahboom_bringup:/home/dwduong74/yahboom_src/install/yahboom_base:/home/dwduong74/yahboom_src/install/yahboom_app_save_map:/home/dwduong74/yahboom_src/install/tf_publisher:/home/dwduong74/yahboom_src/install/bringup:/home/dwduong74/LUMI_ws/install/custom_explorer:/opt/ros/humble LD_LIBRARY_PATH=/home/dwduong74/yahboom_src/install/champ_msgs/lib:/home/dwduong74/yahboom_src/install/yahboom_msgs/lib:/home/dwduong74/yahboom_src/install/velodyne_gazebo_plugins/lib:/home/dwduong74/yahboom_src/install/image_color_lab/lib:/home/dwduong74/yahboom_src/install/champ_base/lib:/usr/lib/x86_64-linux-gnu/gazebo-11/plugins:/opt/ros/humble/opt/rviz_ogre_vendor/lib:/opt/ros/humble/lib/x86_64-linux-gnu:/opt/ros/humble/lib /usr/bin/cmake --install /home/dwduong74/yahboom_src/build/champ_gazebo
[9.293s] INFO:colcon.colcon_core.shell:Creating environment hook '/home/dwduong74/yahboom_src/install/champ_gazebo/share/champ_gazebo/hook/path.sh'
[9.294s] Level 1:colcon.colcon_core.environment:checking '/home/dwduong74/yahboom_src/install/champ_gazebo/lib/pkgconfig/champ_gazebo.pc'
[9.294s] Level 1:colcon.colcon_core.environment:checking '/home/dwduong74/yahboom_src/install/champ_gazebo/lib/python3.10/site-packages'
[9.295s] Level 1:colcon.colcon_core.environment:checking '/home/dwduong74/yahboom_src/install/champ_gazebo/bin'
[9.295s] Level 1:colcon.colcon_core.shell:create_environment_hook('champ_gazebo', 'pythonscriptspath')
[9.295s] INFO:colcon.colcon_core.shell:Creating environment hook '/home/dwduong74/yahboom_src/install/champ_gazebo/share/champ_gazebo/hook/pythonscriptspath.ps1'
[9.296s] INFO:colcon.colcon_core.shell:Creating environment descriptor '/home/dwduong74/yahboom_src/install/champ_gazebo/share/champ_gazebo/hook/pythonscriptspath.dsv'
[9.297s] INFO:colcon.colcon_core.shell:Creating environment hook '/home/dwduong74/yahboom_src/install/champ_gazebo/share/champ_gazebo/hook/pythonscriptspath.sh'
[9.298s] INFO:colcon.colcon_core.shell:Creating package script '/home/dwduong74/yahboom_src/install/champ_gazebo/share/champ_gazebo/package.ps1'
[9.299s] INFO:colcon.colcon_core.shell:Creating package descriptor '/home/dwduong74/yahboom_src/install/champ_gazebo/share/champ_gazebo/package.dsv'
[9.300s] INFO:colcon.colcon_core.shell:Creating package script '/home/dwduong74/yahboom_src/install/champ_gazebo/share/champ_gazebo/package.sh'
[9.301s] INFO:colcon.colcon_core.shell:Creating package script '/home/dwduong74/yahboom_src/install/champ_gazebo/share/champ_gazebo/package.bash'
[9.302s] INFO:colcon.colcon_core.shell:Creating package script '/home/dwduong74/yahboom_src/install/champ_gazebo/share/champ_gazebo/package.zsh'
[9.303s] Level 1:colcon.colcon_core.environment:create_file_with_runtime_dependencies(/home/dwduong74/yahboom_src/install/champ_gazebo/share/colcon-core/packages/champ_gazebo)
[9.304s] Level 1:colcon.colcon_core.environment:create_environment_scripts_only(champ_gazebo)
[9.304s] Level 1:colcon.colcon_core.environment:checking '/home/dwduong74/yahboom_src/install/champ_gazebo' for CMake module files
[9.305s] Level 1:colcon.colcon_core.environment:checking '/home/dwduong74/yahboom_src/install/champ_gazebo' for CMake config files
[9.306s] Level 1:colcon.colcon_core.shell:create_environment_hook('champ_gazebo', 'cmake_prefix_path')
[9.306s] INFO:colcon.colcon_core.shell:Creating environment hook '/home/dwduong74/yahboom_src/install/champ_gazebo/share/champ_gazebo/hook/cmake_prefix_path.ps1'
[9.307s] INFO:colcon.colcon_core.shell:Creating environment descriptor '/home/dwduong74/yahboom_src/install/champ_gazebo/share/champ_gazebo/hook/cmake_prefix_path.dsv'
[9.308s] INFO:colcon.colcon_core.shell:Creating environment hook '/home/dwduong74/yahboom_src/install/champ_gazebo/share/champ_gazebo/hook/cmake_prefix_path.sh'
[9.313s] Level 1:colcon.colcon_core.environment:checking '/home/dwduong74/yahboom_src/install/champ_gazebo/bin'
[9.313s] Level 1:colcon.colcon_core.shell:create_environment_hook('champ_gazebo', 'path')
[9.313s] INFO:colcon.colcon_core.shell:Creating environment hook '/home/dwduong74/yahboom_src/install/champ_gazebo/share/champ_gazebo/hook/path.ps1'
[9.315s] INFO:colcon.colcon_core.shell:Creating environment descriptor '/home/dwduong74/yahboom_src/install/champ_gazebo/share/champ_gazebo/hook/path.dsv'
[9.316s] INFO:colcon.colcon_core.shell:Creating environment hook '/home/dwduong74/yahboom_src/install/champ_gazebo/share/champ_gazebo/hook/path.sh'
[9.317s] Level 1:colcon.colcon_core.environment:checking '/home/dwduong74/yahboom_src/install/champ_gazebo/lib/pkgconfig/champ_gazebo.pc'
[9.317s] Level 1:colcon.colcon_core.environment:checking '/home/dwduong74/yahboom_src/install/champ_gazebo/lib/python3.10/site-packages'
[9.318s] Level 1:colcon.colcon_core.environment:checking '/home/dwduong74/yahboom_src/install/champ_gazebo/bin'
[9.318s] Level 1:colcon.colcon_core.shell:create_environment_hook('champ_gazebo', 'pythonscriptspath')
[9.319s] INFO:colcon.colcon_core.shell:Creating environment hook '/home/dwduong74/yahboom_src/install/champ_gazebo/share/champ_gazebo/hook/pythonscriptspath.ps1'
[9.320s] INFO:colcon.colcon_core.shell:Creating environment descriptor '/home/dwduong74/yahboom_src/install/champ_gazebo/share/champ_gazebo/hook/pythonscriptspath.dsv'
[9.321s] INFO:colcon.colcon_core.shell:Creating environment hook '/home/dwduong74/yahboom_src/install/champ_gazebo/share/champ_gazebo/hook/pythonscriptspath.sh'
[9.323s] INFO:colcon.colcon_core.shell:Creating package script '/home/dwduong74/yahboom_src/install/champ_gazebo/share/champ_gazebo/package.ps1'
[9.325s] INFO:colcon.colcon_core.shell:Creating package descriptor '/home/dwduong74/yahboom_src/install/champ_gazebo/share/champ_gazebo/package.dsv'
[9.327s] INFO:colcon.colcon_core.shell:Creating package script '/home/dwduong74/yahboom_src/install/champ_gazebo/share/champ_gazebo/package.sh'
[9.328s] INFO:colcon.colcon_core.shell:Creating package script '/home/dwduong74/yahboom_src/install/champ_gazebo/share/champ_gazebo/package.bash'
[9.329s] INFO:colcon.colcon_core.shell:Creating package script '/home/dwduong74/yahboom_src/install/champ_gazebo/share/champ_gazebo/package.zsh'
[9.331s] Level 1:colcon.colcon_core.environment:create_file_with_runtime_dependencies(/home/dwduong74/yahboom_src/install/champ_gazebo/share/colcon-core/packages/champ_gazebo)
[9.333s] INFO:colcon.colcon_ros.task.ament_cmake.build:Building ROS package in '/home/dwduong74/yahboom_src/src/unitree-go2-ros2/velodyne/velodyne_simulator' with build type 'ament_cmake'
[9.333s] INFO:colcon.colcon_cmake.task.cmake.build:Building CMake package in '/home/dwduong74/yahboom_src/src/unitree-go2-ros2/velodyne/velodyne_simulator'
[9.334s] INFO:colcon.colcon_core.shell:Skip shell extension 'powershell' for command environment: Not usable outside of PowerShell
[9.334s] DEBUG:colcon.colcon_core.shell:Skip shell extension 'dsv' for command environment
[9.363s] DEBUG:colcon.colcon_core.event_handler.log_command:Invoked command in '/home/dwduong74/yahboom_src/build/yahboom_msgs' returned '0': CMAKE_PREFIX_PATH=${CMAKE_PREFIX_PATH}:/home/dwduong74/yahboom_src/install/yahboom_set_height:/home/dwduong74/yahboom_src/install/yahboom_mediapipe:/home/dwduong74/yahboom_src/install/yahboom_gait:/home/dwduong74/yahboom_src/install/yahboom_dog_joint_state:/home/dwduong74/yahboom_src/install/yahboom_description:/home/dwduong74/yahboom_src/install/yahboom_bringup:/home/dwduong74/yahboom_src/install/yahboom_base:/home/dwduong74/yahboom_src/install/yahboom_app_save_map:/home/dwduong74/yahboom_src/install/tf_publisher:/home/dwduong74/yahboom_src/install/bringup:/home/dwduong74/LUMI_ws/install/custom_explorer:/opt/ros/humble /usr/bin/cmake --build /home/dwduong74/yahboom_src/build/yahboom_msgs -- -j8 -l8
[9.372s] DEBUG:colcon.colcon_core.event_handler.log_command:Invoking command in '/home/dwduong74/yahboom_src/build/yahboom_msgs': CMAKE_PREFIX_PATH=${CMAKE_PREFIX_PATH}:/home/dwduong74/yahboom_src/install/yahboom_set_height:/home/dwduong74/yahboom_src/install/yahboom_mediapipe:/home/dwduong74/yahboom_src/install/yahboom_gait:/home/dwduong74/yahboom_src/install/yahboom_dog_joint_state:/home/dwduong74/yahboom_src/install/yahboom_description:/home/dwduong74/yahboom_src/install/yahboom_bringup:/home/dwduong74/yahboom_src/install/yahboom_base:/home/dwduong74/yahboom_src/install/yahboom_app_save_map:/home/dwduong74/yahboom_src/install/tf_publisher:/home/dwduong74/yahboom_src/install/bringup:/home/dwduong74/LUMI_ws/install/custom_explorer:/opt/ros/humble /usr/bin/cmake --install /home/dwduong74/yahboom_src/build/yahboom_msgs
[9.374s] DEBUG:colcon.colcon_core.event_handler.log_command:Invoking command in '/home/dwduong74/yahboom_src/build/velodyne_simulator': CMAKE_PREFIX_PATH=/home/dwduong74/yahboom_src/install/velodyne_description:/home/dwduong74/yahboom_src/install/velodyne_gazebo_plugins:/home/dwduong74/yahboom_src/install/yahboom_msgs:/home/dwduong74/yahboom_src/install/velodyne_simulator:/home/dwduong74/yahboom_src/install/champ_bringup:/home/dwduong74/yahboom_src/install/champ_description:/home/dwduong74/yahboom_src/install/oradar_lidar:/home/dwduong74/yahboom_src/install/image_color_lab:/home/dwduong74/yahboom_src/install/go2_description:/home/dwduong74/yahboom_src/install/go2_config:/home/dwduong74/yahboom_src/install/dogzilla_description:/home/dwduong74/yahboom_src/install/dogzilla_config:/home/dwduong74/yahboom_src/install/champ_teleop:/home/dwduong74/yahboom_src/install/champ_navigation:/home/dwduong74/yahboom_src/install/champ_gazebo:/home/dwduong74/yahboom_src/install/champ_base:/home/dwduong74/yahboom_src/install/champ_msgs:/home/dwduong74/yahboom_src/install/champ_config:/home/dwduong74/yahboom_src/install/champ:/home/dwduong74/LUMI_ws/install/turtlebot3_manipulation_gazebo:/home/dwduong74/LUMI_ws/install/champ:/home/dwduong74/LUMI_ws/install/rf2o_laser_odometry:/home/dwduong74/yahboom_src/install/yahboom_set_height:/home/dwduong74/yahboom_src/install/yahboom_mediapipe:/home/dwduong74/yahboom_src/install/yahboom_gait:/home/dwduong74/yahboom_src/install/yahboom_dog_joint_state:/home/dwduong74/yahboom_src/install/yahboom_description:/home/dwduong74/yahboom_src/install/yahboom_bringup:/home/dwduong74/yahboom_src/install/yahboom_base:/home/dwduong74/yahboom_src/install/yahboom_app_save_map:/home/dwduong74/yahboom_src/install/tf_publisher:/home/dwduong74/yahboom_src/install/bringup:/home/dwduong74/LUMI_ws/install/custom_explorer:/opt/ros/humble LD_LIBRARY_PATH=/home/dwduong74/yahboom_src/install/velodyne_gazebo_plugins/lib:/home/dwduong74/yahboom_src/install/yahboom_msgs/lib:/home/dwduong74/yahboom_src/install/image_color_lab/lib:/home/dwduong74/yahboom_src/install/champ_base/lib:/home/dwduong74/yahboom_src/install/champ_msgs/lib:/usr/lib/x86_64-linux-gnu/gazebo-11/plugins:/opt/ros/humble/opt/rviz_ogre_vendor/lib:/opt/ros/humble/lib/x86_64-linux-gnu:/opt/ros/humble/lib /usr/bin/cmake --build /home/dwduong74/yahboom_src/build/velodyne_simulator -- -j8 -l8
[9.444s] DEBUG:colcon.colcon_core.event_handler.log_command:Invoking command in '/home/dwduong74/yahboom_src/src/yahboom_description': PYTHONPATH=/home/dwduong74/yahboom_src/build/yahboom_description/prefix_override:/usr/lib/python3/dist-packages/colcon_core/task/python/colcon_distutils_commands:/home/dwduong74/yahboom_src/install/yahboom_description/lib/python3.10/site-packages:${PYTHONPATH} /usr/bin/python3 -W ignore:setup.py install is deprecated -W ignore:easy_install command is deprecated setup.py egg_info --egg-base ../../build/yahboom_description build --build-base /home/dwduong74/yahboom_src/build/yahboom_description/build install --record /home/dwduong74/yahboom_src/build/yahboom_description/install.log --single-version-externally-managed install_data
[9.446s] DEBUG:colcon.colcon_core.event_handler.log_command:Invoked command in '/home/dwduong74/yahboom_src/build/velodyne_simulator' returned '0': CMAKE_PREFIX_PATH=/home/dwduong74/yahboom_src/install/velodyne_description:/home/dwduong74/yahboom_src/install/velodyne_gazebo_plugins:/home/dwduong74/yahboom_src/install/yahboom_msgs:/home/dwduong74/yahboom_src/install/velodyne_simulator:/home/dwduong74/yahboom_src/install/champ_bringup:/home/dwduong74/yahboom_src/install/champ_description:/home/dwduong74/yahboom_src/install/oradar_lidar:/home/dwduong74/yahboom_src/install/image_color_lab:/home/dwduong74/yahboom_src/install/go2_description:/home/dwduong74/yahboom_src/install/go2_config:/home/dwduong74/yahboom_src/install/dogzilla_description:/home/dwduong74/yahboom_src/install/dogzilla_config:/home/dwduong74/yahboom_src/install/champ_teleop:/home/dwduong74/yahboom_src/install/champ_navigation:/home/dwduong74/yahboom_src/install/champ_gazebo:/home/dwduong74/yahboom_src/install/champ_base:/home/dwduong74/yahboom_src/install/champ_msgs:/home/dwduong74/yahboom_src/install/champ_config:/home/dwduong74/yahboom_src/install/champ:/home/dwduong74/LUMI_ws/install/turtlebot3_manipulation_gazebo:/home/dwduong74/LUMI_ws/install/champ:/home/dwduong74/LUMI_ws/install/rf2o_laser_odometry:/home/dwduong74/yahboom_src/install/yahboom_set_height:/home/dwduong74/yahboom_src/install/yahboom_mediapipe:/home/dwduong74/yahboom_src/install/yahboom_gait:/home/dwduong74/yahboom_src/install/yahboom_dog_joint_state:/home/dwduong74/yahboom_src/install/yahboom_description:/home/dwduong74/yahboom_src/install/yahboom_bringup:/home/dwduong74/yahboom_src/install/yahboom_base:/home/dwduong74/yahboom_src/install/yahboom_app_save_map:/home/dwduong74/yahboom_src/install/tf_publisher:/home/dwduong74/yahboom_src/install/bringup:/home/dwduong74/LUMI_ws/install/custom_explorer:/opt/ros/humble LD_LIBRARY_PATH=/home/dwduong74/yahboom_src/install/velodyne_gazebo_plugins/lib:/home/dwduong74/yahboom_src/install/yahboom_msgs/lib:/home/dwduong74/yahboom_src/install/image_color_lab/lib:/home/dwduong74/yahboom_src/install/champ_base/lib:/home/dwduong74/yahboom_src/install/champ_msgs/lib:/usr/lib/x86_64-linux-gnu/gazebo-11/plugins:/opt/ros/humble/opt/rviz_ogre_vendor/lib:/opt/ros/humble/lib/x86_64-linux-gnu:/opt/ros/humble/lib /usr/bin/cmake --build /home/dwduong74/yahboom_src/build/velodyne_simulator -- -j8 -l8
[9.448s] DEBUG:colcon.colcon_core.event_handler.log_command:Invoking command in '/home/dwduong74/yahboom_src/build/velodyne_simulator': CMAKE_PREFIX_PATH=/home/dwduong74/yahboom_src/install/velodyne_description:/home/dwduong74/yahboom_src/install/velodyne_gazebo_plugins:/home/dwduong74/yahboom_src/install/yahboom_msgs:/home/dwduong74/yahboom_src/install/velodyne_simulator:/home/dwduong74/yahboom_src/install/champ_bringup:/home/dwduong74/yahboom_src/install/champ_description:/home/dwduong74/yahboom_src/install/oradar_lidar:/home/dwduong74/yahboom_src/install/image_color_lab:/home/dwduong74/yahboom_src/install/go2_description:/home/dwduong74/yahboom_src/install/go2_config:/home/dwduong74/yahboom_src/install/dogzilla_description:/home/dwduong74/yahboom_src/install/dogzilla_config:/home/dwduong74/yahboom_src/install/champ_teleop:/home/dwduong74/yahboom_src/install/champ_navigation:/home/dwduong74/yahboom_src/install/champ_gazebo:/home/dwduong74/yahboom_src/install/champ_base:/home/dwduong74/yahboom_src/install/champ_msgs:/home/dwduong74/yahboom_src/install/champ_config:/home/dwduong74/yahboom_src/install/champ:/home/dwduong74/LUMI_ws/install/turtlebot3_manipulation_gazebo:/home/dwduong74/LUMI_ws/install/champ:/home/dwduong74/LUMI_ws/install/rf2o_laser_odometry:/home/dwduong74/yahboom_src/install/yahboom_set_height:/home/dwduong74/yahboom_src/install/yahboom_mediapipe:/home/dwduong74/yahboom_src/install/yahboom_gait:/home/dwduong74/yahboom_src/install/yahboom_dog_joint_state:/home/dwduong74/yahboom_src/install/yahboom_description:/home/dwduong74/yahboom_src/install/yahboom_bringup:/home/dwduong74/yahboom_src/install/yahboom_base:/home/dwduong74/yahboom_src/install/yahboom_app_save_map:/home/dwduong74/yahboom_src/install/tf_publisher:/home/dwduong74/yahboom_src/install/bringup:/home/dwduong74/LUMI_ws/install/custom_explorer:/opt/ros/humble LD_LIBRARY_PATH=/home/dwduong74/yahboom_src/install/velodyne_gazebo_plugins/lib:/home/dwduong74/yahboom_src/install/yahboom_msgs/lib:/home/dwduong74/yahboom_src/install/image_color_lab/lib:/home/dwduong74/yahboom_src/install/champ_base/lib:/home/dwduong74/yahboom_src/install/champ_msgs/lib:/usr/lib/x86_64-linux-gnu/gazebo-11/plugins:/opt/ros/humble/opt/rviz_ogre_vendor/lib:/opt/ros/humble/lib/x86_64-linux-gnu:/opt/ros/humble/lib /usr/bin/cmake --install /home/dwduong74/yahboom_src/build/velodyne_simulator
[9.468s] Level 1:colcon.colcon_core.environment:create_environment_scripts_only(velodyne_simulator)
[9.469s] Level 1:colcon.colcon_core.environment:checking '/home/dwduong74/yahboom_src/install/velodyne_simulator' for CMake module files
[9.470s] Level 1:colcon.colcon_core.environment:checking '/home/dwduong74/yahboom_src/install/velodyne_simulator' for CMake config files
[9.470s] Level 1:colcon.colcon_core.shell:create_environment_hook('velodyne_simulator', 'cmake_prefix_path')
[9.471s] INFO:colcon.colcon_core.shell:Creating environment hook '/home/dwduong74/yahboom_src/install/velodyne_simulator/share/velodyne_simulator/hook/cmake_prefix_path.ps1'
[9.472s] DEBUG:colcon.colcon_core.event_handler.log_command:Invoked command in '/home/dwduong74/yahboom_src/build/velodyne_simulator' returned '0': CMAKE_PREFIX_PATH=/home/dwduong74/yahboom_src/install/velodyne_description:/home/dwduong74/yahboom_src/install/velodyne_gazebo_plugins:/home/dwduong74/yahboom_src/install/yahboom_msgs:/home/dwduong74/yahboom_src/install/velodyne_simulator:/home/dwduong74/yahboom_src/install/champ_bringup:/home/dwduong74/yahboom_src/install/champ_description:/home/dwduong74/yahboom_src/install/oradar_lidar:/home/dwduong74/yahboom_src/install/image_color_lab:/home/dwduong74/yahboom_src/install/go2_description:/home/dwduong74/yahboom_src/install/go2_config:/home/dwduong74/yahboom_src/install/dogzilla_description:/home/dwduong74/yahboom_src/install/dogzilla_config:/home/dwduong74/yahboom_src/install/champ_teleop:/home/dwduong74/yahboom_src/install/champ_navigation:/home/dwduong74/yahboom_src/install/champ_gazebo:/home/dwduong74/yahboom_src/install/champ_base:/home/dwduong74/yahboom_src/install/champ_msgs:/home/dwduong74/yahboom_src/install/champ_config:/home/dwduong74/yahboom_src/install/champ:/home/dwduong74/LUMI_ws/install/turtlebot3_manipulation_gazebo:/home/dwduong74/LUMI_ws/install/champ:/home/dwduong74/LUMI_ws/install/rf2o_laser_odometry:/home/dwduong74/yahboom_src/install/yahboom_set_height:/home/dwduong74/yahboom_src/install/yahboom_mediapipe:/home/dwduong74/yahboom_src/install/yahboom_gait:/home/dwduong74/yahboom_src/install/yahboom_dog_joint_state:/home/dwduong74/yahboom_src/install/yahboom_description:/home/dwduong74/yahboom_src/install/yahboom_bringup:/home/dwduong74/yahboom_src/install/yahboom_base:/home/dwduong74/yahboom_src/install/yahboom_app_save_map:/home/dwduong74/yahboom_src/install/tf_publisher:/home/dwduong74/yahboom_src/install/bringup:/home/dwduong74/LUMI_ws/install/custom_explorer:/opt/ros/humble LD_LIBRARY_PATH=/home/dwduong74/yahboom_src/install/velodyne_gazebo_plugins/lib:/home/dwduong74/yahboom_src/install/yahboom_msgs/lib:/home/dwduong74/yahboom_src/install/image_color_lab/lib:/home/dwduong74/yahboom_src/install/champ_base/lib:/home/dwduong74/yahboom_src/install/champ_msgs/lib:/usr/lib/x86_64-linux-gnu/gazebo-11/plugins:/opt/ros/humble/opt/rviz_ogre_vendor/lib:/opt/ros/humble/lib/x86_64-linux-gnu:/opt/ros/humble/lib /usr/bin/cmake --install /home/dwduong74/yahboom_src/build/velodyne_simulator
[9.472s] INFO:colcon.colcon_core.shell:Creating environment descriptor '/home/dwduong74/yahboom_src/install/velodyne_simulator/share/velodyne_simulator/hook/cmake_prefix_path.dsv'
[9.473s] INFO:colcon.colcon_core.shell:Creating environment hook '/home/dwduong74/yahboom_src/install/velodyne_simulator/share/velodyne_simulator/hook/cmake_prefix_path.sh'
[9.474s] Level 1:colcon.colcon_core.environment:checking '/home/dwduong74/yahboom_src/install/velodyne_simulator/bin'
[9.474s] Level 1:colcon.colcon_core.environment:checking '/home/dwduong74/yahboom_src/install/velodyne_simulator/lib/pkgconfig/velodyne_simulator.pc'
[9.474s] Level 1:colcon.colcon_core.environment:checking '/home/dwduong74/yahboom_src/install/velodyne_simulator/lib/python3.10/site-packages'
[9.475s] Level 1:colcon.colcon_core.environment:checking '/home/dwduong74/yahboom_src/install/velodyne_simulator/bin'
[9.476s] INFO:colcon.colcon_core.shell:Creating package script '/home/dwduong74/yahboom_src/install/velodyne_simulator/share/velodyne_simulator/package.ps1'
[9.477s] INFO:colcon.colcon_core.shell:Creating package descriptor '/home/dwduong74/yahboom_src/install/velodyne_simulator/share/velodyne_simulator/package.dsv'
[9.477s] INFO:colcon.colcon_core.shell:Creating package script '/home/dwduong74/yahboom_src/install/velodyne_simulator/share/velodyne_simulator/package.sh'
[9.478s] INFO:colcon.colcon_core.shell:Creating package script '/home/dwduong74/yahboom_src/install/velodyne_simulator/share/velodyne_simulator/package.bash'
[9.479s] INFO:colcon.colcon_core.shell:Creating package script '/home/dwduong74/yahboom_src/install/velodyne_simulator/share/velodyne_simulator/package.zsh'
[9.479s] Level 1:colcon.colcon_core.environment:create_file_with_runtime_dependencies(/home/dwduong74/yahboom_src/install/velodyne_simulator/share/colcon-core/packages/velodyne_simulator)
[9.480s] Level 1:colcon.colcon_core.environment:create_environment_scripts_only(velodyne_simulator)
[9.481s] Level 1:colcon.colcon_core.environment:checking '/home/dwduong74/yahboom_src/install/velodyne_simulator' for CMake module files
[9.482s] Level 1:colcon.colcon_core.environment:checking '/home/dwduong74/yahboom_src/install/velodyne_simulator' for CMake config files
[9.482s] Level 1:colcon.colcon_core.shell:create_environment_hook('velodyne_simulator', 'cmake_prefix_path')
[9.482s] INFO:colcon.colcon_core.shell:Creating environment hook '/home/dwduong74/yahboom_src/install/velodyne_simulator/share/velodyne_simulator/hook/cmake_prefix_path.ps1'
[9.483s] INFO:colcon.colcon_core.shell:Creating environment descriptor '/home/dwduong74/yahboom_src/install/velodyne_simulator/share/velodyne_simulator/hook/cmake_prefix_path.dsv'
[9.484s] INFO:colcon.colcon_core.shell:Creating environment hook '/home/dwduong74/yahboom_src/install/velodyne_simulator/share/velodyne_simulator/hook/cmake_prefix_path.sh'
[9.485s] Level 1:colcon.colcon_core.environment:checking '/home/dwduong74/yahboom_src/install/velodyne_simulator/bin'
[9.485s] Level 1:colcon.colcon_core.environment:checking '/home/dwduong74/yahboom_src/install/velodyne_simulator/lib/pkgconfig/velodyne_simulator.pc'
[9.485s] Level 1:colcon.colcon_core.environment:checking '/home/dwduong74/yahboom_src/install/velodyne_simulator/lib/python3.10/site-packages'
[9.486s] Level 1:colcon.colcon_core.environment:checking '/home/dwduong74/yahboom_src/install/velodyne_simulator/bin'
[9.487s] INFO:colcon.colcon_core.shell:Creating package script '/home/dwduong74/yahboom_src/install/velodyne_simulator/share/velodyne_simulator/package.ps1'
[9.488s] INFO:colcon.colcon_core.shell:Creating package descriptor '/home/dwduong74/yahboom_src/install/velodyne_simulator/share/velodyne_simulator/package.dsv'
[9.489s] INFO:colcon.colcon_core.shell:Creating package script '/home/dwduong74/yahboom_src/install/velodyne_simulator/share/velodyne_simulator/package.sh'
[9.489s] INFO:colcon.colcon_core.shell:Creating package script '/home/dwduong74/yahboom_src/install/velodyne_simulator/share/velodyne_simulator/package.bash'
[9.490s] INFO:colcon.colcon_core.shell:Creating package script '/home/dwduong74/yahboom_src/install/velodyne_simulator/share/velodyne_simulator/package.zsh'
[9.491s] Level 1:colcon.colcon_core.environment:create_file_with_runtime_dependencies(/home/dwduong74/yahboom_src/install/velodyne_simulator/share/colcon-core/packages/velodyne_simulator)
[9.538s] DEBUG:colcon.colcon_core.event_handler.log_command:Invoking command in '/home/dwduong74/yahboom_src/src/yahboom_gait': PYTHONPATH=/home/dwduong74/yahboom_src/build/yahboom_gait/prefix_override:/usr/lib/python3/dist-packages/colcon_core/task/python/colcon_distutils_commands:/home/dwduong74/yahboom_src/install/yahboom_gait/lib/python3.10/site-packages:${PYTHONPATH} /usr/bin/python3 -W ignore:setup.py install is deprecated -W ignore:easy_install command is deprecated setup.py egg_info --egg-base ../../build/yahboom_gait build --build-base /home/dwduong74/yahboom_src/build/yahboom_gait/build install --record /home/dwduong74/yahboom_src/build/yahboom_gait/install.log --single-version-externally-managed install_data
[9.559s] Level 1:colcon.colcon_core.environment:create_environment_scripts_only(yahboom_msgs)
[9.559s] Level 1:colcon.colcon_core.environment:checking '/home/dwduong74/yahboom_src/install/yahboom_msgs' for CMake module files
[9.561s] Level 1:colcon.colcon_core.environment:checking '/home/dwduong74/yahboom_src/install/yahboom_msgs' for CMake config files
[9.561s] Level 1:colcon.colcon_core.shell:create_environment_hook('yahboom_msgs', 'cmake_prefix_path')
[9.562s] INFO:colcon.colcon_core.shell:Creating environment hook '/home/dwduong74/yahboom_src/install/yahboom_msgs/share/yahboom_msgs/hook/cmake_prefix_path.ps1'
[9.565s] DEBUG:colcon.colcon_core.event_handler.log_command:Invoked command in '/home/dwduong74/yahboom_src/build/yahboom_msgs' returned '0': CMAKE_PREFIX_PATH=${CMAKE_PREFIX_PATH}:/home/dwduong74/yahboom_src/install/yahboom_set_height:/home/dwduong74/yahboom_src/install/yahboom_mediapipe:/home/dwduong74/yahboom_src/install/yahboom_gait:/home/dwduong74/yahboom_src/install/yahboom_dog_joint_state:/home/dwduong74/yahboom_src/install/yahboom_description:/home/dwduong74/yahboom_src/install/yahboom_bringup:/home/dwduong74/yahboom_src/install/yahboom_base:/home/dwduong74/yahboom_src/install/yahboom_app_save_map:/home/dwduong74/yahboom_src/install/tf_publisher:/home/dwduong74/yahboom_src/install/bringup:/home/dwduong74/LUMI_ws/install/custom_explorer:/opt/ros/humble /usr/bin/cmake --install /home/dwduong74/yahboom_src/build/yahboom_msgs
[9.566s] INFO:colcon.colcon_core.shell:Creating environment descriptor '/home/dwduong74/yahboom_src/install/yahboom_msgs/share/yahboom_msgs/hook/cmake_prefix_path.dsv'
[9.566s] INFO:colcon.colcon_core.shell:Creating environment hook '/home/dwduong74/yahboom_src/install/yahboom_msgs/share/yahboom_msgs/hook/cmake_prefix_path.sh'
[9.567s] Level 1:colcon.colcon_core.environment:checking '/home/dwduong74/yahboom_src/install/yahboom_msgs/lib'
[9.568s] Level 1:colcon.colcon_core.shell:create_environment_hook('yahboom_msgs', 'ld_library_path_lib')
[9.568s] INFO:colcon.colcon_core.shell:Creating environment hook '/home/dwduong74/yahboom_src/install/yahboom_msgs/share/yahboom_msgs/hook/ld_library_path_lib.ps1'
[9.569s] INFO:colcon.colcon_core.shell:Creating environment descriptor '/home/dwduong74/yahboom_src/install/yahboom_msgs/share/yahboom_msgs/hook/ld_library_path_lib.dsv'
[9.569s] INFO:colcon.colcon_core.shell:Creating environment hook '/home/dwduong74/yahboom_src/install/yahboom_msgs/share/yahboom_msgs/hook/ld_library_path_lib.sh'
[9.570s] Level 1:colcon.colcon_core.environment:checking '/home/dwduong74/yahboom_src/install/yahboom_msgs/bin'
[9.570s] Level 1:colcon.colcon_core.environment:checking '/home/dwduong74/yahboom_src/install/yahboom_msgs/lib/pkgconfig/yahboom_msgs.pc'
[9.571s] Level 1:colcon.colcon_core.environment:checking '/home/dwduong74/yahboom_src/install/yahboom_msgs/lib/python3.10/site-packages'
[9.571s] Level 1:colcon.colcon_core.environment:checking '/home/dwduong74/yahboom_src/install/yahboom_msgs/bin'
[9.572s] INFO:colcon.colcon_core.shell:Creating package script '/home/dwduong74/yahboom_src/install/yahboom_msgs/share/yahboom_msgs/package.ps1'
[9.573s] INFO:colcon.colcon_core.shell:Creating package descriptor '/home/dwduong74/yahboom_src/install/yahboom_msgs/share/yahboom_msgs/package.dsv'
[9.574s] INFO:colcon.colcon_core.shell:Creating package script '/home/dwduong74/yahboom_src/install/yahboom_msgs/share/yahboom_msgs/package.sh'
[9.575s] INFO:colcon.colcon_core.shell:Creating package script '/home/dwduong74/yahboom_src/install/yahboom_msgs/share/yahboom_msgs/package.bash'
[9.575s] INFO:colcon.colcon_core.shell:Creating package script '/home/dwduong74/yahboom_src/install/yahboom_msgs/share/yahboom_msgs/package.zsh'
[9.577s] Level 1:colcon.colcon_core.environment:create_file_with_runtime_dependencies(/home/dwduong74/yahboom_src/install/yahboom_msgs/share/colcon-core/packages/yahboom_msgs)
[9.578s] Level 1:colcon.colcon_core.environment:create_environment_scripts_only(yahboom_msgs)
[9.579s] Level 1:colcon.colcon_core.environment:checking '/home/dwduong74/yahboom_src/install/yahboom_msgs' for CMake module files
[9.580s] Level 1:colcon.colcon_core.environment:checking '/home/dwduong74/yahboom_src/install/yahboom_msgs' for CMake config files
[9.580s] Level 1:colcon.colcon_core.shell:create_environment_hook('yahboom_msgs', 'cmake_prefix_path')
[9.581s] INFO:colcon.colcon_core.shell:Creating environment hook '/home/dwduong74/yahboom_src/install/yahboom_msgs/share/yahboom_msgs/hook/cmake_prefix_path.ps1'
[9.581s] INFO:colcon.colcon_core.shell:Creating environment descriptor '/home/dwduong74/yahboom_src/install/yahboom_msgs/share/yahboom_msgs/hook/cmake_prefix_path.dsv'
[9.582s] INFO:colcon.colcon_core.shell:Creating environment hook '/home/dwduong74/yahboom_src/install/yahboom_msgs/share/yahboom_msgs/hook/cmake_prefix_path.sh'
[9.583s] Level 1:colcon.colcon_core.environment:checking '/home/dwduong74/yahboom_src/install/yahboom_msgs/lib'
[9.583s] Level 1:colcon.colcon_core.shell:create_environment_hook('yahboom_msgs', 'ld_library_path_lib')
[9.584s] INFO:colcon.colcon_core.shell:Creating environment hook '/home/dwduong74/yahboom_src/install/yahboom_msgs/share/yahboom_msgs/hook/ld_library_path_lib.ps1'
[9.584s] INFO:colcon.colcon_core.shell:Creating environment descriptor '/home/dwduong74/yahboom_src/install/yahboom_msgs/share/yahboom_msgs/hook/ld_library_path_lib.dsv'
[9.585s] INFO:colcon.colcon_core.shell:Creating environment hook '/home/dwduong74/yahboom_src/install/yahboom_msgs/share/yahboom_msgs/hook/ld_library_path_lib.sh'
[9.586s] Level 1:colcon.colcon_core.environment:checking '/home/dwduong74/yahboom_src/install/yahboom_msgs/bin'
[9.586s] Level 1:colcon.colcon_core.environment:checking '/home/dwduong74/yahboom_src/install/yahboom_msgs/lib/pkgconfig/yahboom_msgs.pc'
[9.586s] Level 1:colcon.colcon_core.environment:checking '/home/dwduong74/yahboom_src/install/yahboom_msgs/lib/python3.10/site-packages'
[9.587s] Level 1:colcon.colcon_core.environment:checking '/home/dwduong74/yahboom_src/install/yahboom_msgs/bin'
[9.588s] INFO:colcon.colcon_core.shell:Creating package script '/home/dwduong74/yahboom_src/install/yahboom_msgs/share/yahboom_msgs/package.ps1'
[9.589s] INFO:colcon.colcon_core.shell:Creating package descriptor '/home/dwduong74/yahboom_src/install/yahboom_msgs/share/yahboom_msgs/package.dsv'
[9.590s] INFO:colcon.colcon_core.shell:Creating package script '/home/dwduong74/yahboom_src/install/yahboom_msgs/share/yahboom_msgs/package.sh'
[9.591s] INFO:colcon.colcon_core.shell:Creating package script '/home/dwduong74/yahboom_src/install/yahboom_msgs/share/yahboom_msgs/package.bash'
[9.591s] INFO:colcon.colcon_core.shell:Creating package script '/home/dwduong74/yahboom_src/install/yahboom_msgs/share/yahboom_msgs/package.zsh'
[9.592s] Level 1:colcon.colcon_core.environment:create_file_with_runtime_dependencies(/home/dwduong74/yahboom_src/install/yahboom_msgs/share/colcon-core/packages/yahboom_msgs)
[9.631s] DEBUG:colcon.colcon_core.event_handler.log_command:Invoking command in '/home/dwduong74/yahboom_src/src/yahboom_mediapipe': PYTHONPATH=/home/dwduong74/yahboom_src/build/yahboom_mediapipe/prefix_override:/usr/lib/python3/dist-packages/colcon_core/task/python/colcon_distutils_commands:/home/dwduong74/yahboom_src/install/yahboom_mediapipe/lib/python3.10/site-packages:${PYTHONPATH} /usr/bin/python3 -W ignore:setup.py install is deprecated -W ignore:easy_install command is deprecated setup.py egg_info --egg-base ../../build/yahboom_mediapipe build --build-base /home/dwduong74/yahboom_src/build/yahboom_mediapipe/build install --record /home/dwduong74/yahboom_src/build/yahboom_mediapipe/install.log --single-version-externally-managed install_data
[10.133s] DEBUG:colcon.colcon_core.event_handler.log_command:Invoked command in '/home/dwduong74/yahboom_src/build/champ_bringup' returned '0': CMAKE_PREFIX_PATH=/home/dwduong74/yahboom_src/install/champ_description:/home/dwduong74/yahboom_src/install/champ_base:/home/dwduong74/yahboom_src/install/velodyne_gazebo_plugins:/home/dwduong74/yahboom_src/install/champ_msgs:/home/dwduong74/yahboom_src/install/champ:/home/dwduong74/yahboom_src/install/yahboom_msgs:/home/dwduong74/yahboom_src/install/velodyne_simulator:/home/dwduong74/yahboom_src/install/velodyne_description:/home/dwduong74/yahboom_src/install/champ_bringup:/home/dwduong74/yahboom_src/install/oradar_lidar:/home/dwduong74/yahboom_src/install/image_color_lab:/home/dwduong74/yahboom_src/install/go2_description:/home/dwduong74/yahboom_src/install/go2_config:/home/dwduong74/yahboom_src/install/dogzilla_description:/home/dwduong74/yahboom_src/install/dogzilla_config:/home/dwduong74/yahboom_src/install/champ_teleop:/home/dwduong74/yahboom_src/install/champ_navigation:/home/dwduong74/yahboom_src/install/champ_gazebo:/home/dwduong74/yahboom_src/install/champ_config:/home/dwduong74/LUMI_ws/install/turtlebot3_manipulation_gazebo:/home/dwduong74/LUMI_ws/install/champ:/home/dwduong74/LUMI_ws/install/rf2o_laser_odometry:/home/dwduong74/yahboom_src/install/yahboom_set_height:/home/dwduong74/yahboom_src/install/yahboom_mediapipe:/home/dwduong74/yahboom_src/install/yahboom_gait:/home/dwduong74/yahboom_src/install/yahboom_dog_joint_state:/home/dwduong74/yahboom_src/install/yahboom_description:/home/dwduong74/yahboom_src/install/yahboom_bringup:/home/dwduong74/yahboom_src/install/yahboom_base:/home/dwduong74/yahboom_src/install/yahboom_app_save_map:/home/dwduong74/yahboom_src/install/tf_publisher:/home/dwduong74/yahboom_src/install/bringup:/home/dwduong74/LUMI_ws/install/custom_explorer:/opt/ros/humble LD_LIBRARY_PATH=/home/dwduong74/yahboom_src/install/champ_base/lib:/home/dwduong74/yahboom_src/install/velodyne_gazebo_plugins/lib:/home/dwduong74/yahboom_src/install/champ_msgs/lib:/home/dwduong74/yahboom_src/install/yahboom_msgs/lib:/home/dwduong74/yahboom_src/install/image_color_lab/lib:/usr/lib/x86_64-linux-gnu/gazebo-11/plugins:/opt/ros/humble/opt/rviz_ogre_vendor/lib:/opt/ros/humble/lib/x86_64-linux-gnu:/opt/ros/humble/lib PATH=/home/dwduong74/yahboom_src/install/champ_base/bin:/home/dwduong74/yahboom_src/install/oradar_lidar/bin:/home/dwduong74/yahboom_src/install/champ_gazebo/bin:/usr/bin:/home/dwduong74/.local/bin:/home/dwduong74/.local/bin:/opt/ros/humble/bin:/usr/local/sbin:/usr/local/bin:/usr/sbin:/usr/bin:/sbin:/bin:/usr/games:/usr/local/games:/snap/bin /usr/bin/cmake --build /home/dwduong74/yahboom_src/build/champ_bringup -- -j8 -l8
[10.136s] DEBUG:colcon.colcon_core.event_handler.log_command:Invoking command in '/home/dwduong74/yahboom_src/build/champ_bringup': CMAKE_PREFIX_PATH=/home/dwduong74/yahboom_src/install/champ_description:/home/dwduong74/yahboom_src/install/champ_base:/home/dwduong74/yahboom_src/install/velodyne_gazebo_plugins:/home/dwduong74/yahboom_src/install/champ_msgs:/home/dwduong74/yahboom_src/install/champ:/home/dwduong74/yahboom_src/install/yahboom_msgs:/home/dwduong74/yahboom_src/install/velodyne_simulator:/home/dwduong74/yahboom_src/install/velodyne_description:/home/dwduong74/yahboom_src/install/champ_bringup:/home/dwduong74/yahboom_src/install/oradar_lidar:/home/dwduong74/yahboom_src/install/image_color_lab:/home/dwduong74/yahboom_src/install/go2_description:/home/dwduong74/yahboom_src/install/go2_config:/home/dwduong74/yahboom_src/install/dogzilla_description:/home/dwduong74/yahboom_src/install/dogzilla_config:/home/dwduong74/yahboom_src/install/champ_teleop:/home/dwduong74/yahboom_src/install/champ_navigation:/home/dwduong74/yahboom_src/install/champ_gazebo:/home/dwduong74/yahboom_src/install/champ_config:/home/dwduong74/LUMI_ws/install/turtlebot3_manipulation_gazebo:/home/dwduong74/LUMI_ws/install/champ:/home/dwduong74/LUMI_ws/install/rf2o_laser_odometry:/home/dwduong74/yahboom_src/install/yahboom_set_height:/home/dwduong74/yahboom_src/install/yahboom_mediapipe:/home/dwduong74/yahboom_src/install/yahboom_gait:/home/dwduong74/yahboom_src/install/yahboom_dog_joint_state:/home/dwduong74/yahboom_src/install/yahboom_description:/home/dwduong74/yahboom_src/install/yahboom_bringup:/home/dwduong74/yahboom_src/install/yahboom_base:/home/dwduong74/yahboom_src/install/yahboom_app_save_map:/home/dwduong74/yahboom_src/install/tf_publisher:/home/dwduong74/yahboom_src/install/bringup:/home/dwduong74/LUMI_ws/install/custom_explorer:/opt/ros/humble LD_LIBRARY_PATH=/home/dwduong74/yahboom_src/install/champ_base/lib:/home/dwduong74/yahboom_src/install/velodyne_gazebo_plugins/lib:/home/dwduong74/yahboom_src/install/champ_msgs/lib:/home/dwduong74/yahboom_src/install/yahboom_msgs/lib:/home/dwduong74/yahboom_src/install/image_color_lab/lib:/usr/lib/x86_64-linux-gnu/gazebo-11/plugins:/opt/ros/humble/opt/rviz_ogre_vendor/lib:/opt/ros/humble/lib/x86_64-linux-gnu:/opt/ros/humble/lib PATH=/home/dwduong74/yahboom_src/install/champ_base/bin:/home/dwduong74/yahboom_src/install/oradar_lidar/bin:/home/dwduong74/yahboom_src/install/champ_gazebo/bin:/usr/bin:/home/dwduong74/.local/bin:/home/dwduong74/.local/bin:/opt/ros/humble/bin:/usr/local/sbin:/usr/local/bin:/usr/sbin:/usr/bin:/sbin:/bin:/usr/games:/usr/local/games:/snap/bin /usr/bin/cmake --install /home/dwduong74/yahboom_src/build/champ_bringup
[10.220s] Level 1:colcon.colcon_core.environment:checking '/home/dwduong74/yahboom_src/install/yahboom_dog_joint_state' for CMake module files
[10.221s] DEBUG:colcon.colcon_core.event_handler.log_command:Invoked command in '/home/dwduong74/yahboom_src/src/yahboom_dog_joint_state' returned '0': PYTHONPATH=/home/dwduong74/yahboom_src/build/yahboom_dog_joint_state/prefix_override:/usr/lib/python3/dist-packages/colcon_core/task/python/colcon_distutils_commands:/home/dwduong74/yahboom_src/install/yahboom_dog_joint_state/lib/python3.10/site-packages:${PYTHONPATH} /usr/bin/python3 -W ignore:setup.py install is deprecated -W ignore:easy_install command is deprecated setup.py egg_info --egg-base ../../build/yahboom_dog_joint_state build --build-base /home/dwduong74/yahboom_src/build/yahboom_dog_joint_state/build install --record /home/dwduong74/yahboom_src/build/yahboom_dog_joint_state/install.log --single-version-externally-managed install_data
[10.222s] Level 1:colcon.colcon_core.environment:checking '/home/dwduong74/yahboom_src/install/yahboom_dog_joint_state' for CMake config files
[10.223s] Level 1:colcon.colcon_core.environment:checking '/home/dwduong74/yahboom_src/install/yahboom_dog_joint_state/lib'
[10.223s] Level 1:colcon.colcon_core.environment:checking '/home/dwduong74/yahboom_src/install/yahboom_dog_joint_state/bin'
[10.223s] Level 1:colcon.colcon_core.environment:checking '/home/dwduong74/yahboom_src/install/yahboom_dog_joint_state/lib/pkgconfig/yahboom_dog_joint_state.pc'
[10.223s] Level 1:colcon.colcon_core.environment:checking '/home/dwduong74/yahboom_src/install/yahboom_dog_joint_state/lib/python3.10/site-packages'
[10.224s] Level 1:colcon.colcon_core.shell:create_environment_hook('yahboom_dog_joint_state', 'pythonpath')
[10.224s] INFO:colcon.colcon_core.shell:Creating environment hook '/home/dwduong74/yahboom_src/install/yahboom_dog_joint_state/share/yahboom_dog_joint_state/hook/pythonpath.ps1'
[10.225s] INFO:colcon.colcon_core.shell:Creating environment descriptor '/home/dwduong74/yahboom_src/install/yahboom_dog_joint_state/share/yahboom_dog_joint_state/hook/pythonpath.dsv'
[10.226s] INFO:colcon.colcon_core.shell:Creating environment hook '/home/dwduong74/yahboom_src/install/yahboom_dog_joint_state/share/yahboom_dog_joint_state/hook/pythonpath.sh'
[10.228s] Level 1:colcon.colcon_core.environment:checking '/home/dwduong74/yahboom_src/install/yahboom_dog_joint_state/bin'
[10.228s] Level 1:colcon.colcon_core.environment:create_environment_scripts_only(yahboom_dog_joint_state)
[10.229s] INFO:colcon.colcon_core.shell:Creating package script '/home/dwduong74/yahboom_src/install/yahboom_dog_joint_state/share/yahboom_dog_joint_state/package.ps1'
[10.231s] INFO:colcon.colcon_core.shell:Creating package descriptor '/home/dwduong74/yahboom_src/install/yahboom_dog_joint_state/share/yahboom_dog_joint_state/package.dsv'
[10.233s] INFO:colcon.colcon_core.shell:Creating package script '/home/dwduong74/yahboom_src/install/yahboom_dog_joint_state/share/yahboom_dog_joint_state/package.sh'
[10.235s] INFO:colcon.colcon_core.shell:Creating package script '/home/dwduong74/yahboom_src/install/yahboom_dog_joint_state/share/yahboom_dog_joint_state/package.bash'
[10.235s] INFO:colcon.colcon_core.shell:Creating package script '/home/dwduong74/yahboom_src/install/yahboom_dog_joint_state/share/yahboom_dog_joint_state/package.zsh'
[10.236s] Level 1:colcon.colcon_core.environment:create_file_with_runtime_dependencies(/home/dwduong74/yahboom_src/install/yahboom_dog_joint_state/share/colcon-core/packages/yahboom_dog_joint_state)
[10.246s] Level 1:colcon.colcon_core.environment:create_environment_scripts_only(champ_bringup)
[10.246s] Level 1:colcon.colcon_core.environment:checking '/home/dwduong74/yahboom_src/install/champ_bringup' for CMake module files
[10.247s] DEBUG:colcon.colcon_core.event_handler.log_command:Invoked command in '/home/dwduong74/yahboom_src/build/champ_bringup' returned '0': CMAKE_PREFIX_PATH=/home/dwduong74/yahboom_src/install/champ_description:/home/dwduong74/yahboom_src/install/champ_base:/home/dwduong74/yahboom_src/install/velodyne_gazebo_plugins:/home/dwduong74/yahboom_src/install/champ_msgs:/home/dwduong74/yahboom_src/install/champ:/home/dwduong74/yahboom_src/install/yahboom_msgs:/home/dwduong74/yahboom_src/install/velodyne_simulator:/home/dwduong74/yahboom_src/install/velodyne_description:/home/dwduong74/yahboom_src/install/champ_bringup:/home/dwduong74/yahboom_src/install/oradar_lidar:/home/dwduong74/yahboom_src/install/image_color_lab:/home/dwduong74/yahboom_src/install/go2_description:/home/dwduong74/yahboom_src/install/go2_config:/home/dwduong74/yahboom_src/install/dogzilla_description:/home/dwduong74/yahboom_src/install/dogzilla_config:/home/dwduong74/yahboom_src/install/champ_teleop:/home/dwduong74/yahboom_src/install/champ_navigation:/home/dwduong74/yahboom_src/install/champ_gazebo:/home/dwduong74/yahboom_src/install/champ_config:/home/dwduong74/LUMI_ws/install/turtlebot3_manipulation_gazebo:/home/dwduong74/LUMI_ws/install/champ:/home/dwduong74/LUMI_ws/install/rf2o_laser_odometry:/home/dwduong74/yahboom_src/install/yahboom_set_height:/home/dwduong74/yahboom_src/install/yahboom_mediapipe:/home/dwduong74/yahboom_src/install/yahboom_gait:/home/dwduong74/yahboom_src/install/yahboom_dog_joint_state:/home/dwduong74/yahboom_src/install/yahboom_description:/home/dwduong74/yahboom_src/install/yahboom_bringup:/home/dwduong74/yahboom_src/install/yahboom_base:/home/dwduong74/yahboom_src/install/yahboom_app_save_map:/home/dwduong74/yahboom_src/install/tf_publisher:/home/dwduong74/yahboom_src/install/bringup:/home/dwduong74/LUMI_ws/install/custom_explorer:/opt/ros/humble LD_LIBRARY_PATH=/home/dwduong74/yahboom_src/install/champ_base/lib:/home/dwduong74/yahboom_src/install/velodyne_gazebo_plugins/lib:/home/dwduong74/yahboom_src/install/champ_msgs/lib:/home/dwduong74/yahboom_src/install/yahboom_msgs/lib:/home/dwduong74/yahboom_src/install/image_color_lab/lib:/usr/lib/x86_64-linux-gnu/gazebo-11/plugins:/opt/ros/humble/opt/rviz_ogre_vendor/lib:/opt/ros/humble/lib/x86_64-linux-gnu:/opt/ros/humble/lib PATH=/home/dwduong74/yahboom_src/install/champ_base/bin:/home/dwduong74/yahboom_src/install/oradar_lidar/bin:/home/dwduong74/yahboom_src/install/champ_gazebo/bin:/usr/bin:/home/dwduong74/.local/bin:/home/dwduong74/.local/bin:/opt/ros/humble/bin:/usr/local/sbin:/usr/local/bin:/usr/sbin:/usr/bin:/sbin:/bin:/usr/games:/usr/local/games:/snap/bin /usr/bin/cmake --install /home/dwduong74/yahboom_src/build/champ_bringup
[10.248s] Level 1:colcon.colcon_core.environment:checking '/home/dwduong74/yahboom_src/install/champ_bringup' for CMake config files
[10.248s] Level 1:colcon.colcon_core.shell:create_environment_hook('champ_bringup', 'cmake_prefix_path')
[10.249s] INFO:colcon.colcon_core.shell:Creating environment hook '/home/dwduong74/yahboom_src/install/champ_bringup/share/champ_bringup/hook/cmake_prefix_path.ps1'
[10.250s] INFO:colcon.colcon_core.shell:Creating environment descriptor '/home/dwduong74/yahboom_src/install/champ_bringup/share/champ_bringup/hook/cmake_prefix_path.dsv'
[10.250s] INFO:colcon.colcon_core.shell:Creating environment hook '/home/dwduong74/yahboom_src/install/champ_bringup/share/champ_bringup/hook/cmake_prefix_path.sh'
[10.251s] Level 1:colcon.colcon_core.environment:checking '/home/dwduong74/yahboom_src/install/champ_bringup/lib'
[10.251s] Level 1:colcon.colcon_core.environment:checking '/home/dwduong74/yahboom_src/install/champ_bringup/bin'
[10.251s] Level 1:colcon.colcon_core.environment:checking '/home/dwduong74/yahboom_src/install/champ_bringup/lib/pkgconfig/champ_bringup.pc'
[10.252s] Level 1:colcon.colcon_core.environment:checking '/home/dwduong74/yahboom_src/install/champ_bringup/lib/python3.10/site-packages'
[10.253s] Level 1:colcon.colcon_core.environment:checking '/home/dwduong74/yahboom_src/install/champ_bringup/bin'
[10.253s] INFO:colcon.colcon_core.shell:Creating package script '/home/dwduong74/yahboom_src/install/champ_bringup/share/champ_bringup/package.ps1'
[10.254s] INFO:colcon.colcon_core.shell:Creating package descriptor '/home/dwduong74/yahboom_src/install/champ_bringup/share/champ_bringup/package.dsv'
[10.255s] INFO:colcon.colcon_core.shell:Creating package script '/home/dwduong74/yahboom_src/install/champ_bringup/share/champ_bringup/package.sh'
[10.255s] INFO:colcon.colcon_core.shell:Creating package script '/home/dwduong74/yahboom_src/install/champ_bringup/share/champ_bringup/package.bash'
[10.256s] INFO:colcon.colcon_core.shell:Creating package script '/home/dwduong74/yahboom_src/install/champ_bringup/share/champ_bringup/package.zsh'
[10.257s] Level 1:colcon.colcon_core.environment:create_file_with_runtime_dependencies(/home/dwduong74/yahboom_src/install/champ_bringup/share/colcon-core/packages/champ_bringup)
[10.258s] Level 1:colcon.colcon_core.environment:create_environment_scripts_only(champ_bringup)
[10.258s] Level 1:colcon.colcon_core.environment:checking '/home/dwduong74/yahboom_src/install/champ_bringup' for CMake module files
[10.259s] Level 1:colcon.colcon_core.environment:checking '/home/dwduong74/yahboom_src/install/champ_bringup' for CMake config files
[10.259s] Level 1:colcon.colcon_core.shell:create_environment_hook('champ_bringup', 'cmake_prefix_path')
[10.260s] INFO:colcon.colcon_core.shell:Creating environment hook '/home/dwduong74/yahboom_src/install/champ_bringup/share/champ_bringup/hook/cmake_prefix_path.ps1'
[10.260s] INFO:colcon.colcon_core.shell:Creating environment descriptor '/home/dwduong74/yahboom_src/install/champ_bringup/share/champ_bringup/hook/cmake_prefix_path.dsv'
[10.261s] INFO:colcon.colcon_core.shell:Creating environment hook '/home/dwduong74/yahboom_src/install/champ_bringup/share/champ_bringup/hook/cmake_prefix_path.sh'
[10.262s] Level 1:colcon.colcon_core.environment:checking '/home/dwduong74/yahboom_src/install/champ_bringup/lib'
[10.262s] Level 1:colcon.colcon_core.environment:checking '/home/dwduong74/yahboom_src/install/champ_bringup/bin'
[10.262s] Level 1:colcon.colcon_core.environment:checking '/home/dwduong74/yahboom_src/install/champ_bringup/lib/pkgconfig/champ_bringup.pc'
[10.262s] Level 1:colcon.colcon_core.environment:checking '/home/dwduong74/yahboom_src/install/champ_bringup/lib/python3.10/site-packages'
[10.263s] Level 1:colcon.colcon_core.environment:checking '/home/dwduong74/yahboom_src/install/champ_bringup/bin'
[10.264s] INFO:colcon.colcon_core.shell:Creating package script '/home/dwduong74/yahboom_src/install/champ_bringup/share/champ_bringup/package.ps1'
[10.265s] INFO:colcon.colcon_core.shell:Creating package descriptor '/home/dwduong74/yahboom_src/install/champ_bringup/share/champ_bringup/package.dsv'
[10.266s] INFO:colcon.colcon_core.shell:Creating package script '/home/dwduong74/yahboom_src/install/champ_bringup/share/champ_bringup/package.sh'
[10.266s] INFO:colcon.colcon_core.shell:Creating package script '/home/dwduong74/yahboom_src/install/champ_bringup/share/champ_bringup/package.bash'
[10.267s] INFO:colcon.colcon_core.shell:Creating package script '/home/dwduong74/yahboom_src/install/champ_bringup/share/champ_bringup/package.zsh'
[10.268s] Level 1:colcon.colcon_core.environment:create_file_with_runtime_dependencies(/home/dwduong74/yahboom_src/install/champ_bringup/share/colcon-core/packages/champ_bringup)
[10.356s] Level 1:colcon.colcon_core.environment:checking '/home/dwduong74/yahboom_src/install/yahboom_description' for CMake module files
[10.357s] DEBUG:colcon.colcon_core.event_handler.log_command:Invoked command in '/home/dwduong74/yahboom_src/src/yahboom_description' returned '0': PYTHONPATH=/home/dwduong74/yahboom_src/build/yahboom_description/prefix_override:/usr/lib/python3/dist-packages/colcon_core/task/python/colcon_distutils_commands:/home/dwduong74/yahboom_src/install/yahboom_description/lib/python3.10/site-packages:${PYTHONPATH} /usr/bin/python3 -W ignore:setup.py install is deprecated -W ignore:easy_install command is deprecated setup.py egg_info --egg-base ../../build/yahboom_description build --build-base /home/dwduong74/yahboom_src/build/yahboom_description/build install --record /home/dwduong74/yahboom_src/build/yahboom_description/install.log --single-version-externally-managed install_data
[10.358s] Level 1:colcon.colcon_core.environment:checking '/home/dwduong74/yahboom_src/install/yahboom_description' for CMake config files
[10.359s] Level 1:colcon.colcon_core.environment:checking '/home/dwduong74/yahboom_src/install/yahboom_description/lib'
[10.359s] Level 1:colcon.colcon_core.environment:checking '/home/dwduong74/yahboom_src/install/yahboom_description/bin'
[10.359s] Level 1:colcon.colcon_core.environment:checking '/home/dwduong74/yahboom_src/install/yahboom_description/lib/pkgconfig/yahboom_description.pc'
[10.359s] Level 1:colcon.colcon_core.environment:checking '/home/dwduong74/yahboom_src/install/yahboom_description/lib/python3.10/site-packages'
[10.359s] Level 1:colcon.colcon_core.shell:create_environment_hook('yahboom_description', 'pythonpath')
[10.359s] INFO:colcon.colcon_core.shell:Creating environment hook '/home/dwduong74/yahboom_src/install/yahboom_description/share/yahboom_description/hook/pythonpath.ps1'
[10.360s] INFO:colcon.colcon_core.shell:Creating environment descriptor '/home/dwduong74/yahboom_src/install/yahboom_description/share/yahboom_description/hook/pythonpath.dsv'
[10.361s] INFO:colcon.colcon_core.shell:Creating environment hook '/home/dwduong74/yahboom_src/install/yahboom_description/share/yahboom_description/hook/pythonpath.sh'
[10.362s] Level 1:colcon.colcon_core.environment:checking '/home/dwduong74/yahboom_src/install/yahboom_description/bin'
[10.362s] Level 1:colcon.colcon_core.environment:create_environment_scripts_only(yahboom_description)
[10.362s] INFO:colcon.colcon_core.shell:Creating package script '/home/dwduong74/yahboom_src/install/yahboom_description/share/yahboom_description/package.ps1'
[10.363s] INFO:colcon.colcon_core.shell:Creating package descriptor '/home/dwduong74/yahboom_src/install/yahboom_description/share/yahboom_description/package.dsv'
[10.363s] INFO:colcon.colcon_core.shell:Creating package script '/home/dwduong74/yahboom_src/install/yahboom_description/share/yahboom_description/package.sh'
[10.364s] INFO:colcon.colcon_core.shell:Creating package script '/home/dwduong74/yahboom_src/install/yahboom_description/share/yahboom_description/package.bash'
[10.364s] INFO:colcon.colcon_core.shell:Creating package script '/home/dwduong74/yahboom_src/install/yahboom_description/share/yahboom_description/package.zsh'
[10.365s] Level 1:colcon.colcon_core.environment:create_file_with_runtime_dependencies(/home/dwduong74/yahboom_src/install/yahboom_description/share/colcon-core/packages/yahboom_description)
[10.439s] Level 1:colcon.colcon_core.environment:checking '/home/dwduong74/yahboom_src/install/yahboom_gait' for CMake module files
[10.440s] DEBUG:colcon.colcon_core.event_handler.log_command:Invoked command in '/home/dwduong74/yahboom_src/src/yahboom_gait' returned '0': PYTHONPATH=/home/dwduong74/yahboom_src/build/yahboom_gait/prefix_override:/usr/lib/python3/dist-packages/colcon_core/task/python/colcon_distutils_commands:/home/dwduong74/yahboom_src/install/yahboom_gait/lib/python3.10/site-packages:${PYTHONPATH} /usr/bin/python3 -W ignore:setup.py install is deprecated -W ignore:easy_install command is deprecated setup.py egg_info --egg-base ../../build/yahboom_gait build --build-base /home/dwduong74/yahboom_src/build/yahboom_gait/build install --record /home/dwduong74/yahboom_src/build/yahboom_gait/install.log --single-version-externally-managed install_data
[10.441s] Level 1:colcon.colcon_core.environment:checking '/home/dwduong74/yahboom_src/install/yahboom_gait' for CMake config files
[10.441s] Level 1:colcon.colcon_core.environment:checking '/home/dwduong74/yahboom_src/install/yahboom_gait/lib'
[10.441s] Level 1:colcon.colcon_core.environment:checking '/home/dwduong74/yahboom_src/install/yahboom_gait/bin'
[10.442s] Level 1:colcon.colcon_core.environment:checking '/home/dwduong74/yahboom_src/install/yahboom_gait/lib/pkgconfig/yahboom_gait.pc'
[10.442s] Level 1:colcon.colcon_core.environment:checking '/home/dwduong74/yahboom_src/install/yahboom_gait/lib/python3.10/site-packages'
[10.442s] Level 1:colcon.colcon_core.shell:create_environment_hook('yahboom_gait', 'pythonpath')
[10.442s] INFO:colcon.colcon_core.shell:Creating environment hook '/home/dwduong74/yahboom_src/install/yahboom_gait/share/yahboom_gait/hook/pythonpath.ps1'
[10.443s] INFO:colcon.colcon_core.shell:Creating environment descriptor '/home/dwduong74/yahboom_src/install/yahboom_gait/share/yahboom_gait/hook/pythonpath.dsv'
[10.443s] INFO:colcon.colcon_core.shell:Creating environment hook '/home/dwduong74/yahboom_src/install/yahboom_gait/share/yahboom_gait/hook/pythonpath.sh'
[10.444s] Level 1:colcon.colcon_core.environment:checking '/home/dwduong74/yahboom_src/install/yahboom_gait/bin'
[10.444s] Level 1:colcon.colcon_core.environment:create_environment_scripts_only(yahboom_gait)
[10.445s] INFO:colcon.colcon_core.shell:Creating package script '/home/dwduong74/yahboom_src/install/yahboom_gait/share/yahboom_gait/package.ps1'
[10.445s] INFO:colcon.colcon_core.shell:Creating package descriptor '/home/dwduong74/yahboom_src/install/yahboom_gait/share/yahboom_gait/package.dsv'
[10.446s] INFO:colcon.colcon_core.shell:Creating package script '/home/dwduong74/yahboom_src/install/yahboom_gait/share/yahboom_gait/package.sh'
[10.447s] INFO:colcon.colcon_core.shell:Creating package script '/home/dwduong74/yahboom_src/install/yahboom_gait/share/yahboom_gait/package.bash'
[10.447s] INFO:colcon.colcon_core.shell:Creating package script '/home/dwduong74/yahboom_src/install/yahboom_gait/share/yahboom_gait/package.zsh'
[10.447s] Level 1:colcon.colcon_core.environment:create_file_with_runtime_dependencies(/home/dwduong74/yahboom_src/install/yahboom_gait/share/colcon-core/packages/yahboom_gait)
[10.549s] DEBUG:colcon.colcon_core.event_handler.log_command:Invoking command in '/home/dwduong74/yahboom_src/src/yahboom_set_height': PYTHONPATH=/home/dwduong74/yahboom_src/build/yahboom_set_height/prefix_override:/usr/lib/python3/dist-packages/colcon_core/task/python/colcon_distutils_commands:/home/dwduong74/yahboom_src/install/yahboom_set_height/lib/python3.10/site-packages:${PYTHONPATH} /usr/bin/python3 -W ignore:setup.py install is deprecated -W ignore:easy_install command is deprecated setup.py egg_info --egg-base ../../build/yahboom_set_height build --build-base /home/dwduong74/yahboom_src/build/yahboom_set_height/build install --record /home/dwduong74/yahboom_src/build/yahboom_set_height/install.log --single-version-externally-managed install_data
[10.571s] Level 1:colcon.colcon_core.environment:checking '/home/dwduong74/yahboom_src/install/yahboom_mediapipe' for CMake module files
[10.572s] DEBUG:colcon.colcon_core.event_handler.log_command:Invoked command in '/home/dwduong74/yahboom_src/src/yahboom_mediapipe' returned '0': PYTHONPATH=/home/dwduong74/yahboom_src/build/yahboom_mediapipe/prefix_override:/usr/lib/python3/dist-packages/colcon_core/task/python/colcon_distutils_commands:/home/dwduong74/yahboom_src/install/yahboom_mediapipe/lib/python3.10/site-packages:${PYTHONPATH} /usr/bin/python3 -W ignore:setup.py install is deprecated -W ignore:easy_install command is deprecated setup.py egg_info --egg-base ../../build/yahboom_mediapipe build --build-base /home/dwduong74/yahboom_src/build/yahboom_mediapipe/build install --record /home/dwduong74/yahboom_src/build/yahboom_mediapipe/install.log --single-version-externally-managed install_data
[10.573s] Level 1:colcon.colcon_core.environment:checking '/home/dwduong74/yahboom_src/install/yahboom_mediapipe' for CMake config files
[10.573s] Level 1:colcon.colcon_core.environment:checking '/home/dwduong74/yahboom_src/install/yahboom_mediapipe/lib'
[10.573s] Level 1:colcon.colcon_core.environment:checking '/home/dwduong74/yahboom_src/install/yahboom_mediapipe/bin'
[10.574s] Level 1:colcon.colcon_core.environment:checking '/home/dwduong74/yahboom_src/install/yahboom_mediapipe/lib/pkgconfig/yahboom_mediapipe.pc'
[10.574s] Level 1:colcon.colcon_core.environment:checking '/home/dwduong74/yahboom_src/install/yahboom_mediapipe/lib/python3.10/site-packages'
[10.574s] Level 1:colcon.colcon_core.shell:create_environment_hook('yahboom_mediapipe', 'pythonpath')
[10.574s] INFO:colcon.colcon_core.shell:Creating environment hook '/home/dwduong74/yahboom_src/install/yahboom_mediapipe/share/yahboom_mediapipe/hook/pythonpath.ps1'
[10.575s] INFO:colcon.colcon_core.shell:Creating environment descriptor '/home/dwduong74/yahboom_src/install/yahboom_mediapipe/share/yahboom_mediapipe/hook/pythonpath.dsv'
[10.575s] INFO:colcon.colcon_core.shell:Creating environment hook '/home/dwduong74/yahboom_src/install/yahboom_mediapipe/share/yahboom_mediapipe/hook/pythonpath.sh'
[10.576s] Level 1:colcon.colcon_core.environment:checking '/home/dwduong74/yahboom_src/install/yahboom_mediapipe/bin'
[10.576s] Level 1:colcon.colcon_core.environment:create_environment_scripts_only(yahboom_mediapipe)
[10.576s] INFO:colcon.colcon_core.shell:Creating package script '/home/dwduong74/yahboom_src/install/yahboom_mediapipe/share/yahboom_mediapipe/package.ps1'
[10.577s] INFO:colcon.colcon_core.shell:Creating package descriptor '/home/dwduong74/yahboom_src/install/yahboom_mediapipe/share/yahboom_mediapipe/package.dsv'
[10.578s] INFO:colcon.colcon_core.shell:Creating package script '/home/dwduong74/yahboom_src/install/yahboom_mediapipe/share/yahboom_mediapipe/package.sh'
[10.578s] INFO:colcon.colcon_core.shell:Creating package script '/home/dwduong74/yahboom_src/install/yahboom_mediapipe/share/yahboom_mediapipe/package.bash'
[10.579s] INFO:colcon.colcon_core.shell:Creating package script '/home/dwduong74/yahboom_src/install/yahboom_mediapipe/share/yahboom_mediapipe/package.zsh'
[10.579s] Level 1:colcon.colcon_core.environment:create_file_with_runtime_dependencies(/home/dwduong74/yahboom_src/install/yahboom_mediapipe/share/colcon-core/packages/yahboom_mediapipe)
[11.132s] Level 1:colcon.colcon_core.environment:checking '/home/dwduong74/yahboom_src/install/yahboom_set_height' for CMake module files
[11.133s] DEBUG:colcon.colcon_core.event_handler.log_command:Invoked command in '/home/dwduong74/yahboom_src/src/yahboom_set_height' returned '0': PYTHONPATH=/home/dwduong74/yahboom_src/build/yahboom_set_height/prefix_override:/usr/lib/python3/dist-packages/colcon_core/task/python/colcon_distutils_commands:/home/dwduong74/yahboom_src/install/yahboom_set_height/lib/python3.10/site-packages:${PYTHONPATH} /usr/bin/python3 -W ignore:setup.py install is deprecated -W ignore:easy_install command is deprecated setup.py egg_info --egg-base ../../build/yahboom_set_height build --build-base /home/dwduong74/yahboom_src/build/yahboom_set_height/build install --record /home/dwduong74/yahboom_src/build/yahboom_set_height/install.log --single-version-externally-managed install_data
[11.134s] Level 1:colcon.colcon_core.environment:checking '/home/dwduong74/yahboom_src/install/yahboom_set_height' for CMake config files
[11.134s] Level 1:colcon.colcon_core.environment:checking '/home/dwduong74/yahboom_src/install/yahboom_set_height/lib'
[11.135s] Level 1:colcon.colcon_core.environment:checking '/home/dwduong74/yahboom_src/install/yahboom_set_height/bin'
[11.135s] Level 1:colcon.colcon_core.environment:checking '/home/dwduong74/yahboom_src/install/yahboom_set_height/lib/pkgconfig/yahboom_set_height.pc'
[11.135s] Level 1:colcon.colcon_core.environment:checking '/home/dwduong74/yahboom_src/install/yahboom_set_height/lib/python3.10/site-packages'
[11.135s] Level 1:colcon.colcon_core.shell:create_environment_hook('yahboom_set_height', 'pythonpath')
[11.135s] INFO:colcon.colcon_core.shell:Creating environment hook '/home/dwduong74/yahboom_src/install/yahboom_set_height/share/yahboom_set_height/hook/pythonpath.ps1'
[11.136s] INFO:colcon.colcon_core.shell:Creating environment descriptor '/home/dwduong74/yahboom_src/install/yahboom_set_height/share/yahboom_set_height/hook/pythonpath.dsv'
[11.136s] INFO:colcon.colcon_core.shell:Creating environment hook '/home/dwduong74/yahboom_src/install/yahboom_set_height/share/yahboom_set_height/hook/pythonpath.sh'
[11.137s] Level 1:colcon.colcon_core.environment:checking '/home/dwduong74/yahboom_src/install/yahboom_set_height/bin'
[11.137s] Level 1:colcon.colcon_core.environment:create_environment_scripts_only(yahboom_set_height)
[11.137s] INFO:colcon.colcon_core.shell:Creating package script '/home/dwduong74/yahboom_src/install/yahboom_set_height/share/yahboom_set_height/package.ps1'
[11.138s] INFO:colcon.colcon_core.shell:Creating package descriptor '/home/dwduong74/yahboom_src/install/yahboom_set_height/share/yahboom_set_height/package.dsv'
[11.139s] INFO:colcon.colcon_core.shell:Creating package script '/home/dwduong74/yahboom_src/install/yahboom_set_height/share/yahboom_set_height/package.sh'
[11.139s] INFO:colcon.colcon_core.shell:Creating package script '/home/dwduong74/yahboom_src/install/yahboom_set_height/share/yahboom_set_height/package.bash'
[11.140s] INFO:colcon.colcon_core.shell:Creating package script '/home/dwduong74/yahboom_src/install/yahboom_set_height/share/yahboom_set_height/package.zsh'
[11.140s] Level 1:colcon.colcon_core.environment:create_file_with_runtime_dependencies(/home/dwduong74/yahboom_src/install/yahboom_set_height/share/colcon-core/packages/yahboom_set_height)
[11.141s] DEBUG:colcon.colcon_parallel_executor.executor.parallel:closing loop
[11.141s] DEBUG:colcon.colcon_parallel_executor.executor.parallel:loop closed
[11.141s] DEBUG:colcon.colcon_parallel_executor.executor.parallel:run_until_complete finished with '0'
[11.141s] DEBUG:colcon.colcon_core.event_reactor:joining thread
[11.149s] INFO:colcon.colcon_core.plugin_system:Skipping extension 'colcon_notification.desktop_notification.terminal_notifier': Not used on non-Darwin systems
[11.149s] INFO:colcon.colcon_core.plugin_system:Skipping extension 'colcon_notification.desktop_notification.win32': Not used on non-Windows systems
[11.149s] INFO:colcon.colcon_notification.desktop_notification:Sending desktop notification using 'notify2'
[11.161s] DEBUG:colcon.colcon_core.event_reactor:joined thread
[11.162s] INFO:colcon.colcon_core.shell:Creating prefix script '/home/dwduong74/yahboom_src/install/local_setup.ps1'
[11.164s] INFO:colcon.colcon_core.shell:Creating prefix util module '/home/dwduong74/yahboom_src/install/_local_setup_util_ps1.py'
[11.168s] INFO:colcon.colcon_core.shell:Creating prefix chain script '/home/dwduong74/yahboom_src/install/setup.ps1'
[11.171s] INFO:colcon.colcon_core.shell:Creating prefix script '/home/dwduong74/yahboom_src/install/local_setup.sh'
[11.171s] INFO:colcon.colcon_core.shell:Creating prefix util module '/home/dwduong74/yahboom_src/install/_local_setup_util_sh.py'
[11.172s] INFO:colcon.colcon_core.shell:Creating prefix chain script '/home/dwduong74/yahboom_src/install/setup.sh'
[11.175s] INFO:colcon.colcon_core.shell:Creating prefix script '/home/dwduong74/yahboom_src/install/local_setup.bash'
[11.176s] INFO:colcon.colcon_core.shell:Creating prefix chain script '/home/dwduong74/yahboom_src/install/setup.bash'
[11.180s] INFO:colcon.colcon_core.shell:Creating prefix script '/home/dwduong74/yahboom_src/install/local_setup.zsh'
[11.181s] INFO:colcon.colcon_core.shell:Creating prefix chain script '/home/dwduong74/yahboom_src/install/setup.zsh'
