[0.151s] DEBUG:colcon:Command line arguments: ['/usr/bin/colcon', 'build']
[0.152s] DEBUG:colcon:Parsed command line arguments: Namespace(log_base=None, log_level=None, verb_name='build', build_base='build', install_base='install', merge_install=False, symlink_install=False, test_result_base=None, continue_on_error=False, executor='parallel', parallel_workers=8, event_handlers=None, ignore_user_meta=False, metas=['./colcon.meta'], base_paths=['.'], packages_ignore=None, packages_ignore_regex=None, paths=None, packages_up_to=None, packages_up_to_regex=None, packages_above=None, packages_above_and_dependencies=None, packages_above_depth=None, packages_select_by_dep=None, packages_skip_by_dep=None, packages_skip_up_to=None, packages_select_build_failed=False, packages_skip_build_finished=False, packages_select_test_failures=False, packages_skip_test_passed=False, packages_select=None, packages_skip=None, packages_select_regex=None, packages_skip_regex=None, packages_start=None, packages_end=None, allow_overriding=[], cmake_args=None, cmake_target=None, cmake_target_skip_unavailable=False, cmake_clean_cache=False, cmake_clean_first=False, cmake_force_configure=False, ament_cmake_args=None, catkin_cmake_args=None, catkin_skip_building_tests=False, mixin_files=None, mixin=None, verb_parser=<colcon_mixin.mixin.mixin_argument.MixinArgumentDecorator object at 0x7394b62da140>, verb_extension=<colcon_core.verb.build.BuildVerb object at 0x7394b62d9bd0>, main=<bound method BuildVerb.main of <colcon_core.verb.build.BuildVerb object at 0x7394b62d9bd0>>, mixin_verb=('build',))
[0.560s] Level 1:colcon.colcon_core.package_discovery:discover_packages(colcon_meta) check parameters
[0.560s] Level 1:colcon.colcon_core.package_discovery:discover_packages(recursive) check parameters
[0.560s] Level 1:colcon.colcon_core.package_discovery:discover_packages(ignore) check parameters
[0.560s] Level 1:colcon.colcon_core.package_discovery:discover_packages(path) check parameters
[0.560s] Level 1:colcon.colcon_core.package_discovery:discover_packages(colcon_meta) discover
[0.560s] Level 1:colcon.colcon_core.package_discovery:discover_packages(recursive) discover
[0.560s] INFO:colcon.colcon_core.package_discovery:Crawling recursively for packages in '/home/dwduong74/yahboom_src'
[0.560s] Level 1:colcon.colcon_core.package_identification:_identify(.) by extensions ['ignore', 'ignore_ament_install']
[0.560s] Level 1:colcon.colcon_core.package_identification:_identify(.) by extension 'ignore'
[0.560s] Level 1:colcon.colcon_core.package_identification:_identify(.) by extension 'ignore_ament_install'
[0.560s] Level 1:colcon.colcon_core.package_identification:_identify(.) by extensions ['colcon_pkg']
[0.560s] Level 1:colcon.colcon_core.package_identification:_identify(.) by extension 'colcon_pkg'
[0.561s] Level 1:colcon.colcon_core.package_identification:_identify(.) by extensions ['colcon_meta']
[0.561s] Level 1:colcon.colcon_core.package_identification:_identify(.) by extension 'colcon_meta'
[0.561s] Level 1:colcon.colcon_core.package_identification:_identify(.) by extensions ['ros']
[0.561s] Level 1:colcon.colcon_core.package_identification:_identify(.) by extension 'ros'
[0.588s] Level 1:colcon.colcon_core.package_identification:_identify(.) by extensions ['cmake', 'python']
[0.588s] Level 1:colcon.colcon_core.package_identification:_identify(.) by extension 'cmake'
[0.588s] Level 1:colcon.colcon_core.package_identification:_identify(.) by extension 'python'
[0.588s] Level 1:colcon.colcon_core.package_identification:_identify(.) by extensions ['python_setup_py']
[0.588s] Level 1:colcon.colcon_core.package_identification:_identify(.) by extension 'python_setup_py'
[0.588s] Level 1:colcon.colcon_core.package_identification:_identify(build) by extensions ['ignore', 'ignore_ament_install']
[0.589s] Level 1:colcon.colcon_core.package_identification:_identify(build) by extension 'ignore'
[0.589s] Level 1:colcon.colcon_core.package_identification:_identify(build) ignored
[0.589s] Level 1:colcon.colcon_core.package_identification:_identify(install) by extensions ['ignore', 'ignore_ament_install']
[0.589s] Level 1:colcon.colcon_core.package_identification:_identify(install) by extension 'ignore'
[0.589s] Level 1:colcon.colcon_core.package_identification:_identify(install) ignored
[0.589s] Level 1:colcon.colcon_core.package_identification:_identify(log) by extensions ['ignore', 'ignore_ament_install']
[0.589s] Level 1:colcon.colcon_core.package_identification:_identify(log) by extension 'ignore'
[0.589s] Level 1:colcon.colcon_core.package_identification:_identify(log) ignored
[0.589s] Level 1:colcon.colcon_core.package_identification:_identify(src) by extensions ['ignore', 'ignore_ament_install']
[0.589s] Level 1:colcon.colcon_core.package_identification:_identify(src) by extension 'ignore'
[0.589s] Level 1:colcon.colcon_core.package_identification:_identify(src) by extension 'ignore_ament_install'
[0.590s] Level 1:colcon.colcon_core.package_identification:_identify(src) by extensions ['colcon_pkg']
[0.590s] Level 1:colcon.colcon_core.package_identification:_identify(src) by extension 'colcon_pkg'
[0.590s] Level 1:colcon.colcon_core.package_identification:_identify(src) by extensions ['colcon_meta']
[0.590s] Level 1:colcon.colcon_core.package_identification:_identify(src) by extension 'colcon_meta'
[0.590s] Level 1:colcon.colcon_core.package_identification:_identify(src) by extensions ['ros']
[0.590s] Level 1:colcon.colcon_core.package_identification:_identify(src) by extension 'ros'
[0.590s] Level 1:colcon.colcon_core.package_identification:_identify(src) by extensions ['cmake', 'python']
[0.590s] Level 1:colcon.colcon_core.package_identification:_identify(src) by extension 'cmake'
[0.590s] Level 1:colcon.colcon_core.package_identification:_identify(src) by extension 'python'
[0.590s] Level 1:colcon.colcon_core.package_identification:_identify(src) by extensions ['python_setup_py']
[0.590s] Level 1:colcon.colcon_core.package_identification:_identify(src) by extension 'python_setup_py'
[0.590s] Level 1:colcon.colcon_core.package_identification:_identify(src/bringup) by extensions ['ignore', 'ignore_ament_install']
[0.590s] Level 1:colcon.colcon_core.package_identification:_identify(src/bringup) by extension 'ignore'
[0.590s] Level 1:colcon.colcon_core.package_identification:_identify(src/bringup) by extension 'ignore_ament_install'
[0.590s] Level 1:colcon.colcon_core.package_identification:_identify(src/bringup) by extensions ['colcon_pkg']
[0.590s] Level 1:colcon.colcon_core.package_identification:_identify(src/bringup) by extension 'colcon_pkg'
[0.590s] Level 1:colcon.colcon_core.package_identification:_identify(src/bringup) by extensions ['colcon_meta']
[0.590s] Level 1:colcon.colcon_core.package_identification:_identify(src/bringup) by extension 'colcon_meta'
[0.590s] Level 1:colcon.colcon_core.package_identification:_identify(src/bringup) by extensions ['ros']
[0.591s] Level 1:colcon.colcon_core.package_identification:_identify(src/bringup) by extension 'ros'
[0.593s] DEBUG:colcon.colcon_core.package_identification:Package 'src/bringup' with type 'ros.ament_python' and name 'bringup'
[0.593s] Level 1:colcon.colcon_core.package_identification:_identify(src/build) by extensions ['ignore', 'ignore_ament_install']
[0.593s] Level 1:colcon.colcon_core.package_identification:_identify(src/build) by extension 'ignore'
[0.593s] Level 1:colcon.colcon_core.package_identification:_identify(src/build) ignored
[0.593s] Level 1:colcon.colcon_core.package_identification:_identify(src/dogzilla_sim) by extensions ['ignore', 'ignore_ament_install']
[0.594s] Level 1:colcon.colcon_core.package_identification:_identify(src/dogzilla_sim) by extension 'ignore'
[0.594s] Level 1:colcon.colcon_core.package_identification:_identify(src/dogzilla_sim) by extension 'ignore_ament_install'
[0.594s] Level 1:colcon.colcon_core.package_identification:_identify(src/dogzilla_sim) by extensions ['colcon_pkg']
[0.594s] Level 1:colcon.colcon_core.package_identification:_identify(src/dogzilla_sim) by extension 'colcon_pkg'
[0.594s] Level 1:colcon.colcon_core.package_identification:_identify(src/dogzilla_sim) by extensions ['colcon_meta']
[0.594s] Level 1:colcon.colcon_core.package_identification:_identify(src/dogzilla_sim) by extension 'colcon_meta'
[0.594s] Level 1:colcon.colcon_core.package_identification:_identify(src/dogzilla_sim) by extensions ['ros']
[0.594s] Level 1:colcon.colcon_core.package_identification:_identify(src/dogzilla_sim) by extension 'ros'
[0.594s] Level 1:colcon.colcon_core.package_identification:_identify(src/dogzilla_sim) by extensions ['cmake', 'python']
[0.594s] Level 1:colcon.colcon_core.package_identification:_identify(src/dogzilla_sim) by extension 'cmake'
[0.594s] Level 1:colcon.colcon_core.package_identification:_identify(src/dogzilla_sim) by extension 'python'
[0.594s] Level 1:colcon.colcon_core.package_identification:_identify(src/dogzilla_sim) by extensions ['python_setup_py']
[0.594s] Level 1:colcon.colcon_core.package_identification:_identify(src/dogzilla_sim) by extension 'python_setup_py'
[0.594s] Level 1:colcon.colcon_core.package_identification:_identify(src/dogzilla_sim/robots) by extensions ['ignore', 'ignore_ament_install']
[0.594s] Level 1:colcon.colcon_core.package_identification:_identify(src/dogzilla_sim/robots) by extension 'ignore'
[0.594s] Level 1:colcon.colcon_core.package_identification:_identify(src/dogzilla_sim/robots) by extension 'ignore_ament_install'
[0.594s] Level 1:colcon.colcon_core.package_identification:_identify(src/dogzilla_sim/robots) by extensions ['colcon_pkg']
[0.594s] Level 1:colcon.colcon_core.package_identification:_identify(src/dogzilla_sim/robots) by extension 'colcon_pkg'
[0.595s] Level 1:colcon.colcon_core.package_identification:_identify(src/dogzilla_sim/robots) by extensions ['colcon_meta']
[0.595s] Level 1:colcon.colcon_core.package_identification:_identify(src/dogzilla_sim/robots) by extension 'colcon_meta'
[0.595s] Level 1:colcon.colcon_core.package_identification:_identify(src/dogzilla_sim/robots) by extensions ['ros']
[0.595s] Level 1:colcon.colcon_core.package_identification:_identify(src/dogzilla_sim/robots) by extension 'ros'
[0.595s] Level 1:colcon.colcon_core.package_identification:_identify(src/dogzilla_sim/robots) by extensions ['cmake', 'python']
[0.595s] Level 1:colcon.colcon_core.package_identification:_identify(src/dogzilla_sim/robots) by extension 'cmake'
[0.595s] Level 1:colcon.colcon_core.package_identification:_identify(src/dogzilla_sim/robots) by extension 'python'
[0.595s] Level 1:colcon.colcon_core.package_identification:_identify(src/dogzilla_sim/robots) by extensions ['python_setup_py']
[0.595s] Level 1:colcon.colcon_core.package_identification:_identify(src/dogzilla_sim/robots) by extension 'python_setup_py'
[0.595s] Level 1:colcon.colcon_core.package_identification:_identify(src/dogzilla_sim/robots/configs) by extensions ['ignore', 'ignore_ament_install']
[0.595s] Level 1:colcon.colcon_core.package_identification:_identify(src/dogzilla_sim/robots/configs) by extension 'ignore'
[0.595s] Level 1:colcon.colcon_core.package_identification:_identify(src/dogzilla_sim/robots/configs) by extension 'ignore_ament_install'
[0.595s] Level 1:colcon.colcon_core.package_identification:_identify(src/dogzilla_sim/robots/configs) by extensions ['colcon_pkg']
[0.595s] Level 1:colcon.colcon_core.package_identification:_identify(src/dogzilla_sim/robots/configs) by extension 'colcon_pkg'
[0.595s] Level 1:colcon.colcon_core.package_identification:_identify(src/dogzilla_sim/robots/configs) by extensions ['colcon_meta']
[0.595s] Level 1:colcon.colcon_core.package_identification:_identify(src/dogzilla_sim/robots/configs) by extension 'colcon_meta'
[0.595s] Level 1:colcon.colcon_core.package_identification:_identify(src/dogzilla_sim/robots/configs) by extensions ['ros']
[0.595s] Level 1:colcon.colcon_core.package_identification:_identify(src/dogzilla_sim/robots/configs) by extension 'ros'
[0.595s] Level 1:colcon.colcon_core.package_identification:_identify(src/dogzilla_sim/robots/configs) by extensions ['cmake', 'python']
[0.595s] Level 1:colcon.colcon_core.package_identification:_identify(src/dogzilla_sim/robots/configs) by extension 'cmake'
[0.596s] Level 1:colcon.colcon_core.package_identification:_identify(src/dogzilla_sim/robots/configs) by extension 'python'
[0.596s] Level 1:colcon.colcon_core.package_identification:_identify(src/dogzilla_sim/robots/configs) by extensions ['python_setup_py']
[0.596s] Level 1:colcon.colcon_core.package_identification:_identify(src/dogzilla_sim/robots/configs) by extension 'python_setup_py'
[0.596s] Level 1:colcon.colcon_core.package_identification:_identify(src/dogzilla_sim/robots/configs/dogzilla_config) by extensions ['ignore', 'ignore_ament_install']
[0.596s] Level 1:colcon.colcon_core.package_identification:_identify(src/dogzilla_sim/robots/configs/dogzilla_config) by extension 'ignore'
[0.596s] Level 1:colcon.colcon_core.package_identification:_identify(src/dogzilla_sim/robots/configs/dogzilla_config) by extension 'ignore_ament_install'
[0.596s] Level 1:colcon.colcon_core.package_identification:_identify(src/dogzilla_sim/robots/configs/dogzilla_config) by extensions ['colcon_pkg']
[0.596s] Level 1:colcon.colcon_core.package_identification:_identify(src/dogzilla_sim/robots/configs/dogzilla_config) by extension 'colcon_pkg'
[0.596s] Level 1:colcon.colcon_core.package_identification:_identify(src/dogzilla_sim/robots/configs/dogzilla_config) by extensions ['colcon_meta']
[0.596s] Level 1:colcon.colcon_core.package_identification:_identify(src/dogzilla_sim/robots/configs/dogzilla_config) by extension 'colcon_meta'
[0.596s] Level 1:colcon.colcon_core.package_identification:_identify(src/dogzilla_sim/robots/configs/dogzilla_config) by extensions ['ros']
[0.596s] Level 1:colcon.colcon_core.package_identification:_identify(src/dogzilla_sim/robots/configs/dogzilla_config) by extension 'ros'
[0.597s] DEBUG:colcon.colcon_core.package_identification:Package 'src/dogzilla_sim/robots/configs/dogzilla_config' with type 'ros.ament_cmake' and name 'dogzilla_config'
[0.597s] Level 1:colcon.colcon_core.package_identification:_identify(src/dogzilla_sim/robots/descriptions) by extensions ['ignore', 'ignore_ament_install']
[0.597s] Level 1:colcon.colcon_core.package_identification:_identify(src/dogzilla_sim/robots/descriptions) by extension 'ignore'
[0.597s] Level 1:colcon.colcon_core.package_identification:_identify(src/dogzilla_sim/robots/descriptions) by extension 'ignore_ament_install'
[0.597s] Level 1:colcon.colcon_core.package_identification:_identify(src/dogzilla_sim/robots/descriptions) by extensions ['colcon_pkg']
[0.597s] Level 1:colcon.colcon_core.package_identification:_identify(src/dogzilla_sim/robots/descriptions) by extension 'colcon_pkg'
[0.597s] Level 1:colcon.colcon_core.package_identification:_identify(src/dogzilla_sim/robots/descriptions) by extensions ['colcon_meta']
[0.597s] Level 1:colcon.colcon_core.package_identification:_identify(src/dogzilla_sim/robots/descriptions) by extension 'colcon_meta'
[0.597s] Level 1:colcon.colcon_core.package_identification:_identify(src/dogzilla_sim/robots/descriptions) by extensions ['ros']
[0.597s] Level 1:colcon.colcon_core.package_identification:_identify(src/dogzilla_sim/robots/descriptions) by extension 'ros'
[0.597s] Level 1:colcon.colcon_core.package_identification:_identify(src/dogzilla_sim/robots/descriptions) by extensions ['cmake', 'python']
[0.597s] Level 1:colcon.colcon_core.package_identification:_identify(src/dogzilla_sim/robots/descriptions) by extension 'cmake'
[0.597s] Level 1:colcon.colcon_core.package_identification:_identify(src/dogzilla_sim/robots/descriptions) by extension 'python'
[0.597s] Level 1:colcon.colcon_core.package_identification:_identify(src/dogzilla_sim/robots/descriptions) by extensions ['python_setup_py']
[0.598s] Level 1:colcon.colcon_core.package_identification:_identify(src/dogzilla_sim/robots/descriptions) by extension 'python_setup_py'
[0.598s] Level 1:colcon.colcon_core.package_identification:_identify(src/dogzilla_sim/robots/descriptions/dogzilla_description) by extensions ['ignore', 'ignore_ament_install']
[0.598s] Level 1:colcon.colcon_core.package_identification:_identify(src/dogzilla_sim/robots/descriptions/dogzilla_description) by extension 'ignore'
[0.598s] Level 1:colcon.colcon_core.package_identification:_identify(src/dogzilla_sim/robots/descriptions/dogzilla_description) by extension 'ignore_ament_install'
[0.598s] Level 1:colcon.colcon_core.package_identification:_identify(src/dogzilla_sim/robots/descriptions/dogzilla_description) by extensions ['colcon_pkg']
[0.598s] Level 1:colcon.colcon_core.package_identification:_identify(src/dogzilla_sim/robots/descriptions/dogzilla_description) by extension 'colcon_pkg'
[0.598s] Level 1:colcon.colcon_core.package_identification:_identify(src/dogzilla_sim/robots/descriptions/dogzilla_description) by extensions ['colcon_meta']
[0.598s] Level 1:colcon.colcon_core.package_identification:_identify(src/dogzilla_sim/robots/descriptions/dogzilla_description) by extension 'colcon_meta'
[0.598s] Level 1:colcon.colcon_core.package_identification:_identify(src/dogzilla_sim/robots/descriptions/dogzilla_description) by extensions ['ros']
[0.598s] Level 1:colcon.colcon_core.package_identification:_identify(src/dogzilla_sim/robots/descriptions/dogzilla_description) by extension 'ros'
[0.599s] DEBUG:colcon.colcon_core.package_identification:Package 'src/dogzilla_sim/robots/descriptions/dogzilla_description' with type 'ros.ament_cmake' and name 'dogzilla_description'
[0.599s] Level 1:colcon.colcon_core.package_identification:_identify(src/gemini_examples) by extensions ['ignore', 'ignore_ament_install']
[0.599s] Level 1:colcon.colcon_core.package_identification:_identify(src/gemini_examples) by extension 'ignore'
[0.599s] Level 1:colcon.colcon_core.package_identification:_identify(src/gemini_examples) ignored
[0.599s] Level 1:colcon.colcon_core.package_identification:_identify(src/image_color_lab) by extensions ['ignore', 'ignore_ament_install']
[0.600s] Level 1:colcon.colcon_core.package_identification:_identify(src/image_color_lab) by extension 'ignore'
[0.600s] Level 1:colcon.colcon_core.package_identification:_identify(src/image_color_lab) by extension 'ignore_ament_install'
[0.600s] Level 1:colcon.colcon_core.package_identification:_identify(src/image_color_lab) by extensions ['colcon_pkg']
[0.600s] Level 1:colcon.colcon_core.package_identification:_identify(src/image_color_lab) by extension 'colcon_pkg'
[0.600s] Level 1:colcon.colcon_core.package_identification:_identify(src/image_color_lab) by extensions ['colcon_meta']
[0.600s] Level 1:colcon.colcon_core.package_identification:_identify(src/image_color_lab) by extension 'colcon_meta'
[0.600s] Level 1:colcon.colcon_core.package_identification:_identify(src/image_color_lab) by extensions ['ros']
[0.600s] Level 1:colcon.colcon_core.package_identification:_identify(src/image_color_lab) by extension 'ros'
[0.600s] DEBUG:colcon.colcon_core.package_identification:Package 'src/image_color_lab' with type 'ros.ament_cmake' and name 'image_color_lab'
[0.601s] Level 1:colcon.colcon_core.package_identification:_identify(src/install) by extensions ['ignore', 'ignore_ament_install']
[0.601s] Level 1:colcon.colcon_core.package_identification:_identify(src/install) by extension 'ignore'
[0.601s] Level 1:colcon.colcon_core.package_identification:_identify(src/install) ignored
[0.601s] Level 1:colcon.colcon_core.package_identification:_identify(src/oradar_lidar) by extensions ['ignore', 'ignore_ament_install']
[0.601s] Level 1:colcon.colcon_core.package_identification:_identify(src/oradar_lidar) by extension 'ignore'
[0.601s] Level 1:colcon.colcon_core.package_identification:_identify(src/oradar_lidar) by extension 'ignore_ament_install'
[0.601s] Level 1:colcon.colcon_core.package_identification:_identify(src/oradar_lidar) by extensions ['colcon_pkg']
[0.601s] Level 1:colcon.colcon_core.package_identification:_identify(src/oradar_lidar) by extension 'colcon_pkg'
[0.601s] Level 1:colcon.colcon_core.package_identification:_identify(src/oradar_lidar) by extensions ['colcon_meta']
[0.601s] Level 1:colcon.colcon_core.package_identification:_identify(src/oradar_lidar) by extension 'colcon_meta'
[0.601s] Level 1:colcon.colcon_core.package_identification:_identify(src/oradar_lidar) by extensions ['ros']
[0.601s] Level 1:colcon.colcon_core.package_identification:_identify(src/oradar_lidar) by extension 'ros'
[0.602s] DEBUG:colcon.colcon_core.package_identification:Package 'src/oradar_lidar' with type 'ros.ament_cmake' and name 'oradar_lidar'
[0.602s] Level 1:colcon.colcon_core.package_identification:_identify(src/src) by extensions ['ignore', 'ignore_ament_install']
[0.602s] Level 1:colcon.colcon_core.package_identification:_identify(src/src) by extension 'ignore'
[0.602s] Level 1:colcon.colcon_core.package_identification:_identify(src/src) by extension 'ignore_ament_install'
[0.602s] Level 1:colcon.colcon_core.package_identification:_identify(src/src) by extensions ['colcon_pkg']
[0.602s] Level 1:colcon.colcon_core.package_identification:_identify(src/src) by extension 'colcon_pkg'
[0.602s] Level 1:colcon.colcon_core.package_identification:_identify(src/src) by extensions ['colcon_meta']
[0.602s] Level 1:colcon.colcon_core.package_identification:_identify(src/src) by extension 'colcon_meta'
[0.603s] Level 1:colcon.colcon_core.package_identification:_identify(src/src) by extensions ['ros']
[0.603s] Level 1:colcon.colcon_core.package_identification:_identify(src/src) by extension 'ros'
[0.603s] Level 1:colcon.colcon_core.package_identification:_identify(src/src) by extensions ['cmake', 'python']
[0.603s] Level 1:colcon.colcon_core.package_identification:_identify(src/src) by extension 'cmake'
[0.603s] Level 1:colcon.colcon_core.package_identification:_identify(src/src) by extension 'python'
[0.603s] Level 1:colcon.colcon_core.package_identification:_identify(src/src) by extensions ['python_setup_py']
[0.603s] Level 1:colcon.colcon_core.package_identification:_identify(src/src) by extension 'python_setup_py'
[0.603s] Level 1:colcon.colcon_core.package_identification:_identify(src/tf_publisher) by extensions ['ignore', 'ignore_ament_install']
[0.603s] Level 1:colcon.colcon_core.package_identification:_identify(src/tf_publisher) by extension 'ignore'
[0.603s] Level 1:colcon.colcon_core.package_identification:_identify(src/tf_publisher) by extension 'ignore_ament_install'
[0.603s] Level 1:colcon.colcon_core.package_identification:_identify(src/tf_publisher) by extensions ['colcon_pkg']
[0.603s] Level 1:colcon.colcon_core.package_identification:_identify(src/tf_publisher) by extension 'colcon_pkg'
[0.603s] Level 1:colcon.colcon_core.package_identification:_identify(src/tf_publisher) by extensions ['colcon_meta']
[0.603s] Level 1:colcon.colcon_core.package_identification:_identify(src/tf_publisher) by extension 'colcon_meta'
[0.603s] Level 1:colcon.colcon_core.package_identification:_identify(src/tf_publisher) by extensions ['ros']
[0.603s] Level 1:colcon.colcon_core.package_identification:_identify(src/tf_publisher) by extension 'ros'
[0.604s] DEBUG:colcon.colcon_core.package_identification:Package 'src/tf_publisher' with type 'ros.ament_python' and name 'tf_publisher'
[0.604s] Level 1:colcon.colcon_core.package_identification:_identify(src/unitree-go2-ros2) by extensions ['ignore', 'ignore_ament_install']
[0.604s] Level 1:colcon.colcon_core.package_identification:_identify(src/unitree-go2-ros2) by extension 'ignore'
[0.604s] Level 1:colcon.colcon_core.package_identification:_identify(src/unitree-go2-ros2) by extension 'ignore_ament_install'
[0.604s] Level 1:colcon.colcon_core.package_identification:_identify(src/unitree-go2-ros2) by extensions ['colcon_pkg']
[0.604s] Level 1:colcon.colcon_core.package_identification:_identify(src/unitree-go2-ros2) by extension 'colcon_pkg'
[0.604s] Level 1:colcon.colcon_core.package_identification:_identify(src/unitree-go2-ros2) by extensions ['colcon_meta']
[0.604s] Level 1:colcon.colcon_core.package_identification:_identify(src/unitree-go2-ros2) by extension 'colcon_meta'
[0.605s] Level 1:colcon.colcon_core.package_identification:_identify(src/unitree-go2-ros2) by extensions ['ros']
[0.605s] Level 1:colcon.colcon_core.package_identification:_identify(src/unitree-go2-ros2) by extension 'ros'
[0.605s] Level 1:colcon.colcon_core.package_identification:_identify(src/unitree-go2-ros2) by extensions ['cmake', 'python']
[0.605s] Level 1:colcon.colcon_core.package_identification:_identify(src/unitree-go2-ros2) by extension 'cmake'
[0.605s] Level 1:colcon.colcon_core.package_identification:_identify(src/unitree-go2-ros2) by extension 'python'
[0.605s] Level 1:colcon.colcon_core.package_identification:_identify(src/unitree-go2-ros2) by extensions ['python_setup_py']
[0.605s] Level 1:colcon.colcon_core.package_identification:_identify(src/unitree-go2-ros2) by extension 'python_setup_py'
[0.605s] Level 1:colcon.colcon_core.package_identification:_identify(src/unitree-go2-ros2/champ) by extensions ['ignore', 'ignore_ament_install']
[0.605s] Level 1:colcon.colcon_core.package_identification:_identify(src/unitree-go2-ros2/champ) by extension 'ignore'
[0.605s] Level 1:colcon.colcon_core.package_identification:_identify(src/unitree-go2-ros2/champ) by extension 'ignore_ament_install'
[0.605s] Level 1:colcon.colcon_core.package_identification:_identify(src/unitree-go2-ros2/champ) by extensions ['colcon_pkg']
[0.605s] Level 1:colcon.colcon_core.package_identification:_identify(src/unitree-go2-ros2/champ) by extension 'colcon_pkg'
[0.605s] Level 1:colcon.colcon_core.package_identification:_identify(src/unitree-go2-ros2/champ) by extensions ['colcon_meta']
[0.605s] Level 1:colcon.colcon_core.package_identification:_identify(src/unitree-go2-ros2/champ) by extension 'colcon_meta'
[0.605s] Level 1:colcon.colcon_core.package_identification:_identify(src/unitree-go2-ros2/champ) by extensions ['ros']
[0.606s] Level 1:colcon.colcon_core.package_identification:_identify(src/unitree-go2-ros2/champ) by extension 'ros'
[0.606s] Level 1:colcon.colcon_core.package_identification:_identify(src/unitree-go2-ros2/champ) by extensions ['cmake', 'python']
[0.606s] Level 1:colcon.colcon_core.package_identification:_identify(src/unitree-go2-ros2/champ) by extension 'cmake'
[0.606s] Level 1:colcon.colcon_core.package_identification:_identify(src/unitree-go2-ros2/champ) by extension 'python'
[0.606s] Level 1:colcon.colcon_core.package_identification:_identify(src/unitree-go2-ros2/champ) by extensions ['python_setup_py']
[0.606s] Level 1:colcon.colcon_core.package_identification:_identify(src/unitree-go2-ros2/champ) by extension 'python_setup_py'
[0.606s] Level 1:colcon.colcon_core.package_identification:_identify(src/unitree-go2-ros2/champ/champ) by extensions ['ignore', 'ignore_ament_install']
[0.606s] Level 1:colcon.colcon_core.package_identification:_identify(src/unitree-go2-ros2/champ/champ) by extension 'ignore'
[0.606s] Level 1:colcon.colcon_core.package_identification:_identify(src/unitree-go2-ros2/champ/champ) by extension 'ignore_ament_install'
[0.606s] Level 1:colcon.colcon_core.package_identification:_identify(src/unitree-go2-ros2/champ/champ) by extensions ['colcon_pkg']
[0.606s] Level 1:colcon.colcon_core.package_identification:_identify(src/unitree-go2-ros2/champ/champ) by extension 'colcon_pkg'
[0.607s] Level 1:colcon.colcon_core.package_identification:_identify(src/unitree-go2-ros2/champ/champ) by extensions ['colcon_meta']
[0.607s] Level 1:colcon.colcon_core.package_identification:_identify(src/unitree-go2-ros2/champ/champ) by extension 'colcon_meta'
[0.607s] Level 1:colcon.colcon_core.package_identification:_identify(src/unitree-go2-ros2/champ/champ) by extensions ['ros']
[0.607s] Level 1:colcon.colcon_core.package_identification:_identify(src/unitree-go2-ros2/champ/champ) by extension 'ros'
[0.607s] DEBUG:colcon.colcon_core.package_identification:Package 'src/unitree-go2-ros2/champ/champ' with type 'ros.ament_cmake' and name 'champ'
[0.608s] Level 1:colcon.colcon_core.package_identification:_identify(src/unitree-go2-ros2/champ/champ_base) by extensions ['ignore', 'ignore_ament_install']
[0.608s] Level 1:colcon.colcon_core.package_identification:_identify(src/unitree-go2-ros2/champ/champ_base) by extension 'ignore'
[0.608s] Level 1:colcon.colcon_core.package_identification:_identify(src/unitree-go2-ros2/champ/champ_base) by extension 'ignore_ament_install'
[0.608s] Level 1:colcon.colcon_core.package_identification:_identify(src/unitree-go2-ros2/champ/champ_base) by extensions ['colcon_pkg']
[0.608s] Level 1:colcon.colcon_core.package_identification:_identify(src/unitree-go2-ros2/champ/champ_base) by extension 'colcon_pkg'
[0.608s] Level 1:colcon.colcon_core.package_identification:_identify(src/unitree-go2-ros2/champ/champ_base) by extensions ['colcon_meta']
[0.608s] Level 1:colcon.colcon_core.package_identification:_identify(src/unitree-go2-ros2/champ/champ_base) by extension 'colcon_meta'
[0.608s] Level 1:colcon.colcon_core.package_identification:_identify(src/unitree-go2-ros2/champ/champ_base) by extensions ['ros']
[0.609s] Level 1:colcon.colcon_core.package_identification:_identify(src/unitree-go2-ros2/champ/champ_base) by extension 'ros'
[0.611s] DEBUG:colcon.colcon_core.package_identification:Package 'src/unitree-go2-ros2/champ/champ_base' with type 'ros.ament_cmake' and name 'champ_base'
[0.611s] Level 1:colcon.colcon_core.package_identification:_identify(src/unitree-go2-ros2/champ/champ_bringup) by extensions ['ignore', 'ignore_ament_install']
[0.611s] Level 1:colcon.colcon_core.package_identification:_identify(src/unitree-go2-ros2/champ/champ_bringup) by extension 'ignore'
[0.611s] Level 1:colcon.colcon_core.package_identification:_identify(src/unitree-go2-ros2/champ/champ_bringup) by extension 'ignore_ament_install'
[0.611s] Level 1:colcon.colcon_core.package_identification:_identify(src/unitree-go2-ros2/champ/champ_bringup) by extensions ['colcon_pkg']
[0.611s] Level 1:colcon.colcon_core.package_identification:_identify(src/unitree-go2-ros2/champ/champ_bringup) by extension 'colcon_pkg'
[0.612s] Level 1:colcon.colcon_core.package_identification:_identify(src/unitree-go2-ros2/champ/champ_bringup) by extensions ['colcon_meta']
[0.612s] Level 1:colcon.colcon_core.package_identification:_identify(src/unitree-go2-ros2/champ/champ_bringup) by extension 'colcon_meta'
[0.612s] Level 1:colcon.colcon_core.package_identification:_identify(src/unitree-go2-ros2/champ/champ_bringup) by extensions ['ros']
[0.612s] Level 1:colcon.colcon_core.package_identification:_identify(src/unitree-go2-ros2/champ/champ_bringup) by extension 'ros'
[0.613s] DEBUG:colcon.colcon_core.package_identification:Package 'src/unitree-go2-ros2/champ/champ_bringup' with type 'ros.ament_cmake' and name 'champ_bringup'
[0.613s] Level 1:colcon.colcon_core.package_identification:_identify(src/unitree-go2-ros2/champ/champ_config) by extensions ['ignore', 'ignore_ament_install']
[0.614s] Level 1:colcon.colcon_core.package_identification:_identify(src/unitree-go2-ros2/champ/champ_config) by extension 'ignore'
[0.614s] Level 1:colcon.colcon_core.package_identification:_identify(src/unitree-go2-ros2/champ/champ_config) by extension 'ignore_ament_install'
[0.614s] Level 1:colcon.colcon_core.package_identification:_identify(src/unitree-go2-ros2/champ/champ_config) by extensions ['colcon_pkg']
[0.614s] Level 1:colcon.colcon_core.package_identification:_identify(src/unitree-go2-ros2/champ/champ_config) by extension 'colcon_pkg'
[0.614s] Level 1:colcon.colcon_core.package_identification:_identify(src/unitree-go2-ros2/champ/champ_config) by extensions ['colcon_meta']
[0.614s] Level 1:colcon.colcon_core.package_identification:_identify(src/unitree-go2-ros2/champ/champ_config) by extension 'colcon_meta'
[0.614s] Level 1:colcon.colcon_core.package_identification:_identify(src/unitree-go2-ros2/champ/champ_config) by extensions ['ros']
[0.614s] Level 1:colcon.colcon_core.package_identification:_identify(src/unitree-go2-ros2/champ/champ_config) by extension 'ros'
[0.616s] DEBUG:colcon.colcon_core.package_identification:Package 'src/unitree-go2-ros2/champ/champ_config' with type 'ros.ament_cmake' and name 'champ_config'
[0.616s] Level 1:colcon.colcon_core.package_identification:_identify(src/unitree-go2-ros2/champ/champ_description) by extensions ['ignore', 'ignore_ament_install']
[0.616s] Level 1:colcon.colcon_core.package_identification:_identify(src/unitree-go2-ros2/champ/champ_description) by extension 'ignore'
[0.616s] Level 1:colcon.colcon_core.package_identification:_identify(src/unitree-go2-ros2/champ/champ_description) by extension 'ignore_ament_install'
[0.617s] Level 1:colcon.colcon_core.package_identification:_identify(src/unitree-go2-ros2/champ/champ_description) by extensions ['colcon_pkg']
[0.617s] Level 1:colcon.colcon_core.package_identification:_identify(src/unitree-go2-ros2/champ/champ_description) by extension 'colcon_pkg'
[0.617s] Level 1:colcon.colcon_core.package_identification:_identify(src/unitree-go2-ros2/champ/champ_description) by extensions ['colcon_meta']
[0.617s] Level 1:colcon.colcon_core.package_identification:_identify(src/unitree-go2-ros2/champ/champ_description) by extension 'colcon_meta'
[0.617s] Level 1:colcon.colcon_core.package_identification:_identify(src/unitree-go2-ros2/champ/champ_description) by extensions ['ros']
[0.617s] Level 1:colcon.colcon_core.package_identification:_identify(src/unitree-go2-ros2/champ/champ_description) by extension 'ros'
[0.618s] DEBUG:colcon.colcon_core.package_identification:Package 'src/unitree-go2-ros2/champ/champ_description' with type 'ros.ament_cmake' and name 'champ_description'
[0.618s] Level 1:colcon.colcon_core.package_identification:_identify(src/unitree-go2-ros2/champ/champ_gazebo) by extensions ['ignore', 'ignore_ament_install']
[0.618s] Level 1:colcon.colcon_core.package_identification:_identify(src/unitree-go2-ros2/champ/champ_gazebo) by extension 'ignore'
[0.618s] Level 1:colcon.colcon_core.package_identification:_identify(src/unitree-go2-ros2/champ/champ_gazebo) by extension 'ignore_ament_install'
[0.619s] Level 1:colcon.colcon_core.package_identification:_identify(src/unitree-go2-ros2/champ/champ_gazebo) by extensions ['colcon_pkg']
[0.619s] Level 1:colcon.colcon_core.package_identification:_identify(src/unitree-go2-ros2/champ/champ_gazebo) by extension 'colcon_pkg'
[0.619s] Level 1:colcon.colcon_core.package_identification:_identify(src/unitree-go2-ros2/champ/champ_gazebo) by extensions ['colcon_meta']
[0.619s] Level 1:colcon.colcon_core.package_identification:_identify(src/unitree-go2-ros2/champ/champ_gazebo) by extension 'colcon_meta'
[0.619s] Level 1:colcon.colcon_core.package_identification:_identify(src/unitree-go2-ros2/champ/champ_gazebo) by extensions ['ros']
[0.619s] Level 1:colcon.colcon_core.package_identification:_identify(src/unitree-go2-ros2/champ/champ_gazebo) by extension 'ros'
[0.621s] DEBUG:colcon.colcon_core.package_identification:Package 'src/unitree-go2-ros2/champ/champ_gazebo' with type 'ros.ament_cmake' and name 'champ_gazebo'
[0.621s] Level 1:colcon.colcon_core.package_identification:_identify(src/unitree-go2-ros2/champ/champ_msgs) by extensions ['ignore', 'ignore_ament_install']
[0.621s] Level 1:colcon.colcon_core.package_identification:_identify(src/unitree-go2-ros2/champ/champ_msgs) by extension 'ignore'
[0.621s] Level 1:colcon.colcon_core.package_identification:_identify(src/unitree-go2-ros2/champ/champ_msgs) by extension 'ignore_ament_install'
[0.621s] Level 1:colcon.colcon_core.package_identification:_identify(src/unitree-go2-ros2/champ/champ_msgs) by extensions ['colcon_pkg']
[0.622s] Level 1:colcon.colcon_core.package_identification:_identify(src/unitree-go2-ros2/champ/champ_msgs) by extension 'colcon_pkg'
[0.622s] Level 1:colcon.colcon_core.package_identification:_identify(src/unitree-go2-ros2/champ/champ_msgs) by extensions ['colcon_meta']
[0.622s] Level 1:colcon.colcon_core.package_identification:_identify(src/unitree-go2-ros2/champ/champ_msgs) by extension 'colcon_meta'
[0.622s] Level 1:colcon.colcon_core.package_identification:_identify(src/unitree-go2-ros2/champ/champ_msgs) by extensions ['ros']
[0.622s] Level 1:colcon.colcon_core.package_identification:_identify(src/unitree-go2-ros2/champ/champ_msgs) by extension 'ros'
[0.623s] DEBUG:colcon.colcon_core.package_identification:Package 'src/unitree-go2-ros2/champ/champ_msgs' with type 'ros.ament_cmake' and name 'champ_msgs'
[0.623s] Level 1:colcon.colcon_core.package_identification:_identify(src/unitree-go2-ros2/champ/champ_navigation) by extensions ['ignore', 'ignore_ament_install']
[0.623s] Level 1:colcon.colcon_core.package_identification:_identify(src/unitree-go2-ros2/champ/champ_navigation) by extension 'ignore'
[0.623s] Level 1:colcon.colcon_core.package_identification:_identify(src/unitree-go2-ros2/champ/champ_navigation) by extension 'ignore_ament_install'
[0.623s] Level 1:colcon.colcon_core.package_identification:_identify(src/unitree-go2-ros2/champ/champ_navigation) by extensions ['colcon_pkg']
[0.623s] Level 1:colcon.colcon_core.package_identification:_identify(src/unitree-go2-ros2/champ/champ_navigation) by extension 'colcon_pkg'
[0.623s] Level 1:colcon.colcon_core.package_identification:_identify(src/unitree-go2-ros2/champ/champ_navigation) by extensions ['colcon_meta']
[0.623s] Level 1:colcon.colcon_core.package_identification:_identify(src/unitree-go2-ros2/champ/champ_navigation) by extension 'colcon_meta'
[0.623s] Level 1:colcon.colcon_core.package_identification:_identify(src/unitree-go2-ros2/champ/champ_navigation) by extensions ['ros']
[0.623s] Level 1:colcon.colcon_core.package_identification:_identify(src/unitree-go2-ros2/champ/champ_navigation) by extension 'ros'
[0.624s] DEBUG:colcon.colcon_core.package_identification:Package 'src/unitree-go2-ros2/champ/champ_navigation' with type 'ros.ament_cmake' and name 'champ_navigation'
[0.624s] Level 1:colcon.colcon_core.package_identification:_identify(src/unitree-go2-ros2/champ/docs) by extensions ['ignore', 'ignore_ament_install']
[0.624s] Level 1:colcon.colcon_core.package_identification:_identify(src/unitree-go2-ros2/champ/docs) by extension 'ignore'
[0.624s] Level 1:colcon.colcon_core.package_identification:_identify(src/unitree-go2-ros2/champ/docs) by extension 'ignore_ament_install'
[0.624s] Level 1:colcon.colcon_core.package_identification:_identify(src/unitree-go2-ros2/champ/docs) by extensions ['colcon_pkg']
[0.624s] Level 1:colcon.colcon_core.package_identification:_identify(src/unitree-go2-ros2/champ/docs) by extension 'colcon_pkg'
[0.624s] Level 1:colcon.colcon_core.package_identification:_identify(src/unitree-go2-ros2/champ/docs) by extensions ['colcon_meta']
[0.624s] Level 1:colcon.colcon_core.package_identification:_identify(src/unitree-go2-ros2/champ/docs) by extension 'colcon_meta'
[0.624s] Level 1:colcon.colcon_core.package_identification:_identify(src/unitree-go2-ros2/champ/docs) by extensions ['ros']
[0.624s] Level 1:colcon.colcon_core.package_identification:_identify(src/unitree-go2-ros2/champ/docs) by extension 'ros'
[0.625s] Level 1:colcon.colcon_core.package_identification:_identify(src/unitree-go2-ros2/champ/docs) by extensions ['cmake', 'python']
[0.625s] Level 1:colcon.colcon_core.package_identification:_identify(src/unitree-go2-ros2/champ/docs) by extension 'cmake'
[0.625s] Level 1:colcon.colcon_core.package_identification:_identify(src/unitree-go2-ros2/champ/docs) by extension 'python'
[0.625s] Level 1:colcon.colcon_core.package_identification:_identify(src/unitree-go2-ros2/champ/docs) by extensions ['python_setup_py']
[0.625s] Level 1:colcon.colcon_core.package_identification:_identify(src/unitree-go2-ros2/champ/docs) by extension 'python_setup_py'
[0.625s] Level 1:colcon.colcon_core.package_identification:_identify(src/unitree-go2-ros2/champ/docs/images) by extensions ['ignore', 'ignore_ament_install']
[0.625s] Level 1:colcon.colcon_core.package_identification:_identify(src/unitree-go2-ros2/champ/docs/images) by extension 'ignore'
[0.625s] Level 1:colcon.colcon_core.package_identification:_identify(src/unitree-go2-ros2/champ/docs/images) by extension 'ignore_ament_install'
[0.625s] Level 1:colcon.colcon_core.package_identification:_identify(src/unitree-go2-ros2/champ/docs/images) by extensions ['colcon_pkg']
[0.625s] Level 1:colcon.colcon_core.package_identification:_identify(src/unitree-go2-ros2/champ/docs/images) by extension 'colcon_pkg'
[0.625s] Level 1:colcon.colcon_core.package_identification:_identify(src/unitree-go2-ros2/champ/docs/images) by extensions ['colcon_meta']
[0.625s] Level 1:colcon.colcon_core.package_identification:_identify(src/unitree-go2-ros2/champ/docs/images) by extension 'colcon_meta'
[0.625s] Level 1:colcon.colcon_core.package_identification:_identify(src/unitree-go2-ros2/champ/docs/images) by extensions ['ros']
[0.625s] Level 1:colcon.colcon_core.package_identification:_identify(src/unitree-go2-ros2/champ/docs/images) by extension 'ros'
[0.626s] Level 1:colcon.colcon_core.package_identification:_identify(src/unitree-go2-ros2/champ/docs/images) by extensions ['cmake', 'python']
[0.626s] Level 1:colcon.colcon_core.package_identification:_identify(src/unitree-go2-ros2/champ/docs/images) by extension 'cmake'
[0.626s] Level 1:colcon.colcon_core.package_identification:_identify(src/unitree-go2-ros2/champ/docs/images) by extension 'python'
[0.626s] Level 1:colcon.colcon_core.package_identification:_identify(src/unitree-go2-ros2/champ/docs/images) by extensions ['python_setup_py']
[0.626s] Level 1:colcon.colcon_core.package_identification:_identify(src/unitree-go2-ros2/champ/docs/images) by extension 'python_setup_py'
[0.626s] Level 1:colcon.colcon_core.package_identification:_identify(src/unitree-go2-ros2/champ_teleop) by extensions ['ignore', 'ignore_ament_install']
[0.626s] Level 1:colcon.colcon_core.package_identification:_identify(src/unitree-go2-ros2/champ_teleop) by extension 'ignore'
[0.626s] Level 1:colcon.colcon_core.package_identification:_identify(src/unitree-go2-ros2/champ_teleop) by extension 'ignore_ament_install'
[0.626s] Level 1:colcon.colcon_core.package_identification:_identify(src/unitree-go2-ros2/champ_teleop) by extensions ['colcon_pkg']
[0.626s] Level 1:colcon.colcon_core.package_identification:_identify(src/unitree-go2-ros2/champ_teleop) by extension 'colcon_pkg'
[0.626s] Level 1:colcon.colcon_core.package_identification:_identify(src/unitree-go2-ros2/champ_teleop) by extensions ['colcon_meta']
[0.626s] Level 1:colcon.colcon_core.package_identification:_identify(src/unitree-go2-ros2/champ_teleop) by extension 'colcon_meta'
[0.626s] Level 1:colcon.colcon_core.package_identification:_identify(src/unitree-go2-ros2/champ_teleop) by extensions ['ros']
[0.626s] Level 1:colcon.colcon_core.package_identification:_identify(src/unitree-go2-ros2/champ_teleop) by extension 'ros'
[0.627s] DEBUG:colcon.colcon_core.package_identification:Package 'src/unitree-go2-ros2/champ_teleop' with type 'ros.ament_cmake' and name 'champ_teleop'
[0.627s] Level 1:colcon.colcon_core.package_identification:_identify(src/unitree-go2-ros2/robots) by extensions ['ignore', 'ignore_ament_install']
[0.627s] Level 1:colcon.colcon_core.package_identification:_identify(src/unitree-go2-ros2/robots) by extension 'ignore'
[0.627s] Level 1:colcon.colcon_core.package_identification:_identify(src/unitree-go2-ros2/robots) by extension 'ignore_ament_install'
[0.627s] Level 1:colcon.colcon_core.package_identification:_identify(src/unitree-go2-ros2/robots) by extensions ['colcon_pkg']
[0.627s] Level 1:colcon.colcon_core.package_identification:_identify(src/unitree-go2-ros2/robots) by extension 'colcon_pkg'
[0.627s] Level 1:colcon.colcon_core.package_identification:_identify(src/unitree-go2-ros2/robots) by extensions ['colcon_meta']
[0.627s] Level 1:colcon.colcon_core.package_identification:_identify(src/unitree-go2-ros2/robots) by extension 'colcon_meta'
[0.627s] Level 1:colcon.colcon_core.package_identification:_identify(src/unitree-go2-ros2/robots) by extensions ['ros']
[0.627s] Level 1:colcon.colcon_core.package_identification:_identify(src/unitree-go2-ros2/robots) by extension 'ros'
[0.628s] Level 1:colcon.colcon_core.package_identification:_identify(src/unitree-go2-ros2/robots) by extensions ['cmake', 'python']
[0.628s] Level 1:colcon.colcon_core.package_identification:_identify(src/unitree-go2-ros2/robots) by extension 'cmake'
[0.628s] Level 1:colcon.colcon_core.package_identification:_identify(src/unitree-go2-ros2/robots) by extension 'python'
[0.628s] Level 1:colcon.colcon_core.package_identification:_identify(src/unitree-go2-ros2/robots) by extensions ['python_setup_py']
[0.628s] Level 1:colcon.colcon_core.package_identification:_identify(src/unitree-go2-ros2/robots) by extension 'python_setup_py'
[0.628s] Level 1:colcon.colcon_core.package_identification:_identify(src/unitree-go2-ros2/robots/configs) by extensions ['ignore', 'ignore_ament_install']
[0.628s] Level 1:colcon.colcon_core.package_identification:_identify(src/unitree-go2-ros2/robots/configs) by extension 'ignore'
[0.628s] Level 1:colcon.colcon_core.package_identification:_identify(src/unitree-go2-ros2/robots/configs) by extension 'ignore_ament_install'
[0.628s] Level 1:colcon.colcon_core.package_identification:_identify(src/unitree-go2-ros2/robots/configs) by extensions ['colcon_pkg']
[0.628s] Level 1:colcon.colcon_core.package_identification:_identify(src/unitree-go2-ros2/robots/configs) by extension 'colcon_pkg'
[0.628s] Level 1:colcon.colcon_core.package_identification:_identify(src/unitree-go2-ros2/robots/configs) by extensions ['colcon_meta']
[0.628s] Level 1:colcon.colcon_core.package_identification:_identify(src/unitree-go2-ros2/robots/configs) by extension 'colcon_meta'
[0.628s] Level 1:colcon.colcon_core.package_identification:_identify(src/unitree-go2-ros2/robots/configs) by extensions ['ros']
[0.628s] Level 1:colcon.colcon_core.package_identification:_identify(src/unitree-go2-ros2/robots/configs) by extension 'ros'
[0.628s] Level 1:colcon.colcon_core.package_identification:_identify(src/unitree-go2-ros2/robots/configs) by extensions ['cmake', 'python']
[0.628s] Level 1:colcon.colcon_core.package_identification:_identify(src/unitree-go2-ros2/robots/configs) by extension 'cmake'
[0.628s] Level 1:colcon.colcon_core.package_identification:_identify(src/unitree-go2-ros2/robots/configs) by extension 'python'
[0.628s] Level 1:colcon.colcon_core.package_identification:_identify(src/unitree-go2-ros2/robots/configs) by extensions ['python_setup_py']
[0.628s] Level 1:colcon.colcon_core.package_identification:_identify(src/unitree-go2-ros2/robots/configs) by extension 'python_setup_py'
[0.629s] Level 1:colcon.colcon_core.package_identification:_identify(src/unitree-go2-ros2/robots/configs/go2_config) by extensions ['ignore', 'ignore_ament_install']
[0.629s] Level 1:colcon.colcon_core.package_identification:_identify(src/unitree-go2-ros2/robots/configs/go2_config) by extension 'ignore'
[0.629s] Level 1:colcon.colcon_core.package_identification:_identify(src/unitree-go2-ros2/robots/configs/go2_config) by extension 'ignore_ament_install'
[0.629s] Level 1:colcon.colcon_core.package_identification:_identify(src/unitree-go2-ros2/robots/configs/go2_config) by extensions ['colcon_pkg']
[0.629s] Level 1:colcon.colcon_core.package_identification:_identify(src/unitree-go2-ros2/robots/configs/go2_config) by extension 'colcon_pkg'
[0.629s] Level 1:colcon.colcon_core.package_identification:_identify(src/unitree-go2-ros2/robots/configs/go2_config) by extensions ['colcon_meta']
[0.629s] Level 1:colcon.colcon_core.package_identification:_identify(src/unitree-go2-ros2/robots/configs/go2_config) by extension 'colcon_meta'
[0.629s] Level 1:colcon.colcon_core.package_identification:_identify(src/unitree-go2-ros2/robots/configs/go2_config) by extensions ['ros']
[0.629s] Level 1:colcon.colcon_core.package_identification:_identify(src/unitree-go2-ros2/robots/configs/go2_config) by extension 'ros'
[0.630s] DEBUG:colcon.colcon_core.package_identification:Package 'src/unitree-go2-ros2/robots/configs/go2_config' with type 'ros.ament_cmake' and name 'go2_config'
[0.630s] Level 1:colcon.colcon_core.package_identification:_identify(src/unitree-go2-ros2/robots/descriptions) by extensions ['ignore', 'ignore_ament_install']
[0.630s] Level 1:colcon.colcon_core.package_identification:_identify(src/unitree-go2-ros2/robots/descriptions) by extension 'ignore'
[0.630s] Level 1:colcon.colcon_core.package_identification:_identify(src/unitree-go2-ros2/robots/descriptions) by extension 'ignore_ament_install'
[0.630s] Level 1:colcon.colcon_core.package_identification:_identify(src/unitree-go2-ros2/robots/descriptions) by extensions ['colcon_pkg']
[0.630s] Level 1:colcon.colcon_core.package_identification:_identify(src/unitree-go2-ros2/robots/descriptions) by extension 'colcon_pkg'
[0.630s] Level 1:colcon.colcon_core.package_identification:_identify(src/unitree-go2-ros2/robots/descriptions) by extensions ['colcon_meta']
[0.630s] Level 1:colcon.colcon_core.package_identification:_identify(src/unitree-go2-ros2/robots/descriptions) by extension 'colcon_meta'
[0.630s] Level 1:colcon.colcon_core.package_identification:_identify(src/unitree-go2-ros2/robots/descriptions) by extensions ['ros']
[0.630s] Level 1:colcon.colcon_core.package_identification:_identify(src/unitree-go2-ros2/robots/descriptions) by extension 'ros'
[0.630s] Level 1:colcon.colcon_core.package_identification:_identify(src/unitree-go2-ros2/robots/descriptions) by extensions ['cmake', 'python']
[0.630s] Level 1:colcon.colcon_core.package_identification:_identify(src/unitree-go2-ros2/robots/descriptions) by extension 'cmake'
[0.630s] Level 1:colcon.colcon_core.package_identification:_identify(src/unitree-go2-ros2/robots/descriptions) by extension 'python'
[0.631s] Level 1:colcon.colcon_core.package_identification:_identify(src/unitree-go2-ros2/robots/descriptions) by extensions ['python_setup_py']
[0.631s] Level 1:colcon.colcon_core.package_identification:_identify(src/unitree-go2-ros2/robots/descriptions) by extension 'python_setup_py'
[0.631s] Level 1:colcon.colcon_core.package_identification:_identify(src/unitree-go2-ros2/robots/descriptions/go2_description) by extensions ['ignore', 'ignore_ament_install']
[0.631s] Level 1:colcon.colcon_core.package_identification:_identify(src/unitree-go2-ros2/robots/descriptions/go2_description) by extension 'ignore'
[0.631s] Level 1:colcon.colcon_core.package_identification:_identify(src/unitree-go2-ros2/robots/descriptions/go2_description) by extension 'ignore_ament_install'
[0.631s] Level 1:colcon.colcon_core.package_identification:_identify(src/unitree-go2-ros2/robots/descriptions/go2_description) by extensions ['colcon_pkg']
[0.631s] Level 1:colcon.colcon_core.package_identification:_identify(src/unitree-go2-ros2/robots/descriptions/go2_description) by extension 'colcon_pkg'
[0.631s] Level 1:colcon.colcon_core.package_identification:_identify(src/unitree-go2-ros2/robots/descriptions/go2_description) by extensions ['colcon_meta']
[0.631s] Level 1:colcon.colcon_core.package_identification:_identify(src/unitree-go2-ros2/robots/descriptions/go2_description) by extension 'colcon_meta'
[0.631s] Level 1:colcon.colcon_core.package_identification:_identify(src/unitree-go2-ros2/robots/descriptions/go2_description) by extensions ['ros']
[0.631s] Level 1:colcon.colcon_core.package_identification:_identify(src/unitree-go2-ros2/robots/descriptions/go2_description) by extension 'ros'
[0.632s] DEBUG:colcon.colcon_core.package_identification:Package 'src/unitree-go2-ros2/robots/descriptions/go2_description' with type 'ros.ament_cmake' and name 'go2_description'
[0.632s] Level 1:colcon.colcon_core.package_identification:_identify(src/unitree-go2-ros2/velodyne) by extensions ['ignore', 'ignore_ament_install']
[0.632s] Level 1:colcon.colcon_core.package_identification:_identify(src/unitree-go2-ros2/velodyne) by extension 'ignore'
[0.632s] Level 1:colcon.colcon_core.package_identification:_identify(src/unitree-go2-ros2/velodyne) by extension 'ignore_ament_install'
[0.632s] Level 1:colcon.colcon_core.package_identification:_identify(src/unitree-go2-ros2/velodyne) by extensions ['colcon_pkg']
[0.632s] Level 1:colcon.colcon_core.package_identification:_identify(src/unitree-go2-ros2/velodyne) by extension 'colcon_pkg'
[0.632s] Level 1:colcon.colcon_core.package_identification:_identify(src/unitree-go2-ros2/velodyne) by extensions ['colcon_meta']
[0.632s] Level 1:colcon.colcon_core.package_identification:_identify(src/unitree-go2-ros2/velodyne) by extension 'colcon_meta'
[0.632s] Level 1:colcon.colcon_core.package_identification:_identify(src/unitree-go2-ros2/velodyne) by extensions ['ros']
[0.632s] Level 1:colcon.colcon_core.package_identification:_identify(src/unitree-go2-ros2/velodyne) by extension 'ros'
[0.632s] Level 1:colcon.colcon_core.package_identification:_identify(src/unitree-go2-ros2/velodyne) by extensions ['cmake', 'python']
[0.632s] Level 1:colcon.colcon_core.package_identification:_identify(src/unitree-go2-ros2/velodyne) by extension 'cmake'
[0.633s] Level 1:colcon.colcon_core.package_identification:_identify(src/unitree-go2-ros2/velodyne) by extension 'python'
[0.633s] Level 1:colcon.colcon_core.package_identification:_identify(src/unitree-go2-ros2/velodyne) by extensions ['python_setup_py']
[0.633s] Level 1:colcon.colcon_core.package_identification:_identify(src/unitree-go2-ros2/velodyne) by extension 'python_setup_py'
[0.633s] Level 1:colcon.colcon_core.package_identification:_identify(src/unitree-go2-ros2/velodyne/img) by extensions ['ignore', 'ignore_ament_install']
[0.633s] Level 1:colcon.colcon_core.package_identification:_identify(src/unitree-go2-ros2/velodyne/img) by extension 'ignore'
[0.633s] Level 1:colcon.colcon_core.package_identification:_identify(src/unitree-go2-ros2/velodyne/img) by extension 'ignore_ament_install'
[0.633s] Level 1:colcon.colcon_core.package_identification:_identify(src/unitree-go2-ros2/velodyne/img) by extensions ['colcon_pkg']
[0.633s] Level 1:colcon.colcon_core.package_identification:_identify(src/unitree-go2-ros2/velodyne/img) by extension 'colcon_pkg'
[0.633s] Level 1:colcon.colcon_core.package_identification:_identify(src/unitree-go2-ros2/velodyne/img) by extensions ['colcon_meta']
[0.633s] Level 1:colcon.colcon_core.package_identification:_identify(src/unitree-go2-ros2/velodyne/img) by extension 'colcon_meta'
[0.633s] Level 1:colcon.colcon_core.package_identification:_identify(src/unitree-go2-ros2/velodyne/img) by extensions ['ros']
[0.633s] Level 1:colcon.colcon_core.package_identification:_identify(src/unitree-go2-ros2/velodyne/img) by extension 'ros'
[0.633s] Level 1:colcon.colcon_core.package_identification:_identify(src/unitree-go2-ros2/velodyne/img) by extensions ['cmake', 'python']
[0.633s] Level 1:colcon.colcon_core.package_identification:_identify(src/unitree-go2-ros2/velodyne/img) by extension 'cmake'
[0.633s] Level 1:colcon.colcon_core.package_identification:_identify(src/unitree-go2-ros2/velodyne/img) by extension 'python'
[0.633s] Level 1:colcon.colcon_core.package_identification:_identify(src/unitree-go2-ros2/velodyne/img) by extensions ['python_setup_py']
[0.633s] Level 1:colcon.colcon_core.package_identification:_identify(src/unitree-go2-ros2/velodyne/img) by extension 'python_setup_py'
[0.634s] Level 1:colcon.colcon_core.package_identification:_identify(src/unitree-go2-ros2/velodyne/velodyne_description) by extensions ['ignore', 'ignore_ament_install']
[0.634s] Level 1:colcon.colcon_core.package_identification:_identify(src/unitree-go2-ros2/velodyne/velodyne_description) by extension 'ignore'
[0.634s] Level 1:colcon.colcon_core.package_identification:_identify(src/unitree-go2-ros2/velodyne/velodyne_description) by extension 'ignore_ament_install'
[0.634s] Level 1:colcon.colcon_core.package_identification:_identify(src/unitree-go2-ros2/velodyne/velodyne_description) by extensions ['colcon_pkg']
[0.634s] Level 1:colcon.colcon_core.package_identification:_identify(src/unitree-go2-ros2/velodyne/velodyne_description) by extension 'colcon_pkg'
[0.634s] Level 1:colcon.colcon_core.package_identification:_identify(src/unitree-go2-ros2/velodyne/velodyne_description) by extensions ['colcon_meta']
[0.634s] Level 1:colcon.colcon_core.package_identification:_identify(src/unitree-go2-ros2/velodyne/velodyne_description) by extension 'colcon_meta'
[0.634s] Level 1:colcon.colcon_core.package_identification:_identify(src/unitree-go2-ros2/velodyne/velodyne_description) by extensions ['ros']
[0.634s] Level 1:colcon.colcon_core.package_identification:_identify(src/unitree-go2-ros2/velodyne/velodyne_description) by extension 'ros'
[0.635s] DEBUG:colcon.colcon_core.package_identification:Package 'src/unitree-go2-ros2/velodyne/velodyne_description' with type 'ros.ament_cmake' and name 'velodyne_description'
[0.635s] Level 1:colcon.colcon_core.package_identification:_identify(src/unitree-go2-ros2/velodyne/velodyne_gazebo_plugins) by extensions ['ignore', 'ignore_ament_install']
[0.635s] Level 1:colcon.colcon_core.package_identification:_identify(src/unitree-go2-ros2/velodyne/velodyne_gazebo_plugins) by extension 'ignore'
[0.635s] Level 1:colcon.colcon_core.package_identification:_identify(src/unitree-go2-ros2/velodyne/velodyne_gazebo_plugins) by extension 'ignore_ament_install'
[0.635s] Level 1:colcon.colcon_core.package_identification:_identify(src/unitree-go2-ros2/velodyne/velodyne_gazebo_plugins) by extensions ['colcon_pkg']
[0.635s] Level 1:colcon.colcon_core.package_identification:_identify(src/unitree-go2-ros2/velodyne/velodyne_gazebo_plugins) by extension 'colcon_pkg'
[0.635s] Level 1:colcon.colcon_core.package_identification:_identify(src/unitree-go2-ros2/velodyne/velodyne_gazebo_plugins) by extensions ['colcon_meta']
[0.635s] Level 1:colcon.colcon_core.package_identification:_identify(src/unitree-go2-ros2/velodyne/velodyne_gazebo_plugins) by extension 'colcon_meta'
[0.635s] Level 1:colcon.colcon_core.package_identification:_identify(src/unitree-go2-ros2/velodyne/velodyne_gazebo_plugins) by extensions ['ros']
[0.636s] Level 1:colcon.colcon_core.package_identification:_identify(src/unitree-go2-ros2/velodyne/velodyne_gazebo_plugins) by extension 'ros'
[0.637s] DEBUG:colcon.colcon_core.package_identification:Package 'src/unitree-go2-ros2/velodyne/velodyne_gazebo_plugins' with type 'ros.ament_cmake' and name 'velodyne_gazebo_plugins'
[0.637s] Level 1:colcon.colcon_core.package_identification:_identify(src/unitree-go2-ros2/velodyne/velodyne_simulator) by extensions ['ignore', 'ignore_ament_install']
[0.637s] Level 1:colcon.colcon_core.package_identification:_identify(src/unitree-go2-ros2/velodyne/velodyne_simulator) by extension 'ignore'
[0.637s] Level 1:colcon.colcon_core.package_identification:_identify(src/unitree-go2-ros2/velodyne/velodyne_simulator) by extension 'ignore_ament_install'
[0.637s] Level 1:colcon.colcon_core.package_identification:_identify(src/unitree-go2-ros2/velodyne/velodyne_simulator) by extensions ['colcon_pkg']
[0.637s] Level 1:colcon.colcon_core.package_identification:_identify(src/unitree-go2-ros2/velodyne/velodyne_simulator) by extension 'colcon_pkg'
[0.637s] Level 1:colcon.colcon_core.package_identification:_identify(src/unitree-go2-ros2/velodyne/velodyne_simulator) by extensions ['colcon_meta']
[0.637s] Level 1:colcon.colcon_core.package_identification:_identify(src/unitree-go2-ros2/velodyne/velodyne_simulator) by extension 'colcon_meta'
[0.637s] Level 1:colcon.colcon_core.package_identification:_identify(src/unitree-go2-ros2/velodyne/velodyne_simulator) by extensions ['ros']
[0.637s] Level 1:colcon.colcon_core.package_identification:_identify(src/unitree-go2-ros2/velodyne/velodyne_simulator) by extension 'ros'
[0.638s] DEBUG:colcon.colcon_core.package_identification:Package 'src/unitree-go2-ros2/velodyne/velodyne_simulator' with type 'ros.ament_cmake' and name 'velodyne_simulator'
[0.638s] Level 1:colcon.colcon_core.package_identification:_identify(src/yahboom_app_save_map) by extensions ['ignore', 'ignore_ament_install']
[0.638s] Level 1:colcon.colcon_core.package_identification:_identify(src/yahboom_app_save_map) by extension 'ignore'
[0.638s] Level 1:colcon.colcon_core.package_identification:_identify(src/yahboom_app_save_map) by extension 'ignore_ament_install'
[0.639s] Level 1:colcon.colcon_core.package_identification:_identify(src/yahboom_app_save_map) by extensions ['colcon_pkg']
[0.639s] Level 1:colcon.colcon_core.package_identification:_identify(src/yahboom_app_save_map) by extension 'colcon_pkg'
[0.639s] Level 1:colcon.colcon_core.package_identification:_identify(src/yahboom_app_save_map) by extensions ['colcon_meta']
[0.639s] Level 1:colcon.colcon_core.package_identification:_identify(src/yahboom_app_save_map) by extension 'colcon_meta'
[0.639s] Level 1:colcon.colcon_core.package_identification:_identify(src/yahboom_app_save_map) by extensions ['ros']
[0.639s] Level 1:colcon.colcon_core.package_identification:_identify(src/yahboom_app_save_map) by extension 'ros'
[0.639s] DEBUG:colcon.colcon_core.package_identification:Package 'src/yahboom_app_save_map' with type 'ros.ament_python' and name 'yahboom_app_save_map'
[0.639s] Level 1:colcon.colcon_core.package_identification:_identify(src/yahboom_base) by extensions ['ignore', 'ignore_ament_install']
[0.640s] Level 1:colcon.colcon_core.package_identification:_identify(src/yahboom_base) by extension 'ignore'
[0.640s] Level 1:colcon.colcon_core.package_identification:_identify(src/yahboom_base) by extension 'ignore_ament_install'
[0.640s] Level 1:colcon.colcon_core.package_identification:_identify(src/yahboom_base) by extensions ['colcon_pkg']
[0.640s] Level 1:colcon.colcon_core.package_identification:_identify(src/yahboom_base) by extension 'colcon_pkg'
[0.640s] Level 1:colcon.colcon_core.package_identification:_identify(src/yahboom_base) by extensions ['colcon_meta']
[0.640s] Level 1:colcon.colcon_core.package_identification:_identify(src/yahboom_base) by extension 'colcon_meta'
[0.640s] Level 1:colcon.colcon_core.package_identification:_identify(src/yahboom_base) by extensions ['ros']
[0.640s] Level 1:colcon.colcon_core.package_identification:_identify(src/yahboom_base) by extension 'ros'
[0.641s] DEBUG:colcon.colcon_core.package_identification:Package 'src/yahboom_base' with type 'ros.ament_python' and name 'yahboom_base'
[0.641s] Level 1:colcon.colcon_core.package_identification:_identify(src/yahboom_bringup) by extensions ['ignore', 'ignore_ament_install']
[0.641s] Level 1:colcon.colcon_core.package_identification:_identify(src/yahboom_bringup) by extension 'ignore'
[0.641s] Level 1:colcon.colcon_core.package_identification:_identify(src/yahboom_bringup) by extension 'ignore_ament_install'
[0.641s] Level 1:colcon.colcon_core.package_identification:_identify(src/yahboom_bringup) by extensions ['colcon_pkg']
[0.641s] Level 1:colcon.colcon_core.package_identification:_identify(src/yahboom_bringup) by extension 'colcon_pkg'
[0.641s] Level 1:colcon.colcon_core.package_identification:_identify(src/yahboom_bringup) by extensions ['colcon_meta']
[0.641s] Level 1:colcon.colcon_core.package_identification:_identify(src/yahboom_bringup) by extension 'colcon_meta'
[0.641s] Level 1:colcon.colcon_core.package_identification:_identify(src/yahboom_bringup) by extensions ['ros']
[0.641s] Level 1:colcon.colcon_core.package_identification:_identify(src/yahboom_bringup) by extension 'ros'
[0.642s] DEBUG:colcon.colcon_core.package_identification:Package 'src/yahboom_bringup' with type 'ros.ament_python' and name 'yahboom_bringup'
[0.642s] Level 1:colcon.colcon_core.package_identification:_identify(src/yahboom_description) by extensions ['ignore', 'ignore_ament_install']
[0.642s] Level 1:colcon.colcon_core.package_identification:_identify(src/yahboom_description) by extension 'ignore'
[0.642s] Level 1:colcon.colcon_core.package_identification:_identify(src/yahboom_description) by extension 'ignore_ament_install'
[0.642s] Level 1:colcon.colcon_core.package_identification:_identify(src/yahboom_description) by extensions ['colcon_pkg']
[0.642s] Level 1:colcon.colcon_core.package_identification:_identify(src/yahboom_description) by extension 'colcon_pkg'
[0.642s] Level 1:colcon.colcon_core.package_identification:_identify(src/yahboom_description) by extensions ['colcon_meta']
[0.642s] Level 1:colcon.colcon_core.package_identification:_identify(src/yahboom_description) by extension 'colcon_meta'
[0.642s] Level 1:colcon.colcon_core.package_identification:_identify(src/yahboom_description) by extensions ['ros']
[0.642s] Level 1:colcon.colcon_core.package_identification:_identify(src/yahboom_description) by extension 'ros'
[0.643s] DEBUG:colcon.colcon_core.package_identification:Package 'src/yahboom_description' with type 'ros.ament_python' and name 'yahboom_description'
[0.643s] Level 1:colcon.colcon_core.package_identification:_identify(src/yahboom_dog_joint_state) by extensions ['ignore', 'ignore_ament_install']
[0.643s] Level 1:colcon.colcon_core.package_identification:_identify(src/yahboom_dog_joint_state) by extension 'ignore'
[0.643s] Level 1:colcon.colcon_core.package_identification:_identify(src/yahboom_dog_joint_state) by extension 'ignore_ament_install'
[0.643s] Level 1:colcon.colcon_core.package_identification:_identify(src/yahboom_dog_joint_state) by extensions ['colcon_pkg']
[0.643s] Level 1:colcon.colcon_core.package_identification:_identify(src/yahboom_dog_joint_state) by extension 'colcon_pkg'
[0.643s] Level 1:colcon.colcon_core.package_identification:_identify(src/yahboom_dog_joint_state) by extensions ['colcon_meta']
[0.643s] Level 1:colcon.colcon_core.package_identification:_identify(src/yahboom_dog_joint_state) by extension 'colcon_meta'
[0.643s] Level 1:colcon.colcon_core.package_identification:_identify(src/yahboom_dog_joint_state) by extensions ['ros']
[0.643s] Level 1:colcon.colcon_core.package_identification:_identify(src/yahboom_dog_joint_state) by extension 'ros'
[0.644s] DEBUG:colcon.colcon_core.package_identification:Package 'src/yahboom_dog_joint_state' with type 'ros.ament_python' and name 'yahboom_dog_joint_state'
[0.644s] Level 1:colcon.colcon_core.package_identification:_identify(src/yahboom_gait) by extensions ['ignore', 'ignore_ament_install']
[0.644s] Level 1:colcon.colcon_core.package_identification:_identify(src/yahboom_gait) by extension 'ignore'
[0.644s] Level 1:colcon.colcon_core.package_identification:_identify(src/yahboom_gait) by extension 'ignore_ament_install'
[0.644s] Level 1:colcon.colcon_core.package_identification:_identify(src/yahboom_gait) by extensions ['colcon_pkg']
[0.644s] Level 1:colcon.colcon_core.package_identification:_identify(src/yahboom_gait) by extension 'colcon_pkg'
[0.644s] Level 1:colcon.colcon_core.package_identification:_identify(src/yahboom_gait) by extensions ['colcon_meta']
[0.644s] Level 1:colcon.colcon_core.package_identification:_identify(src/yahboom_gait) by extension 'colcon_meta'
[0.644s] Level 1:colcon.colcon_core.package_identification:_identify(src/yahboom_gait) by extensions ['ros']
[0.644s] Level 1:colcon.colcon_core.package_identification:_identify(src/yahboom_gait) by extension 'ros'
[0.645s] DEBUG:colcon.colcon_core.package_identification:Package 'src/yahboom_gait' with type 'ros.ament_python' and name 'yahboom_gait'
[0.645s] Level 1:colcon.colcon_core.package_identification:_identify(src/yahboom_mediapipe) by extensions ['ignore', 'ignore_ament_install']
[0.645s] Level 1:colcon.colcon_core.package_identification:_identify(src/yahboom_mediapipe) by extension 'ignore'
[0.645s] Level 1:colcon.colcon_core.package_identification:_identify(src/yahboom_mediapipe) by extension 'ignore_ament_install'
[0.645s] Level 1:colcon.colcon_core.package_identification:_identify(src/yahboom_mediapipe) by extensions ['colcon_pkg']
[0.645s] Level 1:colcon.colcon_core.package_identification:_identify(src/yahboom_mediapipe) by extension 'colcon_pkg'
[0.645s] Level 1:colcon.colcon_core.package_identification:_identify(src/yahboom_mediapipe) by extensions ['colcon_meta']
[0.645s] Level 1:colcon.colcon_core.package_identification:_identify(src/yahboom_mediapipe) by extension 'colcon_meta'
[0.645s] Level 1:colcon.colcon_core.package_identification:_identify(src/yahboom_mediapipe) by extensions ['ros']
[0.645s] Level 1:colcon.colcon_core.package_identification:_identify(src/yahboom_mediapipe) by extension 'ros'
[0.646s] DEBUG:colcon.colcon_core.package_identification:Package 'src/yahboom_mediapipe' with type 'ros.ament_python' and name 'yahboom_mediapipe'
[0.646s] Level 1:colcon.colcon_core.package_identification:_identify(src/yahboom_msgs) by extensions ['ignore', 'ignore_ament_install']
[0.646s] Level 1:colcon.colcon_core.package_identification:_identify(src/yahboom_msgs) by extension 'ignore'
[0.646s] Level 1:colcon.colcon_core.package_identification:_identify(src/yahboom_msgs) by extension 'ignore_ament_install'
[0.646s] Level 1:colcon.colcon_core.package_identification:_identify(src/yahboom_msgs) by extensions ['colcon_pkg']
[0.646s] Level 1:colcon.colcon_core.package_identification:_identify(src/yahboom_msgs) by extension 'colcon_pkg'
[0.646s] Level 1:colcon.colcon_core.package_identification:_identify(src/yahboom_msgs) by extensions ['colcon_meta']
[0.646s] Level 1:colcon.colcon_core.package_identification:_identify(src/yahboom_msgs) by extension 'colcon_meta'
[0.646s] Level 1:colcon.colcon_core.package_identification:_identify(src/yahboom_msgs) by extensions ['ros']
[0.646s] Level 1:colcon.colcon_core.package_identification:_identify(src/yahboom_msgs) by extension 'ros'
[0.647s] DEBUG:colcon.colcon_core.package_identification:Package 'src/yahboom_msgs' with type 'ros.ament_cmake' and name 'yahboom_msgs'
[0.647s] Level 1:colcon.colcon_core.package_identification:_identify(src/yahboom_set_height) by extensions ['ignore', 'ignore_ament_install']
[0.648s] Level 1:colcon.colcon_core.package_identification:_identify(src/yahboom_set_height) by extension 'ignore'
[0.648s] Level 1:colcon.colcon_core.package_identification:_identify(src/yahboom_set_height) by extension 'ignore_ament_install'
[0.648s] Level 1:colcon.colcon_core.package_identification:_identify(src/yahboom_set_height) by extensions ['colcon_pkg']
[0.648s] Level 1:colcon.colcon_core.package_identification:_identify(src/yahboom_set_height) by extension 'colcon_pkg'
[0.648s] Level 1:colcon.colcon_core.package_identification:_identify(src/yahboom_set_height) by extensions ['colcon_meta']
[0.648s] Level 1:colcon.colcon_core.package_identification:_identify(src/yahboom_set_height) by extension 'colcon_meta'
[0.648s] Level 1:colcon.colcon_core.package_identification:_identify(src/yahboom_set_height) by extensions ['ros']
[0.648s] Level 1:colcon.colcon_core.package_identification:_identify(src/yahboom_set_height) by extension 'ros'
[0.649s] DEBUG:colcon.colcon_core.package_identification:Package 'src/yahboom_set_height' with type 'ros.ament_python' and name 'yahboom_set_height'
[0.649s] Level 1:colcon.colcon_core.package_discovery:discover_packages(recursive) using defaults
[0.649s] Level 1:colcon.colcon_core.package_discovery:discover_packages(ignore) discover
[0.649s] Level 1:colcon.colcon_core.package_discovery:discover_packages(ignore) using defaults
[0.649s] Level 1:colcon.colcon_core.package_discovery:discover_packages(path) discover
[0.649s] Level 1:colcon.colcon_core.package_discovery:discover_packages(path) using defaults
[0.679s] Level 1:colcon.colcon_core.package_discovery:discover_packages(prefix_path) check parameters
[0.679s] Level 1:colcon.colcon_core.package_discovery:discover_packages(prefix_path) discover
[0.681s] DEBUG:colcon.colcon_installed_package_information.package_discovery:Found 2 installed packages in /home/dwduong74/LUMI_ws/install
[0.683s] DEBUG:colcon.colcon_installed_package_information.package_discovery:Found 424 installed packages in /opt/ros/humble
[0.685s] Level 1:colcon.colcon_core.package_discovery:discover_packages(prefix_path) using defaults
[0.748s] Level 5:colcon.colcon_core.verb:set package 'bringup' build argument 'cmake_args' from command line to 'None'
[0.748s] Level 5:colcon.colcon_core.verb:set package 'bringup' build argument 'cmake_target' from command line to 'None'
[0.748s] Level 5:colcon.colcon_core.verb:set package 'bringup' build argument 'cmake_target_skip_unavailable' from command line to 'False'
[0.748s] Level 5:colcon.colcon_core.verb:set package 'bringup' build argument 'cmake_clean_cache' from command line to 'False'
[0.748s] Level 5:colcon.colcon_core.verb:set package 'bringup' build argument 'cmake_clean_first' from command line to 'False'
[0.748s] Level 5:colcon.colcon_core.verb:set package 'bringup' build argument 'cmake_force_configure' from command line to 'False'
[0.748s] Level 5:colcon.colcon_core.verb:set package 'bringup' build argument 'ament_cmake_args' from command line to 'None'
[0.748s] Level 5:colcon.colcon_core.verb:set package 'bringup' build argument 'catkin_cmake_args' from command line to 'None'
[0.748s] Level 5:colcon.colcon_core.verb:set package 'bringup' build argument 'catkin_skip_building_tests' from command line to 'False'
[0.748s] DEBUG:colcon.colcon_core.verb:Building package 'bringup' with the following arguments: {'ament_cmake_args': None, 'build_base': '/home/dwduong74/yahboom_src/build/bringup', 'catkin_cmake_args': None, 'catkin_skip_building_tests': False, 'cmake_args': None, 'cmake_clean_cache': False, 'cmake_clean_first': False, 'cmake_force_configure': False, 'cmake_target': None, 'cmake_target_skip_unavailable': False, 'install_base': '/home/dwduong74/yahboom_src/install/bringup', 'merge_install': False, 'path': '/home/dwduong74/yahboom_src/src/bringup', 'symlink_install': False, 'test_result_base': None}
[0.749s] Level 5:colcon.colcon_core.verb:set package 'champ' build argument 'cmake_args' from command line to 'None'
[0.749s] Level 5:colcon.colcon_core.verb:set package 'champ' build argument 'cmake_target' from command line to 'None'
[0.749s] Level 5:colcon.colcon_core.verb:set package 'champ' build argument 'cmake_target_skip_unavailable' from command line to 'False'
[0.749s] Level 5:colcon.colcon_core.verb:set package 'champ' build argument 'cmake_clean_cache' from command line to 'False'
[0.749s] Level 5:colcon.colcon_core.verb:set package 'champ' build argument 'cmake_clean_first' from command line to 'False'
[0.749s] Level 5:colcon.colcon_core.verb:set package 'champ' build argument 'cmake_force_configure' from command line to 'False'
[0.749s] Level 5:colcon.colcon_core.verb:set package 'champ' build argument 'ament_cmake_args' from command line to 'None'
[0.749s] Level 5:colcon.colcon_core.verb:set package 'champ' build argument 'catkin_cmake_args' from command line to 'None'
[0.749s] Level 5:colcon.colcon_core.verb:set package 'champ' build argument 'catkin_skip_building_tests' from command line to 'False'
[0.749s] DEBUG:colcon.colcon_core.verb:Building package 'champ' with the following arguments: {'ament_cmake_args': None, 'build_base': '/home/dwduong74/yahboom_src/build/champ', 'catkin_cmake_args': None, 'catkin_skip_building_tests': False, 'cmake_args': None, 'cmake_clean_cache': False, 'cmake_clean_first': False, 'cmake_force_configure': False, 'cmake_target': None, 'cmake_target_skip_unavailable': False, 'install_base': '/home/dwduong74/yahboom_src/install/champ', 'merge_install': False, 'path': '/home/dwduong74/yahboom_src/src/unitree-go2-ros2/champ/champ', 'symlink_install': False, 'test_result_base': None}
[0.749s] Level 5:colcon.colcon_core.verb:set package 'champ_config' build argument 'cmake_args' from command line to 'None'
[0.749s] Level 5:colcon.colcon_core.verb:set package 'champ_config' build argument 'cmake_target' from command line to 'None'
[0.749s] Level 5:colcon.colcon_core.verb:set package 'champ_config' build argument 'cmake_target_skip_unavailable' from command line to 'False'
[0.749s] Level 5:colcon.colcon_core.verb:set package 'champ_config' build argument 'cmake_clean_cache' from command line to 'False'
[0.749s] Level 5:colcon.colcon_core.verb:set package 'champ_config' build argument 'cmake_clean_first' from command line to 'False'
[0.749s] Level 5:colcon.colcon_core.verb:set package 'champ_config' build argument 'cmake_force_configure' from command line to 'False'
[0.750s] Level 5:colcon.colcon_core.verb:set package 'champ_config' build argument 'ament_cmake_args' from command line to 'None'
[0.750s] Level 5:colcon.colcon_core.verb:set package 'champ_config' build argument 'catkin_cmake_args' from command line to 'None'
[0.750s] Level 5:colcon.colcon_core.verb:set package 'champ_config' build argument 'catkin_skip_building_tests' from command line to 'False'
[0.750s] DEBUG:colcon.colcon_core.verb:Building package 'champ_config' with the following arguments: {'ament_cmake_args': None, 'build_base': '/home/dwduong74/yahboom_src/build/champ_config', 'catkin_cmake_args': None, 'catkin_skip_building_tests': False, 'cmake_args': None, 'cmake_clean_cache': False, 'cmake_clean_first': False, 'cmake_force_configure': False, 'cmake_target': None, 'cmake_target_skip_unavailable': False, 'install_base': '/home/dwduong74/yahboom_src/install/champ_config', 'merge_install': False, 'path': '/home/dwduong74/yahboom_src/src/unitree-go2-ros2/champ/champ_config', 'symlink_install': False, 'test_result_base': None}
[0.750s] Level 5:colcon.colcon_core.verb:set package 'champ_msgs' build argument 'cmake_args' from command line to 'None'
[0.750s] Level 5:colcon.colcon_core.verb:set package 'champ_msgs' build argument 'cmake_target' from command line to 'None'
[0.750s] Level 5:colcon.colcon_core.verb:set package 'champ_msgs' build argument 'cmake_target_skip_unavailable' from command line to 'False'
[0.750s] Level 5:colcon.colcon_core.verb:set package 'champ_msgs' build argument 'cmake_clean_cache' from command line to 'False'
[0.750s] Level 5:colcon.colcon_core.verb:set package 'champ_msgs' build argument 'cmake_clean_first' from command line to 'False'
[0.750s] Level 5:colcon.colcon_core.verb:set package 'champ_msgs' build argument 'cmake_force_configure' from command line to 'False'
[0.750s] Level 5:colcon.colcon_core.verb:set package 'champ_msgs' build argument 'ament_cmake_args' from command line to 'None'
[0.750s] Level 5:colcon.colcon_core.verb:set package 'champ_msgs' build argument 'catkin_cmake_args' from command line to 'None'
[0.750s] Level 5:colcon.colcon_core.verb:set package 'champ_msgs' build argument 'catkin_skip_building_tests' from command line to 'False'
[0.750s] DEBUG:colcon.colcon_core.verb:Building package 'champ_msgs' with the following arguments: {'ament_cmake_args': None, 'build_base': '/home/dwduong74/yahboom_src/build/champ_msgs', 'catkin_cmake_args': None, 'catkin_skip_building_tests': False, 'cmake_args': None, 'cmake_clean_cache': False, 'cmake_clean_first': False, 'cmake_force_configure': False, 'cmake_target': None, 'cmake_target_skip_unavailable': False, 'install_base': '/home/dwduong74/yahboom_src/install/champ_msgs', 'merge_install': False, 'path': '/home/dwduong74/yahboom_src/src/unitree-go2-ros2/champ/champ_msgs', 'symlink_install': False, 'test_result_base': None}
[0.751s] Level 5:colcon.colcon_core.verb:set package 'champ_navigation' build argument 'cmake_args' from command line to 'None'
[0.751s] Level 5:colcon.colcon_core.verb:set package 'champ_navigation' build argument 'cmake_target' from command line to 'None'
[0.751s] Level 5:colcon.colcon_core.verb:set package 'champ_navigation' build argument 'cmake_target_skip_unavailable' from command line to 'False'
[0.751s] Level 5:colcon.colcon_core.verb:set package 'champ_navigation' build argument 'cmake_clean_cache' from command line to 'False'
[0.751s] Level 5:colcon.colcon_core.verb:set package 'champ_navigation' build argument 'cmake_clean_first' from command line to 'False'
[0.751s] Level 5:colcon.colcon_core.verb:set package 'champ_navigation' build argument 'cmake_force_configure' from command line to 'False'
[0.751s] Level 5:colcon.colcon_core.verb:set package 'champ_navigation' build argument 'ament_cmake_args' from command line to 'None'
[0.751s] Level 5:colcon.colcon_core.verb:set package 'champ_navigation' build argument 'catkin_cmake_args' from command line to 'None'
[0.751s] Level 5:colcon.colcon_core.verb:set package 'champ_navigation' build argument 'catkin_skip_building_tests' from command line to 'False'
[0.751s] DEBUG:colcon.colcon_core.verb:Building package 'champ_navigation' with the following arguments: {'ament_cmake_args': None, 'build_base': '/home/dwduong74/yahboom_src/build/champ_navigation', 'catkin_cmake_args': None, 'catkin_skip_building_tests': False, 'cmake_args': None, 'cmake_clean_cache': False, 'cmake_clean_first': False, 'cmake_force_configure': False, 'cmake_target': None, 'cmake_target_skip_unavailable': False, 'install_base': '/home/dwduong74/yahboom_src/install/champ_navigation', 'merge_install': False, 'path': '/home/dwduong74/yahboom_src/src/unitree-go2-ros2/champ/champ_navigation', 'symlink_install': False, 'test_result_base': None}
[0.751s] Level 5:colcon.colcon_core.verb:set package 'champ_teleop' build argument 'cmake_args' from command line to 'None'
[0.751s] Level 5:colcon.colcon_core.verb:set package 'champ_teleop' build argument 'cmake_target' from command line to 'None'
[0.751s] Level 5:colcon.colcon_core.verb:set package 'champ_teleop' build argument 'cmake_target_skip_unavailable' from command line to 'False'
[0.751s] Level 5:colcon.colcon_core.verb:set package 'champ_teleop' build argument 'cmake_clean_cache' from command line to 'False'
[0.751s] Level 5:colcon.colcon_core.verb:set package 'champ_teleop' build argument 'cmake_clean_first' from command line to 'False'
[0.751s] Level 5:colcon.colcon_core.verb:set package 'champ_teleop' build argument 'cmake_force_configure' from command line to 'False'
[0.751s] Level 5:colcon.colcon_core.verb:set package 'champ_teleop' build argument 'ament_cmake_args' from command line to 'None'
[0.752s] Level 5:colcon.colcon_core.verb:set package 'champ_teleop' build argument 'catkin_cmake_args' from command line to 'None'
[0.752s] Level 5:colcon.colcon_core.verb:set package 'champ_teleop' build argument 'catkin_skip_building_tests' from command line to 'False'
[0.752s] DEBUG:colcon.colcon_core.verb:Building package 'champ_teleop' with the following arguments: {'ament_cmake_args': None, 'build_base': '/home/dwduong74/yahboom_src/build/champ_teleop', 'catkin_cmake_args': None, 'catkin_skip_building_tests': False, 'cmake_args': None, 'cmake_clean_cache': False, 'cmake_clean_first': False, 'cmake_force_configure': False, 'cmake_target': None, 'cmake_target_skip_unavailable': False, 'install_base': '/home/dwduong74/yahboom_src/install/champ_teleop', 'merge_install': False, 'path': '/home/dwduong74/yahboom_src/src/unitree-go2-ros2/champ_teleop', 'symlink_install': False, 'test_result_base': None}
[0.752s] Level 5:colcon.colcon_core.verb:set package 'dogzilla_config' build argument 'cmake_args' from command line to 'None'
[0.752s] Level 5:colcon.colcon_core.verb:set package 'dogzilla_config' build argument 'cmake_target' from command line to 'None'
[0.752s] Level 5:colcon.colcon_core.verb:set package 'dogzilla_config' build argument 'cmake_target_skip_unavailable' from command line to 'False'
[0.752s] Level 5:colcon.colcon_core.verb:set package 'dogzilla_config' build argument 'cmake_clean_cache' from command line to 'False'
[0.752s] Level 5:colcon.colcon_core.verb:set package 'dogzilla_config' build argument 'cmake_clean_first' from command line to 'False'
[0.752s] Level 5:colcon.colcon_core.verb:set package 'dogzilla_config' build argument 'cmake_force_configure' from command line to 'False'
[0.752s] Level 5:colcon.colcon_core.verb:set package 'dogzilla_config' build argument 'ament_cmake_args' from command line to 'None'
[0.752s] Level 5:colcon.colcon_core.verb:set package 'dogzilla_config' build argument 'catkin_cmake_args' from command line to 'None'
[0.752s] Level 5:colcon.colcon_core.verb:set package 'dogzilla_config' build argument 'catkin_skip_building_tests' from command line to 'False'
[0.752s] DEBUG:colcon.colcon_core.verb:Building package 'dogzilla_config' with the following arguments: {'ament_cmake_args': None, 'build_base': '/home/dwduong74/yahboom_src/build/dogzilla_config', 'catkin_cmake_args': None, 'catkin_skip_building_tests': False, 'cmake_args': None, 'cmake_clean_cache': False, 'cmake_clean_first': False, 'cmake_force_configure': False, 'cmake_target': None, 'cmake_target_skip_unavailable': False, 'install_base': '/home/dwduong74/yahboom_src/install/dogzilla_config', 'merge_install': False, 'path': '/home/dwduong74/yahboom_src/src/dogzilla_sim/robots/configs/dogzilla_config', 'symlink_install': False, 'test_result_base': None}
[0.753s] Level 5:colcon.colcon_core.verb:set package 'dogzilla_description' build argument 'cmake_args' from command line to 'None'
[0.753s] Level 5:colcon.colcon_core.verb:set package 'dogzilla_description' build argument 'cmake_target' from command line to 'None'
[0.753s] Level 5:colcon.colcon_core.verb:set package 'dogzilla_description' build argument 'cmake_target_skip_unavailable' from command line to 'False'
[0.753s] Level 5:colcon.colcon_core.verb:set package 'dogzilla_description' build argument 'cmake_clean_cache' from command line to 'False'
[0.753s] Level 5:colcon.colcon_core.verb:set package 'dogzilla_description' build argument 'cmake_clean_first' from command line to 'False'
[0.753s] Level 5:colcon.colcon_core.verb:set package 'dogzilla_description' build argument 'cmake_force_configure' from command line to 'False'
[0.753s] Level 5:colcon.colcon_core.verb:set package 'dogzilla_description' build argument 'ament_cmake_args' from command line to 'None'
[0.753s] Level 5:colcon.colcon_core.verb:set package 'dogzilla_description' build argument 'catkin_cmake_args' from command line to 'None'
[0.753s] Level 5:colcon.colcon_core.verb:set package 'dogzilla_description' build argument 'catkin_skip_building_tests' from command line to 'False'
[0.753s] DEBUG:colcon.colcon_core.verb:Building package 'dogzilla_description' with the following arguments: {'ament_cmake_args': None, 'build_base': '/home/dwduong74/yahboom_src/build/dogzilla_description', 'catkin_cmake_args': None, 'catkin_skip_building_tests': False, 'cmake_args': None, 'cmake_clean_cache': False, 'cmake_clean_first': False, 'cmake_force_configure': False, 'cmake_target': None, 'cmake_target_skip_unavailable': False, 'install_base': '/home/dwduong74/yahboom_src/install/dogzilla_description', 'merge_install': False, 'path': '/home/dwduong74/yahboom_src/src/dogzilla_sim/robots/descriptions/dogzilla_description', 'symlink_install': False, 'test_result_base': None}
[0.753s] Level 5:colcon.colcon_core.verb:set package 'go2_config' build argument 'cmake_args' from command line to 'None'
[0.753s] Level 5:colcon.colcon_core.verb:set package 'go2_config' build argument 'cmake_target' from command line to 'None'
[0.753s] Level 5:colcon.colcon_core.verb:set package 'go2_config' build argument 'cmake_target_skip_unavailable' from command line to 'False'
[0.753s] Level 5:colcon.colcon_core.verb:set package 'go2_config' build argument 'cmake_clean_cache' from command line to 'False'
[0.753s] Level 5:colcon.colcon_core.verb:set package 'go2_config' build argument 'cmake_clean_first' from command line to 'False'
[0.753s] Level 5:colcon.colcon_core.verb:set package 'go2_config' build argument 'cmake_force_configure' from command line to 'False'
[0.753s] Level 5:colcon.colcon_core.verb:set package 'go2_config' build argument 'ament_cmake_args' from command line to 'None'
[0.753s] Level 5:colcon.colcon_core.verb:set package 'go2_config' build argument 'catkin_cmake_args' from command line to 'None'
[0.754s] Level 5:colcon.colcon_core.verb:set package 'go2_config' build argument 'catkin_skip_building_tests' from command line to 'False'
[0.754s] DEBUG:colcon.colcon_core.verb:Building package 'go2_config' with the following arguments: {'ament_cmake_args': None, 'build_base': '/home/dwduong74/yahboom_src/build/go2_config', 'catkin_cmake_args': None, 'catkin_skip_building_tests': False, 'cmake_args': None, 'cmake_clean_cache': False, 'cmake_clean_first': False, 'cmake_force_configure': False, 'cmake_target': None, 'cmake_target_skip_unavailable': False, 'install_base': '/home/dwduong74/yahboom_src/install/go2_config', 'merge_install': False, 'path': '/home/dwduong74/yahboom_src/src/unitree-go2-ros2/robots/configs/go2_config', 'symlink_install': False, 'test_result_base': None}
[0.754s] Level 5:colcon.colcon_core.verb:set package 'go2_description' build argument 'cmake_args' from command line to 'None'
[0.754s] Level 5:colcon.colcon_core.verb:set package 'go2_description' build argument 'cmake_target' from command line to 'None'
[0.754s] Level 5:colcon.colcon_core.verb:set package 'go2_description' build argument 'cmake_target_skip_unavailable' from command line to 'False'
[0.754s] Level 5:colcon.colcon_core.verb:set package 'go2_description' build argument 'cmake_clean_cache' from command line to 'False'
[0.754s] Level 5:colcon.colcon_core.verb:set package 'go2_description' build argument 'cmake_clean_first' from command line to 'False'
[0.754s] Level 5:colcon.colcon_core.verb:set package 'go2_description' build argument 'cmake_force_configure' from command line to 'False'
[0.754s] Level 5:colcon.colcon_core.verb:set package 'go2_description' build argument 'ament_cmake_args' from command line to 'None'
[0.754s] Level 5:colcon.colcon_core.verb:set package 'go2_description' build argument 'catkin_cmake_args' from command line to 'None'
[0.754s] Level 5:colcon.colcon_core.verb:set package 'go2_description' build argument 'catkin_skip_building_tests' from command line to 'False'
[0.754s] DEBUG:colcon.colcon_core.verb:Building package 'go2_description' with the following arguments: {'ament_cmake_args': None, 'build_base': '/home/dwduong74/yahboom_src/build/go2_description', 'catkin_cmake_args': None, 'catkin_skip_building_tests': False, 'cmake_args': None, 'cmake_clean_cache': False, 'cmake_clean_first': False, 'cmake_force_configure': False, 'cmake_target': None, 'cmake_target_skip_unavailable': False, 'install_base': '/home/dwduong74/yahboom_src/install/go2_description', 'merge_install': False, 'path': '/home/dwduong74/yahboom_src/src/unitree-go2-ros2/robots/descriptions/go2_description', 'symlink_install': False, 'test_result_base': None}
[0.755s] Level 5:colcon.colcon_core.verb:set package 'image_color_lab' build argument 'cmake_args' from command line to 'None'
[0.755s] Level 5:colcon.colcon_core.verb:set package 'image_color_lab' build argument 'cmake_target' from command line to 'None'
[0.755s] Level 5:colcon.colcon_core.verb:set package 'image_color_lab' build argument 'cmake_target_skip_unavailable' from command line to 'False'
[0.755s] Level 5:colcon.colcon_core.verb:set package 'image_color_lab' build argument 'cmake_clean_cache' from command line to 'False'
[0.755s] Level 5:colcon.colcon_core.verb:set package 'image_color_lab' build argument 'cmake_clean_first' from command line to 'False'
[0.755s] Level 5:colcon.colcon_core.verb:set package 'image_color_lab' build argument 'cmake_force_configure' from command line to 'False'
[0.755s] Level 5:colcon.colcon_core.verb:set package 'image_color_lab' build argument 'ament_cmake_args' from command line to 'None'
[0.755s] Level 5:colcon.colcon_core.verb:set package 'image_color_lab' build argument 'catkin_cmake_args' from command line to 'None'
[0.755s] Level 5:colcon.colcon_core.verb:set package 'image_color_lab' build argument 'catkin_skip_building_tests' from command line to 'False'
[0.755s] DEBUG:colcon.colcon_core.verb:Building package 'image_color_lab' with the following arguments: {'ament_cmake_args': None, 'build_base': '/home/dwduong74/yahboom_src/build/image_color_lab', 'catkin_cmake_args': None, 'catkin_skip_building_tests': False, 'cmake_args': None, 'cmake_clean_cache': False, 'cmake_clean_first': False, 'cmake_force_configure': False, 'cmake_target': None, 'cmake_target_skip_unavailable': False, 'install_base': '/home/dwduong74/yahboom_src/install/image_color_lab', 'merge_install': False, 'path': '/home/dwduong74/yahboom_src/src/image_color_lab', 'symlink_install': False, 'test_result_base': None}
[0.755s] Level 5:colcon.colcon_core.verb:set package 'oradar_lidar' build argument 'cmake_args' from command line to 'None'
[0.755s] Level 5:colcon.colcon_core.verb:set package 'oradar_lidar' build argument 'cmake_target' from command line to 'None'
[0.755s] Level 5:colcon.colcon_core.verb:set package 'oradar_lidar' build argument 'cmake_target_skip_unavailable' from command line to 'False'
[0.755s] Level 5:colcon.colcon_core.verb:set package 'oradar_lidar' build argument 'cmake_clean_cache' from command line to 'False'
[0.755s] Level 5:colcon.colcon_core.verb:set package 'oradar_lidar' build argument 'cmake_clean_first' from command line to 'False'
[0.755s] Level 5:colcon.colcon_core.verb:set package 'oradar_lidar' build argument 'cmake_force_configure' from command line to 'False'
[0.755s] Level 5:colcon.colcon_core.verb:set package 'oradar_lidar' build argument 'ament_cmake_args' from command line to 'None'
[0.755s] Level 5:colcon.colcon_core.verb:set package 'oradar_lidar' build argument 'catkin_cmake_args' from command line to 'None'
[0.755s] Level 5:colcon.colcon_core.verb:set package 'oradar_lidar' build argument 'catkin_skip_building_tests' from command line to 'False'
[0.755s] DEBUG:colcon.colcon_core.verb:Building package 'oradar_lidar' with the following arguments: {'ament_cmake_args': None, 'build_base': '/home/dwduong74/yahboom_src/build/oradar_lidar', 'catkin_cmake_args': None, 'catkin_skip_building_tests': False, 'cmake_args': None, 'cmake_clean_cache': False, 'cmake_clean_first': False, 'cmake_force_configure': False, 'cmake_target': None, 'cmake_target_skip_unavailable': False, 'install_base': '/home/dwduong74/yahboom_src/install/oradar_lidar', 'merge_install': False, 'path': '/home/dwduong74/yahboom_src/src/oradar_lidar', 'symlink_install': False, 'test_result_base': None}
[0.756s] Level 5:colcon.colcon_core.verb:set package 'tf_publisher' build argument 'cmake_args' from command line to 'None'
[0.756s] Level 5:colcon.colcon_core.verb:set package 'tf_publisher' build argument 'cmake_target' from command line to 'None'
[0.756s] Level 5:colcon.colcon_core.verb:set package 'tf_publisher' build argument 'cmake_target_skip_unavailable' from command line to 'False'
[0.756s] Level 5:colcon.colcon_core.verb:set package 'tf_publisher' build argument 'cmake_clean_cache' from command line to 'False'
[0.756s] Level 5:colcon.colcon_core.verb:set package 'tf_publisher' build argument 'cmake_clean_first' from command line to 'False'
[0.756s] Level 5:colcon.colcon_core.verb:set package 'tf_publisher' build argument 'cmake_force_configure' from command line to 'False'
[0.756s] Level 5:colcon.colcon_core.verb:set package 'tf_publisher' build argument 'ament_cmake_args' from command line to 'None'
[0.756s] Level 5:colcon.colcon_core.verb:set package 'tf_publisher' build argument 'catkin_cmake_args' from command line to 'None'
[0.756s] Level 5:colcon.colcon_core.verb:set package 'tf_publisher' build argument 'catkin_skip_building_tests' from command line to 'False'
[0.756s] DEBUG:colcon.colcon_core.verb:Building package 'tf_publisher' with the following arguments: {'ament_cmake_args': None, 'build_base': '/home/dwduong74/yahboom_src/build/tf_publisher', 'catkin_cmake_args': None, 'catkin_skip_building_tests': False, 'cmake_args': None, 'cmake_clean_cache': False, 'cmake_clean_first': False, 'cmake_force_configure': False, 'cmake_target': None, 'cmake_target_skip_unavailable': False, 'install_base': '/home/dwduong74/yahboom_src/install/tf_publisher', 'merge_install': False, 'path': '/home/dwduong74/yahboom_src/src/tf_publisher', 'symlink_install': False, 'test_result_base': None}
[0.757s] Level 5:colcon.colcon_core.verb:set package 'velodyne_gazebo_plugins' build argument 'cmake_args' from command line to 'None'
[0.757s] Level 5:colcon.colcon_core.verb:set package 'velodyne_gazebo_plugins' build argument 'cmake_target' from command line to 'None'
[0.757s] Level 5:colcon.colcon_core.verb:set package 'velodyne_gazebo_plugins' build argument 'cmake_target_skip_unavailable' from command line to 'False'
[0.757s] Level 5:colcon.colcon_core.verb:set package 'velodyne_gazebo_plugins' build argument 'cmake_clean_cache' from command line to 'False'
[0.757s] Level 5:colcon.colcon_core.verb:set package 'velodyne_gazebo_plugins' build argument 'cmake_clean_first' from command line to 'False'
[0.757s] Level 5:colcon.colcon_core.verb:set package 'velodyne_gazebo_plugins' build argument 'cmake_force_configure' from command line to 'False'
[0.757s] Level 5:colcon.colcon_core.verb:set package 'velodyne_gazebo_plugins' build argument 'ament_cmake_args' from command line to 'None'
[0.757s] Level 5:colcon.colcon_core.verb:set package 'velodyne_gazebo_plugins' build argument 'catkin_cmake_args' from command line to 'None'
[0.757s] Level 5:colcon.colcon_core.verb:set package 'velodyne_gazebo_plugins' build argument 'catkin_skip_building_tests' from command line to 'False'
[0.757s] DEBUG:colcon.colcon_core.verb:Building package 'velodyne_gazebo_plugins' with the following arguments: {'ament_cmake_args': None, 'build_base': '/home/dwduong74/yahboom_src/build/velodyne_gazebo_plugins', 'catkin_cmake_args': None, 'catkin_skip_building_tests': False, 'cmake_args': None, 'cmake_clean_cache': False, 'cmake_clean_first': False, 'cmake_force_configure': False, 'cmake_target': None, 'cmake_target_skip_unavailable': False, 'install_base': '/home/dwduong74/yahboom_src/install/velodyne_gazebo_plugins', 'merge_install': False, 'path': '/home/dwduong74/yahboom_src/src/unitree-go2-ros2/velodyne/velodyne_gazebo_plugins', 'symlink_install': False, 'test_result_base': None}
[0.758s] Level 5:colcon.colcon_core.verb:set package 'yahboom_app_save_map' build argument 'cmake_args' from command line to 'None'
[0.758s] Level 5:colcon.colcon_core.verb:set package 'yahboom_app_save_map' build argument 'cmake_target' from command line to 'None'
[0.758s] Level 5:colcon.colcon_core.verb:set package 'yahboom_app_save_map' build argument 'cmake_target_skip_unavailable' from command line to 'False'
[0.758s] Level 5:colcon.colcon_core.verb:set package 'yahboom_app_save_map' build argument 'cmake_clean_cache' from command line to 'False'
[0.758s] Level 5:colcon.colcon_core.verb:set package 'yahboom_app_save_map' build argument 'cmake_clean_first' from command line to 'False'
[0.758s] Level 5:colcon.colcon_core.verb:set package 'yahboom_app_save_map' build argument 'cmake_force_configure' from command line to 'False'
[0.758s] Level 5:colcon.colcon_core.verb:set package 'yahboom_app_save_map' build argument 'ament_cmake_args' from command line to 'None'
[0.758s] Level 5:colcon.colcon_core.verb:set package 'yahboom_app_save_map' build argument 'catkin_cmake_args' from command line to 'None'
[0.758s] Level 5:colcon.colcon_core.verb:set package 'yahboom_app_save_map' build argument 'catkin_skip_building_tests' from command line to 'False'
[0.758s] DEBUG:colcon.colcon_core.verb:Building package 'yahboom_app_save_map' with the following arguments: {'ament_cmake_args': None, 'build_base': '/home/dwduong74/yahboom_src/build/yahboom_app_save_map', 'catkin_cmake_args': None, 'catkin_skip_building_tests': False, 'cmake_args': None, 'cmake_clean_cache': False, 'cmake_clean_first': False, 'cmake_force_configure': False, 'cmake_target': None, 'cmake_target_skip_unavailable': False, 'install_base': '/home/dwduong74/yahboom_src/install/yahboom_app_save_map', 'merge_install': False, 'path': '/home/dwduong74/yahboom_src/src/yahboom_app_save_map', 'symlink_install': False, 'test_result_base': None}
[0.758s] Level 5:colcon.colcon_core.verb:set package 'yahboom_base' build argument 'cmake_args' from command line to 'None'
[0.758s] Level 5:colcon.colcon_core.verb:set package 'yahboom_base' build argument 'cmake_target' from command line to 'None'
[0.758s] Level 5:colcon.colcon_core.verb:set package 'yahboom_base' build argument 'cmake_target_skip_unavailable' from command line to 'False'
[0.758s] Level 5:colcon.colcon_core.verb:set package 'yahboom_base' build argument 'cmake_clean_cache' from command line to 'False'
[0.758s] Level 5:colcon.colcon_core.verb:set package 'yahboom_base' build argument 'cmake_clean_first' from command line to 'False'
[0.758s] Level 5:colcon.colcon_core.verb:set package 'yahboom_base' build argument 'cmake_force_configure' from command line to 'False'
[0.758s] Level 5:colcon.colcon_core.verb:set package 'yahboom_base' build argument 'ament_cmake_args' from command line to 'None'
[0.758s] Level 5:colcon.colcon_core.verb:set package 'yahboom_base' build argument 'catkin_cmake_args' from command line to 'None'
[0.759s] Level 5:colcon.colcon_core.verb:set package 'yahboom_base' build argument 'catkin_skip_building_tests' from command line to 'False'
[0.759s] DEBUG:colcon.colcon_core.verb:Building package 'yahboom_base' with the following arguments: {'ament_cmake_args': None, 'build_base': '/home/dwduong74/yahboom_src/build/yahboom_base', 'catkin_cmake_args': None, 'catkin_skip_building_tests': False, 'cmake_args': None, 'cmake_clean_cache': False, 'cmake_clean_first': False, 'cmake_force_configure': False, 'cmake_target': None, 'cmake_target_skip_unavailable': False, 'install_base': '/home/dwduong74/yahboom_src/install/yahboom_base', 'merge_install': False, 'path': '/home/dwduong74/yahboom_src/src/yahboom_base', 'symlink_install': False, 'test_result_base': None}
[0.759s] Level 5:colcon.colcon_core.verb:set package 'yahboom_bringup' build argument 'cmake_args' from command line to 'None'
[0.759s] Level 5:colcon.colcon_core.verb:set package 'yahboom_bringup' build argument 'cmake_target' from command line to 'None'
[0.759s] Level 5:colcon.colcon_core.verb:set package 'yahboom_bringup' build argument 'cmake_target_skip_unavailable' from command line to 'False'
[0.759s] Level 5:colcon.colcon_core.verb:set package 'yahboom_bringup' build argument 'cmake_clean_cache' from command line to 'False'
[0.759s] Level 5:colcon.colcon_core.verb:set package 'yahboom_bringup' build argument 'cmake_clean_first' from command line to 'False'
[0.759s] Level 5:colcon.colcon_core.verb:set package 'yahboom_bringup' build argument 'cmake_force_configure' from command line to 'False'
[0.759s] Level 5:colcon.colcon_core.verb:set package 'yahboom_bringup' build argument 'ament_cmake_args' from command line to 'None'
[0.759s] Level 5:colcon.colcon_core.verb:set package 'yahboom_bringup' build argument 'catkin_cmake_args' from command line to 'None'
[0.759s] Level 5:colcon.colcon_core.verb:set package 'yahboom_bringup' build argument 'catkin_skip_building_tests' from command line to 'False'
[0.759s] DEBUG:colcon.colcon_core.verb:Building package 'yahboom_bringup' with the following arguments: {'ament_cmake_args': None, 'build_base': '/home/dwduong74/yahboom_src/build/yahboom_bringup', 'catkin_cmake_args': None, 'catkin_skip_building_tests': False, 'cmake_args': None, 'cmake_clean_cache': False, 'cmake_clean_first': False, 'cmake_force_configure': False, 'cmake_target': None, 'cmake_target_skip_unavailable': False, 'install_base': '/home/dwduong74/yahboom_src/install/yahboom_bringup', 'merge_install': False, 'path': '/home/dwduong74/yahboom_src/src/yahboom_bringup', 'symlink_install': False, 'test_result_base': None}
[0.760s] Level 5:colcon.colcon_core.verb:set package 'yahboom_description' build argument 'cmake_args' from command line to 'None'
[0.760s] Level 5:colcon.colcon_core.verb:set package 'yahboom_description' build argument 'cmake_target' from command line to 'None'
[0.760s] Level 5:colcon.colcon_core.verb:set package 'yahboom_description' build argument 'cmake_target_skip_unavailable' from command line to 'False'
[0.760s] Level 5:colcon.colcon_core.verb:set package 'yahboom_description' build argument 'cmake_clean_cache' from command line to 'False'
[0.760s] Level 5:colcon.colcon_core.verb:set package 'yahboom_description' build argument 'cmake_clean_first' from command line to 'False'
[0.760s] Level 5:colcon.colcon_core.verb:set package 'yahboom_description' build argument 'cmake_force_configure' from command line to 'False'
[0.760s] Level 5:colcon.colcon_core.verb:set package 'yahboom_description' build argument 'ament_cmake_args' from command line to 'None'
[0.760s] Level 5:colcon.colcon_core.verb:set package 'yahboom_description' build argument 'catkin_cmake_args' from command line to 'None'
[0.760s] Level 5:colcon.colcon_core.verb:set package 'yahboom_description' build argument 'catkin_skip_building_tests' from command line to 'False'
[0.760s] DEBUG:colcon.colcon_core.verb:Building package 'yahboom_description' with the following arguments: {'ament_cmake_args': None, 'build_base': '/home/dwduong74/yahboom_src/build/yahboom_description', 'catkin_cmake_args': None, 'catkin_skip_building_tests': False, 'cmake_args': None, 'cmake_clean_cache': False, 'cmake_clean_first': False, 'cmake_force_configure': False, 'cmake_target': None, 'cmake_target_skip_unavailable': False, 'install_base': '/home/dwduong74/yahboom_src/install/yahboom_description', 'merge_install': False, 'path': '/home/dwduong74/yahboom_src/src/yahboom_description', 'symlink_install': False, 'test_result_base': None}
[0.760s] Level 5:colcon.colcon_core.verb:set package 'yahboom_dog_joint_state' build argument 'cmake_args' from command line to 'None'
[0.760s] Level 5:colcon.colcon_core.verb:set package 'yahboom_dog_joint_state' build argument 'cmake_target' from command line to 'None'
[0.760s] Level 5:colcon.colcon_core.verb:set package 'yahboom_dog_joint_state' build argument 'cmake_target_skip_unavailable' from command line to 'False'
[0.761s] Level 5:colcon.colcon_core.verb:set package 'yahboom_dog_joint_state' build argument 'cmake_clean_cache' from command line to 'False'
[0.761s] Level 5:colcon.colcon_core.verb:set package 'yahboom_dog_joint_state' build argument 'cmake_clean_first' from command line to 'False'
[0.761s] Level 5:colcon.colcon_core.verb:set package 'yahboom_dog_joint_state' build argument 'cmake_force_configure' from command line to 'False'
[0.761s] Level 5:colcon.colcon_core.verb:set package 'yahboom_dog_joint_state' build argument 'ament_cmake_args' from command line to 'None'
[0.761s] Level 5:colcon.colcon_core.verb:set package 'yahboom_dog_joint_state' build argument 'catkin_cmake_args' from command line to 'None'
[0.761s] Level 5:colcon.colcon_core.verb:set package 'yahboom_dog_joint_state' build argument 'catkin_skip_building_tests' from command line to 'False'
[0.761s] DEBUG:colcon.colcon_core.verb:Building package 'yahboom_dog_joint_state' with the following arguments: {'ament_cmake_args': None, 'build_base': '/home/dwduong74/yahboom_src/build/yahboom_dog_joint_state', 'catkin_cmake_args': None, 'catkin_skip_building_tests': False, 'cmake_args': None, 'cmake_clean_cache': False, 'cmake_clean_first': False, 'cmake_force_configure': False, 'cmake_target': None, 'cmake_target_skip_unavailable': False, 'install_base': '/home/dwduong74/yahboom_src/install/yahboom_dog_joint_state', 'merge_install': False, 'path': '/home/dwduong74/yahboom_src/src/yahboom_dog_joint_state', 'symlink_install': False, 'test_result_base': None}
[0.761s] Level 5:colcon.colcon_core.verb:set package 'yahboom_gait' build argument 'cmake_args' from command line to 'None'
[0.761s] Level 5:colcon.colcon_core.verb:set package 'yahboom_gait' build argument 'cmake_target' from command line to 'None'
[0.761s] Level 5:colcon.colcon_core.verb:set package 'yahboom_gait' build argument 'cmake_target_skip_unavailable' from command line to 'False'
[0.761s] Level 5:colcon.colcon_core.verb:set package 'yahboom_gait' build argument 'cmake_clean_cache' from command line to 'False'
[0.761s] Level 5:colcon.colcon_core.verb:set package 'yahboom_gait' build argument 'cmake_clean_first' from command line to 'False'
[0.761s] Level 5:colcon.colcon_core.verb:set package 'yahboom_gait' build argument 'cmake_force_configure' from command line to 'False'
[0.761s] Level 5:colcon.colcon_core.verb:set package 'yahboom_gait' build argument 'ament_cmake_args' from command line to 'None'
[0.761s] Level 5:colcon.colcon_core.verb:set package 'yahboom_gait' build argument 'catkin_cmake_args' from command line to 'None'
[0.761s] Level 5:colcon.colcon_core.verb:set package 'yahboom_gait' build argument 'catkin_skip_building_tests' from command line to 'False'
[0.761s] DEBUG:colcon.colcon_core.verb:Building package 'yahboom_gait' with the following arguments: {'ament_cmake_args': None, 'build_base': '/home/dwduong74/yahboom_src/build/yahboom_gait', 'catkin_cmake_args': None, 'catkin_skip_building_tests': False, 'cmake_args': None, 'cmake_clean_cache': False, 'cmake_clean_first': False, 'cmake_force_configure': False, 'cmake_target': None, 'cmake_target_skip_unavailable': False, 'install_base': '/home/dwduong74/yahboom_src/install/yahboom_gait', 'merge_install': False, 'path': '/home/dwduong74/yahboom_src/src/yahboom_gait', 'symlink_install': False, 'test_result_base': None}
[0.762s] Level 5:colcon.colcon_core.verb:set package 'yahboom_mediapipe' build argument 'cmake_args' from command line to 'None'
[0.762s] Level 5:colcon.colcon_core.verb:set package 'yahboom_mediapipe' build argument 'cmake_target' from command line to 'None'
[0.762s] Level 5:colcon.colcon_core.verb:set package 'yahboom_mediapipe' build argument 'cmake_target_skip_unavailable' from command line to 'False'
[0.762s] Level 5:colcon.colcon_core.verb:set package 'yahboom_mediapipe' build argument 'cmake_clean_cache' from command line to 'False'
[0.762s] Level 5:colcon.colcon_core.verb:set package 'yahboom_mediapipe' build argument 'cmake_clean_first' from command line to 'False'
[0.762s] Level 5:colcon.colcon_core.verb:set package 'yahboom_mediapipe' build argument 'cmake_force_configure' from command line to 'False'
[0.762s] Level 5:colcon.colcon_core.verb:set package 'yahboom_mediapipe' build argument 'ament_cmake_args' from command line to 'None'
[0.762s] Level 5:colcon.colcon_core.verb:set package 'yahboom_mediapipe' build argument 'catkin_cmake_args' from command line to 'None'
[0.762s] Level 5:colcon.colcon_core.verb:set package 'yahboom_mediapipe' build argument 'catkin_skip_building_tests' from command line to 'False'
[0.762s] DEBUG:colcon.colcon_core.verb:Building package 'yahboom_mediapipe' with the following arguments: {'ament_cmake_args': None, 'build_base': '/home/dwduong74/yahboom_src/build/yahboom_mediapipe', 'catkin_cmake_args': None, 'catkin_skip_building_tests': False, 'cmake_args': None, 'cmake_clean_cache': False, 'cmake_clean_first': False, 'cmake_force_configure': False, 'cmake_target': None, 'cmake_target_skip_unavailable': False, 'install_base': '/home/dwduong74/yahboom_src/install/yahboom_mediapipe', 'merge_install': False, 'path': '/home/dwduong74/yahboom_src/src/yahboom_mediapipe', 'symlink_install': False, 'test_result_base': None}
[0.762s] Level 5:colcon.colcon_core.verb:set package 'yahboom_msgs' build argument 'cmake_args' from command line to 'None'
[0.762s] Level 5:colcon.colcon_core.verb:set package 'yahboom_msgs' build argument 'cmake_target' from command line to 'None'
[0.762s] Level 5:colcon.colcon_core.verb:set package 'yahboom_msgs' build argument 'cmake_target_skip_unavailable' from command line to 'False'
[0.763s] Level 5:colcon.colcon_core.verb:set package 'yahboom_msgs' build argument 'cmake_clean_cache' from command line to 'False'
[0.763s] Level 5:colcon.colcon_core.verb:set package 'yahboom_msgs' build argument 'cmake_clean_first' from command line to 'False'
[0.763s] Level 5:colcon.colcon_core.verb:set package 'yahboom_msgs' build argument 'cmake_force_configure' from command line to 'False'
[0.763s] Level 5:colcon.colcon_core.verb:set package 'yahboom_msgs' build argument 'ament_cmake_args' from command line to 'None'
[0.763s] Level 5:colcon.colcon_core.verb:set package 'yahboom_msgs' build argument 'catkin_cmake_args' from command line to 'None'
[0.763s] Level 5:colcon.colcon_core.verb:set package 'yahboom_msgs' build argument 'catkin_skip_building_tests' from command line to 'False'
[0.763s] DEBUG:colcon.colcon_core.verb:Building package 'yahboom_msgs' with the following arguments: {'ament_cmake_args': None, 'build_base': '/home/dwduong74/yahboom_src/build/yahboom_msgs', 'catkin_cmake_args': None, 'catkin_skip_building_tests': False, 'cmake_args': None, 'cmake_clean_cache': False, 'cmake_clean_first': False, 'cmake_force_configure': False, 'cmake_target': None, 'cmake_target_skip_unavailable': False, 'install_base': '/home/dwduong74/yahboom_src/install/yahboom_msgs', 'merge_install': False, 'path': '/home/dwduong74/yahboom_src/src/yahboom_msgs', 'symlink_install': False, 'test_result_base': None}
[0.763s] Level 5:colcon.colcon_core.verb:set package 'yahboom_set_height' build argument 'cmake_args' from command line to 'None'
[0.763s] Level 5:colcon.colcon_core.verb:set package 'yahboom_set_height' build argument 'cmake_target' from command line to 'None'
[0.763s] Level 5:colcon.colcon_core.verb:set package 'yahboom_set_height' build argument 'cmake_target_skip_unavailable' from command line to 'False'
[0.763s] Level 5:colcon.colcon_core.verb:set package 'yahboom_set_height' build argument 'cmake_clean_cache' from command line to 'False'
[0.763s] Level 5:colcon.colcon_core.verb:set package 'yahboom_set_height' build argument 'cmake_clean_first' from command line to 'False'
[0.763s] Level 5:colcon.colcon_core.verb:set package 'yahboom_set_height' build argument 'cmake_force_configure' from command line to 'False'
[0.763s] Level 5:colcon.colcon_core.verb:set package 'yahboom_set_height' build argument 'ament_cmake_args' from command line to 'None'
[0.763s] Level 5:colcon.colcon_core.verb:set package 'yahboom_set_height' build argument 'catkin_cmake_args' from command line to 'None'
[0.763s] Level 5:colcon.colcon_core.verb:set package 'yahboom_set_height' build argument 'catkin_skip_building_tests' from command line to 'False'
[0.763s] DEBUG:colcon.colcon_core.verb:Building package 'yahboom_set_height' with the following arguments: {'ament_cmake_args': None, 'build_base': '/home/dwduong74/yahboom_src/build/yahboom_set_height', 'catkin_cmake_args': None, 'catkin_skip_building_tests': False, 'cmake_args': None, 'cmake_clean_cache': False, 'cmake_clean_first': False, 'cmake_force_configure': False, 'cmake_target': None, 'cmake_target_skip_unavailable': False, 'install_base': '/home/dwduong74/yahboom_src/install/yahboom_set_height', 'merge_install': False, 'path': '/home/dwduong74/yahboom_src/src/yahboom_set_height', 'symlink_install': False, 'test_result_base': None}
[0.764s] Level 5:colcon.colcon_core.verb:set package 'champ_base' build argument 'cmake_args' from command line to 'None'
[0.764s] Level 5:colcon.colcon_core.verb:set package 'champ_base' build argument 'cmake_target' from command line to 'None'
[0.764s] Level 5:colcon.colcon_core.verb:set package 'champ_base' build argument 'cmake_target_skip_unavailable' from command line to 'False'
[0.764s] Level 5:colcon.colcon_core.verb:set package 'champ_base' build argument 'cmake_clean_cache' from command line to 'False'
[0.764s] Level 5:colcon.colcon_core.verb:set package 'champ_base' build argument 'cmake_clean_first' from command line to 'False'
[0.764s] Level 5:colcon.colcon_core.verb:set package 'champ_base' build argument 'cmake_force_configure' from command line to 'False'
[0.764s] Level 5:colcon.colcon_core.verb:set package 'champ_base' build argument 'ament_cmake_args' from command line to 'None'
[0.764s] Level 5:colcon.colcon_core.verb:set package 'champ_base' build argument 'catkin_cmake_args' from command line to 'None'
[0.764s] Level 5:colcon.colcon_core.verb:set package 'champ_base' build argument 'catkin_skip_building_tests' from command line to 'False'
[0.764s] DEBUG:colcon.colcon_core.verb:Building package 'champ_base' with the following arguments: {'ament_cmake_args': None, 'build_base': '/home/dwduong74/yahboom_src/build/champ_base', 'catkin_cmake_args': None, 'catkin_skip_building_tests': False, 'cmake_args': None, 'cmake_clean_cache': False, 'cmake_clean_first': False, 'cmake_force_configure': False, 'cmake_target': None, 'cmake_target_skip_unavailable': False, 'install_base': '/home/dwduong74/yahboom_src/install/champ_base', 'merge_install': False, 'path': '/home/dwduong74/yahboom_src/src/unitree-go2-ros2/champ/champ_base', 'symlink_install': False, 'test_result_base': None}
[0.765s] Level 5:colcon.colcon_core.verb:set package 'champ_description' build argument 'cmake_args' from command line to 'None'
[0.765s] Level 5:colcon.colcon_core.verb:set package 'champ_description' build argument 'cmake_target' from command line to 'None'
[0.765s] Level 5:colcon.colcon_core.verb:set package 'champ_description' build argument 'cmake_target_skip_unavailable' from command line to 'False'
[0.765s] Level 5:colcon.colcon_core.verb:set package 'champ_description' build argument 'cmake_clean_cache' from command line to 'False'
[0.765s] Level 5:colcon.colcon_core.verb:set package 'champ_description' build argument 'cmake_clean_first' from command line to 'False'
[0.765s] Level 5:colcon.colcon_core.verb:set package 'champ_description' build argument 'cmake_force_configure' from command line to 'False'
[0.765s] Level 5:colcon.colcon_core.verb:set package 'champ_description' build argument 'ament_cmake_args' from command line to 'None'
[0.765s] Level 5:colcon.colcon_core.verb:set package 'champ_description' build argument 'catkin_cmake_args' from command line to 'None'
[0.765s] Level 5:colcon.colcon_core.verb:set package 'champ_description' build argument 'catkin_skip_building_tests' from command line to 'False'
[0.765s] DEBUG:colcon.colcon_core.verb:Building package 'champ_description' with the following arguments: {'ament_cmake_args': None, 'build_base': '/home/dwduong74/yahboom_src/build/champ_description', 'catkin_cmake_args': None, 'catkin_skip_building_tests': False, 'cmake_args': None, 'cmake_clean_cache': False, 'cmake_clean_first': False, 'cmake_force_configure': False, 'cmake_target': None, 'cmake_target_skip_unavailable': False, 'install_base': '/home/dwduong74/yahboom_src/install/champ_description', 'merge_install': False, 'path': '/home/dwduong74/yahboom_src/src/unitree-go2-ros2/champ/champ_description', 'symlink_install': False, 'test_result_base': None}
[0.765s] Level 5:colcon.colcon_core.verb:set package 'champ_gazebo' build argument 'cmake_args' from command line to 'None'
[0.765s] Level 5:colcon.colcon_core.verb:set package 'champ_gazebo' build argument 'cmake_target' from command line to 'None'
[0.765s] Level 5:colcon.colcon_core.verb:set package 'champ_gazebo' build argument 'cmake_target_skip_unavailable' from command line to 'False'
[0.765s] Level 5:colcon.colcon_core.verb:set package 'champ_gazebo' build argument 'cmake_clean_cache' from command line to 'False'
[0.765s] Level 5:colcon.colcon_core.verb:set package 'champ_gazebo' build argument 'cmake_clean_first' from command line to 'False'
[0.765s] Level 5:colcon.colcon_core.verb:set package 'champ_gazebo' build argument 'cmake_force_configure' from command line to 'False'
[0.765s] Level 5:colcon.colcon_core.verb:set package 'champ_gazebo' build argument 'ament_cmake_args' from command line to 'None'
[0.765s] Level 5:colcon.colcon_core.verb:set package 'champ_gazebo' build argument 'catkin_cmake_args' from command line to 'None'
[0.765s] Level 5:colcon.colcon_core.verb:set package 'champ_gazebo' build argument 'catkin_skip_building_tests' from command line to 'False'
[0.765s] DEBUG:colcon.colcon_core.verb:Building package 'champ_gazebo' with the following arguments: {'ament_cmake_args': None, 'build_base': '/home/dwduong74/yahboom_src/build/champ_gazebo', 'catkin_cmake_args': None, 'catkin_skip_building_tests': False, 'cmake_args': None, 'cmake_clean_cache': False, 'cmake_clean_first': False, 'cmake_force_configure': False, 'cmake_target': None, 'cmake_target_skip_unavailable': False, 'install_base': '/home/dwduong74/yahboom_src/install/champ_gazebo', 'merge_install': False, 'path': '/home/dwduong74/yahboom_src/src/unitree-go2-ros2/champ/champ_gazebo', 'symlink_install': False, 'test_result_base': None}
[0.766s] Level 5:colcon.colcon_core.verb:set package 'velodyne_description' build argument 'cmake_args' from command line to 'None'
[0.766s] Level 5:colcon.colcon_core.verb:set package 'velodyne_description' build argument 'cmake_target' from command line to 'None'
[0.766s] Level 5:colcon.colcon_core.verb:set package 'velodyne_description' build argument 'cmake_target_skip_unavailable' from command line to 'False'
[0.766s] Level 5:colcon.colcon_core.verb:set package 'velodyne_description' build argument 'cmake_clean_cache' from command line to 'False'
[0.766s] Level 5:colcon.colcon_core.verb:set package 'velodyne_description' build argument 'cmake_clean_first' from command line to 'False'
[0.766s] Level 5:colcon.colcon_core.verb:set package 'velodyne_description' build argument 'cmake_force_configure' from command line to 'False'
[0.766s] Level 5:colcon.colcon_core.verb:set package 'velodyne_description' build argument 'ament_cmake_args' from command line to 'None'
[0.766s] Level 5:colcon.colcon_core.verb:set package 'velodyne_description' build argument 'catkin_cmake_args' from command line to 'None'
[0.766s] Level 5:colcon.colcon_core.verb:set package 'velodyne_description' build argument 'catkin_skip_building_tests' from command line to 'False'
[0.766s] DEBUG:colcon.colcon_core.verb:Building package 'velodyne_description' with the following arguments: {'ament_cmake_args': None, 'build_base': '/home/dwduong74/yahboom_src/build/velodyne_description', 'catkin_cmake_args': None, 'catkin_skip_building_tests': False, 'cmake_args': None, 'cmake_clean_cache': False, 'cmake_clean_first': False, 'cmake_force_configure': False, 'cmake_target': None, 'cmake_target_skip_unavailable': False, 'install_base': '/home/dwduong74/yahboom_src/install/velodyne_description', 'merge_install': False, 'path': '/home/dwduong74/yahboom_src/src/unitree-go2-ros2/velodyne/velodyne_description', 'symlink_install': False, 'test_result_base': None}
[0.766s] Level 5:colcon.colcon_core.verb:set package 'champ_bringup' build argument 'cmake_args' from command line to 'None'
[0.766s] Level 5:colcon.colcon_core.verb:set package 'champ_bringup' build argument 'cmake_target' from command line to 'None'
[0.766s] Level 5:colcon.colcon_core.verb:set package 'champ_bringup' build argument 'cmake_target_skip_unavailable' from command line to 'False'
[0.767s] Level 5:colcon.colcon_core.verb:set package 'champ_bringup' build argument 'cmake_clean_cache' from command line to 'False'
[0.767s] Level 5:colcon.colcon_core.verb:set package 'champ_bringup' build argument 'cmake_clean_first' from command line to 'False'
[0.767s] Level 5:colcon.colcon_core.verb:set package 'champ_bringup' build argument 'cmake_force_configure' from command line to 'False'
[0.767s] Level 5:colcon.colcon_core.verb:set package 'champ_bringup' build argument 'ament_cmake_args' from command line to 'None'
[0.767s] Level 5:colcon.colcon_core.verb:set package 'champ_bringup' build argument 'catkin_cmake_args' from command line to 'None'
[0.767s] Level 5:colcon.colcon_core.verb:set package 'champ_bringup' build argument 'catkin_skip_building_tests' from command line to 'False'
[0.767s] DEBUG:colcon.colcon_core.verb:Building package 'champ_bringup' with the following arguments: {'ament_cmake_args': None, 'build_base': '/home/dwduong74/yahboom_src/build/champ_bringup', 'catkin_cmake_args': None, 'catkin_skip_building_tests': False, 'cmake_args': None, 'cmake_clean_cache': False, 'cmake_clean_first': False, 'cmake_force_configure': False, 'cmake_target': None, 'cmake_target_skip_unavailable': False, 'install_base': '/home/dwduong74/yahboom_src/install/champ_bringup', 'merge_install': False, 'path': '/home/dwduong74/yahboom_src/src/unitree-go2-ros2/champ/champ_bringup', 'symlink_install': False, 'test_result_base': None}
[0.767s] Level 5:colcon.colcon_core.verb:set package 'velodyne_simulator' build argument 'cmake_args' from command line to 'None'
[0.767s] Level 5:colcon.colcon_core.verb:set package 'velodyne_simulator' build argument 'cmake_target' from command line to 'None'
[0.767s] Level 5:colcon.colcon_core.verb:set package 'velodyne_simulator' build argument 'cmake_target_skip_unavailable' from command line to 'False'
[0.767s] Level 5:colcon.colcon_core.verb:set package 'velodyne_simulator' build argument 'cmake_clean_cache' from command line to 'False'
[0.767s] Level 5:colcon.colcon_core.verb:set package 'velodyne_simulator' build argument 'cmake_clean_first' from command line to 'False'
[0.767s] Level 5:colcon.colcon_core.verb:set package 'velodyne_simulator' build argument 'cmake_force_configure' from command line to 'False'
[0.767s] Level 5:colcon.colcon_core.verb:set package 'velodyne_simulator' build argument 'ament_cmake_args' from command line to 'None'
[0.767s] Level 5:colcon.colcon_core.verb:set package 'velodyne_simulator' build argument 'catkin_cmake_args' from command line to 'None'
[0.767s] Level 5:colcon.colcon_core.verb:set package 'velodyne_simulator' build argument 'catkin_skip_building_tests' from command line to 'False'
[0.767s] DEBUG:colcon.colcon_core.verb:Building package 'velodyne_simulator' with the following arguments: {'ament_cmake_args': None, 'build_base': '/home/dwduong74/yahboom_src/build/velodyne_simulator', 'catkin_cmake_args': None, 'catkin_skip_building_tests': False, 'cmake_args': None, 'cmake_clean_cache': False, 'cmake_clean_first': False, 'cmake_force_configure': False, 'cmake_target': None, 'cmake_target_skip_unavailable': False, 'install_base': '/home/dwduong74/yahboom_src/install/velodyne_simulator', 'merge_install': False, 'path': '/home/dwduong74/yahboom_src/src/unitree-go2-ros2/velodyne/velodyne_simulator', 'symlink_install': False, 'test_result_base': None}
[0.767s] INFO:colcon.colcon_core.executor:Executing jobs using 'parallel' executor
[0.769s] DEBUG:colcon.colcon_parallel_executor.executor.parallel:run_until_complete
[0.769s] INFO:colcon.colcon_ros.task.ament_cmake.build:Building ROS package in '/home/dwduong74/yahboom_src/src/unitree-go2-ros2/velodyne/velodyne_gazebo_plugins' with build type 'ament_cmake'
[0.769s] INFO:colcon.colcon_cmake.task.cmake.build:Building CMake package in '/home/dwduong74/yahboom_src/src/unitree-go2-ros2/velodyne/velodyne_gazebo_plugins'
[0.772s] INFO:colcon.colcon_core.plugin_system:Skipping extension 'colcon_core.shell.bat': Not used on non-Windows systems
[0.772s] INFO:colcon.colcon_core.shell:Skip shell extension 'powershell' for command environment: Not usable outside of PowerShell
[0.772s] DEBUG:colcon.colcon_core.shell:Skip shell extension 'dsv' for command environment
[0.777s] INFO:colcon.colcon_ros.task.ament_cmake.build:Building ROS package in '/home/dwduong74/yahboom_src/src/unitree-go2-ros2/champ/champ' with build type 'ament_cmake'
[0.777s] INFO:colcon.colcon_cmake.task.cmake.build:Building CMake package in '/home/dwduong74/yahboom_src/src/unitree-go2-ros2/champ/champ'
[0.778s] INFO:colcon.colcon_core.shell:Skip shell extension 'powershell' for command environment: Not usable outside of PowerShell
[0.778s] DEBUG:colcon.colcon_core.shell:Skip shell extension 'dsv' for command environment
[0.786s] INFO:colcon.colcon_ros.task.ament_cmake.build:Building ROS package in '/home/dwduong74/yahboom_src/src/unitree-go2-ros2/champ/champ_msgs' with build type 'ament_cmake'
[0.786s] INFO:colcon.colcon_cmake.task.cmake.build:Building CMake package in '/home/dwduong74/yahboom_src/src/unitree-go2-ros2/champ/champ_msgs'
[0.786s] INFO:colcon.colcon_core.shell:Skip shell extension 'powershell' for command environment: Not usable outside of PowerShell
[0.786s] DEBUG:colcon.colcon_core.shell:Skip shell extension 'dsv' for command environment
[0.793s] INFO:colcon.colcon_ros.task.ament_python.build:Building ROS package in '/home/dwduong74/yahboom_src/src/bringup' with build type 'ament_python'
[0.794s] Level 1:colcon.colcon_core.shell:create_environment_hook('bringup', 'ament_prefix_path')
[0.794s] INFO:colcon.colcon_core.shell:Creating environment hook '/home/dwduong74/yahboom_src/install/bringup/share/bringup/hook/ament_prefix_path.ps1'
[0.796s] INFO:colcon.colcon_core.shell:Creating environment descriptor '/home/dwduong74/yahboom_src/install/bringup/share/bringup/hook/ament_prefix_path.dsv'
[0.797s] INFO:colcon.colcon_core.shell:Creating environment hook '/home/dwduong74/yahboom_src/install/bringup/share/bringup/hook/ament_prefix_path.sh'
[0.798s] INFO:colcon.colcon_core.shell:Skip shell extension 'powershell' for command environment: Not usable outside of PowerShell
[0.798s] DEBUG:colcon.colcon_core.shell:Skip shell extension 'dsv' for command environment
[0.805s] INFO:colcon.colcon_ros.task.ament_cmake.build:Building ROS package in '/home/dwduong74/yahboom_src/src/unitree-go2-ros2/champ/champ_config' with build type 'ament_cmake'
[0.805s] INFO:colcon.colcon_cmake.task.cmake.build:Building CMake package in '/home/dwduong74/yahboom_src/src/unitree-go2-ros2/champ/champ_config'
[0.806s] INFO:colcon.colcon_core.shell:Skip shell extension 'powershell' for command environment: Not usable outside of PowerShell
[0.806s] DEBUG:colcon.colcon_core.shell:Skip shell extension 'dsv' for command environment
[0.813s] INFO:colcon.colcon_ros.task.ament_cmake.build:Building ROS package in '/home/dwduong74/yahboom_src/src/unitree-go2-ros2/champ/champ_navigation' with build type 'ament_cmake'
[0.813s] INFO:colcon.colcon_cmake.task.cmake.build:Building CMake package in '/home/dwduong74/yahboom_src/src/unitree-go2-ros2/champ/champ_navigation'
[0.813s] INFO:colcon.colcon_core.shell:Skip shell extension 'powershell' for command environment: Not usable outside of PowerShell
[0.813s] DEBUG:colcon.colcon_core.shell:Skip shell extension 'dsv' for command environment
[0.818s] INFO:colcon.colcon_ros.task.ament_cmake.build:Building ROS package in '/home/dwduong74/yahboom_src/src/unitree-go2-ros2/champ_teleop' with build type 'ament_cmake'
[0.818s] INFO:colcon.colcon_cmake.task.cmake.build:Building CMake package in '/home/dwduong74/yahboom_src/src/unitree-go2-ros2/champ_teleop'
[0.818s] INFO:colcon.colcon_core.shell:Skip shell extension 'powershell' for command environment: Not usable outside of PowerShell
[0.818s] DEBUG:colcon.colcon_core.shell:Skip shell extension 'dsv' for command environment
[0.823s] INFO:colcon.colcon_ros.task.ament_cmake.build:Building ROS package in '/home/dwduong74/yahboom_src/src/dogzilla_sim/robots/configs/dogzilla_config' with build type 'ament_cmake'
[0.823s] INFO:colcon.colcon_cmake.task.cmake.build:Building CMake package in '/home/dwduong74/yahboom_src/src/dogzilla_sim/robots/configs/dogzilla_config'
[0.823s] INFO:colcon.colcon_core.shell:Skip shell extension 'powershell' for command environment: Not usable outside of PowerShell
[0.823s] DEBUG:colcon.colcon_core.shell:Skip shell extension 'dsv' for command environment
[0.835s] DEBUG:colcon.colcon_core.event_handler.log_command:Invoking command in '/home/dwduong74/yahboom_src/build/velodyne_gazebo_plugins': CMAKE_PREFIX_PATH=${CMAKE_PREFIX_PATH}:/home/dwduong74/LUMI_ws/install/custom_explorer:/opt/ros/humble /usr/bin/cmake /home/dwduong74/yahboom_src/src/unitree-go2-ros2/velodyne/velodyne_gazebo_plugins -DCMAKE_INSTALL_PREFIX=/home/dwduong74/yahboom_src/install/velodyne_gazebo_plugins
[0.838s] DEBUG:colcon.colcon_core.event_handler.log_command:Invoking command in '/home/dwduong74/yahboom_src/build/champ': CMAKE_PREFIX_PATH=${CMAKE_PREFIX_PATH}:/home/dwduong74/LUMI_ws/install/custom_explorer:/opt/ros/humble /usr/bin/cmake /home/dwduong74/yahboom_src/src/unitree-go2-ros2/champ/champ -DCMAKE_INSTALL_PREFIX=/home/dwduong74/yahboom_src/install/champ
[0.841s] DEBUG:colcon.colcon_core.event_handler.log_command:Invoking command in '/home/dwduong74/yahboom_src/build/champ_msgs': CMAKE_PREFIX_PATH=${CMAKE_PREFIX_PATH}:/home/dwduong74/LUMI_ws/install/custom_explorer:/opt/ros/humble /usr/bin/cmake /home/dwduong74/yahboom_src/src/unitree-go2-ros2/champ/champ_msgs -DCMAKE_INSTALL_PREFIX=/home/dwduong74/yahboom_src/install/champ_msgs
[1.490s] INFO:colcon.colcon_core.task.python.build:Building Python package in '/home/dwduong74/yahboom_src/src/bringup'
[1.491s] INFO:colcon.colcon_core.shell:Skip shell extension 'powershell' for command environment: Not usable outside of PowerShell
[1.491s] DEBUG:colcon.colcon_core.shell:Skip shell extension 'dsv' for command environment
[1.500s] DEBUG:colcon.colcon_core.event_handler.log_command:Invoking command in '/home/dwduong74/yahboom_src/build/champ_config': CMAKE_PREFIX_PATH=${CMAKE_PREFIX_PATH}:/home/dwduong74/LUMI_ws/install/custom_explorer:/opt/ros/humble /usr/bin/cmake /home/dwduong74/yahboom_src/src/unitree-go2-ros2/champ/champ_config -DCMAKE_INSTALL_PREFIX=/home/dwduong74/yahboom_src/install/champ_config
[1.504s] DEBUG:colcon.colcon_core.event_handler.log_command:Invoking command in '/home/dwduong74/yahboom_src/build/champ_navigation': CMAKE_PREFIX_PATH=${CMAKE_PREFIX_PATH}:/home/dwduong74/LUMI_ws/install/custom_explorer:/opt/ros/humble /usr/bin/cmake /home/dwduong74/yahboom_src/src/unitree-go2-ros2/champ/champ_navigation -DCMAKE_INSTALL_PREFIX=/home/dwduong74/yahboom_src/install/champ_navigation
[1.509s] DEBUG:colcon.colcon_core.event_handler.log_command:Invoking command in '/home/dwduong74/yahboom_src/build/champ_teleop': CMAKE_PREFIX_PATH=${CMAKE_PREFIX_PATH}:/home/dwduong74/LUMI_ws/install/custom_explorer:/opt/ros/humble /usr/bin/cmake /home/dwduong74/yahboom_src/src/unitree-go2-ros2/champ_teleop -DCMAKE_INSTALL_PREFIX=/home/dwduong74/yahboom_src/install/champ_teleop
[1.511s] DEBUG:colcon.colcon_core.event_handler.log_command:Invoking command in '/home/dwduong74/yahboom_src/build/dogzilla_config': CMAKE_PREFIX_PATH=${CMAKE_PREFIX_PATH}:/home/dwduong74/LUMI_ws/install/custom_explorer:/opt/ros/humble /usr/bin/cmake /home/dwduong74/yahboom_src/src/dogzilla_sim/robots/configs/dogzilla_config -DCMAKE_INSTALL_PREFIX=/home/dwduong74/yahboom_src/install/dogzilla_config
[2.768s] DEBUG:colcon.colcon_core.event_handler.log_command:Invoked command in '/home/dwduong74/yahboom_src/build/champ_config' returned '0': CMAKE_PREFIX_PATH=${CMAKE_PREFIX_PATH}:/home/dwduong74/LUMI_ws/install/custom_explorer:/opt/ros/humble /usr/bin/cmake /home/dwduong74/yahboom_src/src/unitree-go2-ros2/champ/champ_config -DCMAKE_INSTALL_PREFIX=/home/dwduong74/yahboom_src/install/champ_config
[2.769s] DEBUG:colcon.colcon_core.event_handler.log_command:Invoking command in '/home/dwduong74/yahboom_src/build/champ_config': CMAKE_PREFIX_PATH=${CMAKE_PREFIX_PATH}:/home/dwduong74/LUMI_ws/install/custom_explorer:/opt/ros/humble /usr/bin/cmake --build /home/dwduong74/yahboom_src/build/champ_config -- -j8 -l8
[2.819s] DEBUG:colcon.colcon_core.event_handler.log_command:Invoked command in '/home/dwduong74/yahboom_src/build/champ_teleop' returned '0': CMAKE_PREFIX_PATH=${CMAKE_PREFIX_PATH}:/home/dwduong74/LUMI_ws/install/custom_explorer:/opt/ros/humble /usr/bin/cmake /home/dwduong74/yahboom_src/src/unitree-go2-ros2/champ_teleop -DCMAKE_INSTALL_PREFIX=/home/dwduong74/yahboom_src/install/champ_teleop
[2.829s] DEBUG:colcon.colcon_core.event_handler.log_command:Invoking command in '/home/dwduong74/yahboom_src/build/champ_teleop': CMAKE_PREFIX_PATH=${CMAKE_PREFIX_PATH}:/home/dwduong74/LUMI_ws/install/custom_explorer:/opt/ros/humble /usr/bin/cmake --build /home/dwduong74/yahboom_src/build/champ_teleop -- -j8 -l8
[2.835s] DEBUG:colcon.colcon_core.event_handler.log_command:Invoked command in '/home/dwduong74/yahboom_src/build/champ_navigation' returned '0': CMAKE_PREFIX_PATH=${CMAKE_PREFIX_PATH}:/home/dwduong74/LUMI_ws/install/custom_explorer:/opt/ros/humble /usr/bin/cmake /home/dwduong74/yahboom_src/src/unitree-go2-ros2/champ/champ_navigation -DCMAKE_INSTALL_PREFIX=/home/dwduong74/yahboom_src/install/champ_navigation
[2.837s] DEBUG:colcon.colcon_core.event_handler.log_command:Invoking command in '/home/dwduong74/yahboom_src/build/champ_navigation': CMAKE_PREFIX_PATH=${CMAKE_PREFIX_PATH}:/home/dwduong74/LUMI_ws/install/custom_explorer:/opt/ros/humble /usr/bin/cmake --build /home/dwduong74/yahboom_src/build/champ_navigation -- -j8 -l8
[2.847s] DEBUG:colcon.colcon_core.event_handler.log_command:Invoked command in '/home/dwduong74/yahboom_src/build/champ_config' returned '0': CMAKE_PREFIX_PATH=${CMAKE_PREFIX_PATH}:/home/dwduong74/LUMI_ws/install/custom_explorer:/opt/ros/humble /usr/bin/cmake --build /home/dwduong74/yahboom_src/build/champ_config -- -j8 -l8
[2.858s] DEBUG:colcon.colcon_core.event_handler.log_command:Invoking command in '/home/dwduong74/yahboom_src/build/champ_config': CMAKE_PREFIX_PATH=${CMAKE_PREFIX_PATH}:/home/dwduong74/LUMI_ws/install/custom_explorer:/opt/ros/humble /usr/bin/cmake --install /home/dwduong74/yahboom_src/build/champ_config
[2.865s] DEBUG:colcon.colcon_core.event_handler.log_command:Invoked command in '/home/dwduong74/yahboom_src/build/dogzilla_config' returned '0': CMAKE_PREFIX_PATH=${CMAKE_PREFIX_PATH}:/home/dwduong74/LUMI_ws/install/custom_explorer:/opt/ros/humble /usr/bin/cmake /home/dwduong74/yahboom_src/src/dogzilla_sim/robots/configs/dogzilla_config -DCMAKE_INSTALL_PREFIX=/home/dwduong74/yahboom_src/install/dogzilla_config
[2.866s] DEBUG:colcon.colcon_core.event_handler.log_command:Invoking command in '/home/dwduong74/yahboom_src/build/dogzilla_config': CMAKE_PREFIX_PATH=${CMAKE_PREFIX_PATH}:/home/dwduong74/LUMI_ws/install/custom_explorer:/opt/ros/humble /usr/bin/cmake --build /home/dwduong74/yahboom_src/build/dogzilla_config -- -j8 -l8
[2.895s] Level 1:colcon.colcon_core.environment:create_environment_scripts_only(champ_config)
[2.896s] DEBUG:colcon.colcon_core.event_handler.log_command:Invoked command in '/home/dwduong74/yahboom_src/build/champ_config' returned '0': CMAKE_PREFIX_PATH=${CMAKE_PREFIX_PATH}:/home/dwduong74/LUMI_ws/install/custom_explorer:/opt/ros/humble /usr/bin/cmake --install /home/dwduong74/yahboom_src/build/champ_config
[2.900s] Level 1:colcon.colcon_core.environment:checking '/home/dwduong74/yahboom_src/install/champ_config' for CMake module files
[2.901s] Level 1:colcon.colcon_core.environment:checking '/home/dwduong74/yahboom_src/install/champ_config' for CMake config files
[2.901s] Level 1:colcon.colcon_core.shell:create_environment_hook('champ_config', 'cmake_prefix_path')
[2.902s] INFO:colcon.colcon_core.shell:Creating environment hook '/home/dwduong74/yahboom_src/install/champ_config/share/champ_config/hook/cmake_prefix_path.ps1'
[2.903s] INFO:colcon.colcon_core.shell:Creating environment descriptor '/home/dwduong74/yahboom_src/install/champ_config/share/champ_config/hook/cmake_prefix_path.dsv'
[2.903s] INFO:colcon.colcon_core.shell:Creating environment hook '/home/dwduong74/yahboom_src/install/champ_config/share/champ_config/hook/cmake_prefix_path.sh'
[2.904s] Level 1:colcon.colcon_core.environment:checking '/home/dwduong74/yahboom_src/install/champ_config/bin'
[2.905s] Level 1:colcon.colcon_core.environment:checking '/home/dwduong74/yahboom_src/install/champ_config/lib/pkgconfig/champ_config.pc'
[2.905s] Level 1:colcon.colcon_core.environment:checking '/home/dwduong74/yahboom_src/install/champ_config/lib/python3.10/site-packages'
[2.906s] Level 1:colcon.colcon_core.environment:checking '/home/dwduong74/yahboom_src/install/champ_config/bin'
[2.907s] INFO:colcon.colcon_core.shell:Creating package script '/home/dwduong74/yahboom_src/install/champ_config/share/champ_config/package.ps1'
[2.908s] INFO:colcon.colcon_core.shell:Creating package descriptor '/home/dwduong74/yahboom_src/install/champ_config/share/champ_config/package.dsv'
[2.910s] INFO:colcon.colcon_core.shell:Creating package script '/home/dwduong74/yahboom_src/install/champ_config/share/champ_config/package.sh'
[2.912s] INFO:colcon.colcon_core.shell:Creating package script '/home/dwduong74/yahboom_src/install/champ_config/share/champ_config/package.bash'
[2.913s] INFO:colcon.colcon_core.shell:Creating package script '/home/dwduong74/yahboom_src/install/champ_config/share/champ_config/package.zsh'
[2.915s] Level 1:colcon.colcon_core.environment:create_file_with_runtime_dependencies(/home/dwduong74/yahboom_src/install/champ_config/share/colcon-core/packages/champ_config)
[2.917s] Level 1:colcon.colcon_core.environment:create_environment_scripts_only(champ_config)
[2.918s] Level 1:colcon.colcon_core.environment:checking '/home/dwduong74/yahboom_src/install/champ_config' for CMake module files
[2.919s] Level 1:colcon.colcon_core.environment:checking '/home/dwduong74/yahboom_src/install/champ_config' for CMake config files
[2.919s] Level 1:colcon.colcon_core.shell:create_environment_hook('champ_config', 'cmake_prefix_path')
[2.920s] INFO:colcon.colcon_core.shell:Creating environment hook '/home/dwduong74/yahboom_src/install/champ_config/share/champ_config/hook/cmake_prefix_path.ps1'
[2.921s] INFO:colcon.colcon_core.shell:Creating environment descriptor '/home/dwduong74/yahboom_src/install/champ_config/share/champ_config/hook/cmake_prefix_path.dsv'
[2.921s] INFO:colcon.colcon_core.shell:Creating environment hook '/home/dwduong74/yahboom_src/install/champ_config/share/champ_config/hook/cmake_prefix_path.sh'
[2.922s] Level 1:colcon.colcon_core.environment:checking '/home/dwduong74/yahboom_src/install/champ_config/bin'
[2.922s] Level 1:colcon.colcon_core.environment:checking '/home/dwduong74/yahboom_src/install/champ_config/lib/pkgconfig/champ_config.pc'
[2.923s] Level 1:colcon.colcon_core.environment:checking '/home/dwduong74/yahboom_src/install/champ_config/lib/python3.10/site-packages'
[2.924s] Level 1:colcon.colcon_core.environment:checking '/home/dwduong74/yahboom_src/install/champ_config/bin'
[2.925s] INFO:colcon.colcon_core.shell:Creating package script '/home/dwduong74/yahboom_src/install/champ_config/share/champ_config/package.ps1'
[2.926s] INFO:colcon.colcon_core.shell:Creating package descriptor '/home/dwduong74/yahboom_src/install/champ_config/share/champ_config/package.dsv'
[2.927s] INFO:colcon.colcon_core.shell:Creating package script '/home/dwduong74/yahboom_src/install/champ_config/share/champ_config/package.sh'
[2.927s] INFO:colcon.colcon_core.shell:Creating package script '/home/dwduong74/yahboom_src/install/champ_config/share/champ_config/package.bash'
[2.928s] INFO:colcon.colcon_core.shell:Creating package script '/home/dwduong74/yahboom_src/install/champ_config/share/champ_config/package.zsh'
[2.928s] Level 1:colcon.colcon_core.environment:create_file_with_runtime_dependencies(/home/dwduong74/yahboom_src/install/champ_config/share/colcon-core/packages/champ_config)
[2.930s] DEBUG:colcon.colcon_core.event_handler.log_command:Invoked command in '/home/dwduong74/yahboom_src/build/champ_teleop' returned '0': CMAKE_PREFIX_PATH=${CMAKE_PREFIX_PATH}:/home/dwduong74/LUMI_ws/install/custom_explorer:/opt/ros/humble /usr/bin/cmake --build /home/dwduong74/yahboom_src/build/champ_teleop -- -j8 -l8
[2.932s] DEBUG:colcon.colcon_core.event_handler.log_command:Invoking command in '/home/dwduong74/yahboom_src/build/champ_teleop': CMAKE_PREFIX_PATH=${CMAKE_PREFIX_PATH}:/home/dwduong74/LUMI_ws/install/custom_explorer:/opt/ros/humble /usr/bin/cmake --install /home/dwduong74/yahboom_src/build/champ_teleop
[2.933s] INFO:colcon.colcon_ros.task.ament_cmake.build:Building ROS package in '/home/dwduong74/yahboom_src/src/dogzilla_sim/robots/descriptions/dogzilla_description' with build type 'ament_cmake'
[2.933s] INFO:colcon.colcon_cmake.task.cmake.build:Building CMake package in '/home/dwduong74/yahboom_src/src/dogzilla_sim/robots/descriptions/dogzilla_description'
[2.934s] INFO:colcon.colcon_core.shell:Skip shell extension 'powershell' for command environment: Not usable outside of PowerShell
[2.934s] DEBUG:colcon.colcon_core.shell:Skip shell extension 'dsv' for command environment
[2.943s] DEBUG:colcon.colcon_core.event_handler.log_command:Invoked command in '/home/dwduong74/yahboom_src/build/champ_navigation' returned '0': CMAKE_PREFIX_PATH=${CMAKE_PREFIX_PATH}:/home/dwduong74/LUMI_ws/install/custom_explorer:/opt/ros/humble /usr/bin/cmake --build /home/dwduong74/yahboom_src/build/champ_navigation -- -j8 -l8
[2.946s] DEBUG:colcon.colcon_core.event_handler.log_command:Invoking command in '/home/dwduong74/yahboom_src/build/champ_navigation': CMAKE_PREFIX_PATH=${CMAKE_PREFIX_PATH}:/home/dwduong74/LUMI_ws/install/custom_explorer:/opt/ros/humble /usr/bin/cmake --install /home/dwduong74/yahboom_src/build/champ_navigation
[2.954s] DEBUG:colcon.colcon_core.event_handler.log_command:Invoking command in '/home/dwduong74/yahboom_src/src/bringup': PYTHONPATH=/home/dwduong74/yahboom_src/build/bringup/prefix_override:/usr/lib/python3/dist-packages/colcon_core/task/python/colcon_distutils_commands:/home/dwduong74/yahboom_src/install/bringup/lib/python3.10/site-packages:${PYTHONPATH} /usr/bin/python3 -W ignore:setup.py install is deprecated -W ignore:easy_install command is deprecated setup.py egg_info --egg-base ../../build/bringup build --build-base /home/dwduong74/yahboom_src/build/bringup/build install --record /home/dwduong74/yahboom_src/build/bringup/install.log --single-version-externally-managed install_data
[2.955s] DEBUG:colcon.colcon_core.event_handler.log_command:Invoked command in '/home/dwduong74/yahboom_src/build/dogzilla_config' returned '0': CMAKE_PREFIX_PATH=${CMAKE_PREFIX_PATH}:/home/dwduong74/LUMI_ws/install/custom_explorer:/opt/ros/humble /usr/bin/cmake --build /home/dwduong74/yahboom_src/build/dogzilla_config -- -j8 -l8
[2.958s] DEBUG:colcon.colcon_core.event_handler.log_command:Invoking command in '/home/dwduong74/yahboom_src/build/dogzilla_config': CMAKE_PREFIX_PATH=${CMAKE_PREFIX_PATH}:/home/dwduong74/LUMI_ws/install/custom_explorer:/opt/ros/humble /usr/bin/cmake --install /home/dwduong74/yahboom_src/build/dogzilla_config
[2.967s] Level 1:colcon.colcon_core.environment:create_environment_scripts_only(champ_teleop)
[2.968s] Level 1:colcon.colcon_core.environment:checking '/home/dwduong74/yahboom_src/install/champ_teleop' for CMake module files
[2.969s] Level 1:colcon.colcon_core.environment:checking '/home/dwduong74/yahboom_src/install/champ_teleop' for CMake config files
[2.971s] Level 1:colcon.colcon_core.shell:create_environment_hook('champ_teleop', 'cmake_prefix_path')
[2.971s] INFO:colcon.colcon_core.shell:Creating environment hook '/home/dwduong74/yahboom_src/install/champ_teleop/share/champ_teleop/hook/cmake_prefix_path.ps1'
[2.972s] DEBUG:colcon.colcon_core.event_handler.log_command:Invoking command in '/home/dwduong74/yahboom_src/build/dogzilla_description': CMAKE_PREFIX_PATH=${CMAKE_PREFIX_PATH}:/home/dwduong74/LUMI_ws/install/custom_explorer:/opt/ros/humble /usr/bin/cmake /home/dwduong74/yahboom_src/src/dogzilla_sim/robots/descriptions/dogzilla_description -DCMAKE_INSTALL_PREFIX=/home/dwduong74/yahboom_src/install/dogzilla_description
[2.973s] DEBUG:colcon.colcon_core.event_handler.log_command:Invoked command in '/home/dwduong74/yahboom_src/build/champ_teleop' returned '0': CMAKE_PREFIX_PATH=${CMAKE_PREFIX_PATH}:/home/dwduong74/LUMI_ws/install/custom_explorer:/opt/ros/humble /usr/bin/cmake --install /home/dwduong74/yahboom_src/build/champ_teleop
[2.973s] INFO:colcon.colcon_core.shell:Creating environment descriptor '/home/dwduong74/yahboom_src/install/champ_teleop/share/champ_teleop/hook/cmake_prefix_path.dsv'
[2.976s] INFO:colcon.colcon_core.shell:Creating environment hook '/home/dwduong74/yahboom_src/install/champ_teleop/share/champ_teleop/hook/cmake_prefix_path.sh'
[2.979s] Level 1:colcon.colcon_core.environment:checking '/home/dwduong74/yahboom_src/install/champ_teleop/lib'
[2.979s] Level 1:colcon.colcon_core.environment:checking '/home/dwduong74/yahboom_src/install/champ_teleop/bin'
[2.979s] Level 1:colcon.colcon_core.environment:checking '/home/dwduong74/yahboom_src/install/champ_teleop/lib/pkgconfig/champ_teleop.pc'
[2.980s] Level 1:colcon.colcon_core.environment:checking '/home/dwduong74/yahboom_src/install/champ_teleop/lib/python3.10/site-packages'
[2.981s] Level 1:colcon.colcon_core.environment:checking '/home/dwduong74/yahboom_src/install/champ_teleop/bin'
[2.981s] INFO:colcon.colcon_core.shell:Creating package script '/home/dwduong74/yahboom_src/install/champ_teleop/share/champ_teleop/package.ps1'
[2.982s] INFO:colcon.colcon_core.shell:Creating package descriptor '/home/dwduong74/yahboom_src/install/champ_teleop/share/champ_teleop/package.dsv'
[2.983s] INFO:colcon.colcon_core.shell:Creating package script '/home/dwduong74/yahboom_src/install/champ_teleop/share/champ_teleop/package.sh'
[2.983s] INFO:colcon.colcon_core.shell:Creating package script '/home/dwduong74/yahboom_src/install/champ_teleop/share/champ_teleop/package.bash'
[2.984s] INFO:colcon.colcon_core.shell:Creating package script '/home/dwduong74/yahboom_src/install/champ_teleop/share/champ_teleop/package.zsh'
[2.984s] Level 1:colcon.colcon_core.environment:create_file_with_runtime_dependencies(/home/dwduong74/yahboom_src/install/champ_teleop/share/colcon-core/packages/champ_teleop)
[2.986s] Level 1:colcon.colcon_core.environment:create_environment_scripts_only(champ_teleop)
[2.987s] Level 1:colcon.colcon_core.environment:checking '/home/dwduong74/yahboom_src/install/champ_teleop' for CMake module files
[2.989s] Level 1:colcon.colcon_core.environment:checking '/home/dwduong74/yahboom_src/install/champ_teleop' for CMake config files
[2.989s] Level 1:colcon.colcon_core.shell:create_environment_hook('champ_teleop', 'cmake_prefix_path')
[2.990s] INFO:colcon.colcon_core.shell:Creating environment hook '/home/dwduong74/yahboom_src/install/champ_teleop/share/champ_teleop/hook/cmake_prefix_path.ps1'
[2.990s] INFO:colcon.colcon_core.shell:Creating environment descriptor '/home/dwduong74/yahboom_src/install/champ_teleop/share/champ_teleop/hook/cmake_prefix_path.dsv'
[2.991s] INFO:colcon.colcon_core.shell:Creating environment hook '/home/dwduong74/yahboom_src/install/champ_teleop/share/champ_teleop/hook/cmake_prefix_path.sh'
[2.993s] Level 1:colcon.colcon_core.environment:checking '/home/dwduong74/yahboom_src/install/champ_teleop/lib'
[2.996s] Level 1:colcon.colcon_core.environment:checking '/home/dwduong74/yahboom_src/install/champ_teleop/bin'
[2.996s] Level 1:colcon.colcon_core.environment:checking '/home/dwduong74/yahboom_src/install/champ_teleop/lib/pkgconfig/champ_teleop.pc'
[2.996s] Level 1:colcon.colcon_core.environment:checking '/home/dwduong74/yahboom_src/install/champ_teleop/lib/python3.10/site-packages'
[2.997s] Level 1:colcon.colcon_core.environment:checking '/home/dwduong74/yahboom_src/install/champ_teleop/bin'
[2.998s] INFO:colcon.colcon_core.shell:Creating package script '/home/dwduong74/yahboom_src/install/champ_teleop/share/champ_teleop/package.ps1'
[2.999s] INFO:colcon.colcon_core.shell:Creating package descriptor '/home/dwduong74/yahboom_src/install/champ_teleop/share/champ_teleop/package.dsv'
[3.000s] INFO:colcon.colcon_core.shell:Creating package script '/home/dwduong74/yahboom_src/install/champ_teleop/share/champ_teleop/package.sh'
[3.001s] INFO:colcon.colcon_core.shell:Creating package script '/home/dwduong74/yahboom_src/install/champ_teleop/share/champ_teleop/package.bash'
[3.002s] INFO:colcon.colcon_core.shell:Creating package script '/home/dwduong74/yahboom_src/install/champ_teleop/share/champ_teleop/package.zsh'
[3.003s] Level 1:colcon.colcon_core.environment:create_file_with_runtime_dependencies(/home/dwduong74/yahboom_src/install/champ_teleop/share/colcon-core/packages/champ_teleop)
[3.004s] INFO:colcon.colcon_ros.task.ament_cmake.build:Building ROS package in '/home/dwduong74/yahboom_src/src/unitree-go2-ros2/robots/configs/go2_config' with build type 'ament_cmake'
[3.004s] INFO:colcon.colcon_cmake.task.cmake.build:Building CMake package in '/home/dwduong74/yahboom_src/src/unitree-go2-ros2/robots/configs/go2_config'
[3.005s] INFO:colcon.colcon_core.shell:Skip shell extension 'powershell' for command environment: Not usable outside of PowerShell
[3.007s] DEBUG:colcon.colcon_core.shell:Skip shell extension 'dsv' for command environment
[3.016s] Level 1:colcon.colcon_core.environment:create_environment_scripts_only(champ_navigation)
[3.017s] Level 1:colcon.colcon_core.environment:checking '/home/dwduong74/yahboom_src/install/champ_navigation' for CMake module files
[3.018s] Level 1:colcon.colcon_core.environment:checking '/home/dwduong74/yahboom_src/install/champ_navigation' for CMake config files
[3.019s] DEBUG:colcon.colcon_core.event_handler.log_command:Invoked command in '/home/dwduong74/yahboom_src/build/champ_navigation' returned '0': CMAKE_PREFIX_PATH=${CMAKE_PREFIX_PATH}:/home/dwduong74/LUMI_ws/install/custom_explorer:/opt/ros/humble /usr/bin/cmake --install /home/dwduong74/yahboom_src/build/champ_navigation
[3.020s] Level 1:colcon.colcon_core.shell:create_environment_hook('champ_navigation', 'cmake_prefix_path')
[3.020s] INFO:colcon.colcon_core.shell:Creating environment hook '/home/dwduong74/yahboom_src/install/champ_navigation/share/champ_navigation/hook/cmake_prefix_path.ps1'
[3.021s] INFO:colcon.colcon_core.shell:Creating environment descriptor '/home/dwduong74/yahboom_src/install/champ_navigation/share/champ_navigation/hook/cmake_prefix_path.dsv'
[3.022s] INFO:colcon.colcon_core.shell:Creating environment hook '/home/dwduong74/yahboom_src/install/champ_navigation/share/champ_navigation/hook/cmake_prefix_path.sh'
[3.022s] Level 1:colcon.colcon_core.environment:checking '/home/dwduong74/yahboom_src/install/champ_navigation/bin'
[3.023s] Level 1:colcon.colcon_core.environment:checking '/home/dwduong74/yahboom_src/install/champ_navigation/lib/pkgconfig/champ_navigation.pc'
[3.023s] Level 1:colcon.colcon_core.environment:checking '/home/dwduong74/yahboom_src/install/champ_navigation/lib/python3.10/site-packages'
[3.024s] Level 1:colcon.colcon_core.environment:checking '/home/dwduong74/yahboom_src/install/champ_navigation/bin'
[3.024s] INFO:colcon.colcon_core.shell:Creating package script '/home/dwduong74/yahboom_src/install/champ_navigation/share/champ_navigation/package.ps1'
[3.025s] INFO:colcon.colcon_core.shell:Creating package descriptor '/home/dwduong74/yahboom_src/install/champ_navigation/share/champ_navigation/package.dsv'
[3.026s] INFO:colcon.colcon_core.shell:Creating package script '/home/dwduong74/yahboom_src/install/champ_navigation/share/champ_navigation/package.sh'
[3.026s] INFO:colcon.colcon_core.shell:Creating package script '/home/dwduong74/yahboom_src/install/champ_navigation/share/champ_navigation/package.bash'
[3.027s] INFO:colcon.colcon_core.shell:Creating package script '/home/dwduong74/yahboom_src/install/champ_navigation/share/champ_navigation/package.zsh'
[3.027s] Level 1:colcon.colcon_core.environment:create_file_with_runtime_dependencies(/home/dwduong74/yahboom_src/install/champ_navigation/share/colcon-core/packages/champ_navigation)
[3.028s] Level 1:colcon.colcon_core.environment:create_environment_scripts_only(champ_navigation)
[3.029s] Level 1:colcon.colcon_core.environment:checking '/home/dwduong74/yahboom_src/install/champ_navigation' for CMake module files
[3.030s] Level 1:colcon.colcon_core.environment:checking '/home/dwduong74/yahboom_src/install/champ_navigation' for CMake config files
[3.031s] Level 1:colcon.colcon_core.shell:create_environment_hook('champ_navigation', 'cmake_prefix_path')
[3.031s] INFO:colcon.colcon_core.shell:Creating environment hook '/home/dwduong74/yahboom_src/install/champ_navigation/share/champ_navigation/hook/cmake_prefix_path.ps1'
[3.032s] INFO:colcon.colcon_core.shell:Creating environment descriptor '/home/dwduong74/yahboom_src/install/champ_navigation/share/champ_navigation/hook/cmake_prefix_path.dsv'
[3.033s] INFO:colcon.colcon_core.shell:Creating environment hook '/home/dwduong74/yahboom_src/install/champ_navigation/share/champ_navigation/hook/cmake_prefix_path.sh'
[3.033s] Level 1:colcon.colcon_core.environment:checking '/home/dwduong74/yahboom_src/install/champ_navigation/bin'
[3.034s] Level 1:colcon.colcon_core.environment:checking '/home/dwduong74/yahboom_src/install/champ_navigation/lib/pkgconfig/champ_navigation.pc'
[3.034s] Level 1:colcon.colcon_core.environment:checking '/home/dwduong74/yahboom_src/install/champ_navigation/lib/python3.10/site-packages'
[3.034s] Level 1:colcon.colcon_core.environment:checking '/home/dwduong74/yahboom_src/install/champ_navigation/bin'
[3.035s] INFO:colcon.colcon_core.shell:Creating package script '/home/dwduong74/yahboom_src/install/champ_navigation/share/champ_navigation/package.ps1'
[3.035s] INFO:colcon.colcon_core.shell:Creating package descriptor '/home/dwduong74/yahboom_src/install/champ_navigation/share/champ_navigation/package.dsv'
[3.036s] INFO:colcon.colcon_core.shell:Creating package script '/home/dwduong74/yahboom_src/install/champ_navigation/share/champ_navigation/package.sh'
[3.037s] INFO:colcon.colcon_core.shell:Creating package script '/home/dwduong74/yahboom_src/install/champ_navigation/share/champ_navigation/package.bash'
[3.037s] INFO:colcon.colcon_core.shell:Creating package script '/home/dwduong74/yahboom_src/install/champ_navigation/share/champ_navigation/package.zsh'
[3.038s] Level 1:colcon.colcon_core.environment:create_file_with_runtime_dependencies(/home/dwduong74/yahboom_src/install/champ_navigation/share/colcon-core/packages/champ_navigation)
[3.040s] INFO:colcon.colcon_ros.task.ament_cmake.build:Building ROS package in '/home/dwduong74/yahboom_src/src/unitree-go2-ros2/robots/descriptions/go2_description' with build type 'ament_cmake'
[3.040s] INFO:colcon.colcon_cmake.task.cmake.build:Building CMake package in '/home/dwduong74/yahboom_src/src/unitree-go2-ros2/robots/descriptions/go2_description'
[3.040s] INFO:colcon.colcon_core.shell:Skip shell extension 'powershell' for command environment: Not usable outside of PowerShell
[3.041s] DEBUG:colcon.colcon_core.shell:Skip shell extension 'dsv' for command environment
[3.047s] Level 1:colcon.colcon_core.environment:create_environment_scripts_only(dogzilla_config)
[3.047s] Level 1:colcon.colcon_core.environment:checking '/home/dwduong74/yahboom_src/install/dogzilla_config' for CMake module files
[3.049s] DEBUG:colcon.colcon_core.event_handler.log_command:Invoked command in '/home/dwduong74/yahboom_src/build/dogzilla_config' returned '0': CMAKE_PREFIX_PATH=${CMAKE_PREFIX_PATH}:/home/dwduong74/LUMI_ws/install/custom_explorer:/opt/ros/humble /usr/bin/cmake --install /home/dwduong74/yahboom_src/build/dogzilla_config
[3.050s] Level 1:colcon.colcon_core.environment:checking '/home/dwduong74/yahboom_src/install/dogzilla_config' for CMake config files
[3.050s] Level 1:colcon.colcon_core.shell:create_environment_hook('dogzilla_config', 'cmake_prefix_path')
[3.051s] INFO:colcon.colcon_core.shell:Creating environment hook '/home/dwduong74/yahboom_src/install/dogzilla_config/share/dogzilla_config/hook/cmake_prefix_path.ps1'
[3.052s] INFO:colcon.colcon_core.shell:Creating environment descriptor '/home/dwduong74/yahboom_src/install/dogzilla_config/share/dogzilla_config/hook/cmake_prefix_path.dsv'
[3.053s] INFO:colcon.colcon_core.shell:Creating environment hook '/home/dwduong74/yahboom_src/install/dogzilla_config/share/dogzilla_config/hook/cmake_prefix_path.sh'
[3.054s] Level 1:colcon.colcon_core.environment:checking '/home/dwduong74/yahboom_src/install/dogzilla_config/bin'
[3.054s] Level 1:colcon.colcon_core.environment:checking '/home/dwduong74/yahboom_src/install/dogzilla_config/lib/pkgconfig/dogzilla_config.pc'
[3.054s] Level 1:colcon.colcon_core.environment:checking '/home/dwduong74/yahboom_src/install/dogzilla_config/lib/python3.10/site-packages'
[3.055s] Level 1:colcon.colcon_core.environment:checking '/home/dwduong74/yahboom_src/install/dogzilla_config/bin'
[3.055s] INFO:colcon.colcon_core.shell:Creating package script '/home/dwduong74/yahboom_src/install/dogzilla_config/share/dogzilla_config/package.ps1'
[3.056s] INFO:colcon.colcon_core.shell:Creating package descriptor '/home/dwduong74/yahboom_src/install/dogzilla_config/share/dogzilla_config/package.dsv'
[3.057s] INFO:colcon.colcon_core.shell:Creating package script '/home/dwduong74/yahboom_src/install/dogzilla_config/share/dogzilla_config/package.sh'
[3.058s] INFO:colcon.colcon_core.shell:Creating package script '/home/dwduong74/yahboom_src/install/dogzilla_config/share/dogzilla_config/package.bash'
[3.059s] INFO:colcon.colcon_core.shell:Creating package script '/home/dwduong74/yahboom_src/install/dogzilla_config/share/dogzilla_config/package.zsh'
[3.059s] Level 1:colcon.colcon_core.environment:create_file_with_runtime_dependencies(/home/dwduong74/yahboom_src/install/dogzilla_config/share/colcon-core/packages/dogzilla_config)
[3.060s] Level 1:colcon.colcon_core.environment:create_environment_scripts_only(dogzilla_config)
[3.061s] Level 1:colcon.colcon_core.environment:checking '/home/dwduong74/yahboom_src/install/dogzilla_config' for CMake module files
[3.061s] Level 1:colcon.colcon_core.environment:checking '/home/dwduong74/yahboom_src/install/dogzilla_config' for CMake config files
[3.062s] Level 1:colcon.colcon_core.shell:create_environment_hook('dogzilla_config', 'cmake_prefix_path')
[3.062s] INFO:colcon.colcon_core.shell:Creating environment hook '/home/dwduong74/yahboom_src/install/dogzilla_config/share/dogzilla_config/hook/cmake_prefix_path.ps1'
[3.063s] INFO:colcon.colcon_core.shell:Creating environment descriptor '/home/dwduong74/yahboom_src/install/dogzilla_config/share/dogzilla_config/hook/cmake_prefix_path.dsv'
[3.064s] INFO:colcon.colcon_core.shell:Creating environment hook '/home/dwduong74/yahboom_src/install/dogzilla_config/share/dogzilla_config/hook/cmake_prefix_path.sh'
[3.065s] Level 1:colcon.colcon_core.environment:checking '/home/dwduong74/yahboom_src/install/dogzilla_config/bin'
[3.065s] Level 1:colcon.colcon_core.environment:checking '/home/dwduong74/yahboom_src/install/dogzilla_config/lib/pkgconfig/dogzilla_config.pc'
[3.065s] Level 1:colcon.colcon_core.environment:checking '/home/dwduong74/yahboom_src/install/dogzilla_config/lib/python3.10/site-packages'
[3.066s] Level 1:colcon.colcon_core.environment:checking '/home/dwduong74/yahboom_src/install/dogzilla_config/bin'
[3.066s] INFO:colcon.colcon_core.shell:Creating package script '/home/dwduong74/yahboom_src/install/dogzilla_config/share/dogzilla_config/package.ps1'
[3.067s] INFO:colcon.colcon_core.shell:Creating package descriptor '/home/dwduong74/yahboom_src/install/dogzilla_config/share/dogzilla_config/package.dsv'
[3.068s] INFO:colcon.colcon_core.shell:Creating package script '/home/dwduong74/yahboom_src/install/dogzilla_config/share/dogzilla_config/package.sh'
[3.069s] INFO:colcon.colcon_core.shell:Creating package script '/home/dwduong74/yahboom_src/install/dogzilla_config/share/dogzilla_config/package.bash'
[3.070s] INFO:colcon.colcon_core.shell:Creating package script '/home/dwduong74/yahboom_src/install/dogzilla_config/share/dogzilla_config/package.zsh'
[3.071s] Level 1:colcon.colcon_core.environment:create_file_with_runtime_dependencies(/home/dwduong74/yahboom_src/install/dogzilla_config/share/colcon-core/packages/dogzilla_config)
[3.072s] INFO:colcon.colcon_ros.task.ament_cmake.build:Building ROS package in '/home/dwduong74/yahboom_src/src/image_color_lab' with build type 'ament_cmake'
[3.072s] INFO:colcon.colcon_cmake.task.cmake.build:Building CMake package in '/home/dwduong74/yahboom_src/src/image_color_lab'
[3.073s] INFO:colcon.colcon_core.shell:Skip shell extension 'powershell' for command environment: Not usable outside of PowerShell
[3.073s] DEBUG:colcon.colcon_core.shell:Skip shell extension 'dsv' for command environment
[3.084s] DEBUG:colcon.colcon_core.event_handler.log_command:Invoking command in '/home/dwduong74/yahboom_src/build/go2_config': CMAKE_PREFIX_PATH=${CMAKE_PREFIX_PATH}:/home/dwduong74/LUMI_ws/install/custom_explorer:/opt/ros/humble /usr/bin/cmake /home/dwduong74/yahboom_src/src/unitree-go2-ros2/robots/configs/go2_config -DCMAKE_INSTALL_PREFIX=/home/dwduong74/yahboom_src/install/go2_config
[3.090s] DEBUG:colcon.colcon_core.event_handler.log_command:Invoking command in '/home/dwduong74/yahboom_src/build/go2_description': CMAKE_PREFIX_PATH=${CMAKE_PREFIX_PATH}:/home/dwduong74/LUMI_ws/install/custom_explorer:/opt/ros/humble /usr/bin/cmake /home/dwduong74/yahboom_src/src/unitree-go2-ros2/robots/descriptions/go2_description -DCMAKE_INSTALL_PREFIX=/home/dwduong74/yahboom_src/install/go2_description
[3.098s] DEBUG:colcon.colcon_core.event_handler.log_command:Invoking command in '/home/dwduong74/yahboom_src/build/image_color_lab': CMAKE_PREFIX_PATH=${CMAKE_PREFIX_PATH}:/home/dwduong74/LUMI_ws/install/custom_explorer:/opt/ros/humble /usr/bin/cmake /home/dwduong74/yahboom_src/src/image_color_lab -DCMAKE_INSTALL_PREFIX=/home/dwduong74/yahboom_src/install/image_color_lab
[3.524s] DEBUG:colcon.colcon_core.event_handler.log_command:Invoked command in '/home/dwduong74/yahboom_src/build/champ' returned '0': CMAKE_PREFIX_PATH=${CMAKE_PREFIX_PATH}:/home/dwduong74/LUMI_ws/install/custom_explorer:/opt/ros/humble /usr/bin/cmake /home/dwduong74/yahboom_src/src/unitree-go2-ros2/champ/champ -DCMAKE_INSTALL_PREFIX=/home/dwduong74/yahboom_src/install/champ
[3.525s] DEBUG:colcon.colcon_core.event_handler.log_command:Invoking command in '/home/dwduong74/yahboom_src/build/champ': CMAKE_PREFIX_PATH=${CMAKE_PREFIX_PATH}:/home/dwduong74/LUMI_ws/install/custom_explorer:/opt/ros/humble /usr/bin/cmake --build /home/dwduong74/yahboom_src/build/champ -- -j8 -l8
[3.940s] Level 1:colcon.colcon_core.environment:checking '/home/dwduong74/yahboom_src/install/bringup' for CMake module files
[3.943s] DEBUG:colcon.colcon_core.event_handler.log_command:Invoked command in '/home/dwduong74/yahboom_src/src/bringup' returned '0': PYTHONPATH=/home/dwduong74/yahboom_src/build/bringup/prefix_override:/usr/lib/python3/dist-packages/colcon_core/task/python/colcon_distutils_commands:/home/dwduong74/yahboom_src/install/bringup/lib/python3.10/site-packages:${PYTHONPATH} /usr/bin/python3 -W ignore:setup.py install is deprecated -W ignore:easy_install command is deprecated setup.py egg_info --egg-base ../../build/bringup build --build-base /home/dwduong74/yahboom_src/build/bringup/build install --record /home/dwduong74/yahboom_src/build/bringup/install.log --single-version-externally-managed install_data
[3.943s] Level 1:colcon.colcon_core.environment:checking '/home/dwduong74/yahboom_src/install/bringup' for CMake config files
[3.944s] Level 1:colcon.colcon_core.environment:checking '/home/dwduong74/yahboom_src/install/bringup/lib'
[3.944s] Level 1:colcon.colcon_core.environment:checking '/home/dwduong74/yahboom_src/install/bringup/bin'
[3.944s] Level 1:colcon.colcon_core.environment:checking '/home/dwduong74/yahboom_src/install/bringup/lib/pkgconfig/bringup.pc'
[3.945s] Level 1:colcon.colcon_core.environment:checking '/home/dwduong74/yahboom_src/install/bringup/lib/python3.10/site-packages'
[3.945s] Level 1:colcon.colcon_core.shell:create_environment_hook('bringup', 'pythonpath')
[3.945s] INFO:colcon.colcon_core.shell:Creating environment hook '/home/dwduong74/yahboom_src/install/bringup/share/bringup/hook/pythonpath.ps1'
[3.946s] INFO:colcon.colcon_core.shell:Creating environment descriptor '/home/dwduong74/yahboom_src/install/bringup/share/bringup/hook/pythonpath.dsv'
[3.947s] INFO:colcon.colcon_core.shell:Creating environment hook '/home/dwduong74/yahboom_src/install/bringup/share/bringup/hook/pythonpath.sh'
[3.948s] Level 1:colcon.colcon_core.environment:checking '/home/dwduong74/yahboom_src/install/bringup/bin'
[3.948s] Level 1:colcon.colcon_core.environment:create_environment_scripts_only(bringup)
[3.949s] INFO:colcon.colcon_core.shell:Creating package script '/home/dwduong74/yahboom_src/install/bringup/share/bringup/package.ps1'
[3.950s] INFO:colcon.colcon_core.shell:Creating package descriptor '/home/dwduong74/yahboom_src/install/bringup/share/bringup/package.dsv'
[3.951s] INFO:colcon.colcon_core.shell:Creating package script '/home/dwduong74/yahboom_src/install/bringup/share/bringup/package.sh'
[3.952s] INFO:colcon.colcon_core.shell:Creating package script '/home/dwduong74/yahboom_src/install/bringup/share/bringup/package.bash'
[3.952s] INFO:colcon.colcon_core.shell:Creating package script '/home/dwduong74/yahboom_src/install/bringup/share/bringup/package.zsh'
[3.953s] Level 1:colcon.colcon_core.environment:create_file_with_runtime_dependencies(/home/dwduong74/yahboom_src/install/bringup/share/colcon-core/packages/bringup)
[3.953s] INFO:colcon.colcon_ros.task.ament_cmake.build:Building ROS package in '/home/dwduong74/yahboom_src/src/oradar_lidar' with build type 'ament_cmake'
[3.954s] INFO:colcon.colcon_cmake.task.cmake.build:Building CMake package in '/home/dwduong74/yahboom_src/src/oradar_lidar'
[3.954s] INFO:colcon.colcon_core.shell:Skip shell extension 'powershell' for command environment: Not usable outside of PowerShell
[3.954s] DEBUG:colcon.colcon_core.shell:Skip shell extension 'dsv' for command environment
[3.970s] DEBUG:colcon.colcon_core.event_handler.log_command:Invoking command in '/home/dwduong74/yahboom_src/build/oradar_lidar': CMAKE_PREFIX_PATH=${CMAKE_PREFIX_PATH}:/home/dwduong74/LUMI_ws/install/custom_explorer:/opt/ros/humble /usr/bin/cmake /home/dwduong74/yahboom_src/src/oradar_lidar -DCMAKE_INSTALL_PREFIX=/home/dwduong74/yahboom_src/install/oradar_lidar
[4.241s] DEBUG:colcon.colcon_core.event_handler.log_command:Invoked command in '/home/dwduong74/yahboom_src/build/champ' returned '0': CMAKE_PREFIX_PATH=${CMAKE_PREFIX_PATH}:/home/dwduong74/LUMI_ws/install/custom_explorer:/opt/ros/humble /usr/bin/cmake --build /home/dwduong74/yahboom_src/build/champ -- -j8 -l8
[4.242s] DEBUG:colcon.colcon_core.event_handler.log_command:Invoking command in '/home/dwduong74/yahboom_src/build/champ': CMAKE_PREFIX_PATH=${CMAKE_PREFIX_PATH}:/home/dwduong74/LUMI_ws/install/custom_explorer:/opt/ros/humble /usr/bin/cmake --install /home/dwduong74/yahboom_src/build/champ
[4.244s] DEBUG:colcon.colcon_core.event_handler.log_command:Invoked command in '/home/dwduong74/yahboom_src/build/dogzilla_description' returned '0': CMAKE_PREFIX_PATH=${CMAKE_PREFIX_PATH}:/home/dwduong74/LUMI_ws/install/custom_explorer:/opt/ros/humble /usr/bin/cmake /home/dwduong74/yahboom_src/src/dogzilla_sim/robots/descriptions/dogzilla_description -DCMAKE_INSTALL_PREFIX=/home/dwduong74/yahboom_src/install/dogzilla_description
[4.246s] DEBUG:colcon.colcon_core.event_handler.log_command:Invoking command in '/home/dwduong74/yahboom_src/build/dogzilla_description': CMAKE_PREFIX_PATH=${CMAKE_PREFIX_PATH}:/home/dwduong74/LUMI_ws/install/custom_explorer:/opt/ros/humble /usr/bin/cmake --build /home/dwduong74/yahboom_src/build/dogzilla_description -- -j8 -l8
[4.320s] Level 1:colcon.colcon_core.environment:create_environment_scripts_only(champ)
[4.321s] Level 1:colcon.colcon_core.environment:checking '/home/dwduong74/yahboom_src/install/champ' for CMake module files
[4.325s] Level 1:colcon.colcon_core.environment:checking '/home/dwduong74/yahboom_src/install/champ' for CMake config files
[4.326s] Level 1:colcon.colcon_core.shell:create_environment_hook('champ', 'cmake_prefix_path')
[4.326s] INFO:colcon.colcon_core.shell:Creating environment hook '/home/dwduong74/yahboom_src/install/champ/share/champ/hook/cmake_prefix_path.ps1'
[4.327s] INFO:colcon.colcon_core.shell:Creating environment descriptor '/home/dwduong74/yahboom_src/install/champ/share/champ/hook/cmake_prefix_path.dsv'
[4.329s] DEBUG:colcon.colcon_core.event_handler.log_command:Invoked command in '/home/dwduong74/yahboom_src/build/go2_description' returned '0': CMAKE_PREFIX_PATH=${CMAKE_PREFIX_PATH}:/home/dwduong74/LUMI_ws/install/custom_explorer:/opt/ros/humble /usr/bin/cmake /home/dwduong74/yahboom_src/src/unitree-go2-ros2/robots/descriptions/go2_description -DCMAKE_INSTALL_PREFIX=/home/dwduong74/yahboom_src/install/go2_description
[4.330s] INFO:colcon.colcon_core.shell:Creating environment hook '/home/dwduong74/yahboom_src/install/champ/share/champ/hook/cmake_prefix_path.sh'
[4.331s] DEBUG:colcon.colcon_core.event_handler.log_command:Invoking command in '/home/dwduong74/yahboom_src/build/go2_description': CMAKE_PREFIX_PATH=${CMAKE_PREFIX_PATH}:/home/dwduong74/LUMI_ws/install/custom_explorer:/opt/ros/humble /usr/bin/cmake --build /home/dwduong74/yahboom_src/build/go2_description -- -j8 -l8
[4.332s] DEBUG:colcon.colcon_core.event_handler.log_command:Invoked command in '/home/dwduong74/yahboom_src/build/champ' returned '0': CMAKE_PREFIX_PATH=${CMAKE_PREFIX_PATH}:/home/dwduong74/LUMI_ws/install/custom_explorer:/opt/ros/humble /usr/bin/cmake --install /home/dwduong74/yahboom_src/build/champ
[4.334s] Level 1:colcon.colcon_core.environment:checking '/home/dwduong74/yahboom_src/install/champ/bin'
[4.334s] Level 1:colcon.colcon_core.environment:checking '/home/dwduong74/yahboom_src/install/champ/lib/pkgconfig/champ.pc'
[4.334s] Level 1:colcon.colcon_core.environment:checking '/home/dwduong74/yahboom_src/install/champ/lib/python3.10/site-packages'
[4.335s] Level 1:colcon.colcon_core.environment:checking '/home/dwduong74/yahboom_src/install/champ/bin'
[4.336s] INFO:colcon.colcon_core.shell:Creating package script '/home/dwduong74/yahboom_src/install/champ/share/champ/package.ps1'
[4.337s] INFO:colcon.colcon_core.shell:Creating package descriptor '/home/dwduong74/yahboom_src/install/champ/share/champ/package.dsv'
[4.338s] INFO:colcon.colcon_core.shell:Creating package script '/home/dwduong74/yahboom_src/install/champ/share/champ/package.sh'
[4.339s] INFO:colcon.colcon_core.shell:Creating package script '/home/dwduong74/yahboom_src/install/champ/share/champ/package.bash'
[4.340s] INFO:colcon.colcon_core.shell:Creating package script '/home/dwduong74/yahboom_src/install/champ/share/champ/package.zsh'
[4.340s] Level 1:colcon.colcon_core.environment:create_file_with_runtime_dependencies(/home/dwduong74/yahboom_src/install/champ/share/colcon-core/packages/champ)
[4.341s] Level 1:colcon.colcon_core.environment:create_environment_scripts_only(champ)
[4.342s] Level 1:colcon.colcon_core.environment:checking '/home/dwduong74/yahboom_src/install/champ' for CMake module files
[4.343s] Level 1:colcon.colcon_core.environment:checking '/home/dwduong74/yahboom_src/install/champ' for CMake config files
[4.343s] Level 1:colcon.colcon_core.shell:create_environment_hook('champ', 'cmake_prefix_path')
[4.344s] INFO:colcon.colcon_core.shell:Creating environment hook '/home/dwduong74/yahboom_src/install/champ/share/champ/hook/cmake_prefix_path.ps1'
[4.344s] INFO:colcon.colcon_core.shell:Creating environment descriptor '/home/dwduong74/yahboom_src/install/champ/share/champ/hook/cmake_prefix_path.dsv'
[4.345s] INFO:colcon.colcon_core.shell:Creating environment hook '/home/dwduong74/yahboom_src/install/champ/share/champ/hook/cmake_prefix_path.sh'
[4.346s] Level 1:colcon.colcon_core.environment:checking '/home/dwduong74/yahboom_src/install/champ/bin'
[4.346s] Level 1:colcon.colcon_core.environment:checking '/home/dwduong74/yahboom_src/install/champ/lib/pkgconfig/champ.pc'
[4.347s] Level 1:colcon.colcon_core.environment:checking '/home/dwduong74/yahboom_src/install/champ/lib/python3.10/site-packages'
[4.347s] Level 1:colcon.colcon_core.environment:checking '/home/dwduong74/yahboom_src/install/champ/bin'
[4.348s] INFO:colcon.colcon_core.shell:Creating package script '/home/dwduong74/yahboom_src/install/champ/share/champ/package.ps1'
[4.349s] INFO:colcon.colcon_core.shell:Creating package descriptor '/home/dwduong74/yahboom_src/install/champ/share/champ/package.dsv'
[4.350s] INFO:colcon.colcon_core.shell:Creating package script '/home/dwduong74/yahboom_src/install/champ/share/champ/package.sh'
[4.351s] INFO:colcon.colcon_core.shell:Creating package script '/home/dwduong74/yahboom_src/install/champ/share/champ/package.bash'
[4.351s] INFO:colcon.colcon_core.shell:Creating package script '/home/dwduong74/yahboom_src/install/champ/share/champ/package.zsh'
[4.352s] Level 1:colcon.colcon_core.environment:create_file_with_runtime_dependencies(/home/dwduong74/yahboom_src/install/champ/share/colcon-core/packages/champ)
[4.353s] INFO:colcon.colcon_ros.task.ament_python.build:Building ROS package in '/home/dwduong74/yahboom_src/src/tf_publisher' with build type 'ament_python'
[4.353s] Level 1:colcon.colcon_core.shell:create_environment_hook('tf_publisher', 'ament_prefix_path')
[4.354s] INFO:colcon.colcon_core.shell:Creating environment hook '/home/dwduong74/yahboom_src/install/tf_publisher/share/tf_publisher/hook/ament_prefix_path.ps1'
[4.355s] INFO:colcon.colcon_core.shell:Creating environment descriptor '/home/dwduong74/yahboom_src/install/tf_publisher/share/tf_publisher/hook/ament_prefix_path.dsv'
[4.356s] INFO:colcon.colcon_core.shell:Creating environment hook '/home/dwduong74/yahboom_src/install/tf_publisher/share/tf_publisher/hook/ament_prefix_path.sh'
[4.357s] INFO:colcon.colcon_core.shell:Skip shell extension 'powershell' for command environment: Not usable outside of PowerShell
[4.357s] DEBUG:colcon.colcon_core.shell:Skip shell extension 'dsv' for command environment
[4.364s] DEBUG:colcon.colcon_core.event_handler.log_command:Invoked command in '/home/dwduong74/yahboom_src/build/dogzilla_description' returned '0': CMAKE_PREFIX_PATH=${CMAKE_PREFIX_PATH}:/home/dwduong74/LUMI_ws/install/custom_explorer:/opt/ros/humble /usr/bin/cmake --build /home/dwduong74/yahboom_src/build/dogzilla_description -- -j8 -l8
[4.371s] DEBUG:colcon.colcon_core.event_handler.log_command:Invoking command in '/home/dwduong74/yahboom_src/build/dogzilla_description': CMAKE_PREFIX_PATH=${CMAKE_PREFIX_PATH}:/home/dwduong74/LUMI_ws/install/custom_explorer:/opt/ros/humble /usr/bin/cmake --install /home/dwduong74/yahboom_src/build/dogzilla_description
[4.384s] DEBUG:colcon.colcon_core.event_handler.log_command:Invoked command in '/home/dwduong74/yahboom_src/build/go2_config' returned '0': CMAKE_PREFIX_PATH=${CMAKE_PREFIX_PATH}:/home/dwduong74/LUMI_ws/install/custom_explorer:/opt/ros/humble /usr/bin/cmake /home/dwduong74/yahboom_src/src/unitree-go2-ros2/robots/configs/go2_config -DCMAKE_INSTALL_PREFIX=/home/dwduong74/yahboom_src/install/go2_config
[4.385s] DEBUG:colcon.colcon_core.event_handler.log_command:Invoking command in '/home/dwduong74/yahboom_src/build/go2_config': CMAKE_PREFIX_PATH=${CMAKE_PREFIX_PATH}:/home/dwduong74/LUMI_ws/install/custom_explorer:/opt/ros/humble /usr/bin/cmake --build /home/dwduong74/yahboom_src/build/go2_config -- -j8 -l8
[5.127s] INFO:colcon.colcon_core.task.python.build:Building Python package in '/home/dwduong74/yahboom_src/src/tf_publisher'
[5.127s] INFO:colcon.colcon_core.shell:Skip shell extension 'powershell' for command environment: Not usable outside of PowerShell
[5.127s] DEBUG:colcon.colcon_core.shell:Skip shell extension 'dsv' for command environment
[5.137s] DEBUG:colcon.colcon_core.event_handler.log_command:Invoked command in '/home/dwduong74/yahboom_src/build/go2_description' returned '0': CMAKE_PREFIX_PATH=${CMAKE_PREFIX_PATH}:/home/dwduong74/LUMI_ws/install/custom_explorer:/opt/ros/humble /usr/bin/cmake --build /home/dwduong74/yahboom_src/build/go2_description -- -j8 -l8
[5.140s] DEBUG:colcon.colcon_core.event_handler.log_command:Invoking command in '/home/dwduong74/yahboom_src/build/go2_description': CMAKE_PREFIX_PATH=${CMAKE_PREFIX_PATH}:/home/dwduong74/LUMI_ws/install/custom_explorer:/opt/ros/humble /usr/bin/cmake --install /home/dwduong74/yahboom_src/build/go2_description
[5.141s] Level 1:colcon.colcon_core.environment:create_environment_scripts_only(dogzilla_description)
[5.141s] Level 1:colcon.colcon_core.environment:checking '/home/dwduong74/yahboom_src/install/dogzilla_description' for CMake module files
[5.142s] DEBUG:colcon.colcon_core.event_handler.log_command:Invoked command in '/home/dwduong74/yahboom_src/build/dogzilla_description' returned '0': CMAKE_PREFIX_PATH=${CMAKE_PREFIX_PATH}:/home/dwduong74/LUMI_ws/install/custom_explorer:/opt/ros/humble /usr/bin/cmake --install /home/dwduong74/yahboom_src/build/dogzilla_description
[5.143s] Level 1:colcon.colcon_core.environment:checking '/home/dwduong74/yahboom_src/install/dogzilla_description' for CMake config files
[5.143s] Level 1:colcon.colcon_core.shell:create_environment_hook('dogzilla_description', 'cmake_prefix_path')
[5.144s] INFO:colcon.colcon_core.shell:Creating environment hook '/home/dwduong74/yahboom_src/install/dogzilla_description/share/dogzilla_description/hook/cmake_prefix_path.ps1'
[5.145s] INFO:colcon.colcon_core.shell:Creating environment descriptor '/home/dwduong74/yahboom_src/install/dogzilla_description/share/dogzilla_description/hook/cmake_prefix_path.dsv'
[5.145s] INFO:colcon.colcon_core.shell:Creating environment hook '/home/dwduong74/yahboom_src/install/dogzilla_description/share/dogzilla_description/hook/cmake_prefix_path.sh'
[5.146s] Level 1:colcon.colcon_core.environment:checking '/home/dwduong74/yahboom_src/install/dogzilla_description/bin'
[5.146s] Level 1:colcon.colcon_core.environment:checking '/home/dwduong74/yahboom_src/install/dogzilla_description/lib/pkgconfig/dogzilla_description.pc'
[5.147s] Level 1:colcon.colcon_core.environment:checking '/home/dwduong74/yahboom_src/install/dogzilla_description/lib/python3.10/site-packages'
[5.148s] Level 1:colcon.colcon_core.environment:checking '/home/dwduong74/yahboom_src/install/dogzilla_description/bin'
[5.148s] INFO:colcon.colcon_core.shell:Creating package script '/home/dwduong74/yahboom_src/install/dogzilla_description/share/dogzilla_description/package.ps1'
[5.150s] INFO:colcon.colcon_core.shell:Creating package descriptor '/home/dwduong74/yahboom_src/install/dogzilla_description/share/dogzilla_description/package.dsv'
[5.151s] INFO:colcon.colcon_core.shell:Creating package script '/home/dwduong74/yahboom_src/install/dogzilla_description/share/dogzilla_description/package.sh'
[5.151s] INFO:colcon.colcon_core.shell:Creating package script '/home/dwduong74/yahboom_src/install/dogzilla_description/share/dogzilla_description/package.bash'
[5.152s] INFO:colcon.colcon_core.shell:Creating package script '/home/dwduong74/yahboom_src/install/dogzilla_description/share/dogzilla_description/package.zsh'
[5.153s] Level 1:colcon.colcon_core.environment:create_file_with_runtime_dependencies(/home/dwduong74/yahboom_src/install/dogzilla_description/share/colcon-core/packages/dogzilla_description)
[5.154s] Level 1:colcon.colcon_core.environment:create_environment_scripts_only(dogzilla_description)
[5.155s] Level 1:colcon.colcon_core.environment:checking '/home/dwduong74/yahboom_src/install/dogzilla_description' for CMake module files
[5.157s] Level 1:colcon.colcon_core.environment:checking '/home/dwduong74/yahboom_src/install/dogzilla_description' for CMake config files
[5.158s] Level 1:colcon.colcon_core.shell:create_environment_hook('dogzilla_description', 'cmake_prefix_path')
[5.158s] INFO:colcon.colcon_core.shell:Creating environment hook '/home/dwduong74/yahboom_src/install/dogzilla_description/share/dogzilla_description/hook/cmake_prefix_path.ps1'
[5.159s] INFO:colcon.colcon_core.shell:Creating environment descriptor '/home/dwduong74/yahboom_src/install/dogzilla_description/share/dogzilla_description/hook/cmake_prefix_path.dsv'
[5.159s] INFO:colcon.colcon_core.shell:Creating environment hook '/home/dwduong74/yahboom_src/install/dogzilla_description/share/dogzilla_description/hook/cmake_prefix_path.sh'
[5.161s] Level 1:colcon.colcon_core.environment:checking '/home/dwduong74/yahboom_src/install/dogzilla_description/bin'
[5.161s] Level 1:colcon.colcon_core.environment:checking '/home/dwduong74/yahboom_src/install/dogzilla_description/lib/pkgconfig/dogzilla_description.pc'
[5.161s] Level 1:colcon.colcon_core.environment:checking '/home/dwduong74/yahboom_src/install/dogzilla_description/lib/python3.10/site-packages'
[5.162s] Level 1:colcon.colcon_core.environment:checking '/home/dwduong74/yahboom_src/install/dogzilla_description/bin'
[5.163s] INFO:colcon.colcon_core.shell:Creating package script '/home/dwduong74/yahboom_src/install/dogzilla_description/share/dogzilla_description/package.ps1'
[5.164s] INFO:colcon.colcon_core.shell:Creating package descriptor '/home/dwduong74/yahboom_src/install/dogzilla_description/share/dogzilla_description/package.dsv'
[5.165s] INFO:colcon.colcon_core.shell:Creating package script '/home/dwduong74/yahboom_src/install/dogzilla_description/share/dogzilla_description/package.sh'
[5.166s] INFO:colcon.colcon_core.shell:Creating package script '/home/dwduong74/yahboom_src/install/dogzilla_description/share/dogzilla_description/package.bash'
[5.167s] INFO:colcon.colcon_core.shell:Creating package script '/home/dwduong74/yahboom_src/install/dogzilla_description/share/dogzilla_description/package.zsh'
[5.167s] Level 1:colcon.colcon_core.environment:create_file_with_runtime_dependencies(/home/dwduong74/yahboom_src/install/dogzilla_description/share/colcon-core/packages/dogzilla_description)
[5.169s] DEBUG:colcon.colcon_core.event_handler.log_command:Invoked command in '/home/dwduong74/yahboom_src/build/go2_config' returned '0': CMAKE_PREFIX_PATH=${CMAKE_PREFIX_PATH}:/home/dwduong74/LUMI_ws/install/custom_explorer:/opt/ros/humble /usr/bin/cmake --build /home/dwduong74/yahboom_src/build/go2_config -- -j8 -l8
[5.174s] DEBUG:colcon.colcon_core.event_handler.log_command:Invoking command in '/home/dwduong74/yahboom_src/build/go2_config': CMAKE_PREFIX_PATH=${CMAKE_PREFIX_PATH}:/home/dwduong74/LUMI_ws/install/custom_explorer:/opt/ros/humble /usr/bin/cmake --install /home/dwduong74/yahboom_src/build/go2_config
[5.175s] INFO:colcon.colcon_ros.task.ament_python.build:Building ROS package in '/home/dwduong74/yahboom_src/src/yahboom_app_save_map' with build type 'ament_python'
[5.175s] Level 1:colcon.colcon_core.shell:create_environment_hook('yahboom_app_save_map', 'ament_prefix_path')
[5.176s] INFO:colcon.colcon_core.shell:Creating environment hook '/home/dwduong74/yahboom_src/install/yahboom_app_save_map/share/yahboom_app_save_map/hook/ament_prefix_path.ps1'
[5.178s] INFO:colcon.colcon_core.shell:Creating environment descriptor '/home/dwduong74/yahboom_src/install/yahboom_app_save_map/share/yahboom_app_save_map/hook/ament_prefix_path.dsv'
[5.179s] INFO:colcon.colcon_core.shell:Creating environment hook '/home/dwduong74/yahboom_src/install/yahboom_app_save_map/share/yahboom_app_save_map/hook/ament_prefix_path.sh'
[5.180s] INFO:colcon.colcon_core.shell:Skip shell extension 'powershell' for command environment: Not usable outside of PowerShell
[5.181s] DEBUG:colcon.colcon_core.shell:Skip shell extension 'dsv' for command environment
[5.209s] Level 1:colcon.colcon_core.environment:create_environment_scripts_only(go2_config)
[5.210s] Level 1:colcon.colcon_core.environment:checking '/home/dwduong74/yahboom_src/install/go2_config' for CMake module files
[5.212s] Level 1:colcon.colcon_core.environment:checking '/home/dwduong74/yahboom_src/install/go2_config' for CMake config files
[5.216s] DEBUG:colcon.colcon_core.event_handler.log_command:Invoked command in '/home/dwduong74/yahboom_src/build/go2_config' returned '0': CMAKE_PREFIX_PATH=${CMAKE_PREFIX_PATH}:/home/dwduong74/LUMI_ws/install/custom_explorer:/opt/ros/humble /usr/bin/cmake --install /home/dwduong74/yahboom_src/build/go2_config
[5.217s] Level 1:colcon.colcon_core.shell:create_environment_hook('go2_config', 'cmake_prefix_path')
[5.219s] INFO:colcon.colcon_core.shell:Creating environment hook '/home/dwduong74/yahboom_src/install/go2_config/share/go2_config/hook/cmake_prefix_path.ps1'
[5.221s] INFO:colcon.colcon_core.shell:Creating environment descriptor '/home/dwduong74/yahboom_src/install/go2_config/share/go2_config/hook/cmake_prefix_path.dsv'
[5.221s] INFO:colcon.colcon_core.shell:Creating environment hook '/home/dwduong74/yahboom_src/install/go2_config/share/go2_config/hook/cmake_prefix_path.sh'
[5.222s] Level 1:colcon.colcon_core.environment:checking '/home/dwduong74/yahboom_src/install/go2_config/bin'
[5.222s] Level 1:colcon.colcon_core.environment:checking '/home/dwduong74/yahboom_src/install/go2_config/lib/pkgconfig/go2_config.pc'
[5.223s] Level 1:colcon.colcon_core.environment:checking '/home/dwduong74/yahboom_src/install/go2_config/lib/python3.10/site-packages'
[5.224s] Level 1:colcon.colcon_core.environment:checking '/home/dwduong74/yahboom_src/install/go2_config/bin'
[5.225s] INFO:colcon.colcon_core.shell:Creating package script '/home/dwduong74/yahboom_src/install/go2_config/share/go2_config/package.ps1'
[5.226s] INFO:colcon.colcon_core.shell:Creating package descriptor '/home/dwduong74/yahboom_src/install/go2_config/share/go2_config/package.dsv'
[5.231s] INFO:colcon.colcon_core.shell:Creating package script '/home/dwduong74/yahboom_src/install/go2_config/share/go2_config/package.sh'
[5.233s] INFO:colcon.colcon_core.shell:Creating package script '/home/dwduong74/yahboom_src/install/go2_config/share/go2_config/package.bash'
[5.235s] INFO:colcon.colcon_core.shell:Creating package script '/home/dwduong74/yahboom_src/install/go2_config/share/go2_config/package.zsh'
[5.240s] Level 1:colcon.colcon_core.environment:create_file_with_runtime_dependencies(/home/dwduong74/yahboom_src/install/go2_config/share/colcon-core/packages/go2_config)
[5.242s] Level 1:colcon.colcon_core.environment:create_environment_scripts_only(go2_config)
[5.242s] Level 1:colcon.colcon_core.environment:checking '/home/dwduong74/yahboom_src/install/go2_config' for CMake module files
[5.243s] Level 1:colcon.colcon_core.environment:checking '/home/dwduong74/yahboom_src/install/go2_config' for CMake config files
[5.244s] Level 1:colcon.colcon_core.shell:create_environment_hook('go2_config', 'cmake_prefix_path')
[5.244s] INFO:colcon.colcon_core.shell:Creating environment hook '/home/dwduong74/yahboom_src/install/go2_config/share/go2_config/hook/cmake_prefix_path.ps1'
[5.245s] INFO:colcon.colcon_core.shell:Creating environment descriptor '/home/dwduong74/yahboom_src/install/go2_config/share/go2_config/hook/cmake_prefix_path.dsv'
[5.246s] INFO:colcon.colcon_core.shell:Creating environment hook '/home/dwduong74/yahboom_src/install/go2_config/share/go2_config/hook/cmake_prefix_path.sh'
[5.247s] Level 1:colcon.colcon_core.environment:checking '/home/dwduong74/yahboom_src/install/go2_config/bin'
[5.247s] Level 1:colcon.colcon_core.environment:checking '/home/dwduong74/yahboom_src/install/go2_config/lib/pkgconfig/go2_config.pc'
[5.247s] Level 1:colcon.colcon_core.environment:checking '/home/dwduong74/yahboom_src/install/go2_config/lib/python3.10/site-packages'
[5.247s] Level 1:colcon.colcon_core.environment:checking '/home/dwduong74/yahboom_src/install/go2_config/bin'
[5.248s] INFO:colcon.colcon_core.shell:Creating package script '/home/dwduong74/yahboom_src/install/go2_config/share/go2_config/package.ps1'
[5.248s] INFO:colcon.colcon_core.shell:Creating package descriptor '/home/dwduong74/yahboom_src/install/go2_config/share/go2_config/package.dsv'
[5.249s] INFO:colcon.colcon_core.shell:Creating package script '/home/dwduong74/yahboom_src/install/go2_config/share/go2_config/package.sh'
[5.249s] INFO:colcon.colcon_core.shell:Creating package script '/home/dwduong74/yahboom_src/install/go2_config/share/go2_config/package.bash'
[5.250s] INFO:colcon.colcon_core.shell:Creating package script '/home/dwduong74/yahboom_src/install/go2_config/share/go2_config/package.zsh'
[5.250s] Level 1:colcon.colcon_core.environment:create_file_with_runtime_dependencies(/home/dwduong74/yahboom_src/install/go2_config/share/colcon-core/packages/go2_config)
[5.994s] INFO:colcon.colcon_core.task.python.build:Building Python package in '/home/dwduong74/yahboom_src/src/yahboom_app_save_map'
[5.995s] INFO:colcon.colcon_core.shell:Skip shell extension 'powershell' for command environment: Not usable outside of PowerShell
[5.995s] DEBUG:colcon.colcon_core.shell:Skip shell extension 'dsv' for command environment
[6.001s] INFO:colcon.colcon_ros.task.ament_python.build:Building ROS package in '/home/dwduong74/yahboom_src/src/yahboom_base' with build type 'ament_python'
[6.001s] Level 1:colcon.colcon_core.shell:create_environment_hook('yahboom_base', 'ament_prefix_path')
[6.002s] INFO:colcon.colcon_core.shell:Creating environment hook '/home/dwduong74/yahboom_src/install/yahboom_base/share/yahboom_base/hook/ament_prefix_path.ps1'
[6.003s] INFO:colcon.colcon_core.shell:Creating environment descriptor '/home/dwduong74/yahboom_src/install/yahboom_base/share/yahboom_base/hook/ament_prefix_path.dsv'
[6.004s] INFO:colcon.colcon_core.shell:Creating environment hook '/home/dwduong74/yahboom_src/install/yahboom_base/share/yahboom_base/hook/ament_prefix_path.sh'
[6.005s] INFO:colcon.colcon_core.shell:Skip shell extension 'powershell' for command environment: Not usable outside of PowerShell
[6.005s] DEBUG:colcon.colcon_core.shell:Skip shell extension 'dsv' for command environment
[6.013s] Level 1:colcon.colcon_core.environment:create_environment_scripts_only(go2_description)
[6.014s] Level 1:colcon.colcon_core.environment:checking '/home/dwduong74/yahboom_src/install/go2_description' for CMake module files
[6.014s] DEBUG:colcon.colcon_core.event_handler.log_command:Invoked command in '/home/dwduong74/yahboom_src/build/go2_description' returned '0': CMAKE_PREFIX_PATH=${CMAKE_PREFIX_PATH}:/home/dwduong74/LUMI_ws/install/custom_explorer:/opt/ros/humble /usr/bin/cmake --install /home/dwduong74/yahboom_src/build/go2_description
[6.015s] Level 1:colcon.colcon_core.environment:checking '/home/dwduong74/yahboom_src/install/go2_description' for CMake config files
[6.015s] Level 1:colcon.colcon_core.shell:create_environment_hook('go2_description', 'cmake_prefix_path')
[6.016s] INFO:colcon.colcon_core.shell:Creating environment hook '/home/dwduong74/yahboom_src/install/go2_description/share/go2_description/hook/cmake_prefix_path.ps1'
[6.017s] INFO:colcon.colcon_core.shell:Creating environment descriptor '/home/dwduong74/yahboom_src/install/go2_description/share/go2_description/hook/cmake_prefix_path.dsv'
[6.017s] INFO:colcon.colcon_core.shell:Creating environment hook '/home/dwduong74/yahboom_src/install/go2_description/share/go2_description/hook/cmake_prefix_path.sh'
[6.018s] Level 1:colcon.colcon_core.environment:checking '/home/dwduong74/yahboom_src/install/go2_description/bin'
[6.018s] Level 1:colcon.colcon_core.environment:checking '/home/dwduong74/yahboom_src/install/go2_description/lib/pkgconfig/go2_description.pc'
[6.019s] Level 1:colcon.colcon_core.environment:checking '/home/dwduong74/yahboom_src/install/go2_description/lib/python3.10/site-packages'
[6.019s] Level 1:colcon.colcon_core.environment:checking '/home/dwduong74/yahboom_src/install/go2_description/bin'
[6.020s] INFO:colcon.colcon_core.shell:Creating package script '/home/dwduong74/yahboom_src/install/go2_description/share/go2_description/package.ps1'
[6.021s] INFO:colcon.colcon_core.shell:Creating package descriptor '/home/dwduong74/yahboom_src/install/go2_description/share/go2_description/package.dsv'
[6.022s] INFO:colcon.colcon_core.shell:Creating package script '/home/dwduong74/yahboom_src/install/go2_description/share/go2_description/package.sh'
[6.023s] INFO:colcon.colcon_core.shell:Creating package script '/home/dwduong74/yahboom_src/install/go2_description/share/go2_description/package.bash'
[6.023s] INFO:colcon.colcon_core.shell:Creating package script '/home/dwduong74/yahboom_src/install/go2_description/share/go2_description/package.zsh'
[6.025s] Level 1:colcon.colcon_core.environment:create_file_with_runtime_dependencies(/home/dwduong74/yahboom_src/install/go2_description/share/colcon-core/packages/go2_description)
[6.027s] Level 1:colcon.colcon_core.environment:create_environment_scripts_only(go2_description)
[6.027s] Level 1:colcon.colcon_core.environment:checking '/home/dwduong74/yahboom_src/install/go2_description' for CMake module files
[6.028s] Level 1:colcon.colcon_core.environment:checking '/home/dwduong74/yahboom_src/install/go2_description' for CMake config files
[6.028s] Level 1:colcon.colcon_core.shell:create_environment_hook('go2_description', 'cmake_prefix_path')
[6.029s] INFO:colcon.colcon_core.shell:Creating environment hook '/home/dwduong74/yahboom_src/install/go2_description/share/go2_description/hook/cmake_prefix_path.ps1'
[6.030s] INFO:colcon.colcon_core.shell:Creating environment descriptor '/home/dwduong74/yahboom_src/install/go2_description/share/go2_description/hook/cmake_prefix_path.dsv'
[6.030s] INFO:colcon.colcon_core.shell:Creating environment hook '/home/dwduong74/yahboom_src/install/go2_description/share/go2_description/hook/cmake_prefix_path.sh'
[6.031s] Level 1:colcon.colcon_core.environment:checking '/home/dwduong74/yahboom_src/install/go2_description/bin'
[6.031s] Level 1:colcon.colcon_core.environment:checking '/home/dwduong74/yahboom_src/install/go2_description/lib/pkgconfig/go2_description.pc'
[6.032s] Level 1:colcon.colcon_core.environment:checking '/home/dwduong74/yahboom_src/install/go2_description/lib/python3.10/site-packages'
[6.032s] Level 1:colcon.colcon_core.environment:checking '/home/dwduong74/yahboom_src/install/go2_description/bin'
[6.033s] INFO:colcon.colcon_core.shell:Creating package script '/home/dwduong74/yahboom_src/install/go2_description/share/go2_description/package.ps1'
[6.034s] INFO:colcon.colcon_core.shell:Creating package descriptor '/home/dwduong74/yahboom_src/install/go2_description/share/go2_description/package.dsv'
[6.034s] INFO:colcon.colcon_core.shell:Creating package script '/home/dwduong74/yahboom_src/install/go2_description/share/go2_description/package.sh'
[6.035s] INFO:colcon.colcon_core.shell:Creating package script '/home/dwduong74/yahboom_src/install/go2_description/share/go2_description/package.bash'
[6.036s] INFO:colcon.colcon_core.shell:Creating package script '/home/dwduong74/yahboom_src/install/go2_description/share/go2_description/package.zsh'
[6.037s] Level 1:colcon.colcon_core.environment:create_file_with_runtime_dependencies(/home/dwduong74/yahboom_src/install/go2_description/share/colcon-core/packages/go2_description)
[6.041s] DEBUG:colcon.colcon_core.event_handler.log_command:Invoked command in '/home/dwduong74/yahboom_src/build/champ_msgs' returned '0': CMAKE_PREFIX_PATH=${CMAKE_PREFIX_PATH}:/home/dwduong74/LUMI_ws/install/custom_explorer:/opt/ros/humble /usr/bin/cmake /home/dwduong74/yahboom_src/src/unitree-go2-ros2/champ/champ_msgs -DCMAKE_INSTALL_PREFIX=/home/dwduong74/yahboom_src/install/champ_msgs
[6.044s] DEBUG:colcon.colcon_core.event_handler.log_command:Invoking command in '/home/dwduong74/yahboom_src/build/champ_msgs': CMAKE_PREFIX_PATH=${CMAKE_PREFIX_PATH}:/home/dwduong74/LUMI_ws/install/custom_explorer:/opt/ros/humble /usr/bin/cmake --build /home/dwduong74/yahboom_src/build/champ_msgs -- -j8 -l8
[6.045s] DEBUG:colcon.colcon_core.event_handler.log_command:Invoked command in '/home/dwduong74/yahboom_src/build/velodyne_gazebo_plugins' returned '0': CMAKE_PREFIX_PATH=${CMAKE_PREFIX_PATH}:/home/dwduong74/LUMI_ws/install/custom_explorer:/opt/ros/humble /usr/bin/cmake /home/dwduong74/yahboom_src/src/unitree-go2-ros2/velodyne/velodyne_gazebo_plugins -DCMAKE_INSTALL_PREFIX=/home/dwduong74/yahboom_src/install/velodyne_gazebo_plugins
[6.046s] DEBUG:colcon.colcon_core.event_handler.log_command:Invoking command in '/home/dwduong74/yahboom_src/build/velodyne_gazebo_plugins': CMAKE_PREFIX_PATH=${CMAKE_PREFIX_PATH}:/home/dwduong74/LUMI_ws/install/custom_explorer:/opt/ros/humble /usr/bin/cmake --build /home/dwduong74/yahboom_src/build/velodyne_gazebo_plugins -- -j8 -l8
[6.047s] INFO:colcon.colcon_ros.task.ament_python.build:Building ROS package in '/home/dwduong74/yahboom_src/src/yahboom_bringup' with build type 'ament_python'
[6.048s] Level 1:colcon.colcon_core.shell:create_environment_hook('yahboom_bringup', 'ament_prefix_path')
[6.048s] INFO:colcon.colcon_core.shell:Creating environment hook '/home/dwduong74/yahboom_src/install/yahboom_bringup/share/yahboom_bringup/hook/ament_prefix_path.ps1'
[6.049s] INFO:colcon.colcon_core.shell:Creating environment descriptor '/home/dwduong74/yahboom_src/install/yahboom_bringup/share/yahboom_bringup/hook/ament_prefix_path.dsv'
[6.050s] INFO:colcon.colcon_core.shell:Creating environment hook '/home/dwduong74/yahboom_src/install/yahboom_bringup/share/yahboom_bringup/hook/ament_prefix_path.sh'
[6.051s] INFO:colcon.colcon_core.shell:Skip shell extension 'powershell' for command environment: Not usable outside of PowerShell
[6.051s] DEBUG:colcon.colcon_core.shell:Skip shell extension 'dsv' for command environment
[6.995s] INFO:colcon.colcon_core.task.python.build:Building Python package in '/home/dwduong74/yahboom_src/src/yahboom_base'
[6.995s] INFO:colcon.colcon_core.shell:Skip shell extension 'powershell' for command environment: Not usable outside of PowerShell
[6.995s] DEBUG:colcon.colcon_core.shell:Skip shell extension 'dsv' for command environment
[7.746s] INFO:colcon.colcon_core.task.python.build:Building Python package in '/home/dwduong74/yahboom_src/src/yahboom_bringup'
[7.746s] INFO:colcon.colcon_core.shell:Skip shell extension 'powershell' for command environment: Not usable outside of PowerShell
[7.746s] DEBUG:colcon.colcon_core.shell:Skip shell extension 'dsv' for command environment
[7.762s] DEBUG:colcon.colcon_core.event_handler.log_command:Invoked command in '/home/dwduong74/yahboom_src/build/image_color_lab' returned '0': CMAKE_PREFIX_PATH=${CMAKE_PREFIX_PATH}:/home/dwduong74/LUMI_ws/install/custom_explorer:/opt/ros/humble /usr/bin/cmake /home/dwduong74/yahboom_src/src/image_color_lab -DCMAKE_INSTALL_PREFIX=/home/dwduong74/yahboom_src/install/image_color_lab
[7.763s] DEBUG:colcon.colcon_core.event_handler.log_command:Invoking command in '/home/dwduong74/yahboom_src/build/image_color_lab': CMAKE_PREFIX_PATH=${CMAKE_PREFIX_PATH}:/home/dwduong74/LUMI_ws/install/custom_explorer:/opt/ros/humble /usr/bin/cmake --build /home/dwduong74/yahboom_src/build/image_color_lab -- -j8 -l8
[7.767s] DEBUG:colcon.colcon_core.event_handler.log_command:Invoked command in '/home/dwduong74/yahboom_src/build/oradar_lidar' returned '0': CMAKE_PREFIX_PATH=${CMAKE_PREFIX_PATH}:/home/dwduong74/LUMI_ws/install/custom_explorer:/opt/ros/humble /usr/bin/cmake /home/dwduong74/yahboom_src/src/oradar_lidar -DCMAKE_INSTALL_PREFIX=/home/dwduong74/yahboom_src/install/oradar_lidar
[7.768s] DEBUG:colcon.colcon_core.event_handler.log_command:Invoking command in '/home/dwduong74/yahboom_src/build/oradar_lidar': CMAKE_PREFIX_PATH=${CMAKE_PREFIX_PATH}:/home/dwduong74/LUMI_ws/install/custom_explorer:/opt/ros/humble /usr/bin/cmake --build /home/dwduong74/yahboom_src/build/oradar_lidar -- -j8 -l8
[7.778s] DEBUG:colcon.colcon_core.event_handler.log_command:Invoking command in '/home/dwduong74/yahboom_src/src/tf_publisher': PYTHONPATH=/home/dwduong74/yahboom_src/build/tf_publisher/prefix_override:/usr/lib/python3/dist-packages/colcon_core/task/python/colcon_distutils_commands:/home/dwduong74/yahboom_src/install/tf_publisher/lib/python3.10/site-packages:${PYTHONPATH} /usr/bin/python3 -W ignore:setup.py install is deprecated -W ignore:easy_install command is deprecated setup.py egg_info --egg-base ../../build/tf_publisher build --build-base /home/dwduong74/yahboom_src/build/tf_publisher/build install --record /home/dwduong74/yahboom_src/build/tf_publisher/install.log --single-version-externally-managed install_data
[7.796s] DEBUG:colcon.colcon_core.event_handler.log_command:Invoking command in '/home/dwduong74/yahboom_src/src/yahboom_app_save_map': PYTHONPATH=/home/dwduong74/yahboom_src/build/yahboom_app_save_map/prefix_override:/usr/lib/python3/dist-packages/colcon_core/task/python/colcon_distutils_commands:/home/dwduong74/yahboom_src/install/yahboom_app_save_map/lib/python3.10/site-packages:${PYTHONPATH} /usr/bin/python3 -W ignore:setup.py install is deprecated -W ignore:easy_install command is deprecated setup.py egg_info --egg-base ../../build/yahboom_app_save_map build --build-base /home/dwduong74/yahboom_src/build/yahboom_app_save_map/build install --record /home/dwduong74/yahboom_src/build/yahboom_app_save_map/install.log --single-version-externally-managed install_data
[8.912s] Level 1:colcon.colcon_core.environment:checking '/home/dwduong74/yahboom_src/install/tf_publisher' for CMake module files
[8.913s] Level 1:colcon.colcon_core.environment:checking '/home/dwduong74/yahboom_src/install/tf_publisher' for CMake config files
[8.914s] Level 1:colcon.colcon_core.environment:checking '/home/dwduong74/yahboom_src/install/tf_publisher/lib'
[8.914s] Level 1:colcon.colcon_core.environment:checking '/home/dwduong74/yahboom_src/install/tf_publisher/bin'
[8.914s] Level 1:colcon.colcon_core.environment:checking '/home/dwduong74/yahboom_src/install/tf_publisher/lib/pkgconfig/tf_publisher.pc'
[8.915s] Level 1:colcon.colcon_core.environment:checking '/home/dwduong74/yahboom_src/install/tf_publisher/lib/python3.10/site-packages'
[8.915s] Level 1:colcon.colcon_core.shell:create_environment_hook('tf_publisher', 'pythonpath')
[8.915s] INFO:colcon.colcon_core.shell:Creating environment hook '/home/dwduong74/yahboom_src/install/tf_publisher/share/tf_publisher/hook/pythonpath.ps1'
[8.916s] DEBUG:colcon.colcon_core.event_handler.log_command:Invoked command in '/home/dwduong74/yahboom_src/src/tf_publisher' returned '0': PYTHONPATH=/home/dwduong74/yahboom_src/build/tf_publisher/prefix_override:/usr/lib/python3/dist-packages/colcon_core/task/python/colcon_distutils_commands:/home/dwduong74/yahboom_src/install/tf_publisher/lib/python3.10/site-packages:${PYTHONPATH} /usr/bin/python3 -W ignore:setup.py install is deprecated -W ignore:easy_install command is deprecated setup.py egg_info --egg-base ../../build/tf_publisher build --build-base /home/dwduong74/yahboom_src/build/tf_publisher/build install --record /home/dwduong74/yahboom_src/build/tf_publisher/install.log --single-version-externally-managed install_data
[8.917s] INFO:colcon.colcon_core.shell:Creating environment descriptor '/home/dwduong74/yahboom_src/install/tf_publisher/share/tf_publisher/hook/pythonpath.dsv'
[8.917s] INFO:colcon.colcon_core.shell:Creating environment hook '/home/dwduong74/yahboom_src/install/tf_publisher/share/tf_publisher/hook/pythonpath.sh'
[8.919s] Level 1:colcon.colcon_core.environment:checking '/home/dwduong74/yahboom_src/install/tf_publisher/bin'
[8.919s] Level 1:colcon.colcon_core.environment:create_environment_scripts_only(tf_publisher)
[8.920s] INFO:colcon.colcon_core.shell:Creating package script '/home/dwduong74/yahboom_src/install/tf_publisher/share/tf_publisher/package.ps1'
[8.921s] INFO:colcon.colcon_core.shell:Creating package descriptor '/home/dwduong74/yahboom_src/install/tf_publisher/share/tf_publisher/package.dsv'
[8.930s] INFO:colcon.colcon_core.shell:Creating package script '/home/dwduong74/yahboom_src/install/tf_publisher/share/tf_publisher/package.sh'
[8.931s] INFO:colcon.colcon_core.shell:Creating package script '/home/dwduong74/yahboom_src/install/tf_publisher/share/tf_publisher/package.bash'
[8.934s] INFO:colcon.colcon_core.shell:Creating package script '/home/dwduong74/yahboom_src/install/tf_publisher/share/tf_publisher/package.zsh'
[8.935s] Level 1:colcon.colcon_core.environment:create_file_with_runtime_dependencies(/home/dwduong74/yahboom_src/install/tf_publisher/share/colcon-core/packages/tf_publisher)
[8.940s] INFO:colcon.colcon_ros.task.ament_python.build:Building ROS package in '/home/dwduong74/yahboom_src/src/yahboom_description' with build type 'ament_python'
[8.940s] Level 1:colcon.colcon_core.shell:create_environment_hook('yahboom_description', 'ament_prefix_path')
[8.941s] INFO:colcon.colcon_core.shell:Creating environment hook '/home/dwduong74/yahboom_src/install/yahboom_description/share/yahboom_description/hook/ament_prefix_path.ps1'
[8.942s] INFO:colcon.colcon_core.shell:Creating environment descriptor '/home/dwduong74/yahboom_src/install/yahboom_description/share/yahboom_description/hook/ament_prefix_path.dsv'
[8.942s] INFO:colcon.colcon_core.shell:Creating environment hook '/home/dwduong74/yahboom_src/install/yahboom_description/share/yahboom_description/hook/ament_prefix_path.sh'
[8.943s] INFO:colcon.colcon_core.shell:Skip shell extension 'powershell' for command environment: Not usable outside of PowerShell
[8.944s] DEBUG:colcon.colcon_core.shell:Skip shell extension 'dsv' for command environment
[10.346s] INFO:colcon.colcon_core.task.python.build:Building Python package in '/home/dwduong74/yahboom_src/src/yahboom_description'
[10.347s] INFO:colcon.colcon_core.shell:Skip shell extension 'powershell' for command environment: Not usable outside of PowerShell
[10.347s] DEBUG:colcon.colcon_core.shell:Skip shell extension 'dsv' for command environment
[11.438s] Level 1:colcon.colcon_core.environment:checking '/home/dwduong74/yahboom_src/install/yahboom_app_save_map' for CMake module files
[11.442s] Level 1:colcon.colcon_core.environment:checking '/home/dwduong74/yahboom_src/install/yahboom_app_save_map' for CMake config files
[11.443s] Level 1:colcon.colcon_core.environment:checking '/home/dwduong74/yahboom_src/install/yahboom_app_save_map/lib'
[11.443s] Level 1:colcon.colcon_core.environment:checking '/home/dwduong74/yahboom_src/install/yahboom_app_save_map/bin'
[11.443s] Level 1:colcon.colcon_core.environment:checking '/home/dwduong74/yahboom_src/install/yahboom_app_save_map/lib/pkgconfig/yahboom_app_save_map.pc'
[11.443s] Level 1:colcon.colcon_core.environment:checking '/home/dwduong74/yahboom_src/install/yahboom_app_save_map/lib/python3.10/site-packages'
[11.444s] Level 1:colcon.colcon_core.shell:create_environment_hook('yahboom_app_save_map', 'pythonpath')
[11.444s] INFO:colcon.colcon_core.shell:Creating environment hook '/home/dwduong74/yahboom_src/install/yahboom_app_save_map/share/yahboom_app_save_map/hook/pythonpath.ps1'
[11.445s] INFO:colcon.colcon_core.shell:Creating environment descriptor '/home/dwduong74/yahboom_src/install/yahboom_app_save_map/share/yahboom_app_save_map/hook/pythonpath.dsv'
[11.446s] INFO:colcon.colcon_core.shell:Creating environment hook '/home/dwduong74/yahboom_src/install/yahboom_app_save_map/share/yahboom_app_save_map/hook/pythonpath.sh'
[11.455s] DEBUG:colcon.colcon_core.event_handler.log_command:Invoked command in '/home/dwduong74/yahboom_src/src/yahboom_app_save_map' returned '0': PYTHONPATH=/home/dwduong74/yahboom_src/build/yahboom_app_save_map/prefix_override:/usr/lib/python3/dist-packages/colcon_core/task/python/colcon_distutils_commands:/home/dwduong74/yahboom_src/install/yahboom_app_save_map/lib/python3.10/site-packages:${PYTHONPATH} /usr/bin/python3 -W ignore:setup.py install is deprecated -W ignore:easy_install command is deprecated setup.py egg_info --egg-base ../../build/yahboom_app_save_map build --build-base /home/dwduong74/yahboom_src/build/yahboom_app_save_map/build install --record /home/dwduong74/yahboom_src/build/yahboom_app_save_map/install.log --single-version-externally-managed install_data
[11.457s] Level 1:colcon.colcon_core.environment:checking '/home/dwduong74/yahboom_src/install/yahboom_app_save_map/bin'
[11.457s] Level 1:colcon.colcon_core.environment:create_environment_scripts_only(yahboom_app_save_map)
[11.458s] INFO:colcon.colcon_core.shell:Creating package script '/home/dwduong74/yahboom_src/install/yahboom_app_save_map/share/yahboom_app_save_map/package.ps1'
[11.459s] INFO:colcon.colcon_core.shell:Creating package descriptor '/home/dwduong74/yahboom_src/install/yahboom_app_save_map/share/yahboom_app_save_map/package.dsv'
[11.460s] INFO:colcon.colcon_core.shell:Creating package script '/home/dwduong74/yahboom_src/install/yahboom_app_save_map/share/yahboom_app_save_map/package.sh'
[11.478s] INFO:colcon.colcon_core.shell:Creating package script '/home/dwduong74/yahboom_src/install/yahboom_app_save_map/share/yahboom_app_save_map/package.bash'
[11.478s] INFO:colcon.colcon_core.shell:Creating package script '/home/dwduong74/yahboom_src/install/yahboom_app_save_map/share/yahboom_app_save_map/package.zsh'
[11.479s] Level 1:colcon.colcon_core.environment:create_file_with_runtime_dependencies(/home/dwduong74/yahboom_src/install/yahboom_app_save_map/share/colcon-core/packages/yahboom_app_save_map)
[11.488s] INFO:colcon.colcon_ros.task.ament_python.build:Building ROS package in '/home/dwduong74/yahboom_src/src/yahboom_dog_joint_state' with build type 'ament_python'
[11.488s] Level 1:colcon.colcon_core.shell:create_environment_hook('yahboom_dog_joint_state', 'ament_prefix_path')
[11.489s] INFO:colcon.colcon_core.shell:Creating environment hook '/home/dwduong74/yahboom_src/install/yahboom_dog_joint_state/share/yahboom_dog_joint_state/hook/ament_prefix_path.ps1'
[11.490s] INFO:colcon.colcon_core.shell:Creating environment descriptor '/home/dwduong74/yahboom_src/install/yahboom_dog_joint_state/share/yahboom_dog_joint_state/hook/ament_prefix_path.dsv'
[11.490s] INFO:colcon.colcon_core.shell:Creating environment hook '/home/dwduong74/yahboom_src/install/yahboom_dog_joint_state/share/yahboom_dog_joint_state/hook/ament_prefix_path.sh'
[11.508s] INFO:colcon.colcon_core.shell:Skip shell extension 'powershell' for command environment: Not usable outside of PowerShell
[11.508s] DEBUG:colcon.colcon_core.shell:Skip shell extension 'dsv' for command environment
[13.841s] INFO:colcon.colcon_core.task.python.build:Building Python package in '/home/dwduong74/yahboom_src/src/yahboom_dog_joint_state'
[13.841s] INFO:colcon.colcon_core.shell:Skip shell extension 'powershell' for command environment: Not usable outside of PowerShell
[13.841s] DEBUG:colcon.colcon_core.shell:Skip shell extension 'dsv' for command environment
[13.895s] DEBUG:colcon.colcon_core.event_handler.log_command:Invoking command in '/home/dwduong74/yahboom_src/src/yahboom_bringup': PYTHONPATH=/home/dwduong74/yahboom_src/build/yahboom_bringup/prefix_override:/usr/lib/python3/dist-packages/colcon_core/task/python/colcon_distutils_commands:/home/dwduong74/yahboom_src/install/yahboom_bringup/lib/python3.10/site-packages:${PYTHONPATH} /usr/bin/python3 -W ignore:setup.py install is deprecated -W ignore:easy_install command is deprecated setup.py egg_info --egg-base ../../build/yahboom_bringup build --build-base /home/dwduong74/yahboom_src/build/yahboom_bringup/build install --record /home/dwduong74/yahboom_src/build/yahboom_bringup/install.log --single-version-externally-managed install_data
[13.897s] DEBUG:colcon.colcon_core.event_handler.log_command:Invoking command in '/home/dwduong74/yahboom_src/src/yahboom_base': PYTHONPATH=/home/dwduong74/yahboom_src/build/yahboom_base/prefix_override:/usr/lib/python3/dist-packages/colcon_core/task/python/colcon_distutils_commands:/home/dwduong74/yahboom_src/install/yahboom_base/lib/python3.10/site-packages:${PYTHONPATH} /usr/bin/python3 -W ignore:setup.py install is deprecated -W ignore:easy_install command is deprecated setup.py egg_info --egg-base ../../build/yahboom_base build --build-base /home/dwduong74/yahboom_src/build/yahboom_base/build install --record /home/dwduong74/yahboom_src/build/yahboom_base/install.log --single-version-externally-managed install_data
[15.033s] Level 1:colcon.colcon_core.environment:checking '/home/dwduong74/yahboom_src/install/yahboom_bringup' for CMake module files
[15.033s] Level 1:colcon.colcon_core.environment:checking '/home/dwduong74/yahboom_src/install/yahboom_bringup' for CMake config files
[15.034s] Level 1:colcon.colcon_core.environment:checking '/home/dwduong74/yahboom_src/install/yahboom_bringup/lib'
[15.034s] Level 1:colcon.colcon_core.environment:checking '/home/dwduong74/yahboom_src/install/yahboom_bringup/bin'
[15.034s] Level 1:colcon.colcon_core.environment:checking '/home/dwduong74/yahboom_src/install/yahboom_bringup/lib/pkgconfig/yahboom_bringup.pc'
[15.036s] Level 1:colcon.colcon_core.environment:checking '/home/dwduong74/yahboom_src/install/yahboom_bringup/lib/python3.10/site-packages'
[15.037s] DEBUG:colcon.colcon_core.event_handler.log_command:Invoked command in '/home/dwduong74/yahboom_src/src/yahboom_bringup' returned '0': PYTHONPATH=/home/dwduong74/yahboom_src/build/yahboom_bringup/prefix_override:/usr/lib/python3/dist-packages/colcon_core/task/python/colcon_distutils_commands:/home/dwduong74/yahboom_src/install/yahboom_bringup/lib/python3.10/site-packages:${PYTHONPATH} /usr/bin/python3 -W ignore:setup.py install is deprecated -W ignore:easy_install command is deprecated setup.py egg_info --egg-base ../../build/yahboom_bringup build --build-base /home/dwduong74/yahboom_src/build/yahboom_bringup/build install --record /home/dwduong74/yahboom_src/build/yahboom_bringup/install.log --single-version-externally-managed install_data
[15.037s] Level 1:colcon.colcon_core.shell:create_environment_hook('yahboom_bringup', 'pythonpath')
[15.038s] INFO:colcon.colcon_core.shell:Creating environment hook '/home/dwduong74/yahboom_src/install/yahboom_bringup/share/yahboom_bringup/hook/pythonpath.ps1'
[15.040s] INFO:colcon.colcon_core.shell:Creating environment descriptor '/home/dwduong74/yahboom_src/install/yahboom_bringup/share/yahboom_bringup/hook/pythonpath.dsv'
[15.040s] INFO:colcon.colcon_core.shell:Creating environment hook '/home/dwduong74/yahboom_src/install/yahboom_bringup/share/yahboom_bringup/hook/pythonpath.sh'
[15.042s] Level 1:colcon.colcon_core.environment:checking '/home/dwduong74/yahboom_src/install/yahboom_bringup/bin'
[15.045s] Level 1:colcon.colcon_core.environment:create_environment_scripts_only(yahboom_bringup)
[15.046s] INFO:colcon.colcon_core.shell:Creating package script '/home/dwduong74/yahboom_src/install/yahboom_bringup/share/yahboom_bringup/package.ps1'
[15.050s] INFO:colcon.colcon_core.shell:Creating package descriptor '/home/dwduong74/yahboom_src/install/yahboom_bringup/share/yahboom_bringup/package.dsv'
[15.050s] INFO:colcon.colcon_core.shell:Creating package script '/home/dwduong74/yahboom_src/install/yahboom_bringup/share/yahboom_bringup/package.sh'
[15.051s] INFO:colcon.colcon_core.shell:Creating package script '/home/dwduong74/yahboom_src/install/yahboom_bringup/share/yahboom_bringup/package.bash'
[15.056s] INFO:colcon.colcon_core.shell:Creating package script '/home/dwduong74/yahboom_src/install/yahboom_bringup/share/yahboom_bringup/package.zsh'
[15.057s] Level 1:colcon.colcon_core.environment:create_file_with_runtime_dependencies(/home/dwduong74/yahboom_src/install/yahboom_bringup/share/colcon-core/packages/yahboom_bringup)
[15.058s] INFO:colcon.colcon_ros.task.ament_python.build:Building ROS package in '/home/dwduong74/yahboom_src/src/yahboom_gait' with build type 'ament_python'
[15.058s] Level 1:colcon.colcon_core.shell:create_environment_hook('yahboom_gait', 'ament_prefix_path')
[15.059s] INFO:colcon.colcon_core.shell:Creating environment hook '/home/dwduong74/yahboom_src/install/yahboom_gait/share/yahboom_gait/hook/ament_prefix_path.ps1'
[15.060s] INFO:colcon.colcon_core.shell:Creating environment descriptor '/home/dwduong74/yahboom_src/install/yahboom_gait/share/yahboom_gait/hook/ament_prefix_path.dsv'
[15.061s] INFO:colcon.colcon_core.shell:Creating environment hook '/home/dwduong74/yahboom_src/install/yahboom_gait/share/yahboom_gait/hook/ament_prefix_path.sh'
[15.062s] INFO:colcon.colcon_core.shell:Skip shell extension 'powershell' for command environment: Not usable outside of PowerShell
[15.062s] DEBUG:colcon.colcon_core.shell:Skip shell extension 'dsv' for command environment
[17.379s] INFO:colcon.colcon_core.task.python.build:Building Python package in '/home/dwduong74/yahboom_src/src/yahboom_gait'
[17.379s] INFO:colcon.colcon_core.shell:Skip shell extension 'powershell' for command environment: Not usable outside of PowerShell
[17.379s] DEBUG:colcon.colcon_core.shell:Skip shell extension 'dsv' for command environment
[17.403s] Level 1:colcon.colcon_core.environment:checking '/home/dwduong74/yahboom_src/install/yahboom_base' for CMake module files
[17.408s] Level 1:colcon.colcon_core.environment:checking '/home/dwduong74/yahboom_src/install/yahboom_base' for CMake config files
[17.409s] Level 1:colcon.colcon_core.environment:checking '/home/dwduong74/yahboom_src/install/yahboom_base/lib'
[17.409s] Level 1:colcon.colcon_core.environment:checking '/home/dwduong74/yahboom_src/install/yahboom_base/bin'
[17.409s] Level 1:colcon.colcon_core.environment:checking '/home/dwduong74/yahboom_src/install/yahboom_base/lib/pkgconfig/yahboom_base.pc'
[17.409s] Level 1:colcon.colcon_core.environment:checking '/home/dwduong74/yahboom_src/install/yahboom_base/lib/python3.10/site-packages'
[17.409s] Level 1:colcon.colcon_core.shell:create_environment_hook('yahboom_base', 'pythonpath')
[17.410s] INFO:colcon.colcon_core.shell:Creating environment hook '/home/dwduong74/yahboom_src/install/yahboom_base/share/yahboom_base/hook/pythonpath.ps1'
[17.411s] INFO:colcon.colcon_core.shell:Creating environment descriptor '/home/dwduong74/yahboom_src/install/yahboom_base/share/yahboom_base/hook/pythonpath.dsv'
[17.411s] INFO:colcon.colcon_core.shell:Creating environment hook '/home/dwduong74/yahboom_src/install/yahboom_base/share/yahboom_base/hook/pythonpath.sh'
[17.417s] DEBUG:colcon.colcon_core.event_handler.log_command:Invoked command in '/home/dwduong74/yahboom_src/src/yahboom_base' returned '0': PYTHONPATH=/home/dwduong74/yahboom_src/build/yahboom_base/prefix_override:/usr/lib/python3/dist-packages/colcon_core/task/python/colcon_distutils_commands:/home/dwduong74/yahboom_src/install/yahboom_base/lib/python3.10/site-packages:${PYTHONPATH} /usr/bin/python3 -W ignore:setup.py install is deprecated -W ignore:easy_install command is deprecated setup.py egg_info --egg-base ../../build/yahboom_base build --build-base /home/dwduong74/yahboom_src/build/yahboom_base/build install --record /home/dwduong74/yahboom_src/build/yahboom_base/install.log --single-version-externally-managed install_data
[17.418s] Level 1:colcon.colcon_core.environment:checking '/home/dwduong74/yahboom_src/install/yahboom_base/bin'
[17.418s] Level 1:colcon.colcon_core.environment:create_environment_scripts_only(yahboom_base)
[17.419s] INFO:colcon.colcon_core.shell:Creating package script '/home/dwduong74/yahboom_src/install/yahboom_base/share/yahboom_base/package.ps1'
[17.420s] INFO:colcon.colcon_core.shell:Creating package descriptor '/home/dwduong74/yahboom_src/install/yahboom_base/share/yahboom_base/package.dsv'
[17.425s] INFO:colcon.colcon_core.shell:Creating package script '/home/dwduong74/yahboom_src/install/yahboom_base/share/yahboom_base/package.sh'
[17.426s] INFO:colcon.colcon_core.shell:Creating package script '/home/dwduong74/yahboom_src/install/yahboom_base/share/yahboom_base/package.bash'
[17.427s] INFO:colcon.colcon_core.shell:Creating package script '/home/dwduong74/yahboom_src/install/yahboom_base/share/yahboom_base/package.zsh'
[17.432s] Level 1:colcon.colcon_core.environment:create_file_with_runtime_dependencies(/home/dwduong74/yahboom_src/install/yahboom_base/share/colcon-core/packages/yahboom_base)
[17.439s] DEBUG:colcon.colcon_core.event_handler.log_command:Invoking command in '/home/dwduong74/yahboom_src/src/yahboom_description': PYTHONPATH=/home/dwduong74/yahboom_src/build/yahboom_description/prefix_override:/usr/lib/python3/dist-packages/colcon_core/task/python/colcon_distutils_commands:/home/dwduong74/yahboom_src/install/yahboom_description/lib/python3.10/site-packages:${PYTHONPATH} /usr/bin/python3 -W ignore:setup.py install is deprecated -W ignore:easy_install command is deprecated setup.py egg_info --egg-base ../../build/yahboom_description build --build-base /home/dwduong74/yahboom_src/build/yahboom_description/build install --record /home/dwduong74/yahboom_src/build/yahboom_description/install.log --single-version-externally-managed install_data
[17.455s] DEBUG:colcon.colcon_core.event_handler.log_command:Invoking command in '/home/dwduong74/yahboom_src/src/yahboom_dog_joint_state': PYTHONPATH=/home/dwduong74/yahboom_src/build/yahboom_dog_joint_state/prefix_override:/usr/lib/python3/dist-packages/colcon_core/task/python/colcon_distutils_commands:/home/dwduong74/yahboom_src/install/yahboom_dog_joint_state/lib/python3.10/site-packages:${PYTHONPATH} /usr/bin/python3 -W ignore:setup.py install is deprecated -W ignore:easy_install command is deprecated setup.py egg_info --egg-base ../../build/yahboom_dog_joint_state build --build-base /home/dwduong74/yahboom_src/build/yahboom_dog_joint_state/build install --record /home/dwduong74/yahboom_src/build/yahboom_dog_joint_state/install.log --single-version-externally-managed install_data
[17.456s] INFO:colcon.colcon_ros.task.ament_python.build:Building ROS package in '/home/dwduong74/yahboom_src/src/yahboom_mediapipe' with build type 'ament_python'
[17.456s] Level 1:colcon.colcon_core.shell:create_environment_hook('yahboom_mediapipe', 'ament_prefix_path')
[17.457s] INFO:colcon.colcon_core.shell:Creating environment hook '/home/dwduong74/yahboom_src/install/yahboom_mediapipe/share/yahboom_mediapipe/hook/ament_prefix_path.ps1'
[17.460s] INFO:colcon.colcon_core.shell:Creating environment descriptor '/home/dwduong74/yahboom_src/install/yahboom_mediapipe/share/yahboom_mediapipe/hook/ament_prefix_path.dsv'
[17.461s] INFO:colcon.colcon_core.shell:Creating environment hook '/home/dwduong74/yahboom_src/install/yahboom_mediapipe/share/yahboom_mediapipe/hook/ament_prefix_path.sh'
[17.462s] INFO:colcon.colcon_core.shell:Skip shell extension 'powershell' for command environment: Not usable outside of PowerShell
[17.462s] DEBUG:colcon.colcon_core.shell:Skip shell extension 'dsv' for command environment
[19.254s] INFO:colcon.colcon_core.task.python.build:Building Python package in '/home/dwduong74/yahboom_src/src/yahboom_mediapipe'
[19.254s] INFO:colcon.colcon_core.shell:Skip shell extension 'powershell' for command environment: Not usable outside of PowerShell
[19.254s] DEBUG:colcon.colcon_core.shell:Skip shell extension 'dsv' for command environment
[19.263s] Level 1:colcon.colcon_core.environment:checking '/home/dwduong74/yahboom_src/install/yahboom_dog_joint_state' for CMake module files
[19.264s] Level 1:colcon.colcon_core.environment:checking '/home/dwduong74/yahboom_src/install/yahboom_dog_joint_state' for CMake config files
[19.265s] DEBUG:colcon.colcon_core.event_handler.log_command:Invoked command in '/home/dwduong74/yahboom_src/src/yahboom_dog_joint_state' returned '0': PYTHONPATH=/home/dwduong74/yahboom_src/build/yahboom_dog_joint_state/prefix_override:/usr/lib/python3/dist-packages/colcon_core/task/python/colcon_distutils_commands:/home/dwduong74/yahboom_src/install/yahboom_dog_joint_state/lib/python3.10/site-packages:${PYTHONPATH} /usr/bin/python3 -W ignore:setup.py install is deprecated -W ignore:easy_install command is deprecated setup.py egg_info --egg-base ../../build/yahboom_dog_joint_state build --build-base /home/dwduong74/yahboom_src/build/yahboom_dog_joint_state/build install --record /home/dwduong74/yahboom_src/build/yahboom_dog_joint_state/install.log --single-version-externally-managed install_data
[19.266s] Level 1:colcon.colcon_core.environment:checking '/home/dwduong74/yahboom_src/install/yahboom_dog_joint_state/lib'
[19.266s] Level 1:colcon.colcon_core.environment:checking '/home/dwduong74/yahboom_src/install/yahboom_dog_joint_state/bin'
[19.266s] Level 1:colcon.colcon_core.environment:checking '/home/dwduong74/yahboom_src/install/yahboom_dog_joint_state/lib/pkgconfig/yahboom_dog_joint_state.pc'
[19.266s] Level 1:colcon.colcon_core.environment:checking '/home/dwduong74/yahboom_src/install/yahboom_dog_joint_state/lib/python3.10/site-packages'
[19.266s] Level 1:colcon.colcon_core.shell:create_environment_hook('yahboom_dog_joint_state', 'pythonpath')
[19.266s] INFO:colcon.colcon_core.shell:Creating environment hook '/home/dwduong74/yahboom_src/install/yahboom_dog_joint_state/share/yahboom_dog_joint_state/hook/pythonpath.ps1'
[19.267s] INFO:colcon.colcon_core.shell:Creating environment descriptor '/home/dwduong74/yahboom_src/install/yahboom_dog_joint_state/share/yahboom_dog_joint_state/hook/pythonpath.dsv'
[19.267s] INFO:colcon.colcon_core.shell:Creating environment hook '/home/dwduong74/yahboom_src/install/yahboom_dog_joint_state/share/yahboom_dog_joint_state/hook/pythonpath.sh'
[19.268s] Level 1:colcon.colcon_core.environment:checking '/home/dwduong74/yahboom_src/install/yahboom_dog_joint_state/bin'
[19.268s] Level 1:colcon.colcon_core.environment:create_environment_scripts_only(yahboom_dog_joint_state)
[19.269s] INFO:colcon.colcon_core.shell:Creating package script '/home/dwduong74/yahboom_src/install/yahboom_dog_joint_state/share/yahboom_dog_joint_state/package.ps1'
[19.270s] INFO:colcon.colcon_core.shell:Creating package descriptor '/home/dwduong74/yahboom_src/install/yahboom_dog_joint_state/share/yahboom_dog_joint_state/package.dsv'
[19.271s] INFO:colcon.colcon_core.shell:Creating package script '/home/dwduong74/yahboom_src/install/yahboom_dog_joint_state/share/yahboom_dog_joint_state/package.sh'
[19.272s] INFO:colcon.colcon_core.shell:Creating package script '/home/dwduong74/yahboom_src/install/yahboom_dog_joint_state/share/yahboom_dog_joint_state/package.bash'
[19.272s] INFO:colcon.colcon_core.shell:Creating package script '/home/dwduong74/yahboom_src/install/yahboom_dog_joint_state/share/yahboom_dog_joint_state/package.zsh'
[19.273s] Level 1:colcon.colcon_core.environment:create_file_with_runtime_dependencies(/home/dwduong74/yahboom_src/install/yahboom_dog_joint_state/share/colcon-core/packages/yahboom_dog_joint_state)
[19.274s] DEBUG:colcon.colcon_core.event_handler.log_command:Invoked command in '/home/dwduong74/yahboom_src/build/image_color_lab' returned '0': CMAKE_PREFIX_PATH=${CMAKE_PREFIX_PATH}:/home/dwduong74/LUMI_ws/install/custom_explorer:/opt/ros/humble /usr/bin/cmake --build /home/dwduong74/yahboom_src/build/image_color_lab -- -j8 -l8
[19.277s] DEBUG:colcon.colcon_core.event_handler.log_command:Invoking command in '/home/dwduong74/yahboom_src/build/image_color_lab': CMAKE_PREFIX_PATH=${CMAKE_PREFIX_PATH}:/home/dwduong74/LUMI_ws/install/custom_explorer:/opt/ros/humble /usr/bin/cmake --install /home/dwduong74/yahboom_src/build/image_color_lab
[19.278s] INFO:colcon.colcon_ros.task.ament_cmake.build:Building ROS package in '/home/dwduong74/yahboom_src/src/yahboom_msgs' with build type 'ament_cmake'
[19.278s] INFO:colcon.colcon_cmake.task.cmake.build:Building CMake package in '/home/dwduong74/yahboom_src/src/yahboom_msgs'
[19.279s] INFO:colcon.colcon_core.shell:Skip shell extension 'powershell' for command environment: Not usable outside of PowerShell
[19.279s] DEBUG:colcon.colcon_core.shell:Skip shell extension 'dsv' for command environment
[19.287s] Level 1:colcon.colcon_core.environment:checking '/home/dwduong74/yahboom_src/install/yahboom_description' for CMake module files
[19.288s] Level 1:colcon.colcon_core.environment:checking '/home/dwduong74/yahboom_src/install/yahboom_description' for CMake config files
[19.290s] DEBUG:colcon.colcon_core.event_handler.log_command:Invoked command in '/home/dwduong74/yahboom_src/src/yahboom_description' returned '0': PYTHONPATH=/home/dwduong74/yahboom_src/build/yahboom_description/prefix_override:/usr/lib/python3/dist-packages/colcon_core/task/python/colcon_distutils_commands:/home/dwduong74/yahboom_src/install/yahboom_description/lib/python3.10/site-packages:${PYTHONPATH} /usr/bin/python3 -W ignore:setup.py install is deprecated -W ignore:easy_install command is deprecated setup.py egg_info --egg-base ../../build/yahboom_description build --build-base /home/dwduong74/yahboom_src/build/yahboom_description/build install --record /home/dwduong74/yahboom_src/build/yahboom_description/install.log --single-version-externally-managed install_data
[19.293s] Level 1:colcon.colcon_core.environment:checking '/home/dwduong74/yahboom_src/install/yahboom_description/lib'
[19.293s] Level 1:colcon.colcon_core.environment:checking '/home/dwduong74/yahboom_src/install/yahboom_description/bin'
[19.293s] Level 1:colcon.colcon_core.environment:checking '/home/dwduong74/yahboom_src/install/yahboom_description/lib/pkgconfig/yahboom_description.pc'
[19.294s] Level 1:colcon.colcon_core.environment:checking '/home/dwduong74/yahboom_src/install/yahboom_description/lib/python3.10/site-packages'
[19.294s] Level 1:colcon.colcon_core.shell:create_environment_hook('yahboom_description', 'pythonpath')
[19.295s] INFO:colcon.colcon_core.shell:Creating environment hook '/home/dwduong74/yahboom_src/install/yahboom_description/share/yahboom_description/hook/pythonpath.ps1'
[19.299s] INFO:colcon.colcon_core.shell:Creating environment descriptor '/home/dwduong74/yahboom_src/install/yahboom_description/share/yahboom_description/hook/pythonpath.dsv'
[19.300s] INFO:colcon.colcon_core.shell:Creating environment hook '/home/dwduong74/yahboom_src/install/yahboom_description/share/yahboom_description/hook/pythonpath.sh'
[19.303s] Level 1:colcon.colcon_core.environment:checking '/home/dwduong74/yahboom_src/install/yahboom_description/bin'
[19.304s] Level 1:colcon.colcon_core.environment:create_environment_scripts_only(yahboom_description)
[19.305s] INFO:colcon.colcon_core.shell:Creating package script '/home/dwduong74/yahboom_src/install/yahboom_description/share/yahboom_description/package.ps1'
[19.308s] INFO:colcon.colcon_core.shell:Creating package descriptor '/home/dwduong74/yahboom_src/install/yahboom_description/share/yahboom_description/package.dsv'
[19.309s] INFO:colcon.colcon_core.shell:Creating package script '/home/dwduong74/yahboom_src/install/yahboom_description/share/yahboom_description/package.sh'
[19.311s] INFO:colcon.colcon_core.shell:Creating package script '/home/dwduong74/yahboom_src/install/yahboom_description/share/yahboom_description/package.bash'
[19.314s] INFO:colcon.colcon_core.shell:Creating package script '/home/dwduong74/yahboom_src/install/yahboom_description/share/yahboom_description/package.zsh'
[19.318s] Level 1:colcon.colcon_core.environment:create_file_with_runtime_dependencies(/home/dwduong74/yahboom_src/install/yahboom_description/share/colcon-core/packages/yahboom_description)
[19.320s] INFO:colcon.colcon_ros.task.ament_python.build:Building ROS package in '/home/dwduong74/yahboom_src/src/yahboom_set_height' with build type 'ament_python'
[19.320s] Level 1:colcon.colcon_core.shell:create_environment_hook('yahboom_set_height', 'ament_prefix_path')
[19.321s] INFO:colcon.colcon_core.shell:Creating environment hook '/home/dwduong74/yahboom_src/install/yahboom_set_height/share/yahboom_set_height/hook/ament_prefix_path.ps1'
[19.322s] INFO:colcon.colcon_core.shell:Creating environment descriptor '/home/dwduong74/yahboom_src/install/yahboom_set_height/share/yahboom_set_height/hook/ament_prefix_path.dsv'
[19.323s] INFO:colcon.colcon_core.shell:Creating environment hook '/home/dwduong74/yahboom_src/install/yahboom_set_height/share/yahboom_set_height/hook/ament_prefix_path.sh'
[19.324s] INFO:colcon.colcon_core.shell:Skip shell extension 'powershell' for command environment: Not usable outside of PowerShell
[19.324s] DEBUG:colcon.colcon_core.shell:Skip shell extension 'dsv' for command environment
[19.340s] DEBUG:colcon.colcon_core.event_handler.log_command:Invoking command in '/home/dwduong74/yahboom_src/build/yahboom_msgs': CMAKE_PREFIX_PATH=${CMAKE_PREFIX_PATH}:/home/dwduong74/LUMI_ws/install/custom_explorer:/opt/ros/humble /usr/bin/cmake /home/dwduong74/yahboom_src/src/yahboom_msgs -DCMAKE_INSTALL_PREFIX=/home/dwduong74/yahboom_src/install/yahboom_msgs
[20.127s] INFO:colcon.colcon_core.task.python.build:Building Python package in '/home/dwduong74/yahboom_src/src/yahboom_set_height'
[20.128s] INFO:colcon.colcon_core.shell:Skip shell extension 'powershell' for command environment: Not usable outside of PowerShell
[20.128s] DEBUG:colcon.colcon_core.shell:Skip shell extension 'dsv' for command environment
[20.139s] Level 1:colcon.colcon_core.environment:create_environment_scripts_only(image_color_lab)
[20.140s] Level 1:colcon.colcon_core.environment:checking '/home/dwduong74/yahboom_src/install/image_color_lab' for CMake module files
[20.141s] DEBUG:colcon.colcon_core.event_handler.log_command:Invoking command in '/home/dwduong74/yahboom_src/src/yahboom_gait': PYTHONPATH=/home/dwduong74/yahboom_src/build/yahboom_gait/prefix_override:/usr/lib/python3/dist-packages/colcon_core/task/python/colcon_distutils_commands:/home/dwduong74/yahboom_src/install/yahboom_gait/lib/python3.10/site-packages:${PYTHONPATH} /usr/bin/python3 -W ignore:setup.py install is deprecated -W ignore:easy_install command is deprecated setup.py egg_info --egg-base ../../build/yahboom_gait build --build-base /home/dwduong74/yahboom_src/build/yahboom_gait/build install --record /home/dwduong74/yahboom_src/build/yahboom_gait/install.log --single-version-externally-managed install_data
[20.142s] Level 1:colcon.colcon_core.environment:checking '/home/dwduong74/yahboom_src/install/image_color_lab' for CMake config files
[20.142s] Level 1:colcon.colcon_core.shell:create_environment_hook('image_color_lab', 'cmake_prefix_path')
[20.142s] INFO:colcon.colcon_core.shell:Creating environment hook '/home/dwduong74/yahboom_src/install/image_color_lab/share/image_color_lab/hook/cmake_prefix_path.ps1'
[20.143s] INFO:colcon.colcon_core.shell:Creating environment descriptor '/home/dwduong74/yahboom_src/install/image_color_lab/share/image_color_lab/hook/cmake_prefix_path.dsv'
[20.144s] INFO:colcon.colcon_core.shell:Creating environment hook '/home/dwduong74/yahboom_src/install/image_color_lab/share/image_color_lab/hook/cmake_prefix_path.sh'
[20.145s] DEBUG:colcon.colcon_core.event_handler.log_command:Invoked command in '/home/dwduong74/yahboom_src/build/image_color_lab' returned '0': CMAKE_PREFIX_PATH=${CMAKE_PREFIX_PATH}:/home/dwduong74/LUMI_ws/install/custom_explorer:/opt/ros/humble /usr/bin/cmake --install /home/dwduong74/yahboom_src/build/image_color_lab
[20.145s] Level 1:colcon.colcon_core.environment:checking '/home/dwduong74/yahboom_src/install/image_color_lab/lib'
[20.146s] Level 1:colcon.colcon_core.shell:create_environment_hook('image_color_lab', 'ld_library_path_lib')
[20.146s] INFO:colcon.colcon_core.shell:Creating environment hook '/home/dwduong74/yahboom_src/install/image_color_lab/share/image_color_lab/hook/ld_library_path_lib.ps1'
[20.147s] INFO:colcon.colcon_core.shell:Creating environment descriptor '/home/dwduong74/yahboom_src/install/image_color_lab/share/image_color_lab/hook/ld_library_path_lib.dsv'
[20.147s] INFO:colcon.colcon_core.shell:Creating environment hook '/home/dwduong74/yahboom_src/install/image_color_lab/share/image_color_lab/hook/ld_library_path_lib.sh'
[20.148s] Level 1:colcon.colcon_core.environment:checking '/home/dwduong74/yahboom_src/install/image_color_lab/bin'
[20.148s] Level 1:colcon.colcon_core.environment:checking '/home/dwduong74/yahboom_src/install/image_color_lab/lib/pkgconfig/image_color_lab.pc'
[20.149s] Level 1:colcon.colcon_core.environment:checking '/home/dwduong74/yahboom_src/install/image_color_lab/lib/python3.10/site-packages'
[20.149s] Level 1:colcon.colcon_core.environment:checking '/home/dwduong74/yahboom_src/install/image_color_lab/bin'
[20.150s] INFO:colcon.colcon_core.shell:Creating package script '/home/dwduong74/yahboom_src/install/image_color_lab/share/image_color_lab/package.ps1'
[20.151s] INFO:colcon.colcon_core.shell:Creating package descriptor '/home/dwduong74/yahboom_src/install/image_color_lab/share/image_color_lab/package.dsv'
[20.152s] INFO:colcon.colcon_core.shell:Creating package script '/home/dwduong74/yahboom_src/install/image_color_lab/share/image_color_lab/package.sh'
[20.153s] INFO:colcon.colcon_core.shell:Creating package script '/home/dwduong74/yahboom_src/install/image_color_lab/share/image_color_lab/package.bash'
[20.154s] INFO:colcon.colcon_core.shell:Creating package script '/home/dwduong74/yahboom_src/install/image_color_lab/share/image_color_lab/package.zsh'
[20.154s] Level 1:colcon.colcon_core.environment:create_file_with_runtime_dependencies(/home/dwduong74/yahboom_src/install/image_color_lab/share/colcon-core/packages/image_color_lab)
[20.155s] Level 1:colcon.colcon_core.environment:create_environment_scripts_only(image_color_lab)
[20.156s] Level 1:colcon.colcon_core.environment:checking '/home/dwduong74/yahboom_src/install/image_color_lab' for CMake module files
[20.157s] Level 1:colcon.colcon_core.environment:checking '/home/dwduong74/yahboom_src/install/image_color_lab' for CMake config files
[20.157s] Level 1:colcon.colcon_core.shell:create_environment_hook('image_color_lab', 'cmake_prefix_path')
[20.158s] INFO:colcon.colcon_core.shell:Creating environment hook '/home/dwduong74/yahboom_src/install/image_color_lab/share/image_color_lab/hook/cmake_prefix_path.ps1'
[20.158s] INFO:colcon.colcon_core.shell:Creating environment descriptor '/home/dwduong74/yahboom_src/install/image_color_lab/share/image_color_lab/hook/cmake_prefix_path.dsv'
[20.159s] INFO:colcon.colcon_core.shell:Creating environment hook '/home/dwduong74/yahboom_src/install/image_color_lab/share/image_color_lab/hook/cmake_prefix_path.sh'
[20.160s] Level 1:colcon.colcon_core.environment:checking '/home/dwduong74/yahboom_src/install/image_color_lab/lib'
[20.160s] Level 1:colcon.colcon_core.shell:create_environment_hook('image_color_lab', 'ld_library_path_lib')
[20.161s] INFO:colcon.colcon_core.shell:Creating environment hook '/home/dwduong74/yahboom_src/install/image_color_lab/share/image_color_lab/hook/ld_library_path_lib.ps1'
[20.161s] INFO:colcon.colcon_core.shell:Creating environment descriptor '/home/dwduong74/yahboom_src/install/image_color_lab/share/image_color_lab/hook/ld_library_path_lib.dsv'
[20.162s] INFO:colcon.colcon_core.shell:Creating environment hook '/home/dwduong74/yahboom_src/install/image_color_lab/share/image_color_lab/hook/ld_library_path_lib.sh'
[20.163s] Level 1:colcon.colcon_core.environment:checking '/home/dwduong74/yahboom_src/install/image_color_lab/bin'
[20.163s] Level 1:colcon.colcon_core.environment:checking '/home/dwduong74/yahboom_src/install/image_color_lab/lib/pkgconfig/image_color_lab.pc'
[20.163s] Level 1:colcon.colcon_core.environment:checking '/home/dwduong74/yahboom_src/install/image_color_lab/lib/python3.10/site-packages'
[20.164s] Level 1:colcon.colcon_core.environment:checking '/home/dwduong74/yahboom_src/install/image_color_lab/bin'
[20.165s] INFO:colcon.colcon_core.shell:Creating package script '/home/dwduong74/yahboom_src/install/image_color_lab/share/image_color_lab/package.ps1'
[20.166s] INFO:colcon.colcon_core.shell:Creating package descriptor '/home/dwduong74/yahboom_src/install/image_color_lab/share/image_color_lab/package.dsv'
[20.167s] INFO:colcon.colcon_core.shell:Creating package script '/home/dwduong74/yahboom_src/install/image_color_lab/share/image_color_lab/package.sh'
[20.168s] INFO:colcon.colcon_core.shell:Creating package script '/home/dwduong74/yahboom_src/install/image_color_lab/share/image_color_lab/package.bash'
[20.168s] INFO:colcon.colcon_core.shell:Creating package script '/home/dwduong74/yahboom_src/install/image_color_lab/share/image_color_lab/package.zsh'
[20.169s] Level 1:colcon.colcon_core.environment:create_file_with_runtime_dependencies(/home/dwduong74/yahboom_src/install/image_color_lab/share/colcon-core/packages/image_color_lab)
[20.637s] DEBUG:colcon.colcon_core.event_handler.log_command:Invoking command in '/home/dwduong74/yahboom_src/src/yahboom_mediapipe': PYTHONPATH=/home/dwduong74/yahboom_src/build/yahboom_mediapipe/prefix_override:/usr/lib/python3/dist-packages/colcon_core/task/python/colcon_distutils_commands:/home/dwduong74/yahboom_src/install/yahboom_mediapipe/lib/python3.10/site-packages:${PYTHONPATH} /usr/bin/python3 -W ignore:setup.py install is deprecated -W ignore:easy_install command is deprecated setup.py egg_info --egg-base ../../build/yahboom_mediapipe build --build-base /home/dwduong74/yahboom_src/build/yahboom_mediapipe/build install --record /home/dwduong74/yahboom_src/build/yahboom_mediapipe/install.log --single-version-externally-managed install_data
[21.198s] Level 1:colcon.colcon_core.environment:checking '/home/dwduong74/yahboom_src/install/yahboom_gait' for CMake module files
[21.199s] Level 1:colcon.colcon_core.environment:checking '/home/dwduong74/yahboom_src/install/yahboom_gait' for CMake config files
[21.201s] Level 1:colcon.colcon_core.environment:checking '/home/dwduong74/yahboom_src/install/yahboom_gait/lib'
[21.201s] Level 1:colcon.colcon_core.environment:checking '/home/dwduong74/yahboom_src/install/yahboom_gait/bin'
[21.201s] Level 1:colcon.colcon_core.environment:checking '/home/dwduong74/yahboom_src/install/yahboom_gait/lib/pkgconfig/yahboom_gait.pc'
[21.202s] Level 1:colcon.colcon_core.environment:checking '/home/dwduong74/yahboom_src/install/yahboom_gait/lib/python3.10/site-packages'
[21.202s] Level 1:colcon.colcon_core.shell:create_environment_hook('yahboom_gait', 'pythonpath')
[21.202s] INFO:colcon.colcon_core.shell:Creating environment hook '/home/dwduong74/yahboom_src/install/yahboom_gait/share/yahboom_gait/hook/pythonpath.ps1'
[21.207s] DEBUG:colcon.colcon_core.event_handler.log_command:Invoked command in '/home/dwduong74/yahboom_src/src/yahboom_gait' returned '0': PYTHONPATH=/home/dwduong74/yahboom_src/build/yahboom_gait/prefix_override:/usr/lib/python3/dist-packages/colcon_core/task/python/colcon_distutils_commands:/home/dwduong74/yahboom_src/install/yahboom_gait/lib/python3.10/site-packages:${PYTHONPATH} /usr/bin/python3 -W ignore:setup.py install is deprecated -W ignore:easy_install command is deprecated setup.py egg_info --egg-base ../../build/yahboom_gait build --build-base /home/dwduong74/yahboom_src/build/yahboom_gait/build install --record /home/dwduong74/yahboom_src/build/yahboom_gait/install.log --single-version-externally-managed install_data
[21.207s] INFO:colcon.colcon_core.shell:Creating environment descriptor '/home/dwduong74/yahboom_src/install/yahboom_gait/share/yahboom_gait/hook/pythonpath.dsv'
[21.207s] INFO:colcon.colcon_core.shell:Creating environment hook '/home/dwduong74/yahboom_src/install/yahboom_gait/share/yahboom_gait/hook/pythonpath.sh'
[21.209s] Level 1:colcon.colcon_core.environment:checking '/home/dwduong74/yahboom_src/install/yahboom_gait/bin'
[21.209s] Level 1:colcon.colcon_core.environment:create_environment_scripts_only(yahboom_gait)
[21.210s] INFO:colcon.colcon_core.shell:Creating package script '/home/dwduong74/yahboom_src/install/yahboom_gait/share/yahboom_gait/package.ps1'
[21.214s] INFO:colcon.colcon_core.shell:Creating package descriptor '/home/dwduong74/yahboom_src/install/yahboom_gait/share/yahboom_gait/package.dsv'
[21.215s] INFO:colcon.colcon_core.shell:Creating package script '/home/dwduong74/yahboom_src/install/yahboom_gait/share/yahboom_gait/package.sh'
[21.216s] INFO:colcon.colcon_core.shell:Creating package script '/home/dwduong74/yahboom_src/install/yahboom_gait/share/yahboom_gait/package.bash'
[21.216s] INFO:colcon.colcon_core.shell:Creating package script '/home/dwduong74/yahboom_src/install/yahboom_gait/share/yahboom_gait/package.zsh'
[21.221s] Level 1:colcon.colcon_core.environment:create_file_with_runtime_dependencies(/home/dwduong74/yahboom_src/install/yahboom_gait/share/colcon-core/packages/yahboom_gait)
[21.531s] DEBUG:colcon.colcon_core.event_handler.log_command:Invoking command in '/home/dwduong74/yahboom_src/src/yahboom_set_height': PYTHONPATH=/home/dwduong74/yahboom_src/build/yahboom_set_height/prefix_override:/usr/lib/python3/dist-packages/colcon_core/task/python/colcon_distutils_commands:/home/dwduong74/yahboom_src/install/yahboom_set_height/lib/python3.10/site-packages:${PYTHONPATH} /usr/bin/python3 -W ignore:setup.py install is deprecated -W ignore:easy_install command is deprecated setup.py egg_info --egg-base ../../build/yahboom_set_height build --build-base /home/dwduong74/yahboom_src/build/yahboom_set_height/build install --record /home/dwduong74/yahboom_src/build/yahboom_set_height/install.log --single-version-externally-managed install_data
[21.909s] Level 1:colcon.colcon_core.environment:checking '/home/dwduong74/yahboom_src/install/yahboom_mediapipe' for CMake module files
[21.910s] DEBUG:colcon.colcon_core.event_handler.log_command:Invoked command in '/home/dwduong74/yahboom_src/src/yahboom_mediapipe' returned '0': PYTHONPATH=/home/dwduong74/yahboom_src/build/yahboom_mediapipe/prefix_override:/usr/lib/python3/dist-packages/colcon_core/task/python/colcon_distutils_commands:/home/dwduong74/yahboom_src/install/yahboom_mediapipe/lib/python3.10/site-packages:${PYTHONPATH} /usr/bin/python3 -W ignore:setup.py install is deprecated -W ignore:easy_install command is deprecated setup.py egg_info --egg-base ../../build/yahboom_mediapipe build --build-base /home/dwduong74/yahboom_src/build/yahboom_mediapipe/build install --record /home/dwduong74/yahboom_src/build/yahboom_mediapipe/install.log --single-version-externally-managed install_data
[21.911s] Level 1:colcon.colcon_core.environment:checking '/home/dwduong74/yahboom_src/install/yahboom_mediapipe' for CMake config files
[21.912s] Level 1:colcon.colcon_core.environment:checking '/home/dwduong74/yahboom_src/install/yahboom_mediapipe/lib'
[21.912s] Level 1:colcon.colcon_core.environment:checking '/home/dwduong74/yahboom_src/install/yahboom_mediapipe/bin'
[21.912s] Level 1:colcon.colcon_core.environment:checking '/home/dwduong74/yahboom_src/install/yahboom_mediapipe/lib/pkgconfig/yahboom_mediapipe.pc'
[21.912s] Level 1:colcon.colcon_core.environment:checking '/home/dwduong74/yahboom_src/install/yahboom_mediapipe/lib/python3.10/site-packages'
[21.912s] Level 1:colcon.colcon_core.shell:create_environment_hook('yahboom_mediapipe', 'pythonpath')
[21.913s] INFO:colcon.colcon_core.shell:Creating environment hook '/home/dwduong74/yahboom_src/install/yahboom_mediapipe/share/yahboom_mediapipe/hook/pythonpath.ps1'
[21.914s] INFO:colcon.colcon_core.shell:Creating environment descriptor '/home/dwduong74/yahboom_src/install/yahboom_mediapipe/share/yahboom_mediapipe/hook/pythonpath.dsv'
[21.914s] INFO:colcon.colcon_core.shell:Creating environment hook '/home/dwduong74/yahboom_src/install/yahboom_mediapipe/share/yahboom_mediapipe/hook/pythonpath.sh'
[21.916s] Level 1:colcon.colcon_core.environment:checking '/home/dwduong74/yahboom_src/install/yahboom_mediapipe/bin'
[21.916s] Level 1:colcon.colcon_core.environment:create_environment_scripts_only(yahboom_mediapipe)
[21.917s] INFO:colcon.colcon_core.shell:Creating package script '/home/dwduong74/yahboom_src/install/yahboom_mediapipe/share/yahboom_mediapipe/package.ps1'
[21.917s] INFO:colcon.colcon_core.shell:Creating package descriptor '/home/dwduong74/yahboom_src/install/yahboom_mediapipe/share/yahboom_mediapipe/package.dsv'
[21.918s] INFO:colcon.colcon_core.shell:Creating package script '/home/dwduong74/yahboom_src/install/yahboom_mediapipe/share/yahboom_mediapipe/package.sh'
[21.919s] INFO:colcon.colcon_core.shell:Creating package script '/home/dwduong74/yahboom_src/install/yahboom_mediapipe/share/yahboom_mediapipe/package.bash'
[21.920s] INFO:colcon.colcon_core.shell:Creating package script '/home/dwduong74/yahboom_src/install/yahboom_mediapipe/share/yahboom_mediapipe/package.zsh'
[21.921s] Level 1:colcon.colcon_core.environment:create_file_with_runtime_dependencies(/home/dwduong74/yahboom_src/install/yahboom_mediapipe/share/colcon-core/packages/yahboom_mediapipe)
[22.087s] DEBUG:colcon.colcon_core.event_handler.log_command:Invoked command in '/home/dwduong74/yahboom_src/build/champ_msgs' returned '0': CMAKE_PREFIX_PATH=${CMAKE_PREFIX_PATH}:/home/dwduong74/LUMI_ws/install/custom_explorer:/opt/ros/humble /usr/bin/cmake --build /home/dwduong74/yahboom_src/build/champ_msgs -- -j8 -l8
[22.090s] DEBUG:colcon.colcon_core.event_handler.log_command:Invoking command in '/home/dwduong74/yahboom_src/build/champ_msgs': CMAKE_PREFIX_PATH=${CMAKE_PREFIX_PATH}:/home/dwduong74/LUMI_ws/install/custom_explorer:/opt/ros/humble /usr/bin/cmake --install /home/dwduong74/yahboom_src/build/champ_msgs
[22.231s] Level 1:colcon.colcon_core.environment:create_environment_scripts_only(champ_msgs)
[22.231s] Level 1:colcon.colcon_core.environment:checking '/home/dwduong74/yahboom_src/install/champ_msgs' for CMake module files
[22.232s] DEBUG:colcon.colcon_core.event_handler.log_command:Invoked command in '/home/dwduong74/yahboom_src/build/champ_msgs' returned '0': CMAKE_PREFIX_PATH=${CMAKE_PREFIX_PATH}:/home/dwduong74/LUMI_ws/install/custom_explorer:/opt/ros/humble /usr/bin/cmake --install /home/dwduong74/yahboom_src/build/champ_msgs
[22.233s] Level 1:colcon.colcon_core.environment:checking '/home/dwduong74/yahboom_src/install/champ_msgs' for CMake config files
[22.233s] Level 1:colcon.colcon_core.shell:create_environment_hook('champ_msgs', 'cmake_prefix_path')
[22.234s] INFO:colcon.colcon_core.shell:Creating environment hook '/home/dwduong74/yahboom_src/install/champ_msgs/share/champ_msgs/hook/cmake_prefix_path.ps1'
[22.234s] INFO:colcon.colcon_core.shell:Creating environment descriptor '/home/dwduong74/yahboom_src/install/champ_msgs/share/champ_msgs/hook/cmake_prefix_path.dsv'
[22.235s] INFO:colcon.colcon_core.shell:Creating environment hook '/home/dwduong74/yahboom_src/install/champ_msgs/share/champ_msgs/hook/cmake_prefix_path.sh'
[22.236s] Level 1:colcon.colcon_core.environment:checking '/home/dwduong74/yahboom_src/install/champ_msgs/lib'
[22.236s] Level 1:colcon.colcon_core.shell:create_environment_hook('champ_msgs', 'ld_library_path_lib')
[22.236s] INFO:colcon.colcon_core.shell:Creating environment hook '/home/dwduong74/yahboom_src/install/champ_msgs/share/champ_msgs/hook/ld_library_path_lib.ps1'
[22.237s] INFO:colcon.colcon_core.shell:Creating environment descriptor '/home/dwduong74/yahboom_src/install/champ_msgs/share/champ_msgs/hook/ld_library_path_lib.dsv'
[22.238s] INFO:colcon.colcon_core.shell:Creating environment hook '/home/dwduong74/yahboom_src/install/champ_msgs/share/champ_msgs/hook/ld_library_path_lib.sh'
[22.238s] Level 1:colcon.colcon_core.environment:checking '/home/dwduong74/yahboom_src/install/champ_msgs/bin'
[22.238s] Level 1:colcon.colcon_core.environment:checking '/home/dwduong74/yahboom_src/install/champ_msgs/lib/pkgconfig/champ_msgs.pc'
[22.239s] Level 1:colcon.colcon_core.environment:checking '/home/dwduong74/yahboom_src/install/champ_msgs/lib/python3.10/site-packages'
[22.239s] Level 1:colcon.colcon_core.environment:checking '/home/dwduong74/yahboom_src/install/champ_msgs/bin'
[22.240s] INFO:colcon.colcon_core.shell:Creating package script '/home/dwduong74/yahboom_src/install/champ_msgs/share/champ_msgs/package.ps1'
[22.241s] INFO:colcon.colcon_core.shell:Creating package descriptor '/home/dwduong74/yahboom_src/install/champ_msgs/share/champ_msgs/package.dsv'
[22.242s] INFO:colcon.colcon_core.shell:Creating package script '/home/dwduong74/yahboom_src/install/champ_msgs/share/champ_msgs/package.sh'
[22.242s] INFO:colcon.colcon_core.shell:Creating package script '/home/dwduong74/yahboom_src/install/champ_msgs/share/champ_msgs/package.bash'
[22.243s] INFO:colcon.colcon_core.shell:Creating package script '/home/dwduong74/yahboom_src/install/champ_msgs/share/champ_msgs/package.zsh'
[22.243s] Level 1:colcon.colcon_core.environment:create_file_with_runtime_dependencies(/home/dwduong74/yahboom_src/install/champ_msgs/share/colcon-core/packages/champ_msgs)
[22.245s] Level 1:colcon.colcon_core.environment:create_environment_scripts_only(champ_msgs)
[22.245s] Level 1:colcon.colcon_core.environment:checking '/home/dwduong74/yahboom_src/install/champ_msgs' for CMake module files
[22.246s] Level 1:colcon.colcon_core.environment:checking '/home/dwduong74/yahboom_src/install/champ_msgs' for CMake config files
[22.246s] Level 1:colcon.colcon_core.shell:create_environment_hook('champ_msgs', 'cmake_prefix_path')
[22.247s] INFO:colcon.colcon_core.shell:Creating environment hook '/home/dwduong74/yahboom_src/install/champ_msgs/share/champ_msgs/hook/cmake_prefix_path.ps1'
[22.248s] INFO:colcon.colcon_core.shell:Creating environment descriptor '/home/dwduong74/yahboom_src/install/champ_msgs/share/champ_msgs/hook/cmake_prefix_path.dsv'
[22.249s] INFO:colcon.colcon_core.shell:Creating environment hook '/home/dwduong74/yahboom_src/install/champ_msgs/share/champ_msgs/hook/cmake_prefix_path.sh'
[22.250s] Level 1:colcon.colcon_core.environment:checking '/home/dwduong74/yahboom_src/install/champ_msgs/lib'
[22.250s] Level 1:colcon.colcon_core.shell:create_environment_hook('champ_msgs', 'ld_library_path_lib')
[22.250s] INFO:colcon.colcon_core.shell:Creating environment hook '/home/dwduong74/yahboom_src/install/champ_msgs/share/champ_msgs/hook/ld_library_path_lib.ps1'
[22.251s] INFO:colcon.colcon_core.shell:Creating environment descriptor '/home/dwduong74/yahboom_src/install/champ_msgs/share/champ_msgs/hook/ld_library_path_lib.dsv'
[22.251s] INFO:colcon.colcon_core.shell:Creating environment hook '/home/dwduong74/yahboom_src/install/champ_msgs/share/champ_msgs/hook/ld_library_path_lib.sh'
[22.252s] Level 1:colcon.colcon_core.environment:checking '/home/dwduong74/yahboom_src/install/champ_msgs/bin'
[22.252s] Level 1:colcon.colcon_core.environment:checking '/home/dwduong74/yahboom_src/install/champ_msgs/lib/pkgconfig/champ_msgs.pc'
[22.253s] Level 1:colcon.colcon_core.environment:checking '/home/dwduong74/yahboom_src/install/champ_msgs/lib/python3.10/site-packages'
[22.253s] Level 1:colcon.colcon_core.environment:checking '/home/dwduong74/yahboom_src/install/champ_msgs/bin'
[22.254s] INFO:colcon.colcon_core.shell:Creating package script '/home/dwduong74/yahboom_src/install/champ_msgs/share/champ_msgs/package.ps1'
[22.255s] INFO:colcon.colcon_core.shell:Creating package descriptor '/home/dwduong74/yahboom_src/install/champ_msgs/share/champ_msgs/package.dsv'
[22.256s] INFO:colcon.colcon_core.shell:Creating package script '/home/dwduong74/yahboom_src/install/champ_msgs/share/champ_msgs/package.sh'
[22.257s] INFO:colcon.colcon_core.shell:Creating package script '/home/dwduong74/yahboom_src/install/champ_msgs/share/champ_msgs/package.bash'
[22.257s] INFO:colcon.colcon_core.shell:Creating package script '/home/dwduong74/yahboom_src/install/champ_msgs/share/champ_msgs/package.zsh'
[22.258s] Level 1:colcon.colcon_core.environment:create_file_with_runtime_dependencies(/home/dwduong74/yahboom_src/install/champ_msgs/share/colcon-core/packages/champ_msgs)
[22.258s] INFO:colcon.colcon_ros.task.ament_cmake.build:Building ROS package in '/home/dwduong74/yahboom_src/src/unitree-go2-ros2/champ/champ_base' with build type 'ament_cmake'
[22.259s] INFO:colcon.colcon_cmake.task.cmake.build:Building CMake package in '/home/dwduong74/yahboom_src/src/unitree-go2-ros2/champ/champ_base'
[22.259s] INFO:colcon.colcon_core.shell:Skip shell extension 'powershell' for command environment: Not usable outside of PowerShell
[22.259s] DEBUG:colcon.colcon_core.shell:Skip shell extension 'dsv' for command environment
[22.266s] INFO:colcon.colcon_ros.task.ament_cmake.build:Building ROS package in '/home/dwduong74/yahboom_src/src/unitree-go2-ros2/champ/champ_gazebo' with build type 'ament_cmake'
[22.266s] INFO:colcon.colcon_cmake.task.cmake.build:Building CMake package in '/home/dwduong74/yahboom_src/src/unitree-go2-ros2/champ/champ_gazebo'
[22.267s] INFO:colcon.colcon_core.shell:Skip shell extension 'powershell' for command environment: Not usable outside of PowerShell
[22.267s] DEBUG:colcon.colcon_core.shell:Skip shell extension 'dsv' for command environment
[22.278s] DEBUG:colcon.colcon_core.event_handler.log_command:Invoking command in '/home/dwduong74/yahboom_src/build/champ_base': AMENT_PREFIX_PATH=/home/dwduong74/yahboom_src/install/champ_msgs:/home/dwduong74/yahboom_src/install/champ:${AMENT_PREFIX_PATH} CMAKE_PREFIX_PATH=/home/dwduong74/yahboom_src/install/champ_msgs:/home/dwduong74/yahboom_src/install/champ:/home/dwduong74/LUMI_ws/install/rf2o_laser_odometry:/home/dwduong74/LUMI_ws/install/custom_explorer:/opt/ros/humble LD_LIBRARY_PATH=/home/dwduong74/yahboom_src/install/champ_msgs/lib:${LD_LIBRARY_PATH} PYTHONPATH=/home/dwduong74/yahboom_src/install/champ_msgs/local/lib/python3.10/dist-packages:${PYTHONPATH} /usr/bin/cmake /home/dwduong74/yahboom_src/src/unitree-go2-ros2/champ/champ_base -DCMAKE_INSTALL_PREFIX=/home/dwduong74/yahboom_src/install/champ_base
[22.283s] DEBUG:colcon.colcon_core.event_handler.log_command:Invoking command in '/home/dwduong74/yahboom_src/build/champ_gazebo': AMENT_PREFIX_PATH=/home/dwduong74/yahboom_src/install/champ_msgs:/home/dwduong74/yahboom_src/install/champ:${AMENT_PREFIX_PATH} CMAKE_PREFIX_PATH=/home/dwduong74/yahboom_src/install/champ_msgs:/home/dwduong74/yahboom_src/install/champ:/home/dwduong74/LUMI_ws/install/rf2o_laser_odometry:/home/dwduong74/LUMI_ws/install/custom_explorer:/opt/ros/humble LD_LIBRARY_PATH=/home/dwduong74/yahboom_src/install/champ_msgs/lib:${LD_LIBRARY_PATH} PYTHONPATH=/home/dwduong74/yahboom_src/install/champ_msgs/local/lib/python3.10/dist-packages:${PYTHONPATH} /usr/bin/cmake /home/dwduong74/yahboom_src/src/unitree-go2-ros2/champ/champ_gazebo -DCMAKE_INSTALL_PREFIX=/home/dwduong74/yahboom_src/install/champ_gazebo
[22.482s] Level 1:colcon.colcon_core.environment:checking '/home/dwduong74/yahboom_src/install/yahboom_set_height' for CMake module files
[22.483s] DEBUG:colcon.colcon_core.event_handler.log_command:Invoked command in '/home/dwduong74/yahboom_src/src/yahboom_set_height' returned '0': PYTHONPATH=/home/dwduong74/yahboom_src/build/yahboom_set_height/prefix_override:/usr/lib/python3/dist-packages/colcon_core/task/python/colcon_distutils_commands:/home/dwduong74/yahboom_src/install/yahboom_set_height/lib/python3.10/site-packages:${PYTHONPATH} /usr/bin/python3 -W ignore:setup.py install is deprecated -W ignore:easy_install command is deprecated setup.py egg_info --egg-base ../../build/yahboom_set_height build --build-base /home/dwduong74/yahboom_src/build/yahboom_set_height/build install --record /home/dwduong74/yahboom_src/build/yahboom_set_height/install.log --single-version-externally-managed install_data
[22.483s] Level 1:colcon.colcon_core.environment:checking '/home/dwduong74/yahboom_src/install/yahboom_set_height' for CMake config files
[22.484s] Level 1:colcon.colcon_core.environment:checking '/home/dwduong74/yahboom_src/install/yahboom_set_height/lib'
[22.484s] Level 1:colcon.colcon_core.environment:checking '/home/dwduong74/yahboom_src/install/yahboom_set_height/bin'
[22.484s] Level 1:colcon.colcon_core.environment:checking '/home/dwduong74/yahboom_src/install/yahboom_set_height/lib/pkgconfig/yahboom_set_height.pc'
[22.485s] Level 1:colcon.colcon_core.environment:checking '/home/dwduong74/yahboom_src/install/yahboom_set_height/lib/python3.10/site-packages'
[22.485s] Level 1:colcon.colcon_core.shell:create_environment_hook('yahboom_set_height', 'pythonpath')
[22.485s] INFO:colcon.colcon_core.shell:Creating environment hook '/home/dwduong74/yahboom_src/install/yahboom_set_height/share/yahboom_set_height/hook/pythonpath.ps1'
[22.486s] INFO:colcon.colcon_core.shell:Creating environment descriptor '/home/dwduong74/yahboom_src/install/yahboom_set_height/share/yahboom_set_height/hook/pythonpath.dsv'
[22.487s] INFO:colcon.colcon_core.shell:Creating environment hook '/home/dwduong74/yahboom_src/install/yahboom_set_height/share/yahboom_set_height/hook/pythonpath.sh'
[22.488s] Level 1:colcon.colcon_core.environment:checking '/home/dwduong74/yahboom_src/install/yahboom_set_height/bin'
[22.488s] Level 1:colcon.colcon_core.environment:create_environment_scripts_only(yahboom_set_height)
[22.489s] INFO:colcon.colcon_core.shell:Creating package script '/home/dwduong74/yahboom_src/install/yahboom_set_height/share/yahboom_set_height/package.ps1'
[22.490s] INFO:colcon.colcon_core.shell:Creating package descriptor '/home/dwduong74/yahboom_src/install/yahboom_set_height/share/yahboom_set_height/package.dsv'
[22.491s] INFO:colcon.colcon_core.shell:Creating package script '/home/dwduong74/yahboom_src/install/yahboom_set_height/share/yahboom_set_height/package.sh'
[22.491s] INFO:colcon.colcon_core.shell:Creating package script '/home/dwduong74/yahboom_src/install/yahboom_set_height/share/yahboom_set_height/package.bash'
[22.492s] INFO:colcon.colcon_core.shell:Creating package script '/home/dwduong74/yahboom_src/install/yahboom_set_height/share/yahboom_set_height/package.zsh'
[22.493s] Level 1:colcon.colcon_core.environment:create_file_with_runtime_dependencies(/home/dwduong74/yahboom_src/install/yahboom_set_height/share/colcon-core/packages/yahboom_set_height)
[23.361s] DEBUG:colcon.colcon_core.event_handler.log_command:Invoked command in '/home/dwduong74/yahboom_src/build/yahboom_msgs' returned '0': CMAKE_PREFIX_PATH=${CMAKE_PREFIX_PATH}:/home/dwduong74/LUMI_ws/install/custom_explorer:/opt/ros/humble /usr/bin/cmake /home/dwduong74/yahboom_src/src/yahboom_msgs -DCMAKE_INSTALL_PREFIX=/home/dwduong74/yahboom_src/install/yahboom_msgs
[23.364s] DEBUG:colcon.colcon_core.event_handler.log_command:Invoking command in '/home/dwduong74/yahboom_src/build/yahboom_msgs': CMAKE_PREFIX_PATH=${CMAKE_PREFIX_PATH}:/home/dwduong74/LUMI_ws/install/custom_explorer:/opt/ros/humble /usr/bin/cmake --build /home/dwduong74/yahboom_src/build/yahboom_msgs -- -j8 -l8
[24.794s] DEBUG:colcon.colcon_core.event_handler.log_command:Invoked command in '/home/dwduong74/yahboom_src/build/champ_gazebo' returned '0': AMENT_PREFIX_PATH=/home/dwduong74/yahboom_src/install/champ_msgs:/home/dwduong74/yahboom_src/install/champ:${AMENT_PREFIX_PATH} CMAKE_PREFIX_PATH=/home/dwduong74/yahboom_src/install/champ_msgs:/home/dwduong74/yahboom_src/install/champ:/home/dwduong74/LUMI_ws/install/rf2o_laser_odometry:/home/dwduong74/LUMI_ws/install/custom_explorer:/opt/ros/humble LD_LIBRARY_PATH=/home/dwduong74/yahboom_src/install/champ_msgs/lib:${LD_LIBRARY_PATH} PYTHONPATH=/home/dwduong74/yahboom_src/install/champ_msgs/local/lib/python3.10/dist-packages:${PYTHONPATH} /usr/bin/cmake /home/dwduong74/yahboom_src/src/unitree-go2-ros2/champ/champ_gazebo -DCMAKE_INSTALL_PREFIX=/home/dwduong74/yahboom_src/install/champ_gazebo
[24.804s] DEBUG:colcon.colcon_core.event_handler.log_command:Invoking command in '/home/dwduong74/yahboom_src/build/champ_gazebo': AMENT_PREFIX_PATH=/home/dwduong74/yahboom_src/install/champ_msgs:/home/dwduong74/yahboom_src/install/champ:${AMENT_PREFIX_PATH} CMAKE_PREFIX_PATH=/home/dwduong74/yahboom_src/install/champ_msgs:/home/dwduong74/yahboom_src/install/champ:/home/dwduong74/LUMI_ws/install/rf2o_laser_odometry:/home/dwduong74/LUMI_ws/install/custom_explorer:/opt/ros/humble LD_LIBRARY_PATH=/home/dwduong74/yahboom_src/install/champ_msgs/lib:${LD_LIBRARY_PATH} PYTHONPATH=/home/dwduong74/yahboom_src/install/champ_msgs/local/lib/python3.10/dist-packages:${PYTHONPATH} /usr/bin/cmake --build /home/dwduong74/yahboom_src/build/champ_gazebo -- -j8 -l8
[24.918s] DEBUG:colcon.colcon_core.event_handler.log_command:Invoked command in '/home/dwduong74/yahboom_src/build/champ_gazebo' returned '0': AMENT_PREFIX_PATH=/home/dwduong74/yahboom_src/install/champ_msgs:/home/dwduong74/yahboom_src/install/champ:${AMENT_PREFIX_PATH} CMAKE_PREFIX_PATH=/home/dwduong74/yahboom_src/install/champ_msgs:/home/dwduong74/yahboom_src/install/champ:/home/dwduong74/LUMI_ws/install/rf2o_laser_odometry:/home/dwduong74/LUMI_ws/install/custom_explorer:/opt/ros/humble LD_LIBRARY_PATH=/home/dwduong74/yahboom_src/install/champ_msgs/lib:${LD_LIBRARY_PATH} PYTHONPATH=/home/dwduong74/yahboom_src/install/champ_msgs/local/lib/python3.10/dist-packages:${PYTHONPATH} /usr/bin/cmake --build /home/dwduong74/yahboom_src/build/champ_gazebo -- -j8 -l8
[24.919s] DEBUG:colcon.colcon_core.event_handler.log_command:Invoking command in '/home/dwduong74/yahboom_src/build/champ_gazebo': AMENT_PREFIX_PATH=/home/dwduong74/yahboom_src/install/champ_msgs:/home/dwduong74/yahboom_src/install/champ:${AMENT_PREFIX_PATH} CMAKE_PREFIX_PATH=/home/dwduong74/yahboom_src/install/champ_msgs:/home/dwduong74/yahboom_src/install/champ:/home/dwduong74/LUMI_ws/install/rf2o_laser_odometry:/home/dwduong74/LUMI_ws/install/custom_explorer:/opt/ros/humble LD_LIBRARY_PATH=/home/dwduong74/yahboom_src/install/champ_msgs/lib:${LD_LIBRARY_PATH} PYTHONPATH=/home/dwduong74/yahboom_src/install/champ_msgs/local/lib/python3.10/dist-packages:${PYTHONPATH} /usr/bin/cmake --install /home/dwduong74/yahboom_src/build/champ_gazebo
[24.965s] Level 1:colcon.colcon_core.environment:create_environment_scripts_only(champ_gazebo)
[24.966s] Level 1:colcon.colcon_core.environment:checking '/home/dwduong74/yahboom_src/install/champ_gazebo' for CMake module files
[24.967s] Level 1:colcon.colcon_core.environment:checking '/home/dwduong74/yahboom_src/install/champ_gazebo' for CMake config files
[24.967s] Level 1:colcon.colcon_core.shell:create_environment_hook('champ_gazebo', 'cmake_prefix_path')
[24.972s] INFO:colcon.colcon_core.shell:Creating environment hook '/home/dwduong74/yahboom_src/install/champ_gazebo/share/champ_gazebo/hook/cmake_prefix_path.ps1'
[24.973s] DEBUG:colcon.colcon_core.event_handler.log_command:Invoked command in '/home/dwduong74/yahboom_src/build/champ_gazebo' returned '0': AMENT_PREFIX_PATH=/home/dwduong74/yahboom_src/install/champ_msgs:/home/dwduong74/yahboom_src/install/champ:${AMENT_PREFIX_PATH} CMAKE_PREFIX_PATH=/home/dwduong74/yahboom_src/install/champ_msgs:/home/dwduong74/yahboom_src/install/champ:/home/dwduong74/LUMI_ws/install/rf2o_laser_odometry:/home/dwduong74/LUMI_ws/install/custom_explorer:/opt/ros/humble LD_LIBRARY_PATH=/home/dwduong74/yahboom_src/install/champ_msgs/lib:${LD_LIBRARY_PATH} PYTHONPATH=/home/dwduong74/yahboom_src/install/champ_msgs/local/lib/python3.10/dist-packages:${PYTHONPATH} /usr/bin/cmake --install /home/dwduong74/yahboom_src/build/champ_gazebo
[24.973s] INFO:colcon.colcon_core.shell:Creating environment descriptor '/home/dwduong74/yahboom_src/install/champ_gazebo/share/champ_gazebo/hook/cmake_prefix_path.dsv'
[24.974s] INFO:colcon.colcon_core.shell:Creating environment hook '/home/dwduong74/yahboom_src/install/champ_gazebo/share/champ_gazebo/hook/cmake_prefix_path.sh'
[24.977s] Level 1:colcon.colcon_core.environment:checking '/home/dwduong74/yahboom_src/install/champ_gazebo/bin'
[24.977s] Level 1:colcon.colcon_core.shell:create_environment_hook('champ_gazebo', 'path')
[24.977s] INFO:colcon.colcon_core.shell:Creating environment hook '/home/dwduong74/yahboom_src/install/champ_gazebo/share/champ_gazebo/hook/path.ps1'
[24.978s] INFO:colcon.colcon_core.shell:Creating environment descriptor '/home/dwduong74/yahboom_src/install/champ_gazebo/share/champ_gazebo/hook/path.dsv'
[24.978s] INFO:colcon.colcon_core.shell:Creating environment hook '/home/dwduong74/yahboom_src/install/champ_gazebo/share/champ_gazebo/hook/path.sh'
[24.983s] Level 1:colcon.colcon_core.environment:checking '/home/dwduong74/yahboom_src/install/champ_gazebo/lib/pkgconfig/champ_gazebo.pc'
[24.984s] Level 1:colcon.colcon_core.environment:checking '/home/dwduong74/yahboom_src/install/champ_gazebo/lib/python3.10/site-packages'
[24.985s] Level 1:colcon.colcon_core.environment:checking '/home/dwduong74/yahboom_src/install/champ_gazebo/bin'
[24.985s] Level 1:colcon.colcon_core.shell:create_environment_hook('champ_gazebo', 'pythonscriptspath')
[24.985s] INFO:colcon.colcon_core.shell:Creating environment hook '/home/dwduong74/yahboom_src/install/champ_gazebo/share/champ_gazebo/hook/pythonscriptspath.ps1'
[24.986s] INFO:colcon.colcon_core.shell:Creating environment descriptor '/home/dwduong74/yahboom_src/install/champ_gazebo/share/champ_gazebo/hook/pythonscriptspath.dsv'
[24.986s] INFO:colcon.colcon_core.shell:Creating environment hook '/home/dwduong74/yahboom_src/install/champ_gazebo/share/champ_gazebo/hook/pythonscriptspath.sh'
[24.991s] INFO:colcon.colcon_core.shell:Creating package script '/home/dwduong74/yahboom_src/install/champ_gazebo/share/champ_gazebo/package.ps1'
[24.992s] INFO:colcon.colcon_core.shell:Creating package descriptor '/home/dwduong74/yahboom_src/install/champ_gazebo/share/champ_gazebo/package.dsv'
[24.993s] INFO:colcon.colcon_core.shell:Creating package script '/home/dwduong74/yahboom_src/install/champ_gazebo/share/champ_gazebo/package.sh'
[24.998s] INFO:colcon.colcon_core.shell:Creating package script '/home/dwduong74/yahboom_src/install/champ_gazebo/share/champ_gazebo/package.bash'
[24.999s] INFO:colcon.colcon_core.shell:Creating package script '/home/dwduong74/yahboom_src/install/champ_gazebo/share/champ_gazebo/package.zsh'
[25.000s] Level 1:colcon.colcon_core.environment:create_file_with_runtime_dependencies(/home/dwduong74/yahboom_src/install/champ_gazebo/share/colcon-core/packages/champ_gazebo)
[25.001s] Level 1:colcon.colcon_core.environment:create_environment_scripts_only(champ_gazebo)
[25.002s] Level 1:colcon.colcon_core.environment:checking '/home/dwduong74/yahboom_src/install/champ_gazebo' for CMake module files
[25.007s] Level 1:colcon.colcon_core.environment:checking '/home/dwduong74/yahboom_src/install/champ_gazebo' for CMake config files
[25.007s] Level 1:colcon.colcon_core.shell:create_environment_hook('champ_gazebo', 'cmake_prefix_path')
[25.008s] INFO:colcon.colcon_core.shell:Creating environment hook '/home/dwduong74/yahboom_src/install/champ_gazebo/share/champ_gazebo/hook/cmake_prefix_path.ps1'
[25.009s] INFO:colcon.colcon_core.shell:Creating environment descriptor '/home/dwduong74/yahboom_src/install/champ_gazebo/share/champ_gazebo/hook/cmake_prefix_path.dsv'
[25.009s] INFO:colcon.colcon_core.shell:Creating environment hook '/home/dwduong74/yahboom_src/install/champ_gazebo/share/champ_gazebo/hook/cmake_prefix_path.sh'
[25.014s] Level 1:colcon.colcon_core.environment:checking '/home/dwduong74/yahboom_src/install/champ_gazebo/bin'
[25.015s] Level 1:colcon.colcon_core.shell:create_environment_hook('champ_gazebo', 'path')
[25.015s] INFO:colcon.colcon_core.shell:Creating environment hook '/home/dwduong74/yahboom_src/install/champ_gazebo/share/champ_gazebo/hook/path.ps1'
[25.016s] INFO:colcon.colcon_core.shell:Creating environment descriptor '/home/dwduong74/yahboom_src/install/champ_gazebo/share/champ_gazebo/hook/path.dsv'
[25.017s] INFO:colcon.colcon_core.shell:Creating environment hook '/home/dwduong74/yahboom_src/install/champ_gazebo/share/champ_gazebo/hook/path.sh'
[25.017s] Level 1:colcon.colcon_core.environment:checking '/home/dwduong74/yahboom_src/install/champ_gazebo/lib/pkgconfig/champ_gazebo.pc'
[25.018s] Level 1:colcon.colcon_core.environment:checking '/home/dwduong74/yahboom_src/install/champ_gazebo/lib/python3.10/site-packages'
[25.020s] Level 1:colcon.colcon_core.environment:checking '/home/dwduong74/yahboom_src/install/champ_gazebo/bin'
[25.020s] Level 1:colcon.colcon_core.shell:create_environment_hook('champ_gazebo', 'pythonscriptspath')
[25.021s] INFO:colcon.colcon_core.shell:Creating environment hook '/home/dwduong74/yahboom_src/install/champ_gazebo/share/champ_gazebo/hook/pythonscriptspath.ps1'
[25.022s] INFO:colcon.colcon_core.shell:Creating environment descriptor '/home/dwduong74/yahboom_src/install/champ_gazebo/share/champ_gazebo/hook/pythonscriptspath.dsv'
[25.022s] INFO:colcon.colcon_core.shell:Creating environment hook '/home/dwduong74/yahboom_src/install/champ_gazebo/share/champ_gazebo/hook/pythonscriptspath.sh'
[25.025s] INFO:colcon.colcon_core.shell:Creating package script '/home/dwduong74/yahboom_src/install/champ_gazebo/share/champ_gazebo/package.ps1'
[25.026s] INFO:colcon.colcon_core.shell:Creating package descriptor '/home/dwduong74/yahboom_src/install/champ_gazebo/share/champ_gazebo/package.dsv'
[25.027s] INFO:colcon.colcon_core.shell:Creating package script '/home/dwduong74/yahboom_src/install/champ_gazebo/share/champ_gazebo/package.sh'
[25.028s] INFO:colcon.colcon_core.shell:Creating package script '/home/dwduong74/yahboom_src/install/champ_gazebo/share/champ_gazebo/package.bash'
[25.030s] INFO:colcon.colcon_core.shell:Creating package script '/home/dwduong74/yahboom_src/install/champ_gazebo/share/champ_gazebo/package.zsh'
[25.030s] Level 1:colcon.colcon_core.environment:create_file_with_runtime_dependencies(/home/dwduong74/yahboom_src/install/champ_gazebo/share/colcon-core/packages/champ_gazebo)
[25.335s] DEBUG:colcon.colcon_core.event_handler.log_command:Invoked command in '/home/dwduong74/yahboom_src/build/champ_base' returned '0': AMENT_PREFIX_PATH=/home/dwduong74/yahboom_src/install/champ_msgs:/home/dwduong74/yahboom_src/install/champ:${AMENT_PREFIX_PATH} CMAKE_PREFIX_PATH=/home/dwduong74/yahboom_src/install/champ_msgs:/home/dwduong74/yahboom_src/install/champ:/home/dwduong74/LUMI_ws/install/rf2o_laser_odometry:/home/dwduong74/LUMI_ws/install/custom_explorer:/opt/ros/humble LD_LIBRARY_PATH=/home/dwduong74/yahboom_src/install/champ_msgs/lib:${LD_LIBRARY_PATH} PYTHONPATH=/home/dwduong74/yahboom_src/install/champ_msgs/local/lib/python3.10/dist-packages:${PYTHONPATH} /usr/bin/cmake /home/dwduong74/yahboom_src/src/unitree-go2-ros2/champ/champ_base -DCMAKE_INSTALL_PREFIX=/home/dwduong74/yahboom_src/install/champ_base
[25.341s] DEBUG:colcon.colcon_core.event_handler.log_command:Invoking command in '/home/dwduong74/yahboom_src/build/champ_base': AMENT_PREFIX_PATH=/home/dwduong74/yahboom_src/install/champ_msgs:/home/dwduong74/yahboom_src/install/champ:${AMENT_PREFIX_PATH} CMAKE_PREFIX_PATH=/home/dwduong74/yahboom_src/install/champ_msgs:/home/dwduong74/yahboom_src/install/champ:/home/dwduong74/LUMI_ws/install/rf2o_laser_odometry:/home/dwduong74/LUMI_ws/install/custom_explorer:/opt/ros/humble LD_LIBRARY_PATH=/home/dwduong74/yahboom_src/install/champ_msgs/lib:${LD_LIBRARY_PATH} PYTHONPATH=/home/dwduong74/yahboom_src/install/champ_msgs/local/lib/python3.10/dist-packages:${PYTHONPATH} /usr/bin/cmake --build /home/dwduong74/yahboom_src/build/champ_base -- -j8 -l8
[29.446s] DEBUG:colcon.colcon_core.event_handler.log_command:Invoked command in '/home/dwduong74/yahboom_src/build/oradar_lidar' returned '0': CMAKE_PREFIX_PATH=${CMAKE_PREFIX_PATH}:/home/dwduong74/LUMI_ws/install/custom_explorer:/opt/ros/humble /usr/bin/cmake --build /home/dwduong74/yahboom_src/build/oradar_lidar -- -j8 -l8
[29.449s] DEBUG:colcon.colcon_core.event_handler.log_command:Invoking command in '/home/dwduong74/yahboom_src/build/oradar_lidar': CMAKE_PREFIX_PATH=${CMAKE_PREFIX_PATH}:/home/dwduong74/LUMI_ws/install/custom_explorer:/opt/ros/humble /usr/bin/cmake --install /home/dwduong74/yahboom_src/build/oradar_lidar
[29.481s] Level 1:colcon.colcon_core.environment:create_environment_scripts_only(oradar_lidar)
[29.482s] Level 1:colcon.colcon_core.environment:checking '/home/dwduong74/yahboom_src/install/oradar_lidar' for CMake module files
[29.483s] DEBUG:colcon.colcon_core.event_handler.log_command:Invoked command in '/home/dwduong74/yahboom_src/build/oradar_lidar' returned '0': CMAKE_PREFIX_PATH=${CMAKE_PREFIX_PATH}:/home/dwduong74/LUMI_ws/install/custom_explorer:/opt/ros/humble /usr/bin/cmake --install /home/dwduong74/yahboom_src/build/oradar_lidar
[29.483s] Level 1:colcon.colcon_core.environment:checking '/home/dwduong74/yahboom_src/install/oradar_lidar' for CMake config files
[29.484s] Level 1:colcon.colcon_core.shell:create_environment_hook('oradar_lidar', 'cmake_prefix_path')
[29.484s] INFO:colcon.colcon_core.shell:Creating environment hook '/home/dwduong74/yahboom_src/install/oradar_lidar/share/oradar_lidar/hook/cmake_prefix_path.ps1'
[29.485s] INFO:colcon.colcon_core.shell:Creating environment descriptor '/home/dwduong74/yahboom_src/install/oradar_lidar/share/oradar_lidar/hook/cmake_prefix_path.dsv'
[29.485s] INFO:colcon.colcon_core.shell:Creating environment hook '/home/dwduong74/yahboom_src/install/oradar_lidar/share/oradar_lidar/hook/cmake_prefix_path.sh'
[29.486s] Level 1:colcon.colcon_core.environment:checking '/home/dwduong74/yahboom_src/install/oradar_lidar/lib'
[29.486s] Level 1:colcon.colcon_core.environment:checking '/home/dwduong74/yahboom_src/install/oradar_lidar/bin'
[29.486s] Level 1:colcon.colcon_core.shell:create_environment_hook('oradar_lidar', 'path')
[29.486s] INFO:colcon.colcon_core.shell:Creating environment hook '/home/dwduong74/yahboom_src/install/oradar_lidar/share/oradar_lidar/hook/path.ps1'
[29.487s] INFO:colcon.colcon_core.shell:Creating environment descriptor '/home/dwduong74/yahboom_src/install/oradar_lidar/share/oradar_lidar/hook/path.dsv'
[29.487s] INFO:colcon.colcon_core.shell:Creating environment hook '/home/dwduong74/yahboom_src/install/oradar_lidar/share/oradar_lidar/hook/path.sh'
[29.488s] Level 1:colcon.colcon_core.environment:checking '/home/dwduong74/yahboom_src/install/oradar_lidar/lib/pkgconfig/oradar_lidar.pc'
[29.488s] Level 1:colcon.colcon_core.environment:checking '/home/dwduong74/yahboom_src/install/oradar_lidar/lib/python3.10/site-packages'
[29.488s] Level 1:colcon.colcon_core.environment:checking '/home/dwduong74/yahboom_src/install/oradar_lidar/bin'
[29.488s] Level 1:colcon.colcon_core.shell:create_environment_hook('oradar_lidar', 'pythonscriptspath')
[29.489s] INFO:colcon.colcon_core.shell:Creating environment hook '/home/dwduong74/yahboom_src/install/oradar_lidar/share/oradar_lidar/hook/pythonscriptspath.ps1'
[29.489s] INFO:colcon.colcon_core.shell:Creating environment descriptor '/home/dwduong74/yahboom_src/install/oradar_lidar/share/oradar_lidar/hook/pythonscriptspath.dsv'
[29.490s] INFO:colcon.colcon_core.shell:Creating environment hook '/home/dwduong74/yahboom_src/install/oradar_lidar/share/oradar_lidar/hook/pythonscriptspath.sh'
[29.491s] INFO:colcon.colcon_core.shell:Creating package script '/home/dwduong74/yahboom_src/install/oradar_lidar/share/oradar_lidar/package.ps1'
[29.491s] INFO:colcon.colcon_core.shell:Creating package descriptor '/home/dwduong74/yahboom_src/install/oradar_lidar/share/oradar_lidar/package.dsv'
[29.492s] INFO:colcon.colcon_core.shell:Creating package script '/home/dwduong74/yahboom_src/install/oradar_lidar/share/oradar_lidar/package.sh'
[29.493s] INFO:colcon.colcon_core.shell:Creating package script '/home/dwduong74/yahboom_src/install/oradar_lidar/share/oradar_lidar/package.bash'
[29.493s] INFO:colcon.colcon_core.shell:Creating package script '/home/dwduong74/yahboom_src/install/oradar_lidar/share/oradar_lidar/package.zsh'
[29.493s] Level 1:colcon.colcon_core.environment:create_file_with_runtime_dependencies(/home/dwduong74/yahboom_src/install/oradar_lidar/share/colcon-core/packages/oradar_lidar)
[29.494s] Level 1:colcon.colcon_core.environment:create_environment_scripts_only(oradar_lidar)
[29.494s] Level 1:colcon.colcon_core.environment:checking '/home/dwduong74/yahboom_src/install/oradar_lidar' for CMake module files
[29.495s] Level 1:colcon.colcon_core.environment:checking '/home/dwduong74/yahboom_src/install/oradar_lidar' for CMake config files
[29.495s] Level 1:colcon.colcon_core.shell:create_environment_hook('oradar_lidar', 'cmake_prefix_path')
[29.496s] INFO:colcon.colcon_core.shell:Creating environment hook '/home/dwduong74/yahboom_src/install/oradar_lidar/share/oradar_lidar/hook/cmake_prefix_path.ps1'
[29.496s] INFO:colcon.colcon_core.shell:Creating environment descriptor '/home/dwduong74/yahboom_src/install/oradar_lidar/share/oradar_lidar/hook/cmake_prefix_path.dsv'
[29.497s] INFO:colcon.colcon_core.shell:Creating environment hook '/home/dwduong74/yahboom_src/install/oradar_lidar/share/oradar_lidar/hook/cmake_prefix_path.sh'
[29.497s] Level 1:colcon.colcon_core.environment:checking '/home/dwduong74/yahboom_src/install/oradar_lidar/lib'
[29.497s] Level 1:colcon.colcon_core.environment:checking '/home/dwduong74/yahboom_src/install/oradar_lidar/bin'
[29.498s] Level 1:colcon.colcon_core.shell:create_environment_hook('oradar_lidar', 'path')
[29.498s] INFO:colcon.colcon_core.shell:Creating environment hook '/home/dwduong74/yahboom_src/install/oradar_lidar/share/oradar_lidar/hook/path.ps1'
[29.498s] INFO:colcon.colcon_core.shell:Creating environment descriptor '/home/dwduong74/yahboom_src/install/oradar_lidar/share/oradar_lidar/hook/path.dsv'
[29.499s] INFO:colcon.colcon_core.shell:Creating environment hook '/home/dwduong74/yahboom_src/install/oradar_lidar/share/oradar_lidar/hook/path.sh'
[29.499s] Level 1:colcon.colcon_core.environment:checking '/home/dwduong74/yahboom_src/install/oradar_lidar/lib/pkgconfig/oradar_lidar.pc'
[29.500s] Level 1:colcon.colcon_core.environment:checking '/home/dwduong74/yahboom_src/install/oradar_lidar/lib/python3.10/site-packages'
[29.500s] Level 1:colcon.colcon_core.environment:checking '/home/dwduong74/yahboom_src/install/oradar_lidar/bin'
[29.500s] Level 1:colcon.colcon_core.shell:create_environment_hook('oradar_lidar', 'pythonscriptspath')
[29.500s] INFO:colcon.colcon_core.shell:Creating environment hook '/home/dwduong74/yahboom_src/install/oradar_lidar/share/oradar_lidar/hook/pythonscriptspath.ps1'
[29.501s] INFO:colcon.colcon_core.shell:Creating environment descriptor '/home/dwduong74/yahboom_src/install/oradar_lidar/share/oradar_lidar/hook/pythonscriptspath.dsv'
[29.501s] INFO:colcon.colcon_core.shell:Creating environment hook '/home/dwduong74/yahboom_src/install/oradar_lidar/share/oradar_lidar/hook/pythonscriptspath.sh'
[29.502s] INFO:colcon.colcon_core.shell:Creating package script '/home/dwduong74/yahboom_src/install/oradar_lidar/share/oradar_lidar/package.ps1'
[29.503s] INFO:colcon.colcon_core.shell:Creating package descriptor '/home/dwduong74/yahboom_src/install/oradar_lidar/share/oradar_lidar/package.dsv'
[29.504s] INFO:colcon.colcon_core.shell:Creating package script '/home/dwduong74/yahboom_src/install/oradar_lidar/share/oradar_lidar/package.sh'
[29.504s] INFO:colcon.colcon_core.shell:Creating package script '/home/dwduong74/yahboom_src/install/oradar_lidar/share/oradar_lidar/package.bash'
[29.505s] INFO:colcon.colcon_core.shell:Creating package script '/home/dwduong74/yahboom_src/install/oradar_lidar/share/oradar_lidar/package.zsh'
[29.505s] Level 1:colcon.colcon_core.environment:create_file_with_runtime_dependencies(/home/dwduong74/yahboom_src/install/oradar_lidar/share/colcon-core/packages/oradar_lidar)
[31.510s] DEBUG:colcon.colcon_core.event_handler.log_command:Invoked command in '/home/dwduong74/yahboom_src/build/yahboom_msgs' returned '0': CMAKE_PREFIX_PATH=${CMAKE_PREFIX_PATH}:/home/dwduong74/LUMI_ws/install/custom_explorer:/opt/ros/humble /usr/bin/cmake --build /home/dwduong74/yahboom_src/build/yahboom_msgs -- -j8 -l8
[31.512s] DEBUG:colcon.colcon_core.event_handler.log_command:Invoking command in '/home/dwduong74/yahboom_src/build/yahboom_msgs': CMAKE_PREFIX_PATH=${CMAKE_PREFIX_PATH}:/home/dwduong74/LUMI_ws/install/custom_explorer:/opt/ros/humble /usr/bin/cmake --install /home/dwduong74/yahboom_src/build/yahboom_msgs
[31.626s] Level 1:colcon.colcon_core.environment:create_environment_scripts_only(yahboom_msgs)
[31.627s] Level 1:colcon.colcon_core.environment:checking '/home/dwduong74/yahboom_src/install/yahboom_msgs' for CMake module files
[31.628s] Level 1:colcon.colcon_core.environment:checking '/home/dwduong74/yahboom_src/install/yahboom_msgs' for CMake config files
[31.629s] Level 1:colcon.colcon_core.shell:create_environment_hook('yahboom_msgs', 'cmake_prefix_path')
[31.629s] INFO:colcon.colcon_core.shell:Creating environment hook '/home/dwduong74/yahboom_src/install/yahboom_msgs/share/yahboom_msgs/hook/cmake_prefix_path.ps1'
[31.630s] DEBUG:colcon.colcon_core.event_handler.log_command:Invoked command in '/home/dwduong74/yahboom_src/build/yahboom_msgs' returned '0': CMAKE_PREFIX_PATH=${CMAKE_PREFIX_PATH}:/home/dwduong74/LUMI_ws/install/custom_explorer:/opt/ros/humble /usr/bin/cmake --install /home/dwduong74/yahboom_src/build/yahboom_msgs
[31.631s] INFO:colcon.colcon_core.shell:Creating environment descriptor '/home/dwduong74/yahboom_src/install/yahboom_msgs/share/yahboom_msgs/hook/cmake_prefix_path.dsv'
[31.631s] INFO:colcon.colcon_core.shell:Creating environment hook '/home/dwduong74/yahboom_src/install/yahboom_msgs/share/yahboom_msgs/hook/cmake_prefix_path.sh'
[31.632s] Level 1:colcon.colcon_core.environment:checking '/home/dwduong74/yahboom_src/install/yahboom_msgs/lib'
[31.632s] Level 1:colcon.colcon_core.shell:create_environment_hook('yahboom_msgs', 'ld_library_path_lib')
[31.633s] INFO:colcon.colcon_core.shell:Creating environment hook '/home/dwduong74/yahboom_src/install/yahboom_msgs/share/yahboom_msgs/hook/ld_library_path_lib.ps1'
[31.634s] INFO:colcon.colcon_core.shell:Creating environment descriptor '/home/dwduong74/yahboom_src/install/yahboom_msgs/share/yahboom_msgs/hook/ld_library_path_lib.dsv'
[31.634s] INFO:colcon.colcon_core.shell:Creating environment hook '/home/dwduong74/yahboom_src/install/yahboom_msgs/share/yahboom_msgs/hook/ld_library_path_lib.sh'
[31.635s] Level 1:colcon.colcon_core.environment:checking '/home/dwduong74/yahboom_src/install/yahboom_msgs/bin'
[31.635s] Level 1:colcon.colcon_core.environment:checking '/home/dwduong74/yahboom_src/install/yahboom_msgs/lib/pkgconfig/yahboom_msgs.pc'
[31.636s] Level 1:colcon.colcon_core.environment:checking '/home/dwduong74/yahboom_src/install/yahboom_msgs/lib/python3.10/site-packages'
[31.636s] Level 1:colcon.colcon_core.environment:checking '/home/dwduong74/yahboom_src/install/yahboom_msgs/bin'
[31.637s] INFO:colcon.colcon_core.shell:Creating package script '/home/dwduong74/yahboom_src/install/yahboom_msgs/share/yahboom_msgs/package.ps1'
[31.638s] INFO:colcon.colcon_core.shell:Creating package descriptor '/home/dwduong74/yahboom_src/install/yahboom_msgs/share/yahboom_msgs/package.dsv'
[31.639s] INFO:colcon.colcon_core.shell:Creating package script '/home/dwduong74/yahboom_src/install/yahboom_msgs/share/yahboom_msgs/package.sh'
[31.640s] INFO:colcon.colcon_core.shell:Creating package script '/home/dwduong74/yahboom_src/install/yahboom_msgs/share/yahboom_msgs/package.bash'
[31.640s] INFO:colcon.colcon_core.shell:Creating package script '/home/dwduong74/yahboom_src/install/yahboom_msgs/share/yahboom_msgs/package.zsh'
[31.641s] Level 1:colcon.colcon_core.environment:create_file_with_runtime_dependencies(/home/dwduong74/yahboom_src/install/yahboom_msgs/share/colcon-core/packages/yahboom_msgs)
[31.642s] Level 1:colcon.colcon_core.environment:create_environment_scripts_only(yahboom_msgs)
[31.643s] Level 1:colcon.colcon_core.environment:checking '/home/dwduong74/yahboom_src/install/yahboom_msgs' for CMake module files
[31.644s] Level 1:colcon.colcon_core.environment:checking '/home/dwduong74/yahboom_src/install/yahboom_msgs' for CMake config files
[31.644s] Level 1:colcon.colcon_core.shell:create_environment_hook('yahboom_msgs', 'cmake_prefix_path')
[31.645s] INFO:colcon.colcon_core.shell:Creating environment hook '/home/dwduong74/yahboom_src/install/yahboom_msgs/share/yahboom_msgs/hook/cmake_prefix_path.ps1'
[31.645s] INFO:colcon.colcon_core.shell:Creating environment descriptor '/home/dwduong74/yahboom_src/install/yahboom_msgs/share/yahboom_msgs/hook/cmake_prefix_path.dsv'
[31.646s] INFO:colcon.colcon_core.shell:Creating environment hook '/home/dwduong74/yahboom_src/install/yahboom_msgs/share/yahboom_msgs/hook/cmake_prefix_path.sh'
[31.647s] Level 1:colcon.colcon_core.environment:checking '/home/dwduong74/yahboom_src/install/yahboom_msgs/lib'
[31.647s] Level 1:colcon.colcon_core.shell:create_environment_hook('yahboom_msgs', 'ld_library_path_lib')
[31.648s] INFO:colcon.colcon_core.shell:Creating environment hook '/home/dwduong74/yahboom_src/install/yahboom_msgs/share/yahboom_msgs/hook/ld_library_path_lib.ps1'
[31.649s] INFO:colcon.colcon_core.shell:Creating environment descriptor '/home/dwduong74/yahboom_src/install/yahboom_msgs/share/yahboom_msgs/hook/ld_library_path_lib.dsv'
[31.649s] INFO:colcon.colcon_core.shell:Creating environment hook '/home/dwduong74/yahboom_src/install/yahboom_msgs/share/yahboom_msgs/hook/ld_library_path_lib.sh'
[31.650s] Level 1:colcon.colcon_core.environment:checking '/home/dwduong74/yahboom_src/install/yahboom_msgs/bin'
[31.650s] Level 1:colcon.colcon_core.environment:checking '/home/dwduong74/yahboom_src/install/yahboom_msgs/lib/pkgconfig/yahboom_msgs.pc'
[31.650s] Level 1:colcon.colcon_core.environment:checking '/home/dwduong74/yahboom_src/install/yahboom_msgs/lib/python3.10/site-packages'
[31.651s] Level 1:colcon.colcon_core.environment:checking '/home/dwduong74/yahboom_src/install/yahboom_msgs/bin'
[31.652s] INFO:colcon.colcon_core.shell:Creating package script '/home/dwduong74/yahboom_src/install/yahboom_msgs/share/yahboom_msgs/package.ps1'
[31.653s] INFO:colcon.colcon_core.shell:Creating package descriptor '/home/dwduong74/yahboom_src/install/yahboom_msgs/share/yahboom_msgs/package.dsv'
[31.654s] INFO:colcon.colcon_core.shell:Creating package script '/home/dwduong74/yahboom_src/install/yahboom_msgs/share/yahboom_msgs/package.sh'
[31.655s] INFO:colcon.colcon_core.shell:Creating package script '/home/dwduong74/yahboom_src/install/yahboom_msgs/share/yahboom_msgs/package.bash'
[31.656s] INFO:colcon.colcon_core.shell:Creating package script '/home/dwduong74/yahboom_src/install/yahboom_msgs/share/yahboom_msgs/package.zsh'
[31.656s] Level 1:colcon.colcon_core.environment:create_file_with_runtime_dependencies(/home/dwduong74/yahboom_src/install/yahboom_msgs/share/colcon-core/packages/yahboom_msgs)
[36.480s] DEBUG:colcon.colcon_core.event_handler.log_command:Invoked command in '/home/dwduong74/yahboom_src/build/velodyne_gazebo_plugins' returned '0': CMAKE_PREFIX_PATH=${CMAKE_PREFIX_PATH}:/home/dwduong74/LUMI_ws/install/custom_explorer:/opt/ros/humble /usr/bin/cmake --build /home/dwduong74/yahboom_src/build/velodyne_gazebo_plugins -- -j8 -l8
[36.484s] DEBUG:colcon.colcon_core.event_handler.log_command:Invoking command in '/home/dwduong74/yahboom_src/build/velodyne_gazebo_plugins': CMAKE_PREFIX_PATH=${CMAKE_PREFIX_PATH}:/home/dwduong74/LUMI_ws/install/custom_explorer:/opt/ros/humble /usr/bin/cmake --install /home/dwduong74/yahboom_src/build/velodyne_gazebo_plugins
[36.510s] Level 1:colcon.colcon_core.environment:create_environment_scripts_only(velodyne_gazebo_plugins)
[36.511s] Level 1:colcon.colcon_core.environment:checking '/home/dwduong74/yahboom_src/install/velodyne_gazebo_plugins' for CMake module files
[36.512s] DEBUG:colcon.colcon_core.event_handler.log_command:Invoked command in '/home/dwduong74/yahboom_src/build/velodyne_gazebo_plugins' returned '0': CMAKE_PREFIX_PATH=${CMAKE_PREFIX_PATH}:/home/dwduong74/LUMI_ws/install/custom_explorer:/opt/ros/humble /usr/bin/cmake --install /home/dwduong74/yahboom_src/build/velodyne_gazebo_plugins
[36.512s] Level 1:colcon.colcon_core.environment:checking '/home/dwduong74/yahboom_src/install/velodyne_gazebo_plugins' for CMake config files
[36.512s] Level 1:colcon.colcon_core.shell:create_environment_hook('velodyne_gazebo_plugins', 'cmake_prefix_path')
[36.513s] INFO:colcon.colcon_core.shell:Creating environment hook '/home/dwduong74/yahboom_src/install/velodyne_gazebo_plugins/share/velodyne_gazebo_plugins/hook/cmake_prefix_path.ps1'
[36.513s] INFO:colcon.colcon_core.shell:Creating environment descriptor '/home/dwduong74/yahboom_src/install/velodyne_gazebo_plugins/share/velodyne_gazebo_plugins/hook/cmake_prefix_path.dsv'
[36.514s] INFO:colcon.colcon_core.shell:Creating environment hook '/home/dwduong74/yahboom_src/install/velodyne_gazebo_plugins/share/velodyne_gazebo_plugins/hook/cmake_prefix_path.sh'
[36.514s] Level 1:colcon.colcon_core.environment:checking '/home/dwduong74/yahboom_src/install/velodyne_gazebo_plugins/lib'
[36.514s] Level 1:colcon.colcon_core.shell:create_environment_hook('velodyne_gazebo_plugins', 'ld_library_path_lib')
[36.515s] INFO:colcon.colcon_core.shell:Creating environment hook '/home/dwduong74/yahboom_src/install/velodyne_gazebo_plugins/share/velodyne_gazebo_plugins/hook/ld_library_path_lib.ps1'
[36.515s] INFO:colcon.colcon_core.shell:Creating environment descriptor '/home/dwduong74/yahboom_src/install/velodyne_gazebo_plugins/share/velodyne_gazebo_plugins/hook/ld_library_path_lib.dsv'
[36.516s] INFO:colcon.colcon_core.shell:Creating environment hook '/home/dwduong74/yahboom_src/install/velodyne_gazebo_plugins/share/velodyne_gazebo_plugins/hook/ld_library_path_lib.sh'
[36.516s] Level 1:colcon.colcon_core.environment:checking '/home/dwduong74/yahboom_src/install/velodyne_gazebo_plugins/bin'
[36.516s] Level 1:colcon.colcon_core.environment:checking '/home/dwduong74/yahboom_src/install/velodyne_gazebo_plugins/lib/pkgconfig/velodyne_gazebo_plugins.pc'
[36.516s] Level 1:colcon.colcon_core.environment:checking '/home/dwduong74/yahboom_src/install/velodyne_gazebo_plugins/lib/python3.10/site-packages'
[36.517s] Level 1:colcon.colcon_core.environment:checking '/home/dwduong74/yahboom_src/install/velodyne_gazebo_plugins/bin'
[36.517s] INFO:colcon.colcon_core.shell:Creating package script '/home/dwduong74/yahboom_src/install/velodyne_gazebo_plugins/share/velodyne_gazebo_plugins/package.ps1'
[36.518s] INFO:colcon.colcon_core.shell:Creating package descriptor '/home/dwduong74/yahboom_src/install/velodyne_gazebo_plugins/share/velodyne_gazebo_plugins/package.dsv'
[36.518s] INFO:colcon.colcon_core.shell:Creating package script '/home/dwduong74/yahboom_src/install/velodyne_gazebo_plugins/share/velodyne_gazebo_plugins/package.sh'
[36.519s] INFO:colcon.colcon_core.shell:Creating package script '/home/dwduong74/yahboom_src/install/velodyne_gazebo_plugins/share/velodyne_gazebo_plugins/package.bash'
[36.519s] INFO:colcon.colcon_core.shell:Creating package script '/home/dwduong74/yahboom_src/install/velodyne_gazebo_plugins/share/velodyne_gazebo_plugins/package.zsh'
[36.520s] Level 1:colcon.colcon_core.environment:create_file_with_runtime_dependencies(/home/dwduong74/yahboom_src/install/velodyne_gazebo_plugins/share/colcon-core/packages/velodyne_gazebo_plugins)
[36.521s] Level 1:colcon.colcon_core.environment:create_environment_scripts_only(velodyne_gazebo_plugins)
[36.521s] Level 1:colcon.colcon_core.environment:checking '/home/dwduong74/yahboom_src/install/velodyne_gazebo_plugins' for CMake module files
[36.522s] Level 1:colcon.colcon_core.environment:checking '/home/dwduong74/yahboom_src/install/velodyne_gazebo_plugins' for CMake config files
[36.522s] Level 1:colcon.colcon_core.shell:create_environment_hook('velodyne_gazebo_plugins', 'cmake_prefix_path')
[36.522s] INFO:colcon.colcon_core.shell:Creating environment hook '/home/dwduong74/yahboom_src/install/velodyne_gazebo_plugins/share/velodyne_gazebo_plugins/hook/cmake_prefix_path.ps1'
[36.523s] INFO:colcon.colcon_core.shell:Creating environment descriptor '/home/dwduong74/yahboom_src/install/velodyne_gazebo_plugins/share/velodyne_gazebo_plugins/hook/cmake_prefix_path.dsv'
[36.523s] INFO:colcon.colcon_core.shell:Creating environment hook '/home/dwduong74/yahboom_src/install/velodyne_gazebo_plugins/share/velodyne_gazebo_plugins/hook/cmake_prefix_path.sh'
[36.524s] Level 1:colcon.colcon_core.environment:checking '/home/dwduong74/yahboom_src/install/velodyne_gazebo_plugins/lib'
[36.524s] Level 1:colcon.colcon_core.shell:create_environment_hook('velodyne_gazebo_plugins', 'ld_library_path_lib')
[36.524s] INFO:colcon.colcon_core.shell:Creating environment hook '/home/dwduong74/yahboom_src/install/velodyne_gazebo_plugins/share/velodyne_gazebo_plugins/hook/ld_library_path_lib.ps1'
[36.525s] INFO:colcon.colcon_core.shell:Creating environment descriptor '/home/dwduong74/yahboom_src/install/velodyne_gazebo_plugins/share/velodyne_gazebo_plugins/hook/ld_library_path_lib.dsv'
[36.525s] INFO:colcon.colcon_core.shell:Creating environment hook '/home/dwduong74/yahboom_src/install/velodyne_gazebo_plugins/share/velodyne_gazebo_plugins/hook/ld_library_path_lib.sh'
[36.526s] Level 1:colcon.colcon_core.environment:checking '/home/dwduong74/yahboom_src/install/velodyne_gazebo_plugins/bin'
[36.526s] Level 1:colcon.colcon_core.environment:checking '/home/dwduong74/yahboom_src/install/velodyne_gazebo_plugins/lib/pkgconfig/velodyne_gazebo_plugins.pc'
[36.526s] Level 1:colcon.colcon_core.environment:checking '/home/dwduong74/yahboom_src/install/velodyne_gazebo_plugins/lib/python3.10/site-packages'
[36.527s] Level 1:colcon.colcon_core.environment:checking '/home/dwduong74/yahboom_src/install/velodyne_gazebo_plugins/bin'
[36.527s] INFO:colcon.colcon_core.shell:Creating package script '/home/dwduong74/yahboom_src/install/velodyne_gazebo_plugins/share/velodyne_gazebo_plugins/package.ps1'
[36.528s] INFO:colcon.colcon_core.shell:Creating package descriptor '/home/dwduong74/yahboom_src/install/velodyne_gazebo_plugins/share/velodyne_gazebo_plugins/package.dsv'
[36.529s] INFO:colcon.colcon_core.shell:Creating package script '/home/dwduong74/yahboom_src/install/velodyne_gazebo_plugins/share/velodyne_gazebo_plugins/package.sh'
[36.530s] INFO:colcon.colcon_core.shell:Creating package script '/home/dwduong74/yahboom_src/install/velodyne_gazebo_plugins/share/velodyne_gazebo_plugins/package.bash'
[36.530s] INFO:colcon.colcon_core.shell:Creating package script '/home/dwduong74/yahboom_src/install/velodyne_gazebo_plugins/share/velodyne_gazebo_plugins/package.zsh'
[36.531s] Level 1:colcon.colcon_core.environment:create_file_with_runtime_dependencies(/home/dwduong74/yahboom_src/install/velodyne_gazebo_plugins/share/colcon-core/packages/velodyne_gazebo_plugins)
[36.531s] INFO:colcon.colcon_ros.task.ament_cmake.build:Building ROS package in '/home/dwduong74/yahboom_src/src/unitree-go2-ros2/champ/champ_description' with build type 'ament_cmake'
[36.531s] INFO:colcon.colcon_cmake.task.cmake.build:Building CMake package in '/home/dwduong74/yahboom_src/src/unitree-go2-ros2/champ/champ_description'
[36.531s] INFO:colcon.colcon_core.shell:Skip shell extension 'powershell' for command environment: Not usable outside of PowerShell
[36.532s] DEBUG:colcon.colcon_core.shell:Skip shell extension 'dsv' for command environment
[36.542s] INFO:colcon.colcon_ros.task.ament_cmake.build:Building ROS package in '/home/dwduong74/yahboom_src/src/unitree-go2-ros2/velodyne/velodyne_description' with build type 'ament_cmake'
[36.542s] INFO:colcon.colcon_cmake.task.cmake.build:Building CMake package in '/home/dwduong74/yahboom_src/src/unitree-go2-ros2/velodyne/velodyne_description'
[36.543s] INFO:colcon.colcon_core.shell:Skip shell extension 'powershell' for command environment: Not usable outside of PowerShell
[36.543s] DEBUG:colcon.colcon_core.shell:Skip shell extension 'dsv' for command environment
[36.556s] DEBUG:colcon.colcon_core.event_handler.log_command:Invoking command in '/home/dwduong74/yahboom_src/build/champ_description': AMENT_PREFIX_PATH=/home/dwduong74/yahboom_src/install/velodyne_gazebo_plugins:${AMENT_PREFIX_PATH} CMAKE_PREFIX_PATH=/home/dwduong74/yahboom_src/install/velodyne_gazebo_plugins:/home/dwduong74/LUMI_ws/install/rf2o_laser_odometry:/home/dwduong74/LUMI_ws/install/custom_explorer:/opt/ros/humble LD_LIBRARY_PATH=/home/dwduong74/yahboom_src/install/velodyne_gazebo_plugins/lib:${LD_LIBRARY_PATH} /usr/bin/cmake /home/dwduong74/yahboom_src/src/unitree-go2-ros2/champ/champ_description -DCMAKE_INSTALL_PREFIX=/home/dwduong74/yahboom_src/install/champ_description
[36.560s] DEBUG:colcon.colcon_core.event_handler.log_command:Invoking command in '/home/dwduong74/yahboom_src/build/velodyne_description': AMENT_PREFIX_PATH=/home/dwduong74/yahboom_src/install/velodyne_gazebo_plugins:${AMENT_PREFIX_PATH} CMAKE_PREFIX_PATH=/home/dwduong74/yahboom_src/install/velodyne_gazebo_plugins:/home/dwduong74/LUMI_ws/install/rf2o_laser_odometry:/home/dwduong74/LUMI_ws/install/custom_explorer:/opt/ros/humble LD_LIBRARY_PATH=/home/dwduong74/yahboom_src/install/velodyne_gazebo_plugins/lib:${LD_LIBRARY_PATH} /usr/bin/cmake /home/dwduong74/yahboom_src/src/unitree-go2-ros2/velodyne/velodyne_description -DCMAKE_INSTALL_PREFIX=/home/dwduong74/yahboom_src/install/velodyne_description
[37.681s] DEBUG:colcon.colcon_core.event_handler.log_command:Invoked command in '/home/dwduong74/yahboom_src/build/champ_description' returned '0': AMENT_PREFIX_PATH=/home/dwduong74/yahboom_src/install/velodyne_gazebo_plugins:${AMENT_PREFIX_PATH} CMAKE_PREFIX_PATH=/home/dwduong74/yahboom_src/install/velodyne_gazebo_plugins:/home/dwduong74/LUMI_ws/install/rf2o_laser_odometry:/home/dwduong74/LUMI_ws/install/custom_explorer:/opt/ros/humble LD_LIBRARY_PATH=/home/dwduong74/yahboom_src/install/velodyne_gazebo_plugins/lib:${LD_LIBRARY_PATH} /usr/bin/cmake /home/dwduong74/yahboom_src/src/unitree-go2-ros2/champ/champ_description -DCMAKE_INSTALL_PREFIX=/home/dwduong74/yahboom_src/install/champ_description
[37.684s] DEBUG:colcon.colcon_core.event_handler.log_command:Invoking command in '/home/dwduong74/yahboom_src/build/champ_description': AMENT_PREFIX_PATH=/home/dwduong74/yahboom_src/install/velodyne_gazebo_plugins:${AMENT_PREFIX_PATH} CMAKE_PREFIX_PATH=/home/dwduong74/yahboom_src/install/velodyne_gazebo_plugins:/home/dwduong74/LUMI_ws/install/rf2o_laser_odometry:/home/dwduong74/LUMI_ws/install/custom_explorer:/opt/ros/humble LD_LIBRARY_PATH=/home/dwduong74/yahboom_src/install/velodyne_gazebo_plugins/lib:${LD_LIBRARY_PATH} /usr/bin/cmake --build /home/dwduong74/yahboom_src/build/champ_description -- -j8 -l8
[37.715s] DEBUG:colcon.colcon_core.event_handler.log_command:Invoked command in '/home/dwduong74/yahboom_src/build/velodyne_description' returned '0': AMENT_PREFIX_PATH=/home/dwduong74/yahboom_src/install/velodyne_gazebo_plugins:${AMENT_PREFIX_PATH} CMAKE_PREFIX_PATH=/home/dwduong74/yahboom_src/install/velodyne_gazebo_plugins:/home/dwduong74/LUMI_ws/install/rf2o_laser_odometry:/home/dwduong74/LUMI_ws/install/custom_explorer:/opt/ros/humble LD_LIBRARY_PATH=/home/dwduong74/yahboom_src/install/velodyne_gazebo_plugins/lib:${LD_LIBRARY_PATH} /usr/bin/cmake /home/dwduong74/yahboom_src/src/unitree-go2-ros2/velodyne/velodyne_description -DCMAKE_INSTALL_PREFIX=/home/dwduong74/yahboom_src/install/velodyne_description
[37.719s] DEBUG:colcon.colcon_core.event_handler.log_command:Invoking command in '/home/dwduong74/yahboom_src/build/velodyne_description': AMENT_PREFIX_PATH=/home/dwduong74/yahboom_src/install/velodyne_gazebo_plugins:${AMENT_PREFIX_PATH} CMAKE_PREFIX_PATH=/home/dwduong74/yahboom_src/install/velodyne_gazebo_plugins:/home/dwduong74/LUMI_ws/install/rf2o_laser_odometry:/home/dwduong74/LUMI_ws/install/custom_explorer:/opt/ros/humble LD_LIBRARY_PATH=/home/dwduong74/yahboom_src/install/velodyne_gazebo_plugins/lib:${LD_LIBRARY_PATH} /usr/bin/cmake --build /home/dwduong74/yahboom_src/build/velodyne_description -- -j8 -l8
[37.744s] DEBUG:colcon.colcon_core.event_handler.log_command:Invoked command in '/home/dwduong74/yahboom_src/build/champ_description' returned '0': AMENT_PREFIX_PATH=/home/dwduong74/yahboom_src/install/velodyne_gazebo_plugins:${AMENT_PREFIX_PATH} CMAKE_PREFIX_PATH=/home/dwduong74/yahboom_src/install/velodyne_gazebo_plugins:/home/dwduong74/LUMI_ws/install/rf2o_laser_odometry:/home/dwduong74/LUMI_ws/install/custom_explorer:/opt/ros/humble LD_LIBRARY_PATH=/home/dwduong74/yahboom_src/install/velodyne_gazebo_plugins/lib:${LD_LIBRARY_PATH} /usr/bin/cmake --build /home/dwduong74/yahboom_src/build/champ_description -- -j8 -l8
[37.746s] DEBUG:colcon.colcon_core.event_handler.log_command:Invoking command in '/home/dwduong74/yahboom_src/build/champ_description': AMENT_PREFIX_PATH=/home/dwduong74/yahboom_src/install/velodyne_gazebo_plugins:${AMENT_PREFIX_PATH} CMAKE_PREFIX_PATH=/home/dwduong74/yahboom_src/install/velodyne_gazebo_plugins:/home/dwduong74/LUMI_ws/install/rf2o_laser_odometry:/home/dwduong74/LUMI_ws/install/custom_explorer:/opt/ros/humble LD_LIBRARY_PATH=/home/dwduong74/yahboom_src/install/velodyne_gazebo_plugins/lib:${LD_LIBRARY_PATH} /usr/bin/cmake --install /home/dwduong74/yahboom_src/build/champ_description
[37.772s] DEBUG:colcon.colcon_core.event_handler.log_command:Invoked command in '/home/dwduong74/yahboom_src/build/velodyne_description' returned '0': AMENT_PREFIX_PATH=/home/dwduong74/yahboom_src/install/velodyne_gazebo_plugins:${AMENT_PREFIX_PATH} CMAKE_PREFIX_PATH=/home/dwduong74/yahboom_src/install/velodyne_gazebo_plugins:/home/dwduong74/LUMI_ws/install/rf2o_laser_odometry:/home/dwduong74/LUMI_ws/install/custom_explorer:/opt/ros/humble LD_LIBRARY_PATH=/home/dwduong74/yahboom_src/install/velodyne_gazebo_plugins/lib:${LD_LIBRARY_PATH} /usr/bin/cmake --build /home/dwduong74/yahboom_src/build/velodyne_description -- -j8 -l8
[37.775s] DEBUG:colcon.colcon_core.event_handler.log_command:Invoking command in '/home/dwduong74/yahboom_src/build/velodyne_description': AMENT_PREFIX_PATH=/home/dwduong74/yahboom_src/install/velodyne_gazebo_plugins:${AMENT_PREFIX_PATH} CMAKE_PREFIX_PATH=/home/dwduong74/yahboom_src/install/velodyne_gazebo_plugins:/home/dwduong74/LUMI_ws/install/rf2o_laser_odometry:/home/dwduong74/LUMI_ws/install/custom_explorer:/opt/ros/humble LD_LIBRARY_PATH=/home/dwduong74/yahboom_src/install/velodyne_gazebo_plugins/lib:${LD_LIBRARY_PATH} /usr/bin/cmake --install /home/dwduong74/yahboom_src/build/velodyne_description
[37.783s] Level 1:colcon.colcon_core.environment:create_environment_scripts_only(champ_description)
[37.784s] Level 1:colcon.colcon_core.environment:checking '/home/dwduong74/yahboom_src/install/champ_description' for CMake module files
[37.785s] Level 1:colcon.colcon_core.environment:checking '/home/dwduong74/yahboom_src/install/champ_description' for CMake config files
[37.786s] Level 1:colcon.colcon_core.shell:create_environment_hook('champ_description', 'cmake_prefix_path')
[37.786s] INFO:colcon.colcon_core.shell:Creating environment hook '/home/dwduong74/yahboom_src/install/champ_description/share/champ_description/hook/cmake_prefix_path.ps1'
[37.787s] DEBUG:colcon.colcon_core.event_handler.log_command:Invoked command in '/home/dwduong74/yahboom_src/build/champ_description' returned '0': AMENT_PREFIX_PATH=/home/dwduong74/yahboom_src/install/velodyne_gazebo_plugins:${AMENT_PREFIX_PATH} CMAKE_PREFIX_PATH=/home/dwduong74/yahboom_src/install/velodyne_gazebo_plugins:/home/dwduong74/LUMI_ws/install/rf2o_laser_odometry:/home/dwduong74/LUMI_ws/install/custom_explorer:/opt/ros/humble LD_LIBRARY_PATH=/home/dwduong74/yahboom_src/install/velodyne_gazebo_plugins/lib:${LD_LIBRARY_PATH} /usr/bin/cmake --install /home/dwduong74/yahboom_src/build/champ_description
[37.789s] INFO:colcon.colcon_core.shell:Creating environment descriptor '/home/dwduong74/yahboom_src/install/champ_description/share/champ_description/hook/cmake_prefix_path.dsv'
[37.791s] INFO:colcon.colcon_core.shell:Creating environment hook '/home/dwduong74/yahboom_src/install/champ_description/share/champ_description/hook/cmake_prefix_path.sh'
[37.792s] Level 1:colcon.colcon_core.environment:checking '/home/dwduong74/yahboom_src/install/champ_description/bin'
[37.792s] Level 1:colcon.colcon_core.environment:checking '/home/dwduong74/yahboom_src/install/champ_description/lib/pkgconfig/champ_description.pc'
[37.793s] Level 1:colcon.colcon_core.environment:checking '/home/dwduong74/yahboom_src/install/champ_description/lib/python3.10/site-packages'
[37.793s] Level 1:colcon.colcon_core.environment:checking '/home/dwduong74/yahboom_src/install/champ_description/bin'
[37.794s] INFO:colcon.colcon_core.shell:Creating package script '/home/dwduong74/yahboom_src/install/champ_description/share/champ_description/package.ps1'
[37.796s] INFO:colcon.colcon_core.shell:Creating package descriptor '/home/dwduong74/yahboom_src/install/champ_description/share/champ_description/package.dsv'
[37.797s] INFO:colcon.colcon_core.shell:Creating package script '/home/dwduong74/yahboom_src/install/champ_description/share/champ_description/package.sh'
[37.798s] INFO:colcon.colcon_core.shell:Creating package script '/home/dwduong74/yahboom_src/install/champ_description/share/champ_description/package.bash'
[37.798s] INFO:colcon.colcon_core.shell:Creating package script '/home/dwduong74/yahboom_src/install/champ_description/share/champ_description/package.zsh'
[37.799s] Level 1:colcon.colcon_core.environment:create_file_with_runtime_dependencies(/home/dwduong74/yahboom_src/install/champ_description/share/colcon-core/packages/champ_description)
[37.800s] Level 1:colcon.colcon_core.environment:create_environment_scripts_only(champ_description)
[37.802s] Level 1:colcon.colcon_core.environment:checking '/home/dwduong74/yahboom_src/install/champ_description' for CMake module files
[37.803s] Level 1:colcon.colcon_core.environment:checking '/home/dwduong74/yahboom_src/install/champ_description' for CMake config files
[37.809s] Level 1:colcon.colcon_core.shell:create_environment_hook('champ_description', 'cmake_prefix_path')
[37.810s] INFO:colcon.colcon_core.shell:Creating environment hook '/home/dwduong74/yahboom_src/install/champ_description/share/champ_description/hook/cmake_prefix_path.ps1'
[37.811s] INFO:colcon.colcon_core.shell:Creating environment descriptor '/home/dwduong74/yahboom_src/install/champ_description/share/champ_description/hook/cmake_prefix_path.dsv'
[37.811s] INFO:colcon.colcon_core.shell:Creating environment hook '/home/dwduong74/yahboom_src/install/champ_description/share/champ_description/hook/cmake_prefix_path.sh'
[37.812s] Level 1:colcon.colcon_core.environment:checking '/home/dwduong74/yahboom_src/install/champ_description/bin'
[37.812s] Level 1:colcon.colcon_core.environment:checking '/home/dwduong74/yahboom_src/install/champ_description/lib/pkgconfig/champ_description.pc'
[37.813s] Level 1:colcon.colcon_core.environment:checking '/home/dwduong74/yahboom_src/install/champ_description/lib/python3.10/site-packages'
[37.813s] Level 1:colcon.colcon_core.environment:checking '/home/dwduong74/yahboom_src/install/champ_description/bin'
[37.814s] INFO:colcon.colcon_core.shell:Creating package script '/home/dwduong74/yahboom_src/install/champ_description/share/champ_description/package.ps1'
[37.815s] INFO:colcon.colcon_core.shell:Creating package descriptor '/home/dwduong74/yahboom_src/install/champ_description/share/champ_description/package.dsv'
[37.816s] INFO:colcon.colcon_core.shell:Creating package script '/home/dwduong74/yahboom_src/install/champ_description/share/champ_description/package.sh'
[37.817s] INFO:colcon.colcon_core.shell:Creating package script '/home/dwduong74/yahboom_src/install/champ_description/share/champ_description/package.bash'
[37.818s] INFO:colcon.colcon_core.shell:Creating package script '/home/dwduong74/yahboom_src/install/champ_description/share/champ_description/package.zsh'
[37.819s] Level 1:colcon.colcon_core.environment:create_file_with_runtime_dependencies(/home/dwduong74/yahboom_src/install/champ_description/share/colcon-core/packages/champ_description)
[37.821s] Level 1:colcon.colcon_core.environment:create_environment_scripts_only(velodyne_description)
[37.821s] Level 1:colcon.colcon_core.environment:checking '/home/dwduong74/yahboom_src/install/velodyne_description' for CMake module files
[37.823s] DEBUG:colcon.colcon_core.event_handler.log_command:Invoked command in '/home/dwduong74/yahboom_src/build/velodyne_description' returned '0': AMENT_PREFIX_PATH=/home/dwduong74/yahboom_src/install/velodyne_gazebo_plugins:${AMENT_PREFIX_PATH} CMAKE_PREFIX_PATH=/home/dwduong74/yahboom_src/install/velodyne_gazebo_plugins:/home/dwduong74/LUMI_ws/install/rf2o_laser_odometry:/home/dwduong74/LUMI_ws/install/custom_explorer:/opt/ros/humble LD_LIBRARY_PATH=/home/dwduong74/yahboom_src/install/velodyne_gazebo_plugins/lib:${LD_LIBRARY_PATH} /usr/bin/cmake --install /home/dwduong74/yahboom_src/build/velodyne_description
[37.823s] Level 1:colcon.colcon_core.environment:checking '/home/dwduong74/yahboom_src/install/velodyne_description' for CMake config files
[37.824s] Level 1:colcon.colcon_core.shell:create_environment_hook('velodyne_description', 'cmake_prefix_path')
[37.824s] INFO:colcon.colcon_core.shell:Creating environment hook '/home/dwduong74/yahboom_src/install/velodyne_description/share/velodyne_description/hook/cmake_prefix_path.ps1'
[37.825s] INFO:colcon.colcon_core.shell:Creating environment descriptor '/home/dwduong74/yahboom_src/install/velodyne_description/share/velodyne_description/hook/cmake_prefix_path.dsv'
[37.825s] INFO:colcon.colcon_core.shell:Creating environment hook '/home/dwduong74/yahboom_src/install/velodyne_description/share/velodyne_description/hook/cmake_prefix_path.sh'
[37.826s] Level 1:colcon.colcon_core.environment:checking '/home/dwduong74/yahboom_src/install/velodyne_description/bin'
[37.826s] Level 1:colcon.colcon_core.environment:checking '/home/dwduong74/yahboom_src/install/velodyne_description/lib/pkgconfig/velodyne_description.pc'
[37.827s] Level 1:colcon.colcon_core.environment:checking '/home/dwduong74/yahboom_src/install/velodyne_description/lib/python3.10/site-packages'
[37.827s] Level 1:colcon.colcon_core.environment:checking '/home/dwduong74/yahboom_src/install/velodyne_description/bin'
[37.828s] INFO:colcon.colcon_core.shell:Creating package script '/home/dwduong74/yahboom_src/install/velodyne_description/share/velodyne_description/package.ps1'
[37.829s] INFO:colcon.colcon_core.shell:Creating package descriptor '/home/dwduong74/yahboom_src/install/velodyne_description/share/velodyne_description/package.dsv'
[37.830s] INFO:colcon.colcon_core.shell:Creating package script '/home/dwduong74/yahboom_src/install/velodyne_description/share/velodyne_description/package.sh'
[37.830s] INFO:colcon.colcon_core.shell:Creating package script '/home/dwduong74/yahboom_src/install/velodyne_description/share/velodyne_description/package.bash'
[37.831s] INFO:colcon.colcon_core.shell:Creating package script '/home/dwduong74/yahboom_src/install/velodyne_description/share/velodyne_description/package.zsh'
[37.831s] Level 1:colcon.colcon_core.environment:create_file_with_runtime_dependencies(/home/dwduong74/yahboom_src/install/velodyne_description/share/colcon-core/packages/velodyne_description)
[37.832s] Level 1:colcon.colcon_core.environment:create_environment_scripts_only(velodyne_description)
[37.833s] Level 1:colcon.colcon_core.environment:checking '/home/dwduong74/yahboom_src/install/velodyne_description' for CMake module files
[37.834s] Level 1:colcon.colcon_core.environment:checking '/home/dwduong74/yahboom_src/install/velodyne_description' for CMake config files
[37.834s] Level 1:colcon.colcon_core.shell:create_environment_hook('velodyne_description', 'cmake_prefix_path')
[37.835s] INFO:colcon.colcon_core.shell:Creating environment hook '/home/dwduong74/yahboom_src/install/velodyne_description/share/velodyne_description/hook/cmake_prefix_path.ps1'
[37.835s] INFO:colcon.colcon_core.shell:Creating environment descriptor '/home/dwduong74/yahboom_src/install/velodyne_description/share/velodyne_description/hook/cmake_prefix_path.dsv'
[37.836s] INFO:colcon.colcon_core.shell:Creating environment hook '/home/dwduong74/yahboom_src/install/velodyne_description/share/velodyne_description/hook/cmake_prefix_path.sh'
[37.837s] Level 1:colcon.colcon_core.environment:checking '/home/dwduong74/yahboom_src/install/velodyne_description/bin'
[37.837s] Level 1:colcon.colcon_core.environment:checking '/home/dwduong74/yahboom_src/install/velodyne_description/lib/pkgconfig/velodyne_description.pc'
[37.837s] Level 1:colcon.colcon_core.environment:checking '/home/dwduong74/yahboom_src/install/velodyne_description/lib/python3.10/site-packages'
[37.838s] Level 1:colcon.colcon_core.environment:checking '/home/dwduong74/yahboom_src/install/velodyne_description/bin'
[37.839s] INFO:colcon.colcon_core.shell:Creating package script '/home/dwduong74/yahboom_src/install/velodyne_description/share/velodyne_description/package.ps1'
[37.840s] INFO:colcon.colcon_core.shell:Creating package descriptor '/home/dwduong74/yahboom_src/install/velodyne_description/share/velodyne_description/package.dsv'
[37.841s] INFO:colcon.colcon_core.shell:Creating package script '/home/dwduong74/yahboom_src/install/velodyne_description/share/velodyne_description/package.sh'
[37.841s] INFO:colcon.colcon_core.shell:Creating package script '/home/dwduong74/yahboom_src/install/velodyne_description/share/velodyne_description/package.bash'
[37.842s] INFO:colcon.colcon_core.shell:Creating package script '/home/dwduong74/yahboom_src/install/velodyne_description/share/velodyne_description/package.zsh'
[37.843s] Level 1:colcon.colcon_core.environment:create_file_with_runtime_dependencies(/home/dwduong74/yahboom_src/install/velodyne_description/share/colcon-core/packages/velodyne_description)
[37.843s] INFO:colcon.colcon_ros.task.ament_cmake.build:Building ROS package in '/home/dwduong74/yahboom_src/src/unitree-go2-ros2/velodyne/velodyne_simulator' with build type 'ament_cmake'
[37.844s] INFO:colcon.colcon_cmake.task.cmake.build:Building CMake package in '/home/dwduong74/yahboom_src/src/unitree-go2-ros2/velodyne/velodyne_simulator'
[37.844s] INFO:colcon.colcon_core.shell:Skip shell extension 'powershell' for command environment: Not usable outside of PowerShell
[37.844s] DEBUG:colcon.colcon_core.shell:Skip shell extension 'dsv' for command environment
[37.862s] DEBUG:colcon.colcon_core.event_handler.log_command:Invoking command in '/home/dwduong74/yahboom_src/build/velodyne_simulator': AMENT_PREFIX_PATH=/home/dwduong74/yahboom_src/install/velodyne_description:/home/dwduong74/yahboom_src/install/velodyne_gazebo_plugins:${AMENT_PREFIX_PATH} CMAKE_PREFIX_PATH=/home/dwduong74/yahboom_src/install/velodyne_description:/home/dwduong74/yahboom_src/install/velodyne_gazebo_plugins:/home/dwduong74/LUMI_ws/install/rf2o_laser_odometry:/home/dwduong74/LUMI_ws/install/custom_explorer:/opt/ros/humble LD_LIBRARY_PATH=/home/dwduong74/yahboom_src/install/velodyne_gazebo_plugins/lib:${LD_LIBRARY_PATH} /usr/bin/cmake /home/dwduong74/yahboom_src/src/unitree-go2-ros2/velodyne/velodyne_simulator -DCMAKE_INSTALL_PREFIX=/home/dwduong74/yahboom_src/install/velodyne_simulator
[38.753s] DEBUG:colcon.colcon_core.event_handler.log_command:Invoked command in '/home/dwduong74/yahboom_src/build/velodyne_simulator' returned '0': AMENT_PREFIX_PATH=/home/dwduong74/yahboom_src/install/velodyne_description:/home/dwduong74/yahboom_src/install/velodyne_gazebo_plugins:${AMENT_PREFIX_PATH} CMAKE_PREFIX_PATH=/home/dwduong74/yahboom_src/install/velodyne_description:/home/dwduong74/yahboom_src/install/velodyne_gazebo_plugins:/home/dwduong74/LUMI_ws/install/rf2o_laser_odometry:/home/dwduong74/LUMI_ws/install/custom_explorer:/opt/ros/humble LD_LIBRARY_PATH=/home/dwduong74/yahboom_src/install/velodyne_gazebo_plugins/lib:${LD_LIBRARY_PATH} /usr/bin/cmake /home/dwduong74/yahboom_src/src/unitree-go2-ros2/velodyne/velodyne_simulator -DCMAKE_INSTALL_PREFIX=/home/dwduong74/yahboom_src/install/velodyne_simulator
[38.756s] DEBUG:colcon.colcon_core.event_handler.log_command:Invoking command in '/home/dwduong74/yahboom_src/build/velodyne_simulator': AMENT_PREFIX_PATH=/home/dwduong74/yahboom_src/install/velodyne_description:/home/dwduong74/yahboom_src/install/velodyne_gazebo_plugins:${AMENT_PREFIX_PATH} CMAKE_PREFIX_PATH=/home/dwduong74/yahboom_src/install/velodyne_description:/home/dwduong74/yahboom_src/install/velodyne_gazebo_plugins:/home/dwduong74/LUMI_ws/install/rf2o_laser_odometry:/home/dwduong74/LUMI_ws/install/custom_explorer:/opt/ros/humble LD_LIBRARY_PATH=/home/dwduong74/yahboom_src/install/velodyne_gazebo_plugins/lib:${LD_LIBRARY_PATH} /usr/bin/cmake --build /home/dwduong74/yahboom_src/build/velodyne_simulator -- -j8 -l8
[38.805s] DEBUG:colcon.colcon_core.event_handler.log_command:Invoked command in '/home/dwduong74/yahboom_src/build/velodyne_simulator' returned '0': AMENT_PREFIX_PATH=/home/dwduong74/yahboom_src/install/velodyne_description:/home/dwduong74/yahboom_src/install/velodyne_gazebo_plugins:${AMENT_PREFIX_PATH} CMAKE_PREFIX_PATH=/home/dwduong74/yahboom_src/install/velodyne_description:/home/dwduong74/yahboom_src/install/velodyne_gazebo_plugins:/home/dwduong74/LUMI_ws/install/rf2o_laser_odometry:/home/dwduong74/LUMI_ws/install/custom_explorer:/opt/ros/humble LD_LIBRARY_PATH=/home/dwduong74/yahboom_src/install/velodyne_gazebo_plugins/lib:${LD_LIBRARY_PATH} /usr/bin/cmake --build /home/dwduong74/yahboom_src/build/velodyne_simulator -- -j8 -l8
[38.808s] DEBUG:colcon.colcon_core.event_handler.log_command:Invoking command in '/home/dwduong74/yahboom_src/build/velodyne_simulator': AMENT_PREFIX_PATH=/home/dwduong74/yahboom_src/install/velodyne_description:/home/dwduong74/yahboom_src/install/velodyne_gazebo_plugins:${AMENT_PREFIX_PATH} CMAKE_PREFIX_PATH=/home/dwduong74/yahboom_src/install/velodyne_description:/home/dwduong74/yahboom_src/install/velodyne_gazebo_plugins:/home/dwduong74/LUMI_ws/install/rf2o_laser_odometry:/home/dwduong74/LUMI_ws/install/custom_explorer:/opt/ros/humble LD_LIBRARY_PATH=/home/dwduong74/yahboom_src/install/velodyne_gazebo_plugins/lib:${LD_LIBRARY_PATH} /usr/bin/cmake --install /home/dwduong74/yahboom_src/build/velodyne_simulator
[38.821s] Level 1:colcon.colcon_core.environment:create_environment_scripts_only(velodyne_simulator)
[38.821s] Level 1:colcon.colcon_core.environment:checking '/home/dwduong74/yahboom_src/install/velodyne_simulator' for CMake module files
[38.822s] DEBUG:colcon.colcon_core.event_handler.log_command:Invoked command in '/home/dwduong74/yahboom_src/build/velodyne_simulator' returned '0': AMENT_PREFIX_PATH=/home/dwduong74/yahboom_src/install/velodyne_description:/home/dwduong74/yahboom_src/install/velodyne_gazebo_plugins:${AMENT_PREFIX_PATH} CMAKE_PREFIX_PATH=/home/dwduong74/yahboom_src/install/velodyne_description:/home/dwduong74/yahboom_src/install/velodyne_gazebo_plugins:/home/dwduong74/LUMI_ws/install/rf2o_laser_odometry:/home/dwduong74/LUMI_ws/install/custom_explorer:/opt/ros/humble LD_LIBRARY_PATH=/home/dwduong74/yahboom_src/install/velodyne_gazebo_plugins/lib:${LD_LIBRARY_PATH} /usr/bin/cmake --install /home/dwduong74/yahboom_src/build/velodyne_simulator
[38.822s] Level 1:colcon.colcon_core.environment:checking '/home/dwduong74/yahboom_src/install/velodyne_simulator' for CMake config files
[38.823s] Level 1:colcon.colcon_core.shell:create_environment_hook('velodyne_simulator', 'cmake_prefix_path')
[38.823s] INFO:colcon.colcon_core.shell:Creating environment hook '/home/dwduong74/yahboom_src/install/velodyne_simulator/share/velodyne_simulator/hook/cmake_prefix_path.ps1'
[38.824s] INFO:colcon.colcon_core.shell:Creating environment descriptor '/home/dwduong74/yahboom_src/install/velodyne_simulator/share/velodyne_simulator/hook/cmake_prefix_path.dsv'
[38.824s] INFO:colcon.colcon_core.shell:Creating environment hook '/home/dwduong74/yahboom_src/install/velodyne_simulator/share/velodyne_simulator/hook/cmake_prefix_path.sh'
[38.825s] Level 1:colcon.colcon_core.environment:checking '/home/dwduong74/yahboom_src/install/velodyne_simulator/bin'
[38.825s] Level 1:colcon.colcon_core.environment:checking '/home/dwduong74/yahboom_src/install/velodyne_simulator/lib/pkgconfig/velodyne_simulator.pc'
[38.826s] Level 1:colcon.colcon_core.environment:checking '/home/dwduong74/yahboom_src/install/velodyne_simulator/lib/python3.10/site-packages'
[38.826s] Level 1:colcon.colcon_core.environment:checking '/home/dwduong74/yahboom_src/install/velodyne_simulator/bin'
[38.827s] INFO:colcon.colcon_core.shell:Creating package script '/home/dwduong74/yahboom_src/install/velodyne_simulator/share/velodyne_simulator/package.ps1'
[38.827s] INFO:colcon.colcon_core.shell:Creating package descriptor '/home/dwduong74/yahboom_src/install/velodyne_simulator/share/velodyne_simulator/package.dsv'
[38.828s] INFO:colcon.colcon_core.shell:Creating package script '/home/dwduong74/yahboom_src/install/velodyne_simulator/share/velodyne_simulator/package.sh'
[38.829s] INFO:colcon.colcon_core.shell:Creating package script '/home/dwduong74/yahboom_src/install/velodyne_simulator/share/velodyne_simulator/package.bash'
[38.829s] INFO:colcon.colcon_core.shell:Creating package script '/home/dwduong74/yahboom_src/install/velodyne_simulator/share/velodyne_simulator/package.zsh'
[38.830s] Level 1:colcon.colcon_core.environment:create_file_with_runtime_dependencies(/home/dwduong74/yahboom_src/install/velodyne_simulator/share/colcon-core/packages/velodyne_simulator)
[38.831s] Level 1:colcon.colcon_core.environment:create_environment_scripts_only(velodyne_simulator)
[38.831s] Level 1:colcon.colcon_core.environment:checking '/home/dwduong74/yahboom_src/install/velodyne_simulator' for CMake module files
[38.832s] Level 1:colcon.colcon_core.environment:checking '/home/dwduong74/yahboom_src/install/velodyne_simulator' for CMake config files
[38.832s] Level 1:colcon.colcon_core.shell:create_environment_hook('velodyne_simulator', 'cmake_prefix_path')
[38.832s] INFO:colcon.colcon_core.shell:Creating environment hook '/home/dwduong74/yahboom_src/install/velodyne_simulator/share/velodyne_simulator/hook/cmake_prefix_path.ps1'
[38.833s] INFO:colcon.colcon_core.shell:Creating environment descriptor '/home/dwduong74/yahboom_src/install/velodyne_simulator/share/velodyne_simulator/hook/cmake_prefix_path.dsv'
[38.834s] INFO:colcon.colcon_core.shell:Creating environment hook '/home/dwduong74/yahboom_src/install/velodyne_simulator/share/velodyne_simulator/hook/cmake_prefix_path.sh'
[38.834s] Level 1:colcon.colcon_core.environment:checking '/home/dwduong74/yahboom_src/install/velodyne_simulator/bin'
[38.835s] Level 1:colcon.colcon_core.environment:checking '/home/dwduong74/yahboom_src/install/velodyne_simulator/lib/pkgconfig/velodyne_simulator.pc'
[38.835s] Level 1:colcon.colcon_core.environment:checking '/home/dwduong74/yahboom_src/install/velodyne_simulator/lib/python3.10/site-packages'
[38.836s] Level 1:colcon.colcon_core.environment:checking '/home/dwduong74/yahboom_src/install/velodyne_simulator/bin'
[38.836s] INFO:colcon.colcon_core.shell:Creating package script '/home/dwduong74/yahboom_src/install/velodyne_simulator/share/velodyne_simulator/package.ps1'
[38.837s] INFO:colcon.colcon_core.shell:Creating package descriptor '/home/dwduong74/yahboom_src/install/velodyne_simulator/share/velodyne_simulator/package.dsv'
[38.838s] INFO:colcon.colcon_core.shell:Creating package script '/home/dwduong74/yahboom_src/install/velodyne_simulator/share/velodyne_simulator/package.sh'
[38.839s] INFO:colcon.colcon_core.shell:Creating package script '/home/dwduong74/yahboom_src/install/velodyne_simulator/share/velodyne_simulator/package.bash'
[38.840s] INFO:colcon.colcon_core.shell:Creating package script '/home/dwduong74/yahboom_src/install/velodyne_simulator/share/velodyne_simulator/package.zsh'
[38.840s] Level 1:colcon.colcon_core.environment:create_file_with_runtime_dependencies(/home/dwduong74/yahboom_src/install/velodyne_simulator/share/colcon-core/packages/velodyne_simulator)
[60.564s] DEBUG:colcon.colcon_core.event_handler.log_command:Invoked command in '/home/dwduong74/yahboom_src/build/champ_base' returned '0': AMENT_PREFIX_PATH=/home/dwduong74/yahboom_src/install/champ_msgs:/home/dwduong74/yahboom_src/install/champ:${AMENT_PREFIX_PATH} CMAKE_PREFIX_PATH=/home/dwduong74/yahboom_src/install/champ_msgs:/home/dwduong74/yahboom_src/install/champ:/home/dwduong74/LUMI_ws/install/rf2o_laser_odometry:/home/dwduong74/LUMI_ws/install/custom_explorer:/opt/ros/humble LD_LIBRARY_PATH=/home/dwduong74/yahboom_src/install/champ_msgs/lib:${LD_LIBRARY_PATH} PYTHONPATH=/home/dwduong74/yahboom_src/install/champ_msgs/local/lib/python3.10/dist-packages:${PYTHONPATH} /usr/bin/cmake --build /home/dwduong74/yahboom_src/build/champ_base -- -j8 -l8
[60.567s] DEBUG:colcon.colcon_core.event_handler.log_command:Invoking command in '/home/dwduong74/yahboom_src/build/champ_base': AMENT_PREFIX_PATH=/home/dwduong74/yahboom_src/install/champ_msgs:/home/dwduong74/yahboom_src/install/champ:${AMENT_PREFIX_PATH} CMAKE_PREFIX_PATH=/home/dwduong74/yahboom_src/install/champ_msgs:/home/dwduong74/yahboom_src/install/champ:/home/dwduong74/LUMI_ws/install/rf2o_laser_odometry:/home/dwduong74/LUMI_ws/install/custom_explorer:/opt/ros/humble LD_LIBRARY_PATH=/home/dwduong74/yahboom_src/install/champ_msgs/lib:${LD_LIBRARY_PATH} PYTHONPATH=/home/dwduong74/yahboom_src/install/champ_msgs/local/lib/python3.10/dist-packages:${PYTHONPATH} /usr/bin/cmake --install /home/dwduong74/yahboom_src/build/champ_base
[60.628s] Level 1:colcon.colcon_core.environment:create_environment_scripts_only(champ_base)
[60.629s] Level 1:colcon.colcon_core.environment:checking '/home/dwduong74/yahboom_src/install/champ_base' for CMake module files
[60.629s] DEBUG:colcon.colcon_core.event_handler.log_command:Invoked command in '/home/dwduong74/yahboom_src/build/champ_base' returned '0': AMENT_PREFIX_PATH=/home/dwduong74/yahboom_src/install/champ_msgs:/home/dwduong74/yahboom_src/install/champ:${AMENT_PREFIX_PATH} CMAKE_PREFIX_PATH=/home/dwduong74/yahboom_src/install/champ_msgs:/home/dwduong74/yahboom_src/install/champ:/home/dwduong74/LUMI_ws/install/rf2o_laser_odometry:/home/dwduong74/LUMI_ws/install/custom_explorer:/opt/ros/humble LD_LIBRARY_PATH=/home/dwduong74/yahboom_src/install/champ_msgs/lib:${LD_LIBRARY_PATH} PYTHONPATH=/home/dwduong74/yahboom_src/install/champ_msgs/local/lib/python3.10/dist-packages:${PYTHONPATH} /usr/bin/cmake --install /home/dwduong74/yahboom_src/build/champ_base
[60.630s] Level 1:colcon.colcon_core.environment:checking '/home/dwduong74/yahboom_src/install/champ_base' for CMake config files
[60.630s] Level 1:colcon.colcon_core.shell:create_environment_hook('champ_base', 'cmake_prefix_path')
[60.630s] INFO:colcon.colcon_core.shell:Creating environment hook '/home/dwduong74/yahboom_src/install/champ_base/share/champ_base/hook/cmake_prefix_path.ps1'
[60.631s] INFO:colcon.colcon_core.shell:Creating environment descriptor '/home/dwduong74/yahboom_src/install/champ_base/share/champ_base/hook/cmake_prefix_path.dsv'
[60.631s] INFO:colcon.colcon_core.shell:Creating environment hook '/home/dwduong74/yahboom_src/install/champ_base/share/champ_base/hook/cmake_prefix_path.sh'
[60.632s] Level 1:colcon.colcon_core.environment:checking '/home/dwduong74/yahboom_src/install/champ_base/lib'
[60.632s] Level 1:colcon.colcon_core.shell:create_environment_hook('champ_base', 'ld_library_path_lib')
[60.632s] INFO:colcon.colcon_core.shell:Creating environment hook '/home/dwduong74/yahboom_src/install/champ_base/share/champ_base/hook/ld_library_path_lib.ps1'
[60.633s] INFO:colcon.colcon_core.shell:Creating environment descriptor '/home/dwduong74/yahboom_src/install/champ_base/share/champ_base/hook/ld_library_path_lib.dsv'
[60.633s] INFO:colcon.colcon_core.shell:Creating environment hook '/home/dwduong74/yahboom_src/install/champ_base/share/champ_base/hook/ld_library_path_lib.sh'
[60.633s] Level 1:colcon.colcon_core.environment:checking '/home/dwduong74/yahboom_src/install/champ_base/bin'
[60.633s] Level 1:colcon.colcon_core.shell:create_environment_hook('champ_base', 'path')
[60.634s] INFO:colcon.colcon_core.shell:Creating environment hook '/home/dwduong74/yahboom_src/install/champ_base/share/champ_base/hook/path.ps1'
[60.634s] INFO:colcon.colcon_core.shell:Creating environment descriptor '/home/dwduong74/yahboom_src/install/champ_base/share/champ_base/hook/path.dsv'
[60.634s] INFO:colcon.colcon_core.shell:Creating environment hook '/home/dwduong74/yahboom_src/install/champ_base/share/champ_base/hook/path.sh'
[60.635s] Level 1:colcon.colcon_core.environment:checking '/home/dwduong74/yahboom_src/install/champ_base/lib/pkgconfig/champ_base.pc'
[60.635s] Level 1:colcon.colcon_core.environment:checking '/home/dwduong74/yahboom_src/install/champ_base/lib/python3.10/site-packages'
[60.635s] Level 1:colcon.colcon_core.environment:checking '/home/dwduong74/yahboom_src/install/champ_base/bin'
[60.635s] Level 1:colcon.colcon_core.shell:create_environment_hook('champ_base', 'pythonscriptspath')
[60.636s] INFO:colcon.colcon_core.shell:Creating environment hook '/home/dwduong74/yahboom_src/install/champ_base/share/champ_base/hook/pythonscriptspath.ps1'
[60.636s] INFO:colcon.colcon_core.shell:Creating environment descriptor '/home/dwduong74/yahboom_src/install/champ_base/share/champ_base/hook/pythonscriptspath.dsv'
[60.637s] INFO:colcon.colcon_core.shell:Creating environment hook '/home/dwduong74/yahboom_src/install/champ_base/share/champ_base/hook/pythonscriptspath.sh'
[60.637s] INFO:colcon.colcon_core.shell:Creating package script '/home/dwduong74/yahboom_src/install/champ_base/share/champ_base/package.ps1'
[60.638s] INFO:colcon.colcon_core.shell:Creating package descriptor '/home/dwduong74/yahboom_src/install/champ_base/share/champ_base/package.dsv'
[60.638s] INFO:colcon.colcon_core.shell:Creating package script '/home/dwduong74/yahboom_src/install/champ_base/share/champ_base/package.sh'
[60.639s] INFO:colcon.colcon_core.shell:Creating package script '/home/dwduong74/yahboom_src/install/champ_base/share/champ_base/package.bash'
[60.639s] INFO:colcon.colcon_core.shell:Creating package script '/home/dwduong74/yahboom_src/install/champ_base/share/champ_base/package.zsh'
[60.640s] Level 1:colcon.colcon_core.environment:create_file_with_runtime_dependencies(/home/dwduong74/yahboom_src/install/champ_base/share/colcon-core/packages/champ_base)
[60.640s] Level 1:colcon.colcon_core.environment:create_environment_scripts_only(champ_base)
[60.640s] Level 1:colcon.colcon_core.environment:checking '/home/dwduong74/yahboom_src/install/champ_base' for CMake module files
[60.641s] Level 1:colcon.colcon_core.environment:checking '/home/dwduong74/yahboom_src/install/champ_base' for CMake config files
[60.641s] Level 1:colcon.colcon_core.shell:create_environment_hook('champ_base', 'cmake_prefix_path')
[60.641s] INFO:colcon.colcon_core.shell:Creating environment hook '/home/dwduong74/yahboom_src/install/champ_base/share/champ_base/hook/cmake_prefix_path.ps1'
[60.642s] INFO:colcon.colcon_core.shell:Creating environment descriptor '/home/dwduong74/yahboom_src/install/champ_base/share/champ_base/hook/cmake_prefix_path.dsv'
[60.642s] INFO:colcon.colcon_core.shell:Creating environment hook '/home/dwduong74/yahboom_src/install/champ_base/share/champ_base/hook/cmake_prefix_path.sh'
[60.643s] Level 1:colcon.colcon_core.environment:checking '/home/dwduong74/yahboom_src/install/champ_base/lib'
[60.643s] Level 1:colcon.colcon_core.shell:create_environment_hook('champ_base', 'ld_library_path_lib')
[60.643s] INFO:colcon.colcon_core.shell:Creating environment hook '/home/dwduong74/yahboom_src/install/champ_base/share/champ_base/hook/ld_library_path_lib.ps1'
[60.644s] INFO:colcon.colcon_core.shell:Creating environment descriptor '/home/dwduong74/yahboom_src/install/champ_base/share/champ_base/hook/ld_library_path_lib.dsv'
[60.644s] INFO:colcon.colcon_core.shell:Creating environment hook '/home/dwduong74/yahboom_src/install/champ_base/share/champ_base/hook/ld_library_path_lib.sh'
[60.644s] Level 1:colcon.colcon_core.environment:checking '/home/dwduong74/yahboom_src/install/champ_base/bin'
[60.644s] Level 1:colcon.colcon_core.shell:create_environment_hook('champ_base', 'path')
[60.645s] INFO:colcon.colcon_core.shell:Creating environment hook '/home/dwduong74/yahboom_src/install/champ_base/share/champ_base/hook/path.ps1'
[60.645s] INFO:colcon.colcon_core.shell:Creating environment descriptor '/home/dwduong74/yahboom_src/install/champ_base/share/champ_base/hook/path.dsv'
[60.645s] INFO:colcon.colcon_core.shell:Creating environment hook '/home/dwduong74/yahboom_src/install/champ_base/share/champ_base/hook/path.sh'
[60.646s] Level 1:colcon.colcon_core.environment:checking '/home/dwduong74/yahboom_src/install/champ_base/lib/pkgconfig/champ_base.pc'
[60.646s] Level 1:colcon.colcon_core.environment:checking '/home/dwduong74/yahboom_src/install/champ_base/lib/python3.10/site-packages'
[60.647s] Level 1:colcon.colcon_core.environment:checking '/home/dwduong74/yahboom_src/install/champ_base/bin'
[60.647s] Level 1:colcon.colcon_core.shell:create_environment_hook('champ_base', 'pythonscriptspath')
[60.647s] INFO:colcon.colcon_core.shell:Creating environment hook '/home/dwduong74/yahboom_src/install/champ_base/share/champ_base/hook/pythonscriptspath.ps1'
[60.647s] INFO:colcon.colcon_core.shell:Creating environment descriptor '/home/dwduong74/yahboom_src/install/champ_base/share/champ_base/hook/pythonscriptspath.dsv'
[60.648s] INFO:colcon.colcon_core.shell:Creating environment hook '/home/dwduong74/yahboom_src/install/champ_base/share/champ_base/hook/pythonscriptspath.sh'
[60.649s] INFO:colcon.colcon_core.shell:Creating package script '/home/dwduong74/yahboom_src/install/champ_base/share/champ_base/package.ps1'
[60.649s] INFO:colcon.colcon_core.shell:Creating package descriptor '/home/dwduong74/yahboom_src/install/champ_base/share/champ_base/package.dsv'
[60.650s] INFO:colcon.colcon_core.shell:Creating package script '/home/dwduong74/yahboom_src/install/champ_base/share/champ_base/package.sh'
[60.650s] INFO:colcon.colcon_core.shell:Creating package script '/home/dwduong74/yahboom_src/install/champ_base/share/champ_base/package.bash'
[60.651s] INFO:colcon.colcon_core.shell:Creating package script '/home/dwduong74/yahboom_src/install/champ_base/share/champ_base/package.zsh'
[60.651s] Level 1:colcon.colcon_core.environment:create_file_with_runtime_dependencies(/home/dwduong74/yahboom_src/install/champ_base/share/colcon-core/packages/champ_base)
[60.651s] INFO:colcon.colcon_ros.task.ament_cmake.build:Building ROS package in '/home/dwduong74/yahboom_src/src/unitree-go2-ros2/champ/champ_bringup' with build type 'ament_cmake'
[60.652s] INFO:colcon.colcon_cmake.task.cmake.build:Building CMake package in '/home/dwduong74/yahboom_src/src/unitree-go2-ros2/champ/champ_bringup'
[60.652s] INFO:colcon.colcon_core.shell:Skip shell extension 'powershell' for command environment: Not usable outside of PowerShell
[60.652s] DEBUG:colcon.colcon_core.shell:Skip shell extension 'dsv' for command environment
[60.673s] DEBUG:colcon.colcon_core.event_handler.log_command:Invoking command in '/home/dwduong74/yahboom_src/build/champ_bringup': AMENT_PREFIX_PATH=/home/dwduong74/yahboom_src/install/champ_description:/home/dwduong74/yahboom_src/install/champ_base:/home/dwduong74/yahboom_src/install/velodyne_gazebo_plugins:/home/dwduong74/yahboom_src/install/champ_msgs:/home/dwduong74/yahboom_src/install/champ:${AMENT_PREFIX_PATH} CMAKE_PREFIX_PATH=/home/dwduong74/yahboom_src/install/champ_description:/home/dwduong74/yahboom_src/install/champ_base:/home/dwduong74/yahboom_src/install/velodyne_gazebo_plugins:/home/dwduong74/yahboom_src/install/champ_msgs:/home/dwduong74/yahboom_src/install/champ:/home/dwduong74/LUMI_ws/install/rf2o_laser_odometry:/home/dwduong74/LUMI_ws/install/custom_explorer:/opt/ros/humble LD_LIBRARY_PATH=/home/dwduong74/yahboom_src/install/champ_base/lib:/home/dwduong74/yahboom_src/install/velodyne_gazebo_plugins/lib:/home/dwduong74/yahboom_src/install/champ_msgs/lib:${LD_LIBRARY_PATH} PATH=/home/dwduong74/yahboom_src/install/champ_base/bin:${PATH} PYTHONPATH=/home/dwduong74/yahboom_src/install/champ_msgs/local/lib/python3.10/dist-packages:${PYTHONPATH} /usr/bin/cmake /home/dwduong74/yahboom_src/src/unitree-go2-ros2/champ/champ_bringup -DCMAKE_INSTALL_PREFIX=/home/dwduong74/yahboom_src/install/champ_bringup
[61.557s] DEBUG:colcon.colcon_core.event_handler.log_command:Invoked command in '/home/dwduong74/yahboom_src/build/champ_bringup' returned '0': AMENT_PREFIX_PATH=/home/dwduong74/yahboom_src/install/champ_description:/home/dwduong74/yahboom_src/install/champ_base:/home/dwduong74/yahboom_src/install/velodyne_gazebo_plugins:/home/dwduong74/yahboom_src/install/champ_msgs:/home/dwduong74/yahboom_src/install/champ:${AMENT_PREFIX_PATH} CMAKE_PREFIX_PATH=/home/dwduong74/yahboom_src/install/champ_description:/home/dwduong74/yahboom_src/install/champ_base:/home/dwduong74/yahboom_src/install/velodyne_gazebo_plugins:/home/dwduong74/yahboom_src/install/champ_msgs:/home/dwduong74/yahboom_src/install/champ:/home/dwduong74/LUMI_ws/install/rf2o_laser_odometry:/home/dwduong74/LUMI_ws/install/custom_explorer:/opt/ros/humble LD_LIBRARY_PATH=/home/dwduong74/yahboom_src/install/champ_base/lib:/home/dwduong74/yahboom_src/install/velodyne_gazebo_plugins/lib:/home/dwduong74/yahboom_src/install/champ_msgs/lib:${LD_LIBRARY_PATH} PATH=/home/dwduong74/yahboom_src/install/champ_base/bin:${PATH} PYTHONPATH=/home/dwduong74/yahboom_src/install/champ_msgs/local/lib/python3.10/dist-packages:${PYTHONPATH} /usr/bin/cmake /home/dwduong74/yahboom_src/src/unitree-go2-ros2/champ/champ_bringup -DCMAKE_INSTALL_PREFIX=/home/dwduong74/yahboom_src/install/champ_bringup
[61.559s] DEBUG:colcon.colcon_core.event_handler.log_command:Invoking command in '/home/dwduong74/yahboom_src/build/champ_bringup': AMENT_PREFIX_PATH=/home/dwduong74/yahboom_src/install/champ_description:/home/dwduong74/yahboom_src/install/champ_base:/home/dwduong74/yahboom_src/install/velodyne_gazebo_plugins:/home/dwduong74/yahboom_src/install/champ_msgs:/home/dwduong74/yahboom_src/install/champ:${AMENT_PREFIX_PATH} CMAKE_PREFIX_PATH=/home/dwduong74/yahboom_src/install/champ_description:/home/dwduong74/yahboom_src/install/champ_base:/home/dwduong74/yahboom_src/install/velodyne_gazebo_plugins:/home/dwduong74/yahboom_src/install/champ_msgs:/home/dwduong74/yahboom_src/install/champ:/home/dwduong74/LUMI_ws/install/rf2o_laser_odometry:/home/dwduong74/LUMI_ws/install/custom_explorer:/opt/ros/humble LD_LIBRARY_PATH=/home/dwduong74/yahboom_src/install/champ_base/lib:/home/dwduong74/yahboom_src/install/velodyne_gazebo_plugins/lib:/home/dwduong74/yahboom_src/install/champ_msgs/lib:${LD_LIBRARY_PATH} PATH=/home/dwduong74/yahboom_src/install/champ_base/bin:${PATH} PYTHONPATH=/home/dwduong74/yahboom_src/install/champ_msgs/local/lib/python3.10/dist-packages:${PYTHONPATH} /usr/bin/cmake --build /home/dwduong74/yahboom_src/build/champ_bringup -- -j8 -l8
[62.819s] DEBUG:colcon.colcon_core.event_handler.log_command:Invoked command in '/home/dwduong74/yahboom_src/build/champ_bringup' returned '0': AMENT_PREFIX_PATH=/home/dwduong74/yahboom_src/install/champ_description:/home/dwduong74/yahboom_src/install/champ_base:/home/dwduong74/yahboom_src/install/velodyne_gazebo_plugins:/home/dwduong74/yahboom_src/install/champ_msgs:/home/dwduong74/yahboom_src/install/champ:${AMENT_PREFIX_PATH} CMAKE_PREFIX_PATH=/home/dwduong74/yahboom_src/install/champ_description:/home/dwduong74/yahboom_src/install/champ_base:/home/dwduong74/yahboom_src/install/velodyne_gazebo_plugins:/home/dwduong74/yahboom_src/install/champ_msgs:/home/dwduong74/yahboom_src/install/champ:/home/dwduong74/LUMI_ws/install/rf2o_laser_odometry:/home/dwduong74/LUMI_ws/install/custom_explorer:/opt/ros/humble LD_LIBRARY_PATH=/home/dwduong74/yahboom_src/install/champ_base/lib:/home/dwduong74/yahboom_src/install/velodyne_gazebo_plugins/lib:/home/dwduong74/yahboom_src/install/champ_msgs/lib:${LD_LIBRARY_PATH} PATH=/home/dwduong74/yahboom_src/install/champ_base/bin:${PATH} PYTHONPATH=/home/dwduong74/yahboom_src/install/champ_msgs/local/lib/python3.10/dist-packages:${PYTHONPATH} /usr/bin/cmake --build /home/dwduong74/yahboom_src/build/champ_bringup -- -j8 -l8
[62.821s] DEBUG:colcon.colcon_core.event_handler.log_command:Invoking command in '/home/dwduong74/yahboom_src/build/champ_bringup': AMENT_PREFIX_PATH=/home/dwduong74/yahboom_src/install/champ_description:/home/dwduong74/yahboom_src/install/champ_base:/home/dwduong74/yahboom_src/install/velodyne_gazebo_plugins:/home/dwduong74/yahboom_src/install/champ_msgs:/home/dwduong74/yahboom_src/install/champ:${AMENT_PREFIX_PATH} CMAKE_PREFIX_PATH=/home/dwduong74/yahboom_src/install/champ_description:/home/dwduong74/yahboom_src/install/champ_base:/home/dwduong74/yahboom_src/install/velodyne_gazebo_plugins:/home/dwduong74/yahboom_src/install/champ_msgs:/home/dwduong74/yahboom_src/install/champ:/home/dwduong74/LUMI_ws/install/rf2o_laser_odometry:/home/dwduong74/LUMI_ws/install/custom_explorer:/opt/ros/humble LD_LIBRARY_PATH=/home/dwduong74/yahboom_src/install/champ_base/lib:/home/dwduong74/yahboom_src/install/velodyne_gazebo_plugins/lib:/home/dwduong74/yahboom_src/install/champ_msgs/lib:${LD_LIBRARY_PATH} PATH=/home/dwduong74/yahboom_src/install/champ_base/bin:${PATH} PYTHONPATH=/home/dwduong74/yahboom_src/install/champ_msgs/local/lib/python3.10/dist-packages:${PYTHONPATH} /usr/bin/cmake --install /home/dwduong74/yahboom_src/build/champ_bringup
[62.889s] Level 1:colcon.colcon_core.environment:create_environment_scripts_only(champ_bringup)
[62.889s] Level 1:colcon.colcon_core.environment:checking '/home/dwduong74/yahboom_src/install/champ_bringup' for CMake module files
[62.890s] DEBUG:colcon.colcon_core.event_handler.log_command:Invoked command in '/home/dwduong74/yahboom_src/build/champ_bringup' returned '0': AMENT_PREFIX_PATH=/home/dwduong74/yahboom_src/install/champ_description:/home/dwduong74/yahboom_src/install/champ_base:/home/dwduong74/yahboom_src/install/velodyne_gazebo_plugins:/home/dwduong74/yahboom_src/install/champ_msgs:/home/dwduong74/yahboom_src/install/champ:${AMENT_PREFIX_PATH} CMAKE_PREFIX_PATH=/home/dwduong74/yahboom_src/install/champ_description:/home/dwduong74/yahboom_src/install/champ_base:/home/dwduong74/yahboom_src/install/velodyne_gazebo_plugins:/home/dwduong74/yahboom_src/install/champ_msgs:/home/dwduong74/yahboom_src/install/champ:/home/dwduong74/LUMI_ws/install/rf2o_laser_odometry:/home/dwduong74/LUMI_ws/install/custom_explorer:/opt/ros/humble LD_LIBRARY_PATH=/home/dwduong74/yahboom_src/install/champ_base/lib:/home/dwduong74/yahboom_src/install/velodyne_gazebo_plugins/lib:/home/dwduong74/yahboom_src/install/champ_msgs/lib:${LD_LIBRARY_PATH} PATH=/home/dwduong74/yahboom_src/install/champ_base/bin:${PATH} PYTHONPATH=/home/dwduong74/yahboom_src/install/champ_msgs/local/lib/python3.10/dist-packages:${PYTHONPATH} /usr/bin/cmake --install /home/dwduong74/yahboom_src/build/champ_bringup
[62.890s] Level 1:colcon.colcon_core.environment:checking '/home/dwduong74/yahboom_src/install/champ_bringup' for CMake config files
[62.890s] Level 1:colcon.colcon_core.shell:create_environment_hook('champ_bringup', 'cmake_prefix_path')
[62.890s] INFO:colcon.colcon_core.shell:Creating environment hook '/home/dwduong74/yahboom_src/install/champ_bringup/share/champ_bringup/hook/cmake_prefix_path.ps1'
[62.891s] INFO:colcon.colcon_core.shell:Creating environment descriptor '/home/dwduong74/yahboom_src/install/champ_bringup/share/champ_bringup/hook/cmake_prefix_path.dsv'
[62.891s] INFO:colcon.colcon_core.shell:Creating environment hook '/home/dwduong74/yahboom_src/install/champ_bringup/share/champ_bringup/hook/cmake_prefix_path.sh'
[62.892s] Level 1:colcon.colcon_core.environment:checking '/home/dwduong74/yahboom_src/install/champ_bringup/lib'
[62.892s] Level 1:colcon.colcon_core.environment:checking '/home/dwduong74/yahboom_src/install/champ_bringup/bin'
[62.892s] Level 1:colcon.colcon_core.environment:checking '/home/dwduong74/yahboom_src/install/champ_bringup/lib/pkgconfig/champ_bringup.pc'
[62.892s] Level 1:colcon.colcon_core.environment:checking '/home/dwduong74/yahboom_src/install/champ_bringup/lib/python3.10/site-packages'
[62.892s] Level 1:colcon.colcon_core.environment:checking '/home/dwduong74/yahboom_src/install/champ_bringup/bin'
[62.893s] INFO:colcon.colcon_core.shell:Creating package script '/home/dwduong74/yahboom_src/install/champ_bringup/share/champ_bringup/package.ps1'
[62.893s] INFO:colcon.colcon_core.shell:Creating package descriptor '/home/dwduong74/yahboom_src/install/champ_bringup/share/champ_bringup/package.dsv'
[62.894s] INFO:colcon.colcon_core.shell:Creating package script '/home/dwduong74/yahboom_src/install/champ_bringup/share/champ_bringup/package.sh'
[62.894s] INFO:colcon.colcon_core.shell:Creating package script '/home/dwduong74/yahboom_src/install/champ_bringup/share/champ_bringup/package.bash'
[62.894s] INFO:colcon.colcon_core.shell:Creating package script '/home/dwduong74/yahboom_src/install/champ_bringup/share/champ_bringup/package.zsh'
[62.895s] Level 1:colcon.colcon_core.environment:create_file_with_runtime_dependencies(/home/dwduong74/yahboom_src/install/champ_bringup/share/colcon-core/packages/champ_bringup)
[62.895s] Level 1:colcon.colcon_core.environment:create_environment_scripts_only(champ_bringup)
[62.896s] Level 1:colcon.colcon_core.environment:checking '/home/dwduong74/yahboom_src/install/champ_bringup' for CMake module files
[62.896s] Level 1:colcon.colcon_core.environment:checking '/home/dwduong74/yahboom_src/install/champ_bringup' for CMake config files
[62.896s] Level 1:colcon.colcon_core.shell:create_environment_hook('champ_bringup', 'cmake_prefix_path')
[62.896s] INFO:colcon.colcon_core.shell:Creating environment hook '/home/dwduong74/yahboom_src/install/champ_bringup/share/champ_bringup/hook/cmake_prefix_path.ps1'
[62.897s] INFO:colcon.colcon_core.shell:Creating environment descriptor '/home/dwduong74/yahboom_src/install/champ_bringup/share/champ_bringup/hook/cmake_prefix_path.dsv'
[62.897s] INFO:colcon.colcon_core.shell:Creating environment hook '/home/dwduong74/yahboom_src/install/champ_bringup/share/champ_bringup/hook/cmake_prefix_path.sh'
[62.898s] Level 1:colcon.colcon_core.environment:checking '/home/dwduong74/yahboom_src/install/champ_bringup/lib'
[62.898s] Level 1:colcon.colcon_core.environment:checking '/home/dwduong74/yahboom_src/install/champ_bringup/bin'
[62.898s] Level 1:colcon.colcon_core.environment:checking '/home/dwduong74/yahboom_src/install/champ_bringup/lib/pkgconfig/champ_bringup.pc'
[62.898s] Level 1:colcon.colcon_core.environment:checking '/home/dwduong74/yahboom_src/install/champ_bringup/lib/python3.10/site-packages'
[62.898s] Level 1:colcon.colcon_core.environment:checking '/home/dwduong74/yahboom_src/install/champ_bringup/bin'
[62.899s] INFO:colcon.colcon_core.shell:Creating package script '/home/dwduong74/yahboom_src/install/champ_bringup/share/champ_bringup/package.ps1'
[62.899s] INFO:colcon.colcon_core.shell:Creating package descriptor '/home/dwduong74/yahboom_src/install/champ_bringup/share/champ_bringup/package.dsv'
[62.900s] INFO:colcon.colcon_core.shell:Creating package script '/home/dwduong74/yahboom_src/install/champ_bringup/share/champ_bringup/package.sh'
[62.900s] INFO:colcon.colcon_core.shell:Creating package script '/home/dwduong74/yahboom_src/install/champ_bringup/share/champ_bringup/package.bash'
[62.901s] INFO:colcon.colcon_core.shell:Creating package script '/home/dwduong74/yahboom_src/install/champ_bringup/share/champ_bringup/package.zsh'
[62.901s] Level 1:colcon.colcon_core.environment:create_file_with_runtime_dependencies(/home/dwduong74/yahboom_src/install/champ_bringup/share/colcon-core/packages/champ_bringup)
[62.901s] DEBUG:colcon.colcon_parallel_executor.executor.parallel:closing loop
[62.901s] DEBUG:colcon.colcon_parallel_executor.executor.parallel:loop closed
[62.902s] DEBUG:colcon.colcon_parallel_executor.executor.parallel:run_until_complete finished with '0'
[62.902s] DEBUG:colcon.colcon_core.event_reactor:joining thread
[62.918s] INFO:colcon.colcon_core.plugin_system:Skipping extension 'colcon_notification.desktop_notification.terminal_notifier': Not used on non-Darwin systems
[62.918s] INFO:colcon.colcon_core.plugin_system:Skipping extension 'colcon_notification.desktop_notification.win32': Not used on non-Windows systems
[62.918s] INFO:colcon.colcon_notification.desktop_notification:Sending desktop notification using 'notify2'
[62.932s] DEBUG:colcon.colcon_core.event_reactor:joined thread
[62.932s] INFO:colcon.colcon_core.shell:Creating prefix script '/home/dwduong74/yahboom_src/install/local_setup.ps1'
[62.935s] INFO:colcon.colcon_core.shell:Creating prefix util module '/home/dwduong74/yahboom_src/install/_local_setup_util_ps1.py'
[62.938s] INFO:colcon.colcon_core.shell:Creating prefix chain script '/home/dwduong74/yahboom_src/install/setup.ps1'
[62.940s] INFO:colcon.colcon_core.shell:Creating prefix script '/home/dwduong74/yahboom_src/install/local_setup.sh'
[62.941s] INFO:colcon.colcon_core.shell:Creating prefix util module '/home/dwduong74/yahboom_src/install/_local_setup_util_sh.py'
[62.941s] INFO:colcon.colcon_core.shell:Creating prefix chain script '/home/dwduong74/yahboom_src/install/setup.sh'
[62.942s] INFO:colcon.colcon_core.shell:Creating prefix script '/home/dwduong74/yahboom_src/install/local_setup.bash'
[62.943s] INFO:colcon.colcon_core.shell:Creating prefix chain script '/home/dwduong74/yahboom_src/install/setup.bash'
[62.945s] INFO:colcon.colcon_core.shell:Creating prefix script '/home/dwduong74/yahboom_src/install/local_setup.zsh'
[62.946s] INFO:colcon.colcon_core.shell:Creating prefix chain script '/home/dwduong74/yahboom_src/install/setup.zsh'
