[0.139s] DEBUG:colcon:Command line arguments: ['/usr/bin/colcon', 'build']
[0.139s] DEBUG:colcon:Parsed command line arguments: Namespace(log_base=None, log_level=None, verb_name='build', build_base='build', install_base='install', merge_install=False, symlink_install=False, test_result_base=None, continue_on_error=False, executor='parallel', parallel_workers=8, event_handlers=None, ignore_user_meta=False, metas=['./colcon.meta'], base_paths=['.'], packages_ignore=None, packages_ignore_regex=None, paths=None, packages_up_to=None, packages_up_to_regex=None, packages_above=None, packages_above_and_dependencies=None, packages_above_depth=None, packages_select_by_dep=None, packages_skip_by_dep=None, packages_skip_up_to=None, packages_select_build_failed=False, packages_skip_build_finished=False, packages_select_test_failures=False, packages_skip_test_passed=False, packages_select=None, packages_skip=None, packages_select_regex=None, packages_skip_regex=None, packages_start=None, packages_end=None, allow_overriding=[], cmake_args=None, cmake_target=None, cmake_target_skip_unavailable=False, cmake_clean_cache=False, cmake_clean_first=False, cmake_force_configure=False, ament_cmake_args=None, catkin_cmake_args=None, catkin_skip_building_tests=False, mixin_files=None, mixin=None, verb_parser=<colcon_mixin.mixin.mixin_argument.MixinArgumentDecorator object at 0x7d4c7a5f9000>, verb_extension=<colcon_core.verb.build.BuildVerb object at 0x7d4c7a5f8a90>, main=<bound method BuildVerb.main of <colcon_core.verb.build.BuildVerb object at 0x7d4c7a5f8a90>>, mixin_verb=('build',))
[0.504s] Level 1:colcon.colcon_core.package_discovery:discover_packages(colcon_meta) check parameters
[0.504s] Level 1:colcon.colcon_core.package_discovery:discover_packages(recursive) check parameters
[0.504s] Level 1:colcon.colcon_core.package_discovery:discover_packages(ignore) check parameters
[0.504s] Level 1:colcon.colcon_core.package_discovery:discover_packages(path) check parameters
[0.504s] Level 1:colcon.colcon_core.package_discovery:discover_packages(colcon_meta) discover
[0.504s] Level 1:colcon.colcon_core.package_discovery:discover_packages(recursive) discover
[0.504s] INFO:colcon.colcon_core.package_discovery:Crawling recursively for packages in '/home/dwduong74/yahboom_src'
[0.504s] Level 1:colcon.colcon_core.package_identification:_identify(.) by extensions ['ignore', 'ignore_ament_install']
[0.504s] Level 1:colcon.colcon_core.package_identification:_identify(.) by extension 'ignore'
[0.504s] Level 1:colcon.colcon_core.package_identification:_identify(.) by extension 'ignore_ament_install'
[0.504s] Level 1:colcon.colcon_core.package_identification:_identify(.) by extensions ['colcon_pkg']
[0.505s] Level 1:colcon.colcon_core.package_identification:_identify(.) by extension 'colcon_pkg'
[0.505s] Level 1:colcon.colcon_core.package_identification:_identify(.) by extensions ['colcon_meta']
[0.505s] Level 1:colcon.colcon_core.package_identification:_identify(.) by extension 'colcon_meta'
[0.505s] Level 1:colcon.colcon_core.package_identification:_identify(.) by extensions ['ros']
[0.505s] Level 1:colcon.colcon_core.package_identification:_identify(.) by extension 'ros'
[0.532s] Level 1:colcon.colcon_core.package_identification:_identify(.) by extensions ['cmake', 'python']
[0.532s] Level 1:colcon.colcon_core.package_identification:_identify(.) by extension 'cmake'
[0.532s] Level 1:colcon.colcon_core.package_identification:_identify(.) by extension 'python'
[0.532s] Level 1:colcon.colcon_core.package_identification:_identify(.) by extensions ['python_setup_py']
[0.532s] Level 1:colcon.colcon_core.package_identification:_identify(.) by extension 'python_setup_py'
[0.532s] Level 1:colcon.colcon_core.package_identification:_identify(build) by extensions ['ignore', 'ignore_ament_install']
[0.532s] Level 1:colcon.colcon_core.package_identification:_identify(build) by extension 'ignore'
[0.532s] Level 1:colcon.colcon_core.package_identification:_identify(build) ignored
[0.533s] Level 1:colcon.colcon_core.package_identification:_identify(install) by extensions ['ignore', 'ignore_ament_install']
[0.533s] Level 1:colcon.colcon_core.package_identification:_identify(install) by extension 'ignore'
[0.533s] Level 1:colcon.colcon_core.package_identification:_identify(install) ignored
[0.533s] Level 1:colcon.colcon_core.package_identification:_identify(log) by extensions ['ignore', 'ignore_ament_install']
[0.533s] Level 1:colcon.colcon_core.package_identification:_identify(log) by extension 'ignore'
[0.533s] Level 1:colcon.colcon_core.package_identification:_identify(log) ignored
[0.533s] Level 1:colcon.colcon_core.package_identification:_identify(src) by extensions ['ignore', 'ignore_ament_install']
[0.533s] Level 1:colcon.colcon_core.package_identification:_identify(src) by extension 'ignore'
[0.534s] Level 1:colcon.colcon_core.package_identification:_identify(src) by extension 'ignore_ament_install'
[0.534s] Level 1:colcon.colcon_core.package_identification:_identify(src) by extensions ['colcon_pkg']
[0.534s] Level 1:colcon.colcon_core.package_identification:_identify(src) by extension 'colcon_pkg'
[0.534s] Level 1:colcon.colcon_core.package_identification:_identify(src) by extensions ['colcon_meta']
[0.534s] Level 1:colcon.colcon_core.package_identification:_identify(src) by extension 'colcon_meta'
[0.534s] Level 1:colcon.colcon_core.package_identification:_identify(src) by extensions ['ros']
[0.534s] Level 1:colcon.colcon_core.package_identification:_identify(src) by extension 'ros'
[0.534s] Level 1:colcon.colcon_core.package_identification:_identify(src) by extensions ['cmake', 'python']
[0.534s] Level 1:colcon.colcon_core.package_identification:_identify(src) by extension 'cmake'
[0.534s] Level 1:colcon.colcon_core.package_identification:_identify(src) by extension 'python'
[0.534s] Level 1:colcon.colcon_core.package_identification:_identify(src) by extensions ['python_setup_py']
[0.534s] Level 1:colcon.colcon_core.package_identification:_identify(src) by extension 'python_setup_py'
[0.534s] Level 1:colcon.colcon_core.package_identification:_identify(src/bringup) by extensions ['ignore', 'ignore_ament_install']
[0.534s] Level 1:colcon.colcon_core.package_identification:_identify(src/bringup) by extension 'ignore'
[0.534s] Level 1:colcon.colcon_core.package_identification:_identify(src/bringup) by extension 'ignore_ament_install'
[0.534s] Level 1:colcon.colcon_core.package_identification:_identify(src/bringup) by extensions ['colcon_pkg']
[0.534s] Level 1:colcon.colcon_core.package_identification:_identify(src/bringup) by extension 'colcon_pkg'
[0.535s] Level 1:colcon.colcon_core.package_identification:_identify(src/bringup) by extensions ['colcon_meta']
[0.535s] Level 1:colcon.colcon_core.package_identification:_identify(src/bringup) by extension 'colcon_meta'
[0.535s] Level 1:colcon.colcon_core.package_identification:_identify(src/bringup) by extensions ['ros']
[0.535s] Level 1:colcon.colcon_core.package_identification:_identify(src/bringup) by extension 'ros'
[0.537s] DEBUG:colcon.colcon_core.package_identification:Package 'src/bringup' with type 'ros.ament_python' and name 'bringup'
[0.537s] Level 1:colcon.colcon_core.package_identification:_identify(src/build) by extensions ['ignore', 'ignore_ament_install']
[0.537s] Level 1:colcon.colcon_core.package_identification:_identify(src/build) by extension 'ignore'
[0.537s] Level 1:colcon.colcon_core.package_identification:_identify(src/build) ignored
[0.538s] Level 1:colcon.colcon_core.package_identification:_identify(src/dogzilla_sim) by extensions ['ignore', 'ignore_ament_install']
[0.538s] Level 1:colcon.colcon_core.package_identification:_identify(src/dogzilla_sim) by extension 'ignore'
[0.538s] Level 1:colcon.colcon_core.package_identification:_identify(src/dogzilla_sim) by extension 'ignore_ament_install'
[0.538s] Level 1:colcon.colcon_core.package_identification:_identify(src/dogzilla_sim) by extensions ['colcon_pkg']
[0.538s] Level 1:colcon.colcon_core.package_identification:_identify(src/dogzilla_sim) by extension 'colcon_pkg'
[0.538s] Level 1:colcon.colcon_core.package_identification:_identify(src/dogzilla_sim) by extensions ['colcon_meta']
[0.538s] Level 1:colcon.colcon_core.package_identification:_identify(src/dogzilla_sim) by extension 'colcon_meta'
[0.538s] Level 1:colcon.colcon_core.package_identification:_identify(src/dogzilla_sim) by extensions ['ros']
[0.538s] Level 1:colcon.colcon_core.package_identification:_identify(src/dogzilla_sim) by extension 'ros'
[0.538s] Level 1:colcon.colcon_core.package_identification:_identify(src/dogzilla_sim) by extensions ['cmake', 'python']
[0.538s] Level 1:colcon.colcon_core.package_identification:_identify(src/dogzilla_sim) by extension 'cmake'
[0.538s] Level 1:colcon.colcon_core.package_identification:_identify(src/dogzilla_sim) by extension 'python'
[0.538s] Level 1:colcon.colcon_core.package_identification:_identify(src/dogzilla_sim) by extensions ['python_setup_py']
[0.538s] Level 1:colcon.colcon_core.package_identification:_identify(src/dogzilla_sim) by extension 'python_setup_py'
[0.538s] Level 1:colcon.colcon_core.package_identification:_identify(src/dogzilla_sim/robots) by extensions ['ignore', 'ignore_ament_install']
[0.538s] Level 1:colcon.colcon_core.package_identification:_identify(src/dogzilla_sim/robots) by extension 'ignore'
[0.539s] Level 1:colcon.colcon_core.package_identification:_identify(src/dogzilla_sim/robots) by extension 'ignore_ament_install'
[0.539s] Level 1:colcon.colcon_core.package_identification:_identify(src/dogzilla_sim/robots) by extensions ['colcon_pkg']
[0.539s] Level 1:colcon.colcon_core.package_identification:_identify(src/dogzilla_sim/robots) by extension 'colcon_pkg'
[0.539s] Level 1:colcon.colcon_core.package_identification:_identify(src/dogzilla_sim/robots) by extensions ['colcon_meta']
[0.539s] Level 1:colcon.colcon_core.package_identification:_identify(src/dogzilla_sim/robots) by extension 'colcon_meta'
[0.539s] Level 1:colcon.colcon_core.package_identification:_identify(src/dogzilla_sim/robots) by extensions ['ros']
[0.539s] Level 1:colcon.colcon_core.package_identification:_identify(src/dogzilla_sim/robots) by extension 'ros'
[0.539s] Level 1:colcon.colcon_core.package_identification:_identify(src/dogzilla_sim/robots) by extensions ['cmake', 'python']
[0.539s] Level 1:colcon.colcon_core.package_identification:_identify(src/dogzilla_sim/robots) by extension 'cmake'
[0.539s] Level 1:colcon.colcon_core.package_identification:_identify(src/dogzilla_sim/robots) by extension 'python'
[0.539s] Level 1:colcon.colcon_core.package_identification:_identify(src/dogzilla_sim/robots) by extensions ['python_setup_py']
[0.539s] Level 1:colcon.colcon_core.package_identification:_identify(src/dogzilla_sim/robots) by extension 'python_setup_py'
[0.539s] Level 1:colcon.colcon_core.package_identification:_identify(src/dogzilla_sim/robots/configs) by extensions ['ignore', 'ignore_ament_install']
[0.539s] Level 1:colcon.colcon_core.package_identification:_identify(src/dogzilla_sim/robots/configs) by extension 'ignore'
[0.539s] Level 1:colcon.colcon_core.package_identification:_identify(src/dogzilla_sim/robots/configs) by extension 'ignore_ament_install'
[0.539s] Level 1:colcon.colcon_core.package_identification:_identify(src/dogzilla_sim/robots/configs) by extensions ['colcon_pkg']
[0.539s] Level 1:colcon.colcon_core.package_identification:_identify(src/dogzilla_sim/robots/configs) by extension 'colcon_pkg'
[0.540s] Level 1:colcon.colcon_core.package_identification:_identify(src/dogzilla_sim/robots/configs) by extensions ['colcon_meta']
[0.540s] Level 1:colcon.colcon_core.package_identification:_identify(src/dogzilla_sim/robots/configs) by extension 'colcon_meta'
[0.540s] Level 1:colcon.colcon_core.package_identification:_identify(src/dogzilla_sim/robots/configs) by extensions ['ros']
[0.540s] Level 1:colcon.colcon_core.package_identification:_identify(src/dogzilla_sim/robots/configs) by extension 'ros'
[0.540s] Level 1:colcon.colcon_core.package_identification:_identify(src/dogzilla_sim/robots/configs) by extensions ['cmake', 'python']
[0.540s] Level 1:colcon.colcon_core.package_identification:_identify(src/dogzilla_sim/robots/configs) by extension 'cmake'
[0.540s] Level 1:colcon.colcon_core.package_identification:_identify(src/dogzilla_sim/robots/configs) by extension 'python'
[0.540s] Level 1:colcon.colcon_core.package_identification:_identify(src/dogzilla_sim/robots/configs) by extensions ['python_setup_py']
[0.540s] Level 1:colcon.colcon_core.package_identification:_identify(src/dogzilla_sim/robots/configs) by extension 'python_setup_py'
[0.540s] Level 1:colcon.colcon_core.package_identification:_identify(src/dogzilla_sim/robots/configs/dogzilla_config) by extensions ['ignore', 'ignore_ament_install']
[0.540s] Level 1:colcon.colcon_core.package_identification:_identify(src/dogzilla_sim/robots/configs/dogzilla_config) by extension 'ignore'
[0.540s] Level 1:colcon.colcon_core.package_identification:_identify(src/dogzilla_sim/robots/configs/dogzilla_config) by extension 'ignore_ament_install'
[0.540s] Level 1:colcon.colcon_core.package_identification:_identify(src/dogzilla_sim/robots/configs/dogzilla_config) by extensions ['colcon_pkg']
[0.540s] Level 1:colcon.colcon_core.package_identification:_identify(src/dogzilla_sim/robots/configs/dogzilla_config) by extension 'colcon_pkg'
[0.540s] Level 1:colcon.colcon_core.package_identification:_identify(src/dogzilla_sim/robots/configs/dogzilla_config) by extensions ['colcon_meta']
[0.540s] Level 1:colcon.colcon_core.package_identification:_identify(src/dogzilla_sim/robots/configs/dogzilla_config) by extension 'colcon_meta'
[0.540s] Level 1:colcon.colcon_core.package_identification:_identify(src/dogzilla_sim/robots/configs/dogzilla_config) by extensions ['ros']
[0.541s] Level 1:colcon.colcon_core.package_identification:_identify(src/dogzilla_sim/robots/configs/dogzilla_config) by extension 'ros'
[0.541s] DEBUG:colcon.colcon_core.package_identification:Package 'src/dogzilla_sim/robots/configs/dogzilla_config' with type 'ros.ament_cmake' and name 'dogzilla_config'
[0.541s] Level 1:colcon.colcon_core.package_identification:_identify(src/dogzilla_sim/robots/descriptions) by extensions ['ignore', 'ignore_ament_install']
[0.541s] Level 1:colcon.colcon_core.package_identification:_identify(src/dogzilla_sim/robots/descriptions) by extension 'ignore'
[0.541s] Level 1:colcon.colcon_core.package_identification:_identify(src/dogzilla_sim/robots/descriptions) by extension 'ignore_ament_install'
[0.542s] Level 1:colcon.colcon_core.package_identification:_identify(src/dogzilla_sim/robots/descriptions) by extensions ['colcon_pkg']
[0.542s] Level 1:colcon.colcon_core.package_identification:_identify(src/dogzilla_sim/robots/descriptions) by extension 'colcon_pkg'
[0.542s] Level 1:colcon.colcon_core.package_identification:_identify(src/dogzilla_sim/robots/descriptions) by extensions ['colcon_meta']
[0.542s] Level 1:colcon.colcon_core.package_identification:_identify(src/dogzilla_sim/robots/descriptions) by extension 'colcon_meta'
[0.542s] Level 1:colcon.colcon_core.package_identification:_identify(src/dogzilla_sim/robots/descriptions) by extensions ['ros']
[0.542s] Level 1:colcon.colcon_core.package_identification:_identify(src/dogzilla_sim/robots/descriptions) by extension 'ros'
[0.542s] Level 1:colcon.colcon_core.package_identification:_identify(src/dogzilla_sim/robots/descriptions) by extensions ['cmake', 'python']
[0.542s] Level 1:colcon.colcon_core.package_identification:_identify(src/dogzilla_sim/robots/descriptions) by extension 'cmake'
[0.542s] Level 1:colcon.colcon_core.package_identification:_identify(src/dogzilla_sim/robots/descriptions) by extension 'python'
[0.542s] Level 1:colcon.colcon_core.package_identification:_identify(src/dogzilla_sim/robots/descriptions) by extensions ['python_setup_py']
[0.542s] Level 1:colcon.colcon_core.package_identification:_identify(src/dogzilla_sim/robots/descriptions) by extension 'python_setup_py'
[0.542s] Level 1:colcon.colcon_core.package_identification:_identify(src/dogzilla_sim/robots/descriptions/dogzilla_description) by extensions ['ignore', 'ignore_ament_install']
[0.542s] Level 1:colcon.colcon_core.package_identification:_identify(src/dogzilla_sim/robots/descriptions/dogzilla_description) by extension 'ignore'
[0.542s] Level 1:colcon.colcon_core.package_identification:_identify(src/dogzilla_sim/robots/descriptions/dogzilla_description) by extension 'ignore_ament_install'
[0.542s] Level 1:colcon.colcon_core.package_identification:_identify(src/dogzilla_sim/robots/descriptions/dogzilla_description) by extensions ['colcon_pkg']
[0.542s] Level 1:colcon.colcon_core.package_identification:_identify(src/dogzilla_sim/robots/descriptions/dogzilla_description) by extension 'colcon_pkg'
[0.542s] Level 1:colcon.colcon_core.package_identification:_identify(src/dogzilla_sim/robots/descriptions/dogzilla_description) by extensions ['colcon_meta']
[0.543s] Level 1:colcon.colcon_core.package_identification:_identify(src/dogzilla_sim/robots/descriptions/dogzilla_description) by extension 'colcon_meta'
[0.543s] Level 1:colcon.colcon_core.package_identification:_identify(src/dogzilla_sim/robots/descriptions/dogzilla_description) by extensions ['ros']
[0.543s] Level 1:colcon.colcon_core.package_identification:_identify(src/dogzilla_sim/robots/descriptions/dogzilla_description) by extension 'ros'
[0.543s] DEBUG:colcon.colcon_core.package_identification:Package 'src/dogzilla_sim/robots/descriptions/dogzilla_description' with type 'ros.ament_cmake' and name 'dogzilla_description'
[0.543s] Level 1:colcon.colcon_core.package_identification:_identify(src/gemini_examples) by extensions ['ignore', 'ignore_ament_install']
[0.544s] Level 1:colcon.colcon_core.package_identification:_identify(src/gemini_examples) by extension 'ignore'
[0.544s] Level 1:colcon.colcon_core.package_identification:_identify(src/gemini_examples) ignored
[0.544s] Level 1:colcon.colcon_core.package_identification:_identify(src/image_color_lab) by extensions ['ignore', 'ignore_ament_install']
[0.544s] Level 1:colcon.colcon_core.package_identification:_identify(src/image_color_lab) by extension 'ignore'
[0.544s] Level 1:colcon.colcon_core.package_identification:_identify(src/image_color_lab) by extension 'ignore_ament_install'
[0.544s] Level 1:colcon.colcon_core.package_identification:_identify(src/image_color_lab) by extensions ['colcon_pkg']
[0.544s] Level 1:colcon.colcon_core.package_identification:_identify(src/image_color_lab) by extension 'colcon_pkg'
[0.544s] Level 1:colcon.colcon_core.package_identification:_identify(src/image_color_lab) by extensions ['colcon_meta']
[0.544s] Level 1:colcon.colcon_core.package_identification:_identify(src/image_color_lab) by extension 'colcon_meta'
[0.544s] Level 1:colcon.colcon_core.package_identification:_identify(src/image_color_lab) by extensions ['ros']
[0.544s] Level 1:colcon.colcon_core.package_identification:_identify(src/image_color_lab) by extension 'ros'
[0.545s] DEBUG:colcon.colcon_core.package_identification:Package 'src/image_color_lab' with type 'ros.ament_cmake' and name 'image_color_lab'
[0.545s] Level 1:colcon.colcon_core.package_identification:_identify(src/install) by extensions ['ignore', 'ignore_ament_install']
[0.545s] Level 1:colcon.colcon_core.package_identification:_identify(src/install) by extension 'ignore'
[0.545s] Level 1:colcon.colcon_core.package_identification:_identify(src/install) ignored
[0.545s] Level 1:colcon.colcon_core.package_identification:_identify(src/oradar_lidar) by extensions ['ignore', 'ignore_ament_install']
[0.545s] Level 1:colcon.colcon_core.package_identification:_identify(src/oradar_lidar) by extension 'ignore'
[0.545s] Level 1:colcon.colcon_core.package_identification:_identify(src/oradar_lidar) by extension 'ignore_ament_install'
[0.545s] Level 1:colcon.colcon_core.package_identification:_identify(src/oradar_lidar) by extensions ['colcon_pkg']
[0.545s] Level 1:colcon.colcon_core.package_identification:_identify(src/oradar_lidar) by extension 'colcon_pkg'
[0.545s] Level 1:colcon.colcon_core.package_identification:_identify(src/oradar_lidar) by extensions ['colcon_meta']
[0.546s] Level 1:colcon.colcon_core.package_identification:_identify(src/oradar_lidar) by extension 'colcon_meta'
[0.546s] Level 1:colcon.colcon_core.package_identification:_identify(src/oradar_lidar) by extensions ['ros']
[0.546s] Level 1:colcon.colcon_core.package_identification:_identify(src/oradar_lidar) by extension 'ros'
[0.546s] DEBUG:colcon.colcon_core.package_identification:Package 'src/oradar_lidar' with type 'ros.ament_cmake' and name 'oradar_lidar'
[0.546s] Level 1:colcon.colcon_core.package_identification:_identify(src/src) by extensions ['ignore', 'ignore_ament_install']
[0.547s] Level 1:colcon.colcon_core.package_identification:_identify(src/src) by extension 'ignore'
[0.547s] Level 1:colcon.colcon_core.package_identification:_identify(src/src) by extension 'ignore_ament_install'
[0.547s] Level 1:colcon.colcon_core.package_identification:_identify(src/src) by extensions ['colcon_pkg']
[0.547s] Level 1:colcon.colcon_core.package_identification:_identify(src/src) by extension 'colcon_pkg'
[0.547s] Level 1:colcon.colcon_core.package_identification:_identify(src/src) by extensions ['colcon_meta']
[0.547s] Level 1:colcon.colcon_core.package_identification:_identify(src/src) by extension 'colcon_meta'
[0.547s] Level 1:colcon.colcon_core.package_identification:_identify(src/src) by extensions ['ros']
[0.547s] Level 1:colcon.colcon_core.package_identification:_identify(src/src) by extension 'ros'
[0.547s] Level 1:colcon.colcon_core.package_identification:_identify(src/src) by extensions ['cmake', 'python']
[0.547s] Level 1:colcon.colcon_core.package_identification:_identify(src/src) by extension 'cmake'
[0.547s] Level 1:colcon.colcon_core.package_identification:_identify(src/src) by extension 'python'
[0.547s] Level 1:colcon.colcon_core.package_identification:_identify(src/src) by extensions ['python_setup_py']
[0.547s] Level 1:colcon.colcon_core.package_identification:_identify(src/src) by extension 'python_setup_py'
[0.547s] Level 1:colcon.colcon_core.package_identification:_identify(src/tf_publisher) by extensions ['ignore', 'ignore_ament_install']
[0.547s] Level 1:colcon.colcon_core.package_identification:_identify(src/tf_publisher) by extension 'ignore'
[0.547s] Level 1:colcon.colcon_core.package_identification:_identify(src/tf_publisher) by extension 'ignore_ament_install'
[0.547s] Level 1:colcon.colcon_core.package_identification:_identify(src/tf_publisher) by extensions ['colcon_pkg']
[0.547s] Level 1:colcon.colcon_core.package_identification:_identify(src/tf_publisher) by extension 'colcon_pkg'
[0.547s] Level 1:colcon.colcon_core.package_identification:_identify(src/tf_publisher) by extensions ['colcon_meta']
[0.548s] Level 1:colcon.colcon_core.package_identification:_identify(src/tf_publisher) by extension 'colcon_meta'
[0.548s] Level 1:colcon.colcon_core.package_identification:_identify(src/tf_publisher) by extensions ['ros']
[0.548s] Level 1:colcon.colcon_core.package_identification:_identify(src/tf_publisher) by extension 'ros'
[0.548s] DEBUG:colcon.colcon_core.package_identification:Package 'src/tf_publisher' with type 'ros.ament_python' and name 'tf_publisher'
[0.548s] Level 1:colcon.colcon_core.package_identification:_identify(src/unitree-go2-ros2) by extensions ['ignore', 'ignore_ament_install']
[0.548s] Level 1:colcon.colcon_core.package_identification:_identify(src/unitree-go2-ros2) by extension 'ignore'
[0.548s] Level 1:colcon.colcon_core.package_identification:_identify(src/unitree-go2-ros2) by extension 'ignore_ament_install'
[0.549s] Level 1:colcon.colcon_core.package_identification:_identify(src/unitree-go2-ros2) by extensions ['colcon_pkg']
[0.549s] Level 1:colcon.colcon_core.package_identification:_identify(src/unitree-go2-ros2) by extension 'colcon_pkg'
[0.549s] Level 1:colcon.colcon_core.package_identification:_identify(src/unitree-go2-ros2) by extensions ['colcon_meta']
[0.549s] Level 1:colcon.colcon_core.package_identification:_identify(src/unitree-go2-ros2) by extension 'colcon_meta'
[0.549s] Level 1:colcon.colcon_core.package_identification:_identify(src/unitree-go2-ros2) by extensions ['ros']
[0.549s] Level 1:colcon.colcon_core.package_identification:_identify(src/unitree-go2-ros2) by extension 'ros'
[0.549s] Level 1:colcon.colcon_core.package_identification:_identify(src/unitree-go2-ros2) by extensions ['cmake', 'python']
[0.549s] Level 1:colcon.colcon_core.package_identification:_identify(src/unitree-go2-ros2) by extension 'cmake'
[0.549s] Level 1:colcon.colcon_core.package_identification:_identify(src/unitree-go2-ros2) by extension 'python'
[0.549s] Level 1:colcon.colcon_core.package_identification:_identify(src/unitree-go2-ros2) by extensions ['python_setup_py']
[0.549s] Level 1:colcon.colcon_core.package_identification:_identify(src/unitree-go2-ros2) by extension 'python_setup_py'
[0.549s] Level 1:colcon.colcon_core.package_identification:_identify(src/unitree-go2-ros2/champ) by extensions ['ignore', 'ignore_ament_install']
[0.549s] Level 1:colcon.colcon_core.package_identification:_identify(src/unitree-go2-ros2/champ) by extension 'ignore'
[0.549s] Level 1:colcon.colcon_core.package_identification:_identify(src/unitree-go2-ros2/champ) by extension 'ignore_ament_install'
[0.549s] Level 1:colcon.colcon_core.package_identification:_identify(src/unitree-go2-ros2/champ) by extensions ['colcon_pkg']
[0.549s] Level 1:colcon.colcon_core.package_identification:_identify(src/unitree-go2-ros2/champ) by extension 'colcon_pkg'
[0.550s] Level 1:colcon.colcon_core.package_identification:_identify(src/unitree-go2-ros2/champ) by extensions ['colcon_meta']
[0.550s] Level 1:colcon.colcon_core.package_identification:_identify(src/unitree-go2-ros2/champ) by extension 'colcon_meta'
[0.550s] Level 1:colcon.colcon_core.package_identification:_identify(src/unitree-go2-ros2/champ) by extensions ['ros']
[0.550s] Level 1:colcon.colcon_core.package_identification:_identify(src/unitree-go2-ros2/champ) by extension 'ros'
[0.550s] Level 1:colcon.colcon_core.package_identification:_identify(src/unitree-go2-ros2/champ) by extensions ['cmake', 'python']
[0.550s] Level 1:colcon.colcon_core.package_identification:_identify(src/unitree-go2-ros2/champ) by extension 'cmake'
[0.550s] Level 1:colcon.colcon_core.package_identification:_identify(src/unitree-go2-ros2/champ) by extension 'python'
[0.550s] Level 1:colcon.colcon_core.package_identification:_identify(src/unitree-go2-ros2/champ) by extensions ['python_setup_py']
[0.550s] Level 1:colcon.colcon_core.package_identification:_identify(src/unitree-go2-ros2/champ) by extension 'python_setup_py'
[0.550s] Level 1:colcon.colcon_core.package_identification:_identify(src/unitree-go2-ros2/champ/champ) by extensions ['ignore', 'ignore_ament_install']
[0.550s] Level 1:colcon.colcon_core.package_identification:_identify(src/unitree-go2-ros2/champ/champ) by extension 'ignore'
[0.550s] Level 1:colcon.colcon_core.package_identification:_identify(src/unitree-go2-ros2/champ/champ) by extension 'ignore_ament_install'
[0.550s] Level 1:colcon.colcon_core.package_identification:_identify(src/unitree-go2-ros2/champ/champ) by extensions ['colcon_pkg']
[0.550s] Level 1:colcon.colcon_core.package_identification:_identify(src/unitree-go2-ros2/champ/champ) by extension 'colcon_pkg'
[0.550s] Level 1:colcon.colcon_core.package_identification:_identify(src/unitree-go2-ros2/champ/champ) by extensions ['colcon_meta']
[0.550s] Level 1:colcon.colcon_core.package_identification:_identify(src/unitree-go2-ros2/champ/champ) by extension 'colcon_meta'
[0.550s] Level 1:colcon.colcon_core.package_identification:_identify(src/unitree-go2-ros2/champ/champ) by extensions ['ros']
[0.551s] Level 1:colcon.colcon_core.package_identification:_identify(src/unitree-go2-ros2/champ/champ) by extension 'ros'
[0.551s] DEBUG:colcon.colcon_core.package_identification:Package 'src/unitree-go2-ros2/champ/champ' with type 'ros.ament_cmake' and name 'champ'
[0.551s] Level 1:colcon.colcon_core.package_identification:_identify(src/unitree-go2-ros2/champ/champ_base) by extensions ['ignore', 'ignore_ament_install']
[0.551s] Level 1:colcon.colcon_core.package_identification:_identify(src/unitree-go2-ros2/champ/champ_base) by extension 'ignore'
[0.551s] Level 1:colcon.colcon_core.package_identification:_identify(src/unitree-go2-ros2/champ/champ_base) by extension 'ignore_ament_install'
[0.551s] Level 1:colcon.colcon_core.package_identification:_identify(src/unitree-go2-ros2/champ/champ_base) by extensions ['colcon_pkg']
[0.551s] Level 1:colcon.colcon_core.package_identification:_identify(src/unitree-go2-ros2/champ/champ_base) by extension 'colcon_pkg'
[0.551s] Level 1:colcon.colcon_core.package_identification:_identify(src/unitree-go2-ros2/champ/champ_base) by extensions ['colcon_meta']
[0.551s] Level 1:colcon.colcon_core.package_identification:_identify(src/unitree-go2-ros2/champ/champ_base) by extension 'colcon_meta'
[0.552s] Level 1:colcon.colcon_core.package_identification:_identify(src/unitree-go2-ros2/champ/champ_base) by extensions ['ros']
[0.552s] Level 1:colcon.colcon_core.package_identification:_identify(src/unitree-go2-ros2/champ/champ_base) by extension 'ros'
[0.553s] DEBUG:colcon.colcon_core.package_identification:Package 'src/unitree-go2-ros2/champ/champ_base' with type 'ros.ament_cmake' and name 'champ_base'
[0.553s] Level 1:colcon.colcon_core.package_identification:_identify(src/unitree-go2-ros2/champ/champ_bringup) by extensions ['ignore', 'ignore_ament_install']
[0.553s] Level 1:colcon.colcon_core.package_identification:_identify(src/unitree-go2-ros2/champ/champ_bringup) by extension 'ignore'
[0.553s] Level 1:colcon.colcon_core.package_identification:_identify(src/unitree-go2-ros2/champ/champ_bringup) by extension 'ignore_ament_install'
[0.553s] Level 1:colcon.colcon_core.package_identification:_identify(src/unitree-go2-ros2/champ/champ_bringup) by extensions ['colcon_pkg']
[0.553s] Level 1:colcon.colcon_core.package_identification:_identify(src/unitree-go2-ros2/champ/champ_bringup) by extension 'colcon_pkg'
[0.553s] Level 1:colcon.colcon_core.package_identification:_identify(src/unitree-go2-ros2/champ/champ_bringup) by extensions ['colcon_meta']
[0.553s] Level 1:colcon.colcon_core.package_identification:_identify(src/unitree-go2-ros2/champ/champ_bringup) by extension 'colcon_meta'
[0.554s] Level 1:colcon.colcon_core.package_identification:_identify(src/unitree-go2-ros2/champ/champ_bringup) by extensions ['ros']
[0.554s] Level 1:colcon.colcon_core.package_identification:_identify(src/unitree-go2-ros2/champ/champ_bringup) by extension 'ros'
[0.554s] DEBUG:colcon.colcon_core.package_identification:Package 'src/unitree-go2-ros2/champ/champ_bringup' with type 'ros.ament_cmake' and name 'champ_bringup'
[0.554s] Level 1:colcon.colcon_core.package_identification:_identify(src/unitree-go2-ros2/champ/champ_config) by extensions ['ignore', 'ignore_ament_install']
[0.554s] Level 1:colcon.colcon_core.package_identification:_identify(src/unitree-go2-ros2/champ/champ_config) by extension 'ignore'
[0.554s] Level 1:colcon.colcon_core.package_identification:_identify(src/unitree-go2-ros2/champ/champ_config) by extension 'ignore_ament_install'
[0.555s] Level 1:colcon.colcon_core.package_identification:_identify(src/unitree-go2-ros2/champ/champ_config) by extensions ['colcon_pkg']
[0.555s] Level 1:colcon.colcon_core.package_identification:_identify(src/unitree-go2-ros2/champ/champ_config) by extension 'colcon_pkg'
[0.555s] Level 1:colcon.colcon_core.package_identification:_identify(src/unitree-go2-ros2/champ/champ_config) by extensions ['colcon_meta']
[0.555s] Level 1:colcon.colcon_core.package_identification:_identify(src/unitree-go2-ros2/champ/champ_config) by extension 'colcon_meta'
[0.555s] Level 1:colcon.colcon_core.package_identification:_identify(src/unitree-go2-ros2/champ/champ_config) by extensions ['ros']
[0.555s] Level 1:colcon.colcon_core.package_identification:_identify(src/unitree-go2-ros2/champ/champ_config) by extension 'ros'
[0.555s] DEBUG:colcon.colcon_core.package_identification:Package 'src/unitree-go2-ros2/champ/champ_config' with type 'ros.ament_cmake' and name 'champ_config'
[0.556s] Level 1:colcon.colcon_core.package_identification:_identify(src/unitree-go2-ros2/champ/champ_description) by extensions ['ignore', 'ignore_ament_install']
[0.556s] Level 1:colcon.colcon_core.package_identification:_identify(src/unitree-go2-ros2/champ/champ_description) by extension 'ignore'
[0.556s] Level 1:colcon.colcon_core.package_identification:_identify(src/unitree-go2-ros2/champ/champ_description) by extension 'ignore_ament_install'
[0.556s] Level 1:colcon.colcon_core.package_identification:_identify(src/unitree-go2-ros2/champ/champ_description) by extensions ['colcon_pkg']
[0.556s] Level 1:colcon.colcon_core.package_identification:_identify(src/unitree-go2-ros2/champ/champ_description) by extension 'colcon_pkg'
[0.556s] Level 1:colcon.colcon_core.package_identification:_identify(src/unitree-go2-ros2/champ/champ_description) by extensions ['colcon_meta']
[0.556s] Level 1:colcon.colcon_core.package_identification:_identify(src/unitree-go2-ros2/champ/champ_description) by extension 'colcon_meta'
[0.556s] Level 1:colcon.colcon_core.package_identification:_identify(src/unitree-go2-ros2/champ/champ_description) by extensions ['ros']
[0.556s] Level 1:colcon.colcon_core.package_identification:_identify(src/unitree-go2-ros2/champ/champ_description) by extension 'ros'
[0.557s] DEBUG:colcon.colcon_core.package_identification:Package 'src/unitree-go2-ros2/champ/champ_description' with type 'ros.ament_cmake' and name 'champ_description'
[0.557s] Level 1:colcon.colcon_core.package_identification:_identify(src/unitree-go2-ros2/champ/champ_gazebo) by extensions ['ignore', 'ignore_ament_install']
[0.557s] Level 1:colcon.colcon_core.package_identification:_identify(src/unitree-go2-ros2/champ/champ_gazebo) by extension 'ignore'
[0.557s] Level 1:colcon.colcon_core.package_identification:_identify(src/unitree-go2-ros2/champ/champ_gazebo) by extension 'ignore_ament_install'
[0.557s] Level 1:colcon.colcon_core.package_identification:_identify(src/unitree-go2-ros2/champ/champ_gazebo) by extensions ['colcon_pkg']
[0.557s] Level 1:colcon.colcon_core.package_identification:_identify(src/unitree-go2-ros2/champ/champ_gazebo) by extension 'colcon_pkg'
[0.557s] Level 1:colcon.colcon_core.package_identification:_identify(src/unitree-go2-ros2/champ/champ_gazebo) by extensions ['colcon_meta']
[0.557s] Level 1:colcon.colcon_core.package_identification:_identify(src/unitree-go2-ros2/champ/champ_gazebo) by extension 'colcon_meta'
[0.557s] Level 1:colcon.colcon_core.package_identification:_identify(src/unitree-go2-ros2/champ/champ_gazebo) by extensions ['ros']
[0.557s] Level 1:colcon.colcon_core.package_identification:_identify(src/unitree-go2-ros2/champ/champ_gazebo) by extension 'ros'
[0.558s] DEBUG:colcon.colcon_core.package_identification:Package 'src/unitree-go2-ros2/champ/champ_gazebo' with type 'ros.ament_cmake' and name 'champ_gazebo'
[0.558s] Level 1:colcon.colcon_core.package_identification:_identify(src/unitree-go2-ros2/champ/champ_msgs) by extensions ['ignore', 'ignore_ament_install']
[0.558s] Level 1:colcon.colcon_core.package_identification:_identify(src/unitree-go2-ros2/champ/champ_msgs) by extension 'ignore'
[0.558s] Level 1:colcon.colcon_core.package_identification:_identify(src/unitree-go2-ros2/champ/champ_msgs) by extension 'ignore_ament_install'
[0.558s] Level 1:colcon.colcon_core.package_identification:_identify(src/unitree-go2-ros2/champ/champ_msgs) by extensions ['colcon_pkg']
[0.558s] Level 1:colcon.colcon_core.package_identification:_identify(src/unitree-go2-ros2/champ/champ_msgs) by extension 'colcon_pkg'
[0.559s] Level 1:colcon.colcon_core.package_identification:_identify(src/unitree-go2-ros2/champ/champ_msgs) by extensions ['colcon_meta']
[0.559s] Level 1:colcon.colcon_core.package_identification:_identify(src/unitree-go2-ros2/champ/champ_msgs) by extension 'colcon_meta'
[0.559s] Level 1:colcon.colcon_core.package_identification:_identify(src/unitree-go2-ros2/champ/champ_msgs) by extensions ['ros']
[0.559s] Level 1:colcon.colcon_core.package_identification:_identify(src/unitree-go2-ros2/champ/champ_msgs) by extension 'ros'
[0.559s] DEBUG:colcon.colcon_core.package_identification:Package 'src/unitree-go2-ros2/champ/champ_msgs' with type 'ros.ament_cmake' and name 'champ_msgs'
[0.560s] Level 1:colcon.colcon_core.package_identification:_identify(src/unitree-go2-ros2/champ/champ_navigation) by extensions ['ignore', 'ignore_ament_install']
[0.560s] Level 1:colcon.colcon_core.package_identification:_identify(src/unitree-go2-ros2/champ/champ_navigation) by extension 'ignore'
[0.560s] Level 1:colcon.colcon_core.package_identification:_identify(src/unitree-go2-ros2/champ/champ_navigation) by extension 'ignore_ament_install'
[0.560s] Level 1:colcon.colcon_core.package_identification:_identify(src/unitree-go2-ros2/champ/champ_navigation) by extensions ['colcon_pkg']
[0.560s] Level 1:colcon.colcon_core.package_identification:_identify(src/unitree-go2-ros2/champ/champ_navigation) by extension 'colcon_pkg'
[0.560s] Level 1:colcon.colcon_core.package_identification:_identify(src/unitree-go2-ros2/champ/champ_navigation) by extensions ['colcon_meta']
[0.560s] Level 1:colcon.colcon_core.package_identification:_identify(src/unitree-go2-ros2/champ/champ_navigation) by extension 'colcon_meta'
[0.560s] Level 1:colcon.colcon_core.package_identification:_identify(src/unitree-go2-ros2/champ/champ_navigation) by extensions ['ros']
[0.560s] Level 1:colcon.colcon_core.package_identification:_identify(src/unitree-go2-ros2/champ/champ_navigation) by extension 'ros'
[0.561s] DEBUG:colcon.colcon_core.package_identification:Package 'src/unitree-go2-ros2/champ/champ_navigation' with type 'ros.ament_cmake' and name 'champ_navigation'
[0.561s] Level 1:colcon.colcon_core.package_identification:_identify(src/unitree-go2-ros2/champ/docs) by extensions ['ignore', 'ignore_ament_install']
[0.561s] Level 1:colcon.colcon_core.package_identification:_identify(src/unitree-go2-ros2/champ/docs) by extension 'ignore'
[0.561s] Level 1:colcon.colcon_core.package_identification:_identify(src/unitree-go2-ros2/champ/docs) by extension 'ignore_ament_install'
[0.561s] Level 1:colcon.colcon_core.package_identification:_identify(src/unitree-go2-ros2/champ/docs) by extensions ['colcon_pkg']
[0.561s] Level 1:colcon.colcon_core.package_identification:_identify(src/unitree-go2-ros2/champ/docs) by extension 'colcon_pkg'
[0.561s] Level 1:colcon.colcon_core.package_identification:_identify(src/unitree-go2-ros2/champ/docs) by extensions ['colcon_meta']
[0.561s] Level 1:colcon.colcon_core.package_identification:_identify(src/unitree-go2-ros2/champ/docs) by extension 'colcon_meta'
[0.561s] Level 1:colcon.colcon_core.package_identification:_identify(src/unitree-go2-ros2/champ/docs) by extensions ['ros']
[0.561s] Level 1:colcon.colcon_core.package_identification:_identify(src/unitree-go2-ros2/champ/docs) by extension 'ros'
[0.561s] Level 1:colcon.colcon_core.package_identification:_identify(src/unitree-go2-ros2/champ/docs) by extensions ['cmake', 'python']
[0.561s] Level 1:colcon.colcon_core.package_identification:_identify(src/unitree-go2-ros2/champ/docs) by extension 'cmake'
[0.561s] Level 1:colcon.colcon_core.package_identification:_identify(src/unitree-go2-ros2/champ/docs) by extension 'python'
[0.561s] Level 1:colcon.colcon_core.package_identification:_identify(src/unitree-go2-ros2/champ/docs) by extensions ['python_setup_py']
[0.561s] Level 1:colcon.colcon_core.package_identification:_identify(src/unitree-go2-ros2/champ/docs) by extension 'python_setup_py'
[0.562s] Level 1:colcon.colcon_core.package_identification:_identify(src/unitree-go2-ros2/champ/docs/images) by extensions ['ignore', 'ignore_ament_install']
[0.562s] Level 1:colcon.colcon_core.package_identification:_identify(src/unitree-go2-ros2/champ/docs/images) by extension 'ignore'
[0.562s] Level 1:colcon.colcon_core.package_identification:_identify(src/unitree-go2-ros2/champ/docs/images) by extension 'ignore_ament_install'
[0.562s] Level 1:colcon.colcon_core.package_identification:_identify(src/unitree-go2-ros2/champ/docs/images) by extensions ['colcon_pkg']
[0.562s] Level 1:colcon.colcon_core.package_identification:_identify(src/unitree-go2-ros2/champ/docs/images) by extension 'colcon_pkg'
[0.562s] Level 1:colcon.colcon_core.package_identification:_identify(src/unitree-go2-ros2/champ/docs/images) by extensions ['colcon_meta']
[0.562s] Level 1:colcon.colcon_core.package_identification:_identify(src/unitree-go2-ros2/champ/docs/images) by extension 'colcon_meta'
[0.562s] Level 1:colcon.colcon_core.package_identification:_identify(src/unitree-go2-ros2/champ/docs/images) by extensions ['ros']
[0.562s] Level 1:colcon.colcon_core.package_identification:_identify(src/unitree-go2-ros2/champ/docs/images) by extension 'ros'
[0.562s] Level 1:colcon.colcon_core.package_identification:_identify(src/unitree-go2-ros2/champ/docs/images) by extensions ['cmake', 'python']
[0.562s] Level 1:colcon.colcon_core.package_identification:_identify(src/unitree-go2-ros2/champ/docs/images) by extension 'cmake'
[0.562s] Level 1:colcon.colcon_core.package_identification:_identify(src/unitree-go2-ros2/champ/docs/images) by extension 'python'
[0.562s] Level 1:colcon.colcon_core.package_identification:_identify(src/unitree-go2-ros2/champ/docs/images) by extensions ['python_setup_py']
[0.562s] Level 1:colcon.colcon_core.package_identification:_identify(src/unitree-go2-ros2/champ/docs/images) by extension 'python_setup_py'
[0.562s] Level 1:colcon.colcon_core.package_identification:_identify(src/unitree-go2-ros2/champ_teleop) by extensions ['ignore', 'ignore_ament_install']
[0.562s] Level 1:colcon.colcon_core.package_identification:_identify(src/unitree-go2-ros2/champ_teleop) by extension 'ignore'
[0.563s] Level 1:colcon.colcon_core.package_identification:_identify(src/unitree-go2-ros2/champ_teleop) by extension 'ignore_ament_install'
[0.563s] Level 1:colcon.colcon_core.package_identification:_identify(src/unitree-go2-ros2/champ_teleop) by extensions ['colcon_pkg']
[0.563s] Level 1:colcon.colcon_core.package_identification:_identify(src/unitree-go2-ros2/champ_teleop) by extension 'colcon_pkg'
[0.563s] Level 1:colcon.colcon_core.package_identification:_identify(src/unitree-go2-ros2/champ_teleop) by extensions ['colcon_meta']
[0.563s] Level 1:colcon.colcon_core.package_identification:_identify(src/unitree-go2-ros2/champ_teleop) by extension 'colcon_meta'
[0.563s] Level 1:colcon.colcon_core.package_identification:_identify(src/unitree-go2-ros2/champ_teleop) by extensions ['ros']
[0.563s] Level 1:colcon.colcon_core.package_identification:_identify(src/unitree-go2-ros2/champ_teleop) by extension 'ros'
[0.563s] DEBUG:colcon.colcon_core.package_identification:Package 'src/unitree-go2-ros2/champ_teleop' with type 'ros.ament_cmake' and name 'champ_teleop'
[0.564s] Level 1:colcon.colcon_core.package_identification:_identify(src/unitree-go2-ros2/robots) by extensions ['ignore', 'ignore_ament_install']
[0.564s] Level 1:colcon.colcon_core.package_identification:_identify(src/unitree-go2-ros2/robots) by extension 'ignore'
[0.564s] Level 1:colcon.colcon_core.package_identification:_identify(src/unitree-go2-ros2/robots) by extension 'ignore_ament_install'
[0.564s] Level 1:colcon.colcon_core.package_identification:_identify(src/unitree-go2-ros2/robots) by extensions ['colcon_pkg']
[0.564s] Level 1:colcon.colcon_core.package_identification:_identify(src/unitree-go2-ros2/robots) by extension 'colcon_pkg'
[0.564s] Level 1:colcon.colcon_core.package_identification:_identify(src/unitree-go2-ros2/robots) by extensions ['colcon_meta']
[0.564s] Level 1:colcon.colcon_core.package_identification:_identify(src/unitree-go2-ros2/robots) by extension 'colcon_meta'
[0.564s] Level 1:colcon.colcon_core.package_identification:_identify(src/unitree-go2-ros2/robots) by extensions ['ros']
[0.564s] Level 1:colcon.colcon_core.package_identification:_identify(src/unitree-go2-ros2/robots) by extension 'ros'
[0.564s] Level 1:colcon.colcon_core.package_identification:_identify(src/unitree-go2-ros2/robots) by extensions ['cmake', 'python']
[0.564s] Level 1:colcon.colcon_core.package_identification:_identify(src/unitree-go2-ros2/robots) by extension 'cmake'
[0.564s] Level 1:colcon.colcon_core.package_identification:_identify(src/unitree-go2-ros2/robots) by extension 'python'
[0.564s] Level 1:colcon.colcon_core.package_identification:_identify(src/unitree-go2-ros2/robots) by extensions ['python_setup_py']
[0.565s] Level 1:colcon.colcon_core.package_identification:_identify(src/unitree-go2-ros2/robots) by extension 'python_setup_py'
[0.565s] Level 1:colcon.colcon_core.package_identification:_identify(src/unitree-go2-ros2/robots/configs) by extensions ['ignore', 'ignore_ament_install']
[0.565s] Level 1:colcon.colcon_core.package_identification:_identify(src/unitree-go2-ros2/robots/configs) by extension 'ignore'
[0.565s] Level 1:colcon.colcon_core.package_identification:_identify(src/unitree-go2-ros2/robots/configs) by extension 'ignore_ament_install'
[0.565s] Level 1:colcon.colcon_core.package_identification:_identify(src/unitree-go2-ros2/robots/configs) by extensions ['colcon_pkg']
[0.565s] Level 1:colcon.colcon_core.package_identification:_identify(src/unitree-go2-ros2/robots/configs) by extension 'colcon_pkg'
[0.565s] Level 1:colcon.colcon_core.package_identification:_identify(src/unitree-go2-ros2/robots/configs) by extensions ['colcon_meta']
[0.565s] Level 1:colcon.colcon_core.package_identification:_identify(src/unitree-go2-ros2/robots/configs) by extension 'colcon_meta'
[0.565s] Level 1:colcon.colcon_core.package_identification:_identify(src/unitree-go2-ros2/robots/configs) by extensions ['ros']
[0.565s] Level 1:colcon.colcon_core.package_identification:_identify(src/unitree-go2-ros2/robots/configs) by extension 'ros'
[0.565s] Level 1:colcon.colcon_core.package_identification:_identify(src/unitree-go2-ros2/robots/configs) by extensions ['cmake', 'python']
[0.565s] Level 1:colcon.colcon_core.package_identification:_identify(src/unitree-go2-ros2/robots/configs) by extension 'cmake'
[0.565s] Level 1:colcon.colcon_core.package_identification:_identify(src/unitree-go2-ros2/robots/configs) by extension 'python'
[0.565s] Level 1:colcon.colcon_core.package_identification:_identify(src/unitree-go2-ros2/robots/configs) by extensions ['python_setup_py']
[0.566s] Level 1:colcon.colcon_core.package_identification:_identify(src/unitree-go2-ros2/robots/configs) by extension 'python_setup_py'
[0.566s] Level 1:colcon.colcon_core.package_identification:_identify(src/unitree-go2-ros2/robots/configs/go2_config) by extensions ['ignore', 'ignore_ament_install']
[0.566s] Level 1:colcon.colcon_core.package_identification:_identify(src/unitree-go2-ros2/robots/configs/go2_config) by extension 'ignore'
[0.566s] Level 1:colcon.colcon_core.package_identification:_identify(src/unitree-go2-ros2/robots/configs/go2_config) by extension 'ignore_ament_install'
[0.566s] Level 1:colcon.colcon_core.package_identification:_identify(src/unitree-go2-ros2/robots/configs/go2_config) by extensions ['colcon_pkg']
[0.566s] Level 1:colcon.colcon_core.package_identification:_identify(src/unitree-go2-ros2/robots/configs/go2_config) by extension 'colcon_pkg'
[0.566s] Level 1:colcon.colcon_core.package_identification:_identify(src/unitree-go2-ros2/robots/configs/go2_config) by extensions ['colcon_meta']
[0.566s] Level 1:colcon.colcon_core.package_identification:_identify(src/unitree-go2-ros2/robots/configs/go2_config) by extension 'colcon_meta'
[0.566s] Level 1:colcon.colcon_core.package_identification:_identify(src/unitree-go2-ros2/robots/configs/go2_config) by extensions ['ros']
[0.566s] Level 1:colcon.colcon_core.package_identification:_identify(src/unitree-go2-ros2/robots/configs/go2_config) by extension 'ros'
[0.567s] DEBUG:colcon.colcon_core.package_identification:Package 'src/unitree-go2-ros2/robots/configs/go2_config' with type 'ros.ament_cmake' and name 'go2_config'
[0.567s] Level 1:colcon.colcon_core.package_identification:_identify(src/unitree-go2-ros2/robots/descriptions) by extensions ['ignore', 'ignore_ament_install']
[0.567s] Level 1:colcon.colcon_core.package_identification:_identify(src/unitree-go2-ros2/robots/descriptions) by extension 'ignore'
[0.567s] Level 1:colcon.colcon_core.package_identification:_identify(src/unitree-go2-ros2/robots/descriptions) by extension 'ignore_ament_install'
[0.567s] Level 1:colcon.colcon_core.package_identification:_identify(src/unitree-go2-ros2/robots/descriptions) by extensions ['colcon_pkg']
[0.567s] Level 1:colcon.colcon_core.package_identification:_identify(src/unitree-go2-ros2/robots/descriptions) by extension 'colcon_pkg'
[0.567s] Level 1:colcon.colcon_core.package_identification:_identify(src/unitree-go2-ros2/robots/descriptions) by extensions ['colcon_meta']
[0.567s] Level 1:colcon.colcon_core.package_identification:_identify(src/unitree-go2-ros2/robots/descriptions) by extension 'colcon_meta'
[0.567s] Level 1:colcon.colcon_core.package_identification:_identify(src/unitree-go2-ros2/robots/descriptions) by extensions ['ros']
[0.567s] Level 1:colcon.colcon_core.package_identification:_identify(src/unitree-go2-ros2/robots/descriptions) by extension 'ros'
[0.567s] Level 1:colcon.colcon_core.package_identification:_identify(src/unitree-go2-ros2/robots/descriptions) by extensions ['cmake', 'python']
[0.567s] Level 1:colcon.colcon_core.package_identification:_identify(src/unitree-go2-ros2/robots/descriptions) by extension 'cmake'
[0.568s] Level 1:colcon.colcon_core.package_identification:_identify(src/unitree-go2-ros2/robots/descriptions) by extension 'python'
[0.568s] Level 1:colcon.colcon_core.package_identification:_identify(src/unitree-go2-ros2/robots/descriptions) by extensions ['python_setup_py']
[0.568s] Level 1:colcon.colcon_core.package_identification:_identify(src/unitree-go2-ros2/robots/descriptions) by extension 'python_setup_py'
[0.568s] Level 1:colcon.colcon_core.package_identification:_identify(src/unitree-go2-ros2/robots/descriptions/go2_description) by extensions ['ignore', 'ignore_ament_install']
[0.568s] Level 1:colcon.colcon_core.package_identification:_identify(src/unitree-go2-ros2/robots/descriptions/go2_description) by extension 'ignore'
[0.568s] Level 1:colcon.colcon_core.package_identification:_identify(src/unitree-go2-ros2/robots/descriptions/go2_description) by extension 'ignore_ament_install'
[0.568s] Level 1:colcon.colcon_core.package_identification:_identify(src/unitree-go2-ros2/robots/descriptions/go2_description) by extensions ['colcon_pkg']
[0.568s] Level 1:colcon.colcon_core.package_identification:_identify(src/unitree-go2-ros2/robots/descriptions/go2_description) by extension 'colcon_pkg'
[0.568s] Level 1:colcon.colcon_core.package_identification:_identify(src/unitree-go2-ros2/robots/descriptions/go2_description) by extensions ['colcon_meta']
[0.568s] Level 1:colcon.colcon_core.package_identification:_identify(src/unitree-go2-ros2/robots/descriptions/go2_description) by extension 'colcon_meta'
[0.568s] Level 1:colcon.colcon_core.package_identification:_identify(src/unitree-go2-ros2/robots/descriptions/go2_description) by extensions ['ros']
[0.568s] Level 1:colcon.colcon_core.package_identification:_identify(src/unitree-go2-ros2/robots/descriptions/go2_description) by extension 'ros'
[0.569s] DEBUG:colcon.colcon_core.package_identification:Package 'src/unitree-go2-ros2/robots/descriptions/go2_description' with type 'ros.ament_cmake' and name 'go2_description'
[0.569s] Level 1:colcon.colcon_core.package_identification:_identify(src/unitree-go2-ros2/velodyne) by extensions ['ignore', 'ignore_ament_install']
[0.569s] Level 1:colcon.colcon_core.package_identification:_identify(src/unitree-go2-ros2/velodyne) by extension 'ignore'
[0.569s] Level 1:colcon.colcon_core.package_identification:_identify(src/unitree-go2-ros2/velodyne) by extension 'ignore_ament_install'
[0.569s] Level 1:colcon.colcon_core.package_identification:_identify(src/unitree-go2-ros2/velodyne) by extensions ['colcon_pkg']
[0.569s] Level 1:colcon.colcon_core.package_identification:_identify(src/unitree-go2-ros2/velodyne) by extension 'colcon_pkg'
[0.569s] Level 1:colcon.colcon_core.package_identification:_identify(src/unitree-go2-ros2/velodyne) by extensions ['colcon_meta']
[0.569s] Level 1:colcon.colcon_core.package_identification:_identify(src/unitree-go2-ros2/velodyne) by extension 'colcon_meta'
[0.570s] Level 1:colcon.colcon_core.package_identification:_identify(src/unitree-go2-ros2/velodyne) by extensions ['ros']
[0.570s] Level 1:colcon.colcon_core.package_identification:_identify(src/unitree-go2-ros2/velodyne) by extension 'ros'
[0.570s] Level 1:colcon.colcon_core.package_identification:_identify(src/unitree-go2-ros2/velodyne) by extensions ['cmake', 'python']
[0.570s] Level 1:colcon.colcon_core.package_identification:_identify(src/unitree-go2-ros2/velodyne) by extension 'cmake'
[0.570s] Level 1:colcon.colcon_core.package_identification:_identify(src/unitree-go2-ros2/velodyne) by extension 'python'
[0.570s] Level 1:colcon.colcon_core.package_identification:_identify(src/unitree-go2-ros2/velodyne) by extensions ['python_setup_py']
[0.570s] Level 1:colcon.colcon_core.package_identification:_identify(src/unitree-go2-ros2/velodyne) by extension 'python_setup_py'
[0.570s] Level 1:colcon.colcon_core.package_identification:_identify(src/unitree-go2-ros2/velodyne/img) by extensions ['ignore', 'ignore_ament_install']
[0.570s] Level 1:colcon.colcon_core.package_identification:_identify(src/unitree-go2-ros2/velodyne/img) by extension 'ignore'
[0.570s] Level 1:colcon.colcon_core.package_identification:_identify(src/unitree-go2-ros2/velodyne/img) by extension 'ignore_ament_install'
[0.570s] Level 1:colcon.colcon_core.package_identification:_identify(src/unitree-go2-ros2/velodyne/img) by extensions ['colcon_pkg']
[0.570s] Level 1:colcon.colcon_core.package_identification:_identify(src/unitree-go2-ros2/velodyne/img) by extension 'colcon_pkg'
[0.570s] Level 1:colcon.colcon_core.package_identification:_identify(src/unitree-go2-ros2/velodyne/img) by extensions ['colcon_meta']
[0.570s] Level 1:colcon.colcon_core.package_identification:_identify(src/unitree-go2-ros2/velodyne/img) by extension 'colcon_meta'
[0.570s] Level 1:colcon.colcon_core.package_identification:_identify(src/unitree-go2-ros2/velodyne/img) by extensions ['ros']
[0.570s] Level 1:colcon.colcon_core.package_identification:_identify(src/unitree-go2-ros2/velodyne/img) by extension 'ros'
[0.570s] Level 1:colcon.colcon_core.package_identification:_identify(src/unitree-go2-ros2/velodyne/img) by extensions ['cmake', 'python']
[0.571s] Level 1:colcon.colcon_core.package_identification:_identify(src/unitree-go2-ros2/velodyne/img) by extension 'cmake'
[0.571s] Level 1:colcon.colcon_core.package_identification:_identify(src/unitree-go2-ros2/velodyne/img) by extension 'python'
[0.571s] Level 1:colcon.colcon_core.package_identification:_identify(src/unitree-go2-ros2/velodyne/img) by extensions ['python_setup_py']
[0.571s] Level 1:colcon.colcon_core.package_identification:_identify(src/unitree-go2-ros2/velodyne/img) by extension 'python_setup_py'
[0.571s] Level 1:colcon.colcon_core.package_identification:_identify(src/unitree-go2-ros2/velodyne/velodyne_description) by extensions ['ignore', 'ignore_ament_install']
[0.571s] Level 1:colcon.colcon_core.package_identification:_identify(src/unitree-go2-ros2/velodyne/velodyne_description) by extension 'ignore'
[0.571s] Level 1:colcon.colcon_core.package_identification:_identify(src/unitree-go2-ros2/velodyne/velodyne_description) by extension 'ignore_ament_install'
[0.571s] Level 1:colcon.colcon_core.package_identification:_identify(src/unitree-go2-ros2/velodyne/velodyne_description) by extensions ['colcon_pkg']
[0.571s] Level 1:colcon.colcon_core.package_identification:_identify(src/unitree-go2-ros2/velodyne/velodyne_description) by extension 'colcon_pkg'
[0.571s] Level 1:colcon.colcon_core.package_identification:_identify(src/unitree-go2-ros2/velodyne/velodyne_description) by extensions ['colcon_meta']
[0.571s] Level 1:colcon.colcon_core.package_identification:_identify(src/unitree-go2-ros2/velodyne/velodyne_description) by extension 'colcon_meta'
[0.571s] Level 1:colcon.colcon_core.package_identification:_identify(src/unitree-go2-ros2/velodyne/velodyne_description) by extensions ['ros']
[0.571s] Level 1:colcon.colcon_core.package_identification:_identify(src/unitree-go2-ros2/velodyne/velodyne_description) by extension 'ros'
[0.572s] DEBUG:colcon.colcon_core.package_identification:Package 'src/unitree-go2-ros2/velodyne/velodyne_description' with type 'ros.ament_cmake' and name 'velodyne_description'
[0.572s] Level 1:colcon.colcon_core.package_identification:_identify(src/unitree-go2-ros2/velodyne/velodyne_gazebo_plugins) by extensions ['ignore', 'ignore_ament_install']
[0.572s] Level 1:colcon.colcon_core.package_identification:_identify(src/unitree-go2-ros2/velodyne/velodyne_gazebo_plugins) by extension 'ignore'
[0.572s] Level 1:colcon.colcon_core.package_identification:_identify(src/unitree-go2-ros2/velodyne/velodyne_gazebo_plugins) by extension 'ignore_ament_install'
[0.573s] Level 1:colcon.colcon_core.package_identification:_identify(src/unitree-go2-ros2/velodyne/velodyne_gazebo_plugins) by extensions ['colcon_pkg']
[0.573s] Level 1:colcon.colcon_core.package_identification:_identify(src/unitree-go2-ros2/velodyne/velodyne_gazebo_plugins) by extension 'colcon_pkg'
[0.573s] Level 1:colcon.colcon_core.package_identification:_identify(src/unitree-go2-ros2/velodyne/velodyne_gazebo_plugins) by extensions ['colcon_meta']
[0.573s] Level 1:colcon.colcon_core.package_identification:_identify(src/unitree-go2-ros2/velodyne/velodyne_gazebo_plugins) by extension 'colcon_meta'
[0.573s] Level 1:colcon.colcon_core.package_identification:_identify(src/unitree-go2-ros2/velodyne/velodyne_gazebo_plugins) by extensions ['ros']
[0.573s] Level 1:colcon.colcon_core.package_identification:_identify(src/unitree-go2-ros2/velodyne/velodyne_gazebo_plugins) by extension 'ros'
[0.574s] DEBUG:colcon.colcon_core.package_identification:Package 'src/unitree-go2-ros2/velodyne/velodyne_gazebo_plugins' with type 'ros.ament_cmake' and name 'velodyne_gazebo_plugins'
[0.574s] Level 1:colcon.colcon_core.package_identification:_identify(src/unitree-go2-ros2/velodyne/velodyne_simulator) by extensions ['ignore', 'ignore_ament_install']
[0.574s] Level 1:colcon.colcon_core.package_identification:_identify(src/unitree-go2-ros2/velodyne/velodyne_simulator) by extension 'ignore'
[0.574s] Level 1:colcon.colcon_core.package_identification:_identify(src/unitree-go2-ros2/velodyne/velodyne_simulator) by extension 'ignore_ament_install'
[0.574s] Level 1:colcon.colcon_core.package_identification:_identify(src/unitree-go2-ros2/velodyne/velodyne_simulator) by extensions ['colcon_pkg']
[0.574s] Level 1:colcon.colcon_core.package_identification:_identify(src/unitree-go2-ros2/velodyne/velodyne_simulator) by extension 'colcon_pkg'
[0.574s] Level 1:colcon.colcon_core.package_identification:_identify(src/unitree-go2-ros2/velodyne/velodyne_simulator) by extensions ['colcon_meta']
[0.575s] Level 1:colcon.colcon_core.package_identification:_identify(src/unitree-go2-ros2/velodyne/velodyne_simulator) by extension 'colcon_meta'
[0.575s] Level 1:colcon.colcon_core.package_identification:_identify(src/unitree-go2-ros2/velodyne/velodyne_simulator) by extensions ['ros']
[0.575s] Level 1:colcon.colcon_core.package_identification:_identify(src/unitree-go2-ros2/velodyne/velodyne_simulator) by extension 'ros'
[0.575s] DEBUG:colcon.colcon_core.package_identification:Package 'src/unitree-go2-ros2/velodyne/velodyne_simulator' with type 'ros.ament_cmake' and name 'velodyne_simulator'
[0.575s] Level 1:colcon.colcon_core.package_identification:_identify(src/yahboom_app_save_map) by extensions ['ignore', 'ignore_ament_install']
[0.575s] Level 1:colcon.colcon_core.package_identification:_identify(src/yahboom_app_save_map) by extension 'ignore'
[0.576s] Level 1:colcon.colcon_core.package_identification:_identify(src/yahboom_app_save_map) by extension 'ignore_ament_install'
[0.576s] Level 1:colcon.colcon_core.package_identification:_identify(src/yahboom_app_save_map) by extensions ['colcon_pkg']
[0.576s] Level 1:colcon.colcon_core.package_identification:_identify(src/yahboom_app_save_map) by extension 'colcon_pkg'
[0.576s] Level 1:colcon.colcon_core.package_identification:_identify(src/yahboom_app_save_map) by extensions ['colcon_meta']
[0.576s] Level 1:colcon.colcon_core.package_identification:_identify(src/yahboom_app_save_map) by extension 'colcon_meta'
[0.576s] Level 1:colcon.colcon_core.package_identification:_identify(src/yahboom_app_save_map) by extensions ['ros']
[0.576s] Level 1:colcon.colcon_core.package_identification:_identify(src/yahboom_app_save_map) by extension 'ros'
[0.576s] DEBUG:colcon.colcon_core.package_identification:Package 'src/yahboom_app_save_map' with type 'ros.ament_python' and name 'yahboom_app_save_map'
[0.576s] Level 1:colcon.colcon_core.package_identification:_identify(src/yahboom_base) by extensions ['ignore', 'ignore_ament_install']
[0.577s] Level 1:colcon.colcon_core.package_identification:_identify(src/yahboom_base) by extension 'ignore'
[0.577s] Level 1:colcon.colcon_core.package_identification:_identify(src/yahboom_base) by extension 'ignore_ament_install'
[0.577s] Level 1:colcon.colcon_core.package_identification:_identify(src/yahboom_base) by extensions ['colcon_pkg']
[0.577s] Level 1:colcon.colcon_core.package_identification:_identify(src/yahboom_base) by extension 'colcon_pkg'
[0.577s] Level 1:colcon.colcon_core.package_identification:_identify(src/yahboom_base) by extensions ['colcon_meta']
[0.577s] Level 1:colcon.colcon_core.package_identification:_identify(src/yahboom_base) by extension 'colcon_meta'
[0.577s] Level 1:colcon.colcon_core.package_identification:_identify(src/yahboom_base) by extensions ['ros']
[0.577s] Level 1:colcon.colcon_core.package_identification:_identify(src/yahboom_base) by extension 'ros'
[0.578s] DEBUG:colcon.colcon_core.package_identification:Package 'src/yahboom_base' with type 'ros.ament_python' and name 'yahboom_base'
[0.578s] Level 1:colcon.colcon_core.package_identification:_identify(src/yahboom_bringup) by extensions ['ignore', 'ignore_ament_install']
[0.579s] Level 1:colcon.colcon_core.package_identification:_identify(src/yahboom_bringup) by extension 'ignore'
[0.579s] Level 1:colcon.colcon_core.package_identification:_identify(src/yahboom_bringup) by extension 'ignore_ament_install'
[0.579s] Level 1:colcon.colcon_core.package_identification:_identify(src/yahboom_bringup) by extensions ['colcon_pkg']
[0.579s] Level 1:colcon.colcon_core.package_identification:_identify(src/yahboom_bringup) by extension 'colcon_pkg'
[0.579s] Level 1:colcon.colcon_core.package_identification:_identify(src/yahboom_bringup) by extensions ['colcon_meta']
[0.579s] Level 1:colcon.colcon_core.package_identification:_identify(src/yahboom_bringup) by extension 'colcon_meta'
[0.579s] Level 1:colcon.colcon_core.package_identification:_identify(src/yahboom_bringup) by extensions ['ros']
[0.579s] Level 1:colcon.colcon_core.package_identification:_identify(src/yahboom_bringup) by extension 'ros'
[0.579s] DEBUG:colcon.colcon_core.package_identification:Package 'src/yahboom_bringup' with type 'ros.ament_python' and name 'yahboom_bringup'
[0.580s] Level 1:colcon.colcon_core.package_identification:_identify(src/yahboom_description) by extensions ['ignore', 'ignore_ament_install']
[0.580s] Level 1:colcon.colcon_core.package_identification:_identify(src/yahboom_description) by extension 'ignore'
[0.580s] Level 1:colcon.colcon_core.package_identification:_identify(src/yahboom_description) by extension 'ignore_ament_install'
[0.580s] Level 1:colcon.colcon_core.package_identification:_identify(src/yahboom_description) by extensions ['colcon_pkg']
[0.580s] Level 1:colcon.colcon_core.package_identification:_identify(src/yahboom_description) by extension 'colcon_pkg'
[0.580s] Level 1:colcon.colcon_core.package_identification:_identify(src/yahboom_description) by extensions ['colcon_meta']
[0.580s] Level 1:colcon.colcon_core.package_identification:_identify(src/yahboom_description) by extension 'colcon_meta'
[0.580s] Level 1:colcon.colcon_core.package_identification:_identify(src/yahboom_description) by extensions ['ros']
[0.580s] Level 1:colcon.colcon_core.package_identification:_identify(src/yahboom_description) by extension 'ros'
[0.580s] DEBUG:colcon.colcon_core.package_identification:Package 'src/yahboom_description' with type 'ros.ament_python' and name 'yahboom_description'
[0.581s] Level 1:colcon.colcon_core.package_identification:_identify(src/yahboom_dog_joint_state) by extensions ['ignore', 'ignore_ament_install']
[0.581s] Level 1:colcon.colcon_core.package_identification:_identify(src/yahboom_dog_joint_state) by extension 'ignore'
[0.581s] Level 1:colcon.colcon_core.package_identification:_identify(src/yahboom_dog_joint_state) by extension 'ignore_ament_install'
[0.581s] Level 1:colcon.colcon_core.package_identification:_identify(src/yahboom_dog_joint_state) by extensions ['colcon_pkg']
[0.581s] Level 1:colcon.colcon_core.package_identification:_identify(src/yahboom_dog_joint_state) by extension 'colcon_pkg'
[0.581s] Level 1:colcon.colcon_core.package_identification:_identify(src/yahboom_dog_joint_state) by extensions ['colcon_meta']
[0.581s] Level 1:colcon.colcon_core.package_identification:_identify(src/yahboom_dog_joint_state) by extension 'colcon_meta'
[0.581s] Level 1:colcon.colcon_core.package_identification:_identify(src/yahboom_dog_joint_state) by extensions ['ros']
[0.581s] Level 1:colcon.colcon_core.package_identification:_identify(src/yahboom_dog_joint_state) by extension 'ros'
[0.582s] DEBUG:colcon.colcon_core.package_identification:Package 'src/yahboom_dog_joint_state' with type 'ros.ament_python' and name 'yahboom_dog_joint_state'
[0.582s] Level 1:colcon.colcon_core.package_identification:_identify(src/yahboom_gait) by extensions ['ignore', 'ignore_ament_install']
[0.582s] Level 1:colcon.colcon_core.package_identification:_identify(src/yahboom_gait) by extension 'ignore'
[0.582s] Level 1:colcon.colcon_core.package_identification:_identify(src/yahboom_gait) by extension 'ignore_ament_install'
[0.582s] Level 1:colcon.colcon_core.package_identification:_identify(src/yahboom_gait) by extensions ['colcon_pkg']
[0.582s] Level 1:colcon.colcon_core.package_identification:_identify(src/yahboom_gait) by extension 'colcon_pkg'
[0.582s] Level 1:colcon.colcon_core.package_identification:_identify(src/yahboom_gait) by extensions ['colcon_meta']
[0.582s] Level 1:colcon.colcon_core.package_identification:_identify(src/yahboom_gait) by extension 'colcon_meta'
[0.582s] Level 1:colcon.colcon_core.package_identification:_identify(src/yahboom_gait) by extensions ['ros']
[0.582s] Level 1:colcon.colcon_core.package_identification:_identify(src/yahboom_gait) by extension 'ros'
[0.583s] DEBUG:colcon.colcon_core.package_identification:Package 'src/yahboom_gait' with type 'ros.ament_python' and name 'yahboom_gait'
[0.583s] Level 1:colcon.colcon_core.package_identification:_identify(src/yahboom_mediapipe) by extensions ['ignore', 'ignore_ament_install']
[0.583s] Level 1:colcon.colcon_core.package_identification:_identify(src/yahboom_mediapipe) by extension 'ignore'
[0.583s] Level 1:colcon.colcon_core.package_identification:_identify(src/yahboom_mediapipe) by extension 'ignore_ament_install'
[0.583s] Level 1:colcon.colcon_core.package_identification:_identify(src/yahboom_mediapipe) by extensions ['colcon_pkg']
[0.583s] Level 1:colcon.colcon_core.package_identification:_identify(src/yahboom_mediapipe) by extension 'colcon_pkg'
[0.583s] Level 1:colcon.colcon_core.package_identification:_identify(src/yahboom_mediapipe) by extensions ['colcon_meta']
[0.583s] Level 1:colcon.colcon_core.package_identification:_identify(src/yahboom_mediapipe) by extension 'colcon_meta'
[0.583s] Level 1:colcon.colcon_core.package_identification:_identify(src/yahboom_mediapipe) by extensions ['ros']
[0.583s] Level 1:colcon.colcon_core.package_identification:_identify(src/yahboom_mediapipe) by extension 'ros'
[0.584s] DEBUG:colcon.colcon_core.package_identification:Package 'src/yahboom_mediapipe' with type 'ros.ament_python' and name 'yahboom_mediapipe'
[0.584s] Level 1:colcon.colcon_core.package_identification:_identify(src/yahboom_msgs) by extensions ['ignore', 'ignore_ament_install']
[0.584s] Level 1:colcon.colcon_core.package_identification:_identify(src/yahboom_msgs) by extension 'ignore'
[0.584s] Level 1:colcon.colcon_core.package_identification:_identify(src/yahboom_msgs) by extension 'ignore_ament_install'
[0.584s] Level 1:colcon.colcon_core.package_identification:_identify(src/yahboom_msgs) by extensions ['colcon_pkg']
[0.584s] Level 1:colcon.colcon_core.package_identification:_identify(src/yahboom_msgs) by extension 'colcon_pkg'
[0.584s] Level 1:colcon.colcon_core.package_identification:_identify(src/yahboom_msgs) by extensions ['colcon_meta']
[0.584s] Level 1:colcon.colcon_core.package_identification:_identify(src/yahboom_msgs) by extension 'colcon_meta'
[0.584s] Level 1:colcon.colcon_core.package_identification:_identify(src/yahboom_msgs) by extensions ['ros']
[0.584s] Level 1:colcon.colcon_core.package_identification:_identify(src/yahboom_msgs) by extension 'ros'
[0.585s] DEBUG:colcon.colcon_core.package_identification:Package 'src/yahboom_msgs' with type 'ros.ament_cmake' and name 'yahboom_msgs'
[0.585s] Level 1:colcon.colcon_core.package_identification:_identify(src/yahboom_set_height) by extensions ['ignore', 'ignore_ament_install']
[0.585s] Level 1:colcon.colcon_core.package_identification:_identify(src/yahboom_set_height) by extension 'ignore'
[0.585s] Level 1:colcon.colcon_core.package_identification:_identify(src/yahboom_set_height) by extension 'ignore_ament_install'
[0.585s] Level 1:colcon.colcon_core.package_identification:_identify(src/yahboom_set_height) by extensions ['colcon_pkg']
[0.585s] Level 1:colcon.colcon_core.package_identification:_identify(src/yahboom_set_height) by extension 'colcon_pkg'
[0.585s] Level 1:colcon.colcon_core.package_identification:_identify(src/yahboom_set_height) by extensions ['colcon_meta']
[0.585s] Level 1:colcon.colcon_core.package_identification:_identify(src/yahboom_set_height) by extension 'colcon_meta'
[0.586s] Level 1:colcon.colcon_core.package_identification:_identify(src/yahboom_set_height) by extensions ['ros']
[0.586s] Level 1:colcon.colcon_core.package_identification:_identify(src/yahboom_set_height) by extension 'ros'
[0.586s] DEBUG:colcon.colcon_core.package_identification:Package 'src/yahboom_set_height' with type 'ros.ament_python' and name 'yahboom_set_height'
[0.586s] Level 1:colcon.colcon_core.package_discovery:discover_packages(recursive) using defaults
[0.586s] Level 1:colcon.colcon_core.package_discovery:discover_packages(ignore) discover
[0.586s] Level 1:colcon.colcon_core.package_discovery:discover_packages(ignore) using defaults
[0.586s] Level 1:colcon.colcon_core.package_discovery:discover_packages(path) discover
[0.586s] Level 1:colcon.colcon_core.package_discovery:discover_packages(path) using defaults
[0.613s] Level 1:colcon.colcon_core.package_discovery:discover_packages(prefix_path) check parameters
[0.613s] Level 1:colcon.colcon_core.package_discovery:discover_packages(prefix_path) discover
[0.617s] DEBUG:colcon.colcon_installed_package_information.package_discovery:Found 29 installed packages in /home/dwduong74/yahboom_src/install
[0.617s] DEBUG:colcon.colcon_installed_package_information.package_discovery:Found 6 installed packages in /home/dwduong74/LUMI_ws/install
[0.620s] DEBUG:colcon.colcon_installed_package_information.package_discovery:Found 424 installed packages in /opt/ros/humble
[0.622s] Level 1:colcon.colcon_core.package_discovery:discover_packages(prefix_path) using defaults
[0.679s] Level 5:colcon.colcon_core.verb:set package 'bringup' build argument 'cmake_args' from command line to 'None'
[0.679s] Level 5:colcon.colcon_core.verb:set package 'bringup' build argument 'cmake_target' from command line to 'None'
[0.679s] Level 5:colcon.colcon_core.verb:set package 'bringup' build argument 'cmake_target_skip_unavailable' from command line to 'False'
[0.679s] Level 5:colcon.colcon_core.verb:set package 'bringup' build argument 'cmake_clean_cache' from command line to 'False'
[0.679s] Level 5:colcon.colcon_core.verb:set package 'bringup' build argument 'cmake_clean_first' from command line to 'False'
[0.679s] Level 5:colcon.colcon_core.verb:set package 'bringup' build argument 'cmake_force_configure' from command line to 'False'
[0.679s] Level 5:colcon.colcon_core.verb:set package 'bringup' build argument 'ament_cmake_args' from command line to 'None'
[0.679s] Level 5:colcon.colcon_core.verb:set package 'bringup' build argument 'catkin_cmake_args' from command line to 'None'
[0.679s] Level 5:colcon.colcon_core.verb:set package 'bringup' build argument 'catkin_skip_building_tests' from command line to 'False'
[0.679s] DEBUG:colcon.colcon_core.verb:Building package 'bringup' with the following arguments: {'ament_cmake_args': None, 'build_base': '/home/dwduong74/yahboom_src/build/bringup', 'catkin_cmake_args': None, 'catkin_skip_building_tests': False, 'cmake_args': None, 'cmake_clean_cache': False, 'cmake_clean_first': False, 'cmake_force_configure': False, 'cmake_target': None, 'cmake_target_skip_unavailable': False, 'install_base': '/home/dwduong74/yahboom_src/install/bringup', 'merge_install': False, 'path': '/home/dwduong74/yahboom_src/src/bringup', 'symlink_install': False, 'test_result_base': None}
[0.680s] Level 5:colcon.colcon_core.verb:set package 'champ' build argument 'cmake_args' from command line to 'None'
[0.680s] Level 5:colcon.colcon_core.verb:set package 'champ' build argument 'cmake_target' from command line to 'None'
[0.680s] Level 5:colcon.colcon_core.verb:set package 'champ' build argument 'cmake_target_skip_unavailable' from command line to 'False'
[0.680s] Level 5:colcon.colcon_core.verb:set package 'champ' build argument 'cmake_clean_cache' from command line to 'False'
[0.680s] Level 5:colcon.colcon_core.verb:set package 'champ' build argument 'cmake_clean_first' from command line to 'False'
[0.680s] Level 5:colcon.colcon_core.verb:set package 'champ' build argument 'cmake_force_configure' from command line to 'False'
[0.680s] Level 5:colcon.colcon_core.verb:set package 'champ' build argument 'ament_cmake_args' from command line to 'None'
[0.680s] Level 5:colcon.colcon_core.verb:set package 'champ' build argument 'catkin_cmake_args' from command line to 'None'
[0.680s] Level 5:colcon.colcon_core.verb:set package 'champ' build argument 'catkin_skip_building_tests' from command line to 'False'
[0.680s] DEBUG:colcon.colcon_core.verb:Building package 'champ' with the following arguments: {'ament_cmake_args': None, 'build_base': '/home/dwduong74/yahboom_src/build/champ', 'catkin_cmake_args': None, 'catkin_skip_building_tests': False, 'cmake_args': None, 'cmake_clean_cache': False, 'cmake_clean_first': False, 'cmake_force_configure': False, 'cmake_target': None, 'cmake_target_skip_unavailable': False, 'install_base': '/home/dwduong74/yahboom_src/install/champ', 'merge_install': False, 'path': '/home/dwduong74/yahboom_src/src/unitree-go2-ros2/champ/champ', 'symlink_install': False, 'test_result_base': None}
[0.681s] Level 5:colcon.colcon_core.verb:set package 'champ_config' build argument 'cmake_args' from command line to 'None'
[0.681s] Level 5:colcon.colcon_core.verb:set package 'champ_config' build argument 'cmake_target' from command line to 'None'
[0.681s] Level 5:colcon.colcon_core.verb:set package 'champ_config' build argument 'cmake_target_skip_unavailable' from command line to 'False'
[0.681s] Level 5:colcon.colcon_core.verb:set package 'champ_config' build argument 'cmake_clean_cache' from command line to 'False'
[0.681s] Level 5:colcon.colcon_core.verb:set package 'champ_config' build argument 'cmake_clean_first' from command line to 'False'
[0.681s] Level 5:colcon.colcon_core.verb:set package 'champ_config' build argument 'cmake_force_configure' from command line to 'False'
[0.681s] Level 5:colcon.colcon_core.verb:set package 'champ_config' build argument 'ament_cmake_args' from command line to 'None'
[0.681s] Level 5:colcon.colcon_core.verb:set package 'champ_config' build argument 'catkin_cmake_args' from command line to 'None'
[0.681s] Level 5:colcon.colcon_core.verb:set package 'champ_config' build argument 'catkin_skip_building_tests' from command line to 'False'
[0.681s] DEBUG:colcon.colcon_core.verb:Building package 'champ_config' with the following arguments: {'ament_cmake_args': None, 'build_base': '/home/dwduong74/yahboom_src/build/champ_config', 'catkin_cmake_args': None, 'catkin_skip_building_tests': False, 'cmake_args': None, 'cmake_clean_cache': False, 'cmake_clean_first': False, 'cmake_force_configure': False, 'cmake_target': None, 'cmake_target_skip_unavailable': False, 'install_base': '/home/dwduong74/yahboom_src/install/champ_config', 'merge_install': False, 'path': '/home/dwduong74/yahboom_src/src/unitree-go2-ros2/champ/champ_config', 'symlink_install': False, 'test_result_base': None}
[0.681s] Level 5:colcon.colcon_core.verb:set package 'champ_msgs' build argument 'cmake_args' from command line to 'None'
[0.681s] Level 5:colcon.colcon_core.verb:set package 'champ_msgs' build argument 'cmake_target' from command line to 'None'
[0.681s] Level 5:colcon.colcon_core.verb:set package 'champ_msgs' build argument 'cmake_target_skip_unavailable' from command line to 'False'
[0.681s] Level 5:colcon.colcon_core.verb:set package 'champ_msgs' build argument 'cmake_clean_cache' from command line to 'False'
[0.681s] Level 5:colcon.colcon_core.verb:set package 'champ_msgs' build argument 'cmake_clean_first' from command line to 'False'
[0.681s] Level 5:colcon.colcon_core.verb:set package 'champ_msgs' build argument 'cmake_force_configure' from command line to 'False'
[0.681s] Level 5:colcon.colcon_core.verb:set package 'champ_msgs' build argument 'ament_cmake_args' from command line to 'None'
[0.681s] Level 5:colcon.colcon_core.verb:set package 'champ_msgs' build argument 'catkin_cmake_args' from command line to 'None'
[0.681s] Level 5:colcon.colcon_core.verb:set package 'champ_msgs' build argument 'catkin_skip_building_tests' from command line to 'False'
[0.681s] DEBUG:colcon.colcon_core.verb:Building package 'champ_msgs' with the following arguments: {'ament_cmake_args': None, 'build_base': '/home/dwduong74/yahboom_src/build/champ_msgs', 'catkin_cmake_args': None, 'catkin_skip_building_tests': False, 'cmake_args': None, 'cmake_clean_cache': False, 'cmake_clean_first': False, 'cmake_force_configure': False, 'cmake_target': None, 'cmake_target_skip_unavailable': False, 'install_base': '/home/dwduong74/yahboom_src/install/champ_msgs', 'merge_install': False, 'path': '/home/dwduong74/yahboom_src/src/unitree-go2-ros2/champ/champ_msgs', 'symlink_install': False, 'test_result_base': None}
[0.682s] Level 5:colcon.colcon_core.verb:set package 'champ_navigation' build argument 'cmake_args' from command line to 'None'
[0.682s] Level 5:colcon.colcon_core.verb:set package 'champ_navigation' build argument 'cmake_target' from command line to 'None'
[0.682s] Level 5:colcon.colcon_core.verb:set package 'champ_navigation' build argument 'cmake_target_skip_unavailable' from command line to 'False'
[0.682s] Level 5:colcon.colcon_core.verb:set package 'champ_navigation' build argument 'cmake_clean_cache' from command line to 'False'
[0.682s] Level 5:colcon.colcon_core.verb:set package 'champ_navigation' build argument 'cmake_clean_first' from command line to 'False'
[0.682s] Level 5:colcon.colcon_core.verb:set package 'champ_navigation' build argument 'cmake_force_configure' from command line to 'False'
[0.682s] Level 5:colcon.colcon_core.verb:set package 'champ_navigation' build argument 'ament_cmake_args' from command line to 'None'
[0.682s] Level 5:colcon.colcon_core.verb:set package 'champ_navigation' build argument 'catkin_cmake_args' from command line to 'None'
[0.682s] Level 5:colcon.colcon_core.verb:set package 'champ_navigation' build argument 'catkin_skip_building_tests' from command line to 'False'
[0.682s] DEBUG:colcon.colcon_core.verb:Building package 'champ_navigation' with the following arguments: {'ament_cmake_args': None, 'build_base': '/home/dwduong74/yahboom_src/build/champ_navigation', 'catkin_cmake_args': None, 'catkin_skip_building_tests': False, 'cmake_args': None, 'cmake_clean_cache': False, 'cmake_clean_first': False, 'cmake_force_configure': False, 'cmake_target': None, 'cmake_target_skip_unavailable': False, 'install_base': '/home/dwduong74/yahboom_src/install/champ_navigation', 'merge_install': False, 'path': '/home/dwduong74/yahboom_src/src/unitree-go2-ros2/champ/champ_navigation', 'symlink_install': False, 'test_result_base': None}
[0.683s] Level 5:colcon.colcon_core.verb:set package 'champ_teleop' build argument 'cmake_args' from command line to 'None'
[0.683s] Level 5:colcon.colcon_core.verb:set package 'champ_teleop' build argument 'cmake_target' from command line to 'None'
[0.683s] Level 5:colcon.colcon_core.verb:set package 'champ_teleop' build argument 'cmake_target_skip_unavailable' from command line to 'False'
[0.683s] Level 5:colcon.colcon_core.verb:set package 'champ_teleop' build argument 'cmake_clean_cache' from command line to 'False'
[0.683s] Level 5:colcon.colcon_core.verb:set package 'champ_teleop' build argument 'cmake_clean_first' from command line to 'False'
[0.683s] Level 5:colcon.colcon_core.verb:set package 'champ_teleop' build argument 'cmake_force_configure' from command line to 'False'
[0.683s] Level 5:colcon.colcon_core.verb:set package 'champ_teleop' build argument 'ament_cmake_args' from command line to 'None'
[0.683s] Level 5:colcon.colcon_core.verb:set package 'champ_teleop' build argument 'catkin_cmake_args' from command line to 'None'
[0.683s] Level 5:colcon.colcon_core.verb:set package 'champ_teleop' build argument 'catkin_skip_building_tests' from command line to 'False'
[0.683s] DEBUG:colcon.colcon_core.verb:Building package 'champ_teleop' with the following arguments: {'ament_cmake_args': None, 'build_base': '/home/dwduong74/yahboom_src/build/champ_teleop', 'catkin_cmake_args': None, 'catkin_skip_building_tests': False, 'cmake_args': None, 'cmake_clean_cache': False, 'cmake_clean_first': False, 'cmake_force_configure': False, 'cmake_target': None, 'cmake_target_skip_unavailable': False, 'install_base': '/home/dwduong74/yahboom_src/install/champ_teleop', 'merge_install': False, 'path': '/home/dwduong74/yahboom_src/src/unitree-go2-ros2/champ_teleop', 'symlink_install': False, 'test_result_base': None}
[0.683s] Level 5:colcon.colcon_core.verb:set package 'dogzilla_config' build argument 'cmake_args' from command line to 'None'
[0.683s] Level 5:colcon.colcon_core.verb:set package 'dogzilla_config' build argument 'cmake_target' from command line to 'None'
[0.683s] Level 5:colcon.colcon_core.verb:set package 'dogzilla_config' build argument 'cmake_target_skip_unavailable' from command line to 'False'
[0.683s] Level 5:colcon.colcon_core.verb:set package 'dogzilla_config' build argument 'cmake_clean_cache' from command line to 'False'
[0.683s] Level 5:colcon.colcon_core.verb:set package 'dogzilla_config' build argument 'cmake_clean_first' from command line to 'False'
[0.683s] Level 5:colcon.colcon_core.verb:set package 'dogzilla_config' build argument 'cmake_force_configure' from command line to 'False'
[0.683s] Level 5:colcon.colcon_core.verb:set package 'dogzilla_config' build argument 'ament_cmake_args' from command line to 'None'
[0.683s] Level 5:colcon.colcon_core.verb:set package 'dogzilla_config' build argument 'catkin_cmake_args' from command line to 'None'
[0.683s] Level 5:colcon.colcon_core.verb:set package 'dogzilla_config' build argument 'catkin_skip_building_tests' from command line to 'False'
[0.683s] DEBUG:colcon.colcon_core.verb:Building package 'dogzilla_config' with the following arguments: {'ament_cmake_args': None, 'build_base': '/home/dwduong74/yahboom_src/build/dogzilla_config', 'catkin_cmake_args': None, 'catkin_skip_building_tests': False, 'cmake_args': None, 'cmake_clean_cache': False, 'cmake_clean_first': False, 'cmake_force_configure': False, 'cmake_target': None, 'cmake_target_skip_unavailable': False, 'install_base': '/home/dwduong74/yahboom_src/install/dogzilla_config', 'merge_install': False, 'path': '/home/dwduong74/yahboom_src/src/dogzilla_sim/robots/configs/dogzilla_config', 'symlink_install': False, 'test_result_base': None}
[0.684s] Level 5:colcon.colcon_core.verb:set package 'dogzilla_description' build argument 'cmake_args' from command line to 'None'
[0.684s] Level 5:colcon.colcon_core.verb:set package 'dogzilla_description' build argument 'cmake_target' from command line to 'None'
[0.684s] Level 5:colcon.colcon_core.verb:set package 'dogzilla_description' build argument 'cmake_target_skip_unavailable' from command line to 'False'
[0.684s] Level 5:colcon.colcon_core.verb:set package 'dogzilla_description' build argument 'cmake_clean_cache' from command line to 'False'
[0.684s] Level 5:colcon.colcon_core.verb:set package 'dogzilla_description' build argument 'cmake_clean_first' from command line to 'False'
[0.684s] Level 5:colcon.colcon_core.verb:set package 'dogzilla_description' build argument 'cmake_force_configure' from command line to 'False'
[0.684s] Level 5:colcon.colcon_core.verb:set package 'dogzilla_description' build argument 'ament_cmake_args' from command line to 'None'
[0.684s] Level 5:colcon.colcon_core.verb:set package 'dogzilla_description' build argument 'catkin_cmake_args' from command line to 'None'
[0.684s] Level 5:colcon.colcon_core.verb:set package 'dogzilla_description' build argument 'catkin_skip_building_tests' from command line to 'False'
[0.684s] DEBUG:colcon.colcon_core.verb:Building package 'dogzilla_description' with the following arguments: {'ament_cmake_args': None, 'build_base': '/home/dwduong74/yahboom_src/build/dogzilla_description', 'catkin_cmake_args': None, 'catkin_skip_building_tests': False, 'cmake_args': None, 'cmake_clean_cache': False, 'cmake_clean_first': False, 'cmake_force_configure': False, 'cmake_target': None, 'cmake_target_skip_unavailable': False, 'install_base': '/home/dwduong74/yahboom_src/install/dogzilla_description', 'merge_install': False, 'path': '/home/dwduong74/yahboom_src/src/dogzilla_sim/robots/descriptions/dogzilla_description', 'symlink_install': False, 'test_result_base': None}
[0.684s] Level 5:colcon.colcon_core.verb:set package 'go2_config' build argument 'cmake_args' from command line to 'None'
[0.684s] Level 5:colcon.colcon_core.verb:set package 'go2_config' build argument 'cmake_target' from command line to 'None'
[0.684s] Level 5:colcon.colcon_core.verb:set package 'go2_config' build argument 'cmake_target_skip_unavailable' from command line to 'False'
[0.684s] Level 5:colcon.colcon_core.verb:set package 'go2_config' build argument 'cmake_clean_cache' from command line to 'False'
[0.684s] Level 5:colcon.colcon_core.verb:set package 'go2_config' build argument 'cmake_clean_first' from command line to 'False'
[0.685s] Level 5:colcon.colcon_core.verb:set package 'go2_config' build argument 'cmake_force_configure' from command line to 'False'
[0.685s] Level 5:colcon.colcon_core.verb:set package 'go2_config' build argument 'ament_cmake_args' from command line to 'None'
[0.685s] Level 5:colcon.colcon_core.verb:set package 'go2_config' build argument 'catkin_cmake_args' from command line to 'None'
[0.685s] Level 5:colcon.colcon_core.verb:set package 'go2_config' build argument 'catkin_skip_building_tests' from command line to 'False'
[0.685s] DEBUG:colcon.colcon_core.verb:Building package 'go2_config' with the following arguments: {'ament_cmake_args': None, 'build_base': '/home/dwduong74/yahboom_src/build/go2_config', 'catkin_cmake_args': None, 'catkin_skip_building_tests': False, 'cmake_args': None, 'cmake_clean_cache': False, 'cmake_clean_first': False, 'cmake_force_configure': False, 'cmake_target': None, 'cmake_target_skip_unavailable': False, 'install_base': '/home/dwduong74/yahboom_src/install/go2_config', 'merge_install': False, 'path': '/home/dwduong74/yahboom_src/src/unitree-go2-ros2/robots/configs/go2_config', 'symlink_install': False, 'test_result_base': None}
[0.685s] Level 5:colcon.colcon_core.verb:set package 'go2_description' build argument 'cmake_args' from command line to 'None'
[0.685s] Level 5:colcon.colcon_core.verb:set package 'go2_description' build argument 'cmake_target' from command line to 'None'
[0.685s] Level 5:colcon.colcon_core.verb:set package 'go2_description' build argument 'cmake_target_skip_unavailable' from command line to 'False'
[0.685s] Level 5:colcon.colcon_core.verb:set package 'go2_description' build argument 'cmake_clean_cache' from command line to 'False'
[0.685s] Level 5:colcon.colcon_core.verb:set package 'go2_description' build argument 'cmake_clean_first' from command line to 'False'
[0.685s] Level 5:colcon.colcon_core.verb:set package 'go2_description' build argument 'cmake_force_configure' from command line to 'False'
[0.685s] Level 5:colcon.colcon_core.verb:set package 'go2_description' build argument 'ament_cmake_args' from command line to 'None'
[0.685s] Level 5:colcon.colcon_core.verb:set package 'go2_description' build argument 'catkin_cmake_args' from command line to 'None'
[0.685s] Level 5:colcon.colcon_core.verb:set package 'go2_description' build argument 'catkin_skip_building_tests' from command line to 'False'
[0.685s] DEBUG:colcon.colcon_core.verb:Building package 'go2_description' with the following arguments: {'ament_cmake_args': None, 'build_base': '/home/dwduong74/yahboom_src/build/go2_description', 'catkin_cmake_args': None, 'catkin_skip_building_tests': False, 'cmake_args': None, 'cmake_clean_cache': False, 'cmake_clean_first': False, 'cmake_force_configure': False, 'cmake_target': None, 'cmake_target_skip_unavailable': False, 'install_base': '/home/dwduong74/yahboom_src/install/go2_description', 'merge_install': False, 'path': '/home/dwduong74/yahboom_src/src/unitree-go2-ros2/robots/descriptions/go2_description', 'symlink_install': False, 'test_result_base': None}
[0.686s] Level 5:colcon.colcon_core.verb:set package 'image_color_lab' build argument 'cmake_args' from command line to 'None'
[0.686s] Level 5:colcon.colcon_core.verb:set package 'image_color_lab' build argument 'cmake_target' from command line to 'None'
[0.686s] Level 5:colcon.colcon_core.verb:set package 'image_color_lab' build argument 'cmake_target_skip_unavailable' from command line to 'False'
[0.686s] Level 5:colcon.colcon_core.verb:set package 'image_color_lab' build argument 'cmake_clean_cache' from command line to 'False'
[0.686s] Level 5:colcon.colcon_core.verb:set package 'image_color_lab' build argument 'cmake_clean_first' from command line to 'False'
[0.686s] Level 5:colcon.colcon_core.verb:set package 'image_color_lab' build argument 'cmake_force_configure' from command line to 'False'
[0.686s] Level 5:colcon.colcon_core.verb:set package 'image_color_lab' build argument 'ament_cmake_args' from command line to 'None'
[0.686s] Level 5:colcon.colcon_core.verb:set package 'image_color_lab' build argument 'catkin_cmake_args' from command line to 'None'
[0.686s] Level 5:colcon.colcon_core.verb:set package 'image_color_lab' build argument 'catkin_skip_building_tests' from command line to 'False'
[0.686s] DEBUG:colcon.colcon_core.verb:Building package 'image_color_lab' with the following arguments: {'ament_cmake_args': None, 'build_base': '/home/dwduong74/yahboom_src/build/image_color_lab', 'catkin_cmake_args': None, 'catkin_skip_building_tests': False, 'cmake_args': None, 'cmake_clean_cache': False, 'cmake_clean_first': False, 'cmake_force_configure': False, 'cmake_target': None, 'cmake_target_skip_unavailable': False, 'install_base': '/home/dwduong74/yahboom_src/install/image_color_lab', 'merge_install': False, 'path': '/home/dwduong74/yahboom_src/src/image_color_lab', 'symlink_install': False, 'test_result_base': None}
[0.686s] Level 5:colcon.colcon_core.verb:set package 'oradar_lidar' build argument 'cmake_args' from command line to 'None'
[0.686s] Level 5:colcon.colcon_core.verb:set package 'oradar_lidar' build argument 'cmake_target' from command line to 'None'
[0.686s] Level 5:colcon.colcon_core.verb:set package 'oradar_lidar' build argument 'cmake_target_skip_unavailable' from command line to 'False'
[0.686s] Level 5:colcon.colcon_core.verb:set package 'oradar_lidar' build argument 'cmake_clean_cache' from command line to 'False'
[0.686s] Level 5:colcon.colcon_core.verb:set package 'oradar_lidar' build argument 'cmake_clean_first' from command line to 'False'
[0.686s] Level 5:colcon.colcon_core.verb:set package 'oradar_lidar' build argument 'cmake_force_configure' from command line to 'False'
[0.686s] Level 5:colcon.colcon_core.verb:set package 'oradar_lidar' build argument 'ament_cmake_args' from command line to 'None'
[0.686s] Level 5:colcon.colcon_core.verb:set package 'oradar_lidar' build argument 'catkin_cmake_args' from command line to 'None'
[0.686s] Level 5:colcon.colcon_core.verb:set package 'oradar_lidar' build argument 'catkin_skip_building_tests' from command line to 'False'
[0.687s] DEBUG:colcon.colcon_core.verb:Building package 'oradar_lidar' with the following arguments: {'ament_cmake_args': None, 'build_base': '/home/dwduong74/yahboom_src/build/oradar_lidar', 'catkin_cmake_args': None, 'catkin_skip_building_tests': False, 'cmake_args': None, 'cmake_clean_cache': False, 'cmake_clean_first': False, 'cmake_force_configure': False, 'cmake_target': None, 'cmake_target_skip_unavailable': False, 'install_base': '/home/dwduong74/yahboom_src/install/oradar_lidar', 'merge_install': False, 'path': '/home/dwduong74/yahboom_src/src/oradar_lidar', 'symlink_install': False, 'test_result_base': None}
[0.687s] Level 5:colcon.colcon_core.verb:set package 'tf_publisher' build argument 'cmake_args' from command line to 'None'
[0.687s] Level 5:colcon.colcon_core.verb:set package 'tf_publisher' build argument 'cmake_target' from command line to 'None'
[0.687s] Level 5:colcon.colcon_core.verb:set package 'tf_publisher' build argument 'cmake_target_skip_unavailable' from command line to 'False'
[0.687s] Level 5:colcon.colcon_core.verb:set package 'tf_publisher' build argument 'cmake_clean_cache' from command line to 'False'
[0.687s] Level 5:colcon.colcon_core.verb:set package 'tf_publisher' build argument 'cmake_clean_first' from command line to 'False'
[0.687s] Level 5:colcon.colcon_core.verb:set package 'tf_publisher' build argument 'cmake_force_configure' from command line to 'False'
[0.687s] Level 5:colcon.colcon_core.verb:set package 'tf_publisher' build argument 'ament_cmake_args' from command line to 'None'
[0.687s] Level 5:colcon.colcon_core.verb:set package 'tf_publisher' build argument 'catkin_cmake_args' from command line to 'None'
[0.687s] Level 5:colcon.colcon_core.verb:set package 'tf_publisher' build argument 'catkin_skip_building_tests' from command line to 'False'
[0.687s] DEBUG:colcon.colcon_core.verb:Building package 'tf_publisher' with the following arguments: {'ament_cmake_args': None, 'build_base': '/home/dwduong74/yahboom_src/build/tf_publisher', 'catkin_cmake_args': None, 'catkin_skip_building_tests': False, 'cmake_args': None, 'cmake_clean_cache': False, 'cmake_clean_first': False, 'cmake_force_configure': False, 'cmake_target': None, 'cmake_target_skip_unavailable': False, 'install_base': '/home/dwduong74/yahboom_src/install/tf_publisher', 'merge_install': False, 'path': '/home/dwduong74/yahboom_src/src/tf_publisher', 'symlink_install': False, 'test_result_base': None}
[0.687s] Level 5:colcon.colcon_core.verb:set package 'velodyne_gazebo_plugins' build argument 'cmake_args' from command line to 'None'
[0.688s] Level 5:colcon.colcon_core.verb:set package 'velodyne_gazebo_plugins' build argument 'cmake_target' from command line to 'None'
[0.688s] Level 5:colcon.colcon_core.verb:set package 'velodyne_gazebo_plugins' build argument 'cmake_target_skip_unavailable' from command line to 'False'
[0.688s] Level 5:colcon.colcon_core.verb:set package 'velodyne_gazebo_plugins' build argument 'cmake_clean_cache' from command line to 'False'
[0.688s] Level 5:colcon.colcon_core.verb:set package 'velodyne_gazebo_plugins' build argument 'cmake_clean_first' from command line to 'False'
[0.688s] Level 5:colcon.colcon_core.verb:set package 'velodyne_gazebo_plugins' build argument 'cmake_force_configure' from command line to 'False'
[0.688s] Level 5:colcon.colcon_core.verb:set package 'velodyne_gazebo_plugins' build argument 'ament_cmake_args' from command line to 'None'
[0.688s] Level 5:colcon.colcon_core.verb:set package 'velodyne_gazebo_plugins' build argument 'catkin_cmake_args' from command line to 'None'
[0.688s] Level 5:colcon.colcon_core.verb:set package 'velodyne_gazebo_plugins' build argument 'catkin_skip_building_tests' from command line to 'False'
[0.688s] DEBUG:colcon.colcon_core.verb:Building package 'velodyne_gazebo_plugins' with the following arguments: {'ament_cmake_args': None, 'build_base': '/home/dwduong74/yahboom_src/build/velodyne_gazebo_plugins', 'catkin_cmake_args': None, 'catkin_skip_building_tests': False, 'cmake_args': None, 'cmake_clean_cache': False, 'cmake_clean_first': False, 'cmake_force_configure': False, 'cmake_target': None, 'cmake_target_skip_unavailable': False, 'install_base': '/home/dwduong74/yahboom_src/install/velodyne_gazebo_plugins', 'merge_install': False, 'path': '/home/dwduong74/yahboom_src/src/unitree-go2-ros2/velodyne/velodyne_gazebo_plugins', 'symlink_install': False, 'test_result_base': None}
[0.688s] Level 5:colcon.colcon_core.verb:set package 'yahboom_app_save_map' build argument 'cmake_args' from command line to 'None'
[0.688s] Level 5:colcon.colcon_core.verb:set package 'yahboom_app_save_map' build argument 'cmake_target' from command line to 'None'
[0.688s] Level 5:colcon.colcon_core.verb:set package 'yahboom_app_save_map' build argument 'cmake_target_skip_unavailable' from command line to 'False'
[0.688s] Level 5:colcon.colcon_core.verb:set package 'yahboom_app_save_map' build argument 'cmake_clean_cache' from command line to 'False'
[0.688s] Level 5:colcon.colcon_core.verb:set package 'yahboom_app_save_map' build argument 'cmake_clean_first' from command line to 'False'
[0.688s] Level 5:colcon.colcon_core.verb:set package 'yahboom_app_save_map' build argument 'cmake_force_configure' from command line to 'False'
[0.688s] Level 5:colcon.colcon_core.verb:set package 'yahboom_app_save_map' build argument 'ament_cmake_args' from command line to 'None'
[0.688s] Level 5:colcon.colcon_core.verb:set package 'yahboom_app_save_map' build argument 'catkin_cmake_args' from command line to 'None'
[0.688s] Level 5:colcon.colcon_core.verb:set package 'yahboom_app_save_map' build argument 'catkin_skip_building_tests' from command line to 'False'
[0.688s] DEBUG:colcon.colcon_core.verb:Building package 'yahboom_app_save_map' with the following arguments: {'ament_cmake_args': None, 'build_base': '/home/dwduong74/yahboom_src/build/yahboom_app_save_map', 'catkin_cmake_args': None, 'catkin_skip_building_tests': False, 'cmake_args': None, 'cmake_clean_cache': False, 'cmake_clean_first': False, 'cmake_force_configure': False, 'cmake_target': None, 'cmake_target_skip_unavailable': False, 'install_base': '/home/dwduong74/yahboom_src/install/yahboom_app_save_map', 'merge_install': False, 'path': '/home/dwduong74/yahboom_src/src/yahboom_app_save_map', 'symlink_install': False, 'test_result_base': None}
[0.689s] Level 5:colcon.colcon_core.verb:set package 'yahboom_base' build argument 'cmake_args' from command line to 'None'
[0.689s] Level 5:colcon.colcon_core.verb:set package 'yahboom_base' build argument 'cmake_target' from command line to 'None'
[0.689s] Level 5:colcon.colcon_core.verb:set package 'yahboom_base' build argument 'cmake_target_skip_unavailable' from command line to 'False'
[0.689s] Level 5:colcon.colcon_core.verb:set package 'yahboom_base' build argument 'cmake_clean_cache' from command line to 'False'
[0.689s] Level 5:colcon.colcon_core.verb:set package 'yahboom_base' build argument 'cmake_clean_first' from command line to 'False'
[0.689s] Level 5:colcon.colcon_core.verb:set package 'yahboom_base' build argument 'cmake_force_configure' from command line to 'False'
[0.689s] Level 5:colcon.colcon_core.verb:set package 'yahboom_base' build argument 'ament_cmake_args' from command line to 'None'
[0.689s] Level 5:colcon.colcon_core.verb:set package 'yahboom_base' build argument 'catkin_cmake_args' from command line to 'None'
[0.689s] Level 5:colcon.colcon_core.verb:set package 'yahboom_base' build argument 'catkin_skip_building_tests' from command line to 'False'
[0.689s] DEBUG:colcon.colcon_core.verb:Building package 'yahboom_base' with the following arguments: {'ament_cmake_args': None, 'build_base': '/home/dwduong74/yahboom_src/build/yahboom_base', 'catkin_cmake_args': None, 'catkin_skip_building_tests': False, 'cmake_args': None, 'cmake_clean_cache': False, 'cmake_clean_first': False, 'cmake_force_configure': False, 'cmake_target': None, 'cmake_target_skip_unavailable': False, 'install_base': '/home/dwduong74/yahboom_src/install/yahboom_base', 'merge_install': False, 'path': '/home/dwduong74/yahboom_src/src/yahboom_base', 'symlink_install': False, 'test_result_base': None}
[0.689s] Level 5:colcon.colcon_core.verb:set package 'yahboom_bringup' build argument 'cmake_args' from command line to 'None'
[0.689s] Level 5:colcon.colcon_core.verb:set package 'yahboom_bringup' build argument 'cmake_target' from command line to 'None'
[0.690s] Level 5:colcon.colcon_core.verb:set package 'yahboom_bringup' build argument 'cmake_target_skip_unavailable' from command line to 'False'
[0.690s] Level 5:colcon.colcon_core.verb:set package 'yahboom_bringup' build argument 'cmake_clean_cache' from command line to 'False'
[0.690s] Level 5:colcon.colcon_core.verb:set package 'yahboom_bringup' build argument 'cmake_clean_first' from command line to 'False'
[0.690s] Level 5:colcon.colcon_core.verb:set package 'yahboom_bringup' build argument 'cmake_force_configure' from command line to 'False'
[0.690s] Level 5:colcon.colcon_core.verb:set package 'yahboom_bringup' build argument 'ament_cmake_args' from command line to 'None'
[0.690s] Level 5:colcon.colcon_core.verb:set package 'yahboom_bringup' build argument 'catkin_cmake_args' from command line to 'None'
[0.690s] Level 5:colcon.colcon_core.verb:set package 'yahboom_bringup' build argument 'catkin_skip_building_tests' from command line to 'False'
[0.690s] DEBUG:colcon.colcon_core.verb:Building package 'yahboom_bringup' with the following arguments: {'ament_cmake_args': None, 'build_base': '/home/dwduong74/yahboom_src/build/yahboom_bringup', 'catkin_cmake_args': None, 'catkin_skip_building_tests': False, 'cmake_args': None, 'cmake_clean_cache': False, 'cmake_clean_first': False, 'cmake_force_configure': False, 'cmake_target': None, 'cmake_target_skip_unavailable': False, 'install_base': '/home/dwduong74/yahboom_src/install/yahboom_bringup', 'merge_install': False, 'path': '/home/dwduong74/yahboom_src/src/yahboom_bringup', 'symlink_install': False, 'test_result_base': None}
[0.690s] Level 5:colcon.colcon_core.verb:set package 'yahboom_description' build argument 'cmake_args' from command line to 'None'
[0.690s] Level 5:colcon.colcon_core.verb:set package 'yahboom_description' build argument 'cmake_target' from command line to 'None'
[0.690s] Level 5:colcon.colcon_core.verb:set package 'yahboom_description' build argument 'cmake_target_skip_unavailable' from command line to 'False'
[0.690s] Level 5:colcon.colcon_core.verb:set package 'yahboom_description' build argument 'cmake_clean_cache' from command line to 'False'
[0.690s] Level 5:colcon.colcon_core.verb:set package 'yahboom_description' build argument 'cmake_clean_first' from command line to 'False'
[0.690s] Level 5:colcon.colcon_core.verb:set package 'yahboom_description' build argument 'cmake_force_configure' from command line to 'False'
[0.690s] Level 5:colcon.colcon_core.verb:set package 'yahboom_description' build argument 'ament_cmake_args' from command line to 'None'
[0.690s] Level 5:colcon.colcon_core.verb:set package 'yahboom_description' build argument 'catkin_cmake_args' from command line to 'None'
[0.690s] Level 5:colcon.colcon_core.verb:set package 'yahboom_description' build argument 'catkin_skip_building_tests' from command line to 'False'
[0.690s] DEBUG:colcon.colcon_core.verb:Building package 'yahboom_description' with the following arguments: {'ament_cmake_args': None, 'build_base': '/home/dwduong74/yahboom_src/build/yahboom_description', 'catkin_cmake_args': None, 'catkin_skip_building_tests': False, 'cmake_args': None, 'cmake_clean_cache': False, 'cmake_clean_first': False, 'cmake_force_configure': False, 'cmake_target': None, 'cmake_target_skip_unavailable': False, 'install_base': '/home/dwduong74/yahboom_src/install/yahboom_description', 'merge_install': False, 'path': '/home/dwduong74/yahboom_src/src/yahboom_description', 'symlink_install': False, 'test_result_base': None}
[0.691s] Level 5:colcon.colcon_core.verb:set package 'yahboom_dog_joint_state' build argument 'cmake_args' from command line to 'None'
[0.691s] Level 5:colcon.colcon_core.verb:set package 'yahboom_dog_joint_state' build argument 'cmake_target' from command line to 'None'
[0.691s] Level 5:colcon.colcon_core.verb:set package 'yahboom_dog_joint_state' build argument 'cmake_target_skip_unavailable' from command line to 'False'
[0.691s] Level 5:colcon.colcon_core.verb:set package 'yahboom_dog_joint_state' build argument 'cmake_clean_cache' from command line to 'False'
[0.691s] Level 5:colcon.colcon_core.verb:set package 'yahboom_dog_joint_state' build argument 'cmake_clean_first' from command line to 'False'
[0.691s] Level 5:colcon.colcon_core.verb:set package 'yahboom_dog_joint_state' build argument 'cmake_force_configure' from command line to 'False'
[0.691s] Level 5:colcon.colcon_core.verb:set package 'yahboom_dog_joint_state' build argument 'ament_cmake_args' from command line to 'None'
[0.691s] Level 5:colcon.colcon_core.verb:set package 'yahboom_dog_joint_state' build argument 'catkin_cmake_args' from command line to 'None'
[0.691s] Level 5:colcon.colcon_core.verb:set package 'yahboom_dog_joint_state' build argument 'catkin_skip_building_tests' from command line to 'False'
[0.691s] DEBUG:colcon.colcon_core.verb:Building package 'yahboom_dog_joint_state' with the following arguments: {'ament_cmake_args': None, 'build_base': '/home/dwduong74/yahboom_src/build/yahboom_dog_joint_state', 'catkin_cmake_args': None, 'catkin_skip_building_tests': False, 'cmake_args': None, 'cmake_clean_cache': False, 'cmake_clean_first': False, 'cmake_force_configure': False, 'cmake_target': None, 'cmake_target_skip_unavailable': False, 'install_base': '/home/dwduong74/yahboom_src/install/yahboom_dog_joint_state', 'merge_install': False, 'path': '/home/dwduong74/yahboom_src/src/yahboom_dog_joint_state', 'symlink_install': False, 'test_result_base': None}
[0.691s] Level 5:colcon.colcon_core.verb:set package 'yahboom_gait' build argument 'cmake_args' from command line to 'None'
[0.691s] Level 5:colcon.colcon_core.verb:set package 'yahboom_gait' build argument 'cmake_target' from command line to 'None'
[0.691s] Level 5:colcon.colcon_core.verb:set package 'yahboom_gait' build argument 'cmake_target_skip_unavailable' from command line to 'False'
[0.691s] Level 5:colcon.colcon_core.verb:set package 'yahboom_gait' build argument 'cmake_clean_cache' from command line to 'False'
[0.691s] Level 5:colcon.colcon_core.verb:set package 'yahboom_gait' build argument 'cmake_clean_first' from command line to 'False'
[0.691s] Level 5:colcon.colcon_core.verb:set package 'yahboom_gait' build argument 'cmake_force_configure' from command line to 'False'
[0.691s] Level 5:colcon.colcon_core.verb:set package 'yahboom_gait' build argument 'ament_cmake_args' from command line to 'None'
[0.691s] Level 5:colcon.colcon_core.verb:set package 'yahboom_gait' build argument 'catkin_cmake_args' from command line to 'None'
[0.691s] Level 5:colcon.colcon_core.verb:set package 'yahboom_gait' build argument 'catkin_skip_building_tests' from command line to 'False'
[0.692s] DEBUG:colcon.colcon_core.verb:Building package 'yahboom_gait' with the following arguments: {'ament_cmake_args': None, 'build_base': '/home/dwduong74/yahboom_src/build/yahboom_gait', 'catkin_cmake_args': None, 'catkin_skip_building_tests': False, 'cmake_args': None, 'cmake_clean_cache': False, 'cmake_clean_first': False, 'cmake_force_configure': False, 'cmake_target': None, 'cmake_target_skip_unavailable': False, 'install_base': '/home/dwduong74/yahboom_src/install/yahboom_gait', 'merge_install': False, 'path': '/home/dwduong74/yahboom_src/src/yahboom_gait', 'symlink_install': False, 'test_result_base': None}
[0.692s] Level 5:colcon.colcon_core.verb:set package 'yahboom_mediapipe' build argument 'cmake_args' from command line to 'None'
[0.692s] Level 5:colcon.colcon_core.verb:set package 'yahboom_mediapipe' build argument 'cmake_target' from command line to 'None'
[0.692s] Level 5:colcon.colcon_core.verb:set package 'yahboom_mediapipe' build argument 'cmake_target_skip_unavailable' from command line to 'False'
[0.692s] Level 5:colcon.colcon_core.verb:set package 'yahboom_mediapipe' build argument 'cmake_clean_cache' from command line to 'False'
[0.692s] Level 5:colcon.colcon_core.verb:set package 'yahboom_mediapipe' build argument 'cmake_clean_first' from command line to 'False'
[0.692s] Level 5:colcon.colcon_core.verb:set package 'yahboom_mediapipe' build argument 'cmake_force_configure' from command line to 'False'
[0.692s] Level 5:colcon.colcon_core.verb:set package 'yahboom_mediapipe' build argument 'ament_cmake_args' from command line to 'None'
[0.692s] Level 5:colcon.colcon_core.verb:set package 'yahboom_mediapipe' build argument 'catkin_cmake_args' from command line to 'None'
[0.692s] Level 5:colcon.colcon_core.verb:set package 'yahboom_mediapipe' build argument 'catkin_skip_building_tests' from command line to 'False'
[0.692s] DEBUG:colcon.colcon_core.verb:Building package 'yahboom_mediapipe' with the following arguments: {'ament_cmake_args': None, 'build_base': '/home/dwduong74/yahboom_src/build/yahboom_mediapipe', 'catkin_cmake_args': None, 'catkin_skip_building_tests': False, 'cmake_args': None, 'cmake_clean_cache': False, 'cmake_clean_first': False, 'cmake_force_configure': False, 'cmake_target': None, 'cmake_target_skip_unavailable': False, 'install_base': '/home/dwduong74/yahboom_src/install/yahboom_mediapipe', 'merge_install': False, 'path': '/home/dwduong74/yahboom_src/src/yahboom_mediapipe', 'symlink_install': False, 'test_result_base': None}
[0.692s] Level 5:colcon.colcon_core.verb:set package 'yahboom_msgs' build argument 'cmake_args' from command line to 'None'
[0.693s] Level 5:colcon.colcon_core.verb:set package 'yahboom_msgs' build argument 'cmake_target' from command line to 'None'
[0.693s] Level 5:colcon.colcon_core.verb:set package 'yahboom_msgs' build argument 'cmake_target_skip_unavailable' from command line to 'False'
[0.693s] Level 5:colcon.colcon_core.verb:set package 'yahboom_msgs' build argument 'cmake_clean_cache' from command line to 'False'
[0.693s] Level 5:colcon.colcon_core.verb:set package 'yahboom_msgs' build argument 'cmake_clean_first' from command line to 'False'
[0.693s] Level 5:colcon.colcon_core.verb:set package 'yahboom_msgs' build argument 'cmake_force_configure' from command line to 'False'
[0.693s] Level 5:colcon.colcon_core.verb:set package 'yahboom_msgs' build argument 'ament_cmake_args' from command line to 'None'
[0.693s] Level 5:colcon.colcon_core.verb:set package 'yahboom_msgs' build argument 'catkin_cmake_args' from command line to 'None'
[0.693s] Level 5:colcon.colcon_core.verb:set package 'yahboom_msgs' build argument 'catkin_skip_building_tests' from command line to 'False'
[0.693s] DEBUG:colcon.colcon_core.verb:Building package 'yahboom_msgs' with the following arguments: {'ament_cmake_args': None, 'build_base': '/home/dwduong74/yahboom_src/build/yahboom_msgs', 'catkin_cmake_args': None, 'catkin_skip_building_tests': False, 'cmake_args': None, 'cmake_clean_cache': False, 'cmake_clean_first': False, 'cmake_force_configure': False, 'cmake_target': None, 'cmake_target_skip_unavailable': False, 'install_base': '/home/dwduong74/yahboom_src/install/yahboom_msgs', 'merge_install': False, 'path': '/home/dwduong74/yahboom_src/src/yahboom_msgs', 'symlink_install': False, 'test_result_base': None}
[0.693s] Level 5:colcon.colcon_core.verb:set package 'yahboom_set_height' build argument 'cmake_args' from command line to 'None'
[0.693s] Level 5:colcon.colcon_core.verb:set package 'yahboom_set_height' build argument 'cmake_target' from command line to 'None'
[0.693s] Level 5:colcon.colcon_core.verb:set package 'yahboom_set_height' build argument 'cmake_target_skip_unavailable' from command line to 'False'
[0.693s] Level 5:colcon.colcon_core.verb:set package 'yahboom_set_height' build argument 'cmake_clean_cache' from command line to 'False'
[0.693s] Level 5:colcon.colcon_core.verb:set package 'yahboom_set_height' build argument 'cmake_clean_first' from command line to 'False'
[0.693s] Level 5:colcon.colcon_core.verb:set package 'yahboom_set_height' build argument 'cmake_force_configure' from command line to 'False'
[0.693s] Level 5:colcon.colcon_core.verb:set package 'yahboom_set_height' build argument 'ament_cmake_args' from command line to 'None'
[0.693s] Level 5:colcon.colcon_core.verb:set package 'yahboom_set_height' build argument 'catkin_cmake_args' from command line to 'None'
[0.693s] Level 5:colcon.colcon_core.verb:set package 'yahboom_set_height' build argument 'catkin_skip_building_tests' from command line to 'False'
[0.693s] DEBUG:colcon.colcon_core.verb:Building package 'yahboom_set_height' with the following arguments: {'ament_cmake_args': None, 'build_base': '/home/dwduong74/yahboom_src/build/yahboom_set_height', 'catkin_cmake_args': None, 'catkin_skip_building_tests': False, 'cmake_args': None, 'cmake_clean_cache': False, 'cmake_clean_first': False, 'cmake_force_configure': False, 'cmake_target': None, 'cmake_target_skip_unavailable': False, 'install_base': '/home/dwduong74/yahboom_src/install/yahboom_set_height', 'merge_install': False, 'path': '/home/dwduong74/yahboom_src/src/yahboom_set_height', 'symlink_install': False, 'test_result_base': None}
[0.694s] Level 5:colcon.colcon_core.verb:set package 'champ_base' build argument 'cmake_args' from command line to 'None'
[0.694s] Level 5:colcon.colcon_core.verb:set package 'champ_base' build argument 'cmake_target' from command line to 'None'
[0.694s] Level 5:colcon.colcon_core.verb:set package 'champ_base' build argument 'cmake_target_skip_unavailable' from command line to 'False'
[0.694s] Level 5:colcon.colcon_core.verb:set package 'champ_base' build argument 'cmake_clean_cache' from command line to 'False'
[0.694s] Level 5:colcon.colcon_core.verb:set package 'champ_base' build argument 'cmake_clean_first' from command line to 'False'
[0.694s] Level 5:colcon.colcon_core.verb:set package 'champ_base' build argument 'cmake_force_configure' from command line to 'False'
[0.694s] Level 5:colcon.colcon_core.verb:set package 'champ_base' build argument 'ament_cmake_args' from command line to 'None'
[0.694s] Level 5:colcon.colcon_core.verb:set package 'champ_base' build argument 'catkin_cmake_args' from command line to 'None'
[0.694s] Level 5:colcon.colcon_core.verb:set package 'champ_base' build argument 'catkin_skip_building_tests' from command line to 'False'
[0.694s] DEBUG:colcon.colcon_core.verb:Building package 'champ_base' with the following arguments: {'ament_cmake_args': None, 'build_base': '/home/dwduong74/yahboom_src/build/champ_base', 'catkin_cmake_args': None, 'catkin_skip_building_tests': False, 'cmake_args': None, 'cmake_clean_cache': False, 'cmake_clean_first': False, 'cmake_force_configure': False, 'cmake_target': None, 'cmake_target_skip_unavailable': False, 'install_base': '/home/dwduong74/yahboom_src/install/champ_base', 'merge_install': False, 'path': '/home/dwduong74/yahboom_src/src/unitree-go2-ros2/champ/champ_base', 'symlink_install': False, 'test_result_base': None}
[0.695s] Level 5:colcon.colcon_core.verb:set package 'champ_description' build argument 'cmake_args' from command line to 'None'
[0.695s] Level 5:colcon.colcon_core.verb:set package 'champ_description' build argument 'cmake_target' from command line to 'None'
[0.695s] Level 5:colcon.colcon_core.verb:set package 'champ_description' build argument 'cmake_target_skip_unavailable' from command line to 'False'
[0.695s] Level 5:colcon.colcon_core.verb:set package 'champ_description' build argument 'cmake_clean_cache' from command line to 'False'
[0.695s] Level 5:colcon.colcon_core.verb:set package 'champ_description' build argument 'cmake_clean_first' from command line to 'False'
[0.695s] Level 5:colcon.colcon_core.verb:set package 'champ_description' build argument 'cmake_force_configure' from command line to 'False'
[0.695s] Level 5:colcon.colcon_core.verb:set package 'champ_description' build argument 'ament_cmake_args' from command line to 'None'
[0.695s] Level 5:colcon.colcon_core.verb:set package 'champ_description' build argument 'catkin_cmake_args' from command line to 'None'
[0.695s] Level 5:colcon.colcon_core.verb:set package 'champ_description' build argument 'catkin_skip_building_tests' from command line to 'False'
[0.695s] DEBUG:colcon.colcon_core.verb:Building package 'champ_description' with the following arguments: {'ament_cmake_args': None, 'build_base': '/home/dwduong74/yahboom_src/build/champ_description', 'catkin_cmake_args': None, 'catkin_skip_building_tests': False, 'cmake_args': None, 'cmake_clean_cache': False, 'cmake_clean_first': False, 'cmake_force_configure': False, 'cmake_target': None, 'cmake_target_skip_unavailable': False, 'install_base': '/home/dwduong74/yahboom_src/install/champ_description', 'merge_install': False, 'path': '/home/dwduong74/yahboom_src/src/unitree-go2-ros2/champ/champ_description', 'symlink_install': False, 'test_result_base': None}
[0.695s] Level 5:colcon.colcon_core.verb:set package 'champ_gazebo' build argument 'cmake_args' from command line to 'None'
[0.695s] Level 5:colcon.colcon_core.verb:set package 'champ_gazebo' build argument 'cmake_target' from command line to 'None'
[0.695s] Level 5:colcon.colcon_core.verb:set package 'champ_gazebo' build argument 'cmake_target_skip_unavailable' from command line to 'False'
[0.695s] Level 5:colcon.colcon_core.verb:set package 'champ_gazebo' build argument 'cmake_clean_cache' from command line to 'False'
[0.695s] Level 5:colcon.colcon_core.verb:set package 'champ_gazebo' build argument 'cmake_clean_first' from command line to 'False'
[0.695s] Level 5:colcon.colcon_core.verb:set package 'champ_gazebo' build argument 'cmake_force_configure' from command line to 'False'
[0.695s] Level 5:colcon.colcon_core.verb:set package 'champ_gazebo' build argument 'ament_cmake_args' from command line to 'None'
[0.695s] Level 5:colcon.colcon_core.verb:set package 'champ_gazebo' build argument 'catkin_cmake_args' from command line to 'None'
[0.695s] Level 5:colcon.colcon_core.verb:set package 'champ_gazebo' build argument 'catkin_skip_building_tests' from command line to 'False'
[0.695s] DEBUG:colcon.colcon_core.verb:Building package 'champ_gazebo' with the following arguments: {'ament_cmake_args': None, 'build_base': '/home/dwduong74/yahboom_src/build/champ_gazebo', 'catkin_cmake_args': None, 'catkin_skip_building_tests': False, 'cmake_args': None, 'cmake_clean_cache': False, 'cmake_clean_first': False, 'cmake_force_configure': False, 'cmake_target': None, 'cmake_target_skip_unavailable': False, 'install_base': '/home/dwduong74/yahboom_src/install/champ_gazebo', 'merge_install': False, 'path': '/home/dwduong74/yahboom_src/src/unitree-go2-ros2/champ/champ_gazebo', 'symlink_install': False, 'test_result_base': None}
[0.696s] Level 5:colcon.colcon_core.verb:set package 'velodyne_description' build argument 'cmake_args' from command line to 'None'
[0.696s] Level 5:colcon.colcon_core.verb:set package 'velodyne_description' build argument 'cmake_target' from command line to 'None'
[0.696s] Level 5:colcon.colcon_core.verb:set package 'velodyne_description' build argument 'cmake_target_skip_unavailable' from command line to 'False'
[0.696s] Level 5:colcon.colcon_core.verb:set package 'velodyne_description' build argument 'cmake_clean_cache' from command line to 'False'
[0.696s] Level 5:colcon.colcon_core.verb:set package 'velodyne_description' build argument 'cmake_clean_first' from command line to 'False'
[0.696s] Level 5:colcon.colcon_core.verb:set package 'velodyne_description' build argument 'cmake_force_configure' from command line to 'False'
[0.696s] Level 5:colcon.colcon_core.verb:set package 'velodyne_description' build argument 'ament_cmake_args' from command line to 'None'
[0.696s] Level 5:colcon.colcon_core.verb:set package 'velodyne_description' build argument 'catkin_cmake_args' from command line to 'None'
[0.696s] Level 5:colcon.colcon_core.verb:set package 'velodyne_description' build argument 'catkin_skip_building_tests' from command line to 'False'
[0.696s] DEBUG:colcon.colcon_core.verb:Building package 'velodyne_description' with the following arguments: {'ament_cmake_args': None, 'build_base': '/home/dwduong74/yahboom_src/build/velodyne_description', 'catkin_cmake_args': None, 'catkin_skip_building_tests': False, 'cmake_args': None, 'cmake_clean_cache': False, 'cmake_clean_first': False, 'cmake_force_configure': False, 'cmake_target': None, 'cmake_target_skip_unavailable': False, 'install_base': '/home/dwduong74/yahboom_src/install/velodyne_description', 'merge_install': False, 'path': '/home/dwduong74/yahboom_src/src/unitree-go2-ros2/velodyne/velodyne_description', 'symlink_install': False, 'test_result_base': None}
[0.696s] Level 5:colcon.colcon_core.verb:set package 'champ_bringup' build argument 'cmake_args' from command line to 'None'
[0.696s] Level 5:colcon.colcon_core.verb:set package 'champ_bringup' build argument 'cmake_target' from command line to 'None'
[0.696s] Level 5:colcon.colcon_core.verb:set package 'champ_bringup' build argument 'cmake_target_skip_unavailable' from command line to 'False'
[0.697s] Level 5:colcon.colcon_core.verb:set package 'champ_bringup' build argument 'cmake_clean_cache' from command line to 'False'
[0.697s] Level 5:colcon.colcon_core.verb:set package 'champ_bringup' build argument 'cmake_clean_first' from command line to 'False'
[0.697s] Level 5:colcon.colcon_core.verb:set package 'champ_bringup' build argument 'cmake_force_configure' from command line to 'False'
[0.697s] Level 5:colcon.colcon_core.verb:set package 'champ_bringup' build argument 'ament_cmake_args' from command line to 'None'
[0.697s] Level 5:colcon.colcon_core.verb:set package 'champ_bringup' build argument 'catkin_cmake_args' from command line to 'None'
[0.697s] Level 5:colcon.colcon_core.verb:set package 'champ_bringup' build argument 'catkin_skip_building_tests' from command line to 'False'
[0.697s] DEBUG:colcon.colcon_core.verb:Building package 'champ_bringup' with the following arguments: {'ament_cmake_args': None, 'build_base': '/home/dwduong74/yahboom_src/build/champ_bringup', 'catkin_cmake_args': None, 'catkin_skip_building_tests': False, 'cmake_args': None, 'cmake_clean_cache': False, 'cmake_clean_first': False, 'cmake_force_configure': False, 'cmake_target': None, 'cmake_target_skip_unavailable': False, 'install_base': '/home/dwduong74/yahboom_src/install/champ_bringup', 'merge_install': False, 'path': '/home/dwduong74/yahboom_src/src/unitree-go2-ros2/champ/champ_bringup', 'symlink_install': False, 'test_result_base': None}
[0.697s] Level 5:colcon.colcon_core.verb:set package 'velodyne_simulator' build argument 'cmake_args' from command line to 'None'
[0.697s] Level 5:colcon.colcon_core.verb:set package 'velodyne_simulator' build argument 'cmake_target' from command line to 'None'
[0.697s] Level 5:colcon.colcon_core.verb:set package 'velodyne_simulator' build argument 'cmake_target_skip_unavailable' from command line to 'False'
[0.697s] Level 5:colcon.colcon_core.verb:set package 'velodyne_simulator' build argument 'cmake_clean_cache' from command line to 'False'
[0.697s] Level 5:colcon.colcon_core.verb:set package 'velodyne_simulator' build argument 'cmake_clean_first' from command line to 'False'
[0.697s] Level 5:colcon.colcon_core.verb:set package 'velodyne_simulator' build argument 'cmake_force_configure' from command line to 'False'
[0.697s] Level 5:colcon.colcon_core.verb:set package 'velodyne_simulator' build argument 'ament_cmake_args' from command line to 'None'
[0.697s] Level 5:colcon.colcon_core.verb:set package 'velodyne_simulator' build argument 'catkin_cmake_args' from command line to 'None'
[0.697s] Level 5:colcon.colcon_core.verb:set package 'velodyne_simulator' build argument 'catkin_skip_building_tests' from command line to 'False'
[0.697s] DEBUG:colcon.colcon_core.verb:Building package 'velodyne_simulator' with the following arguments: {'ament_cmake_args': None, 'build_base': '/home/dwduong74/yahboom_src/build/velodyne_simulator', 'catkin_cmake_args': None, 'catkin_skip_building_tests': False, 'cmake_args': None, 'cmake_clean_cache': False, 'cmake_clean_first': False, 'cmake_force_configure': False, 'cmake_target': None, 'cmake_target_skip_unavailable': False, 'install_base': '/home/dwduong74/yahboom_src/install/velodyne_simulator', 'merge_install': False, 'path': '/home/dwduong74/yahboom_src/src/unitree-go2-ros2/velodyne/velodyne_simulator', 'symlink_install': False, 'test_result_base': None}
[0.698s] INFO:colcon.colcon_core.executor:Executing jobs using 'parallel' executor
[0.698s] DEBUG:colcon.colcon_parallel_executor.executor.parallel:run_until_complete
[0.699s] INFO:colcon.colcon_ros.task.ament_cmake.build:Building ROS package in '/home/dwduong74/yahboom_src/src/unitree-go2-ros2/velodyne/velodyne_gazebo_plugins' with build type 'ament_cmake'
[0.699s] INFO:colcon.colcon_cmake.task.cmake.build:Building CMake package in '/home/dwduong74/yahboom_src/src/unitree-go2-ros2/velodyne/velodyne_gazebo_plugins'
[0.702s] INFO:colcon.colcon_core.plugin_system:Skipping extension 'colcon_core.shell.bat': Not used on non-Windows systems
[0.702s] INFO:colcon.colcon_core.shell:Skip shell extension 'powershell' for command environment: Not usable outside of PowerShell
[0.702s] DEBUG:colcon.colcon_core.shell:Skip shell extension 'dsv' for command environment
[0.709s] INFO:colcon.colcon_ros.task.ament_cmake.build:Building ROS package in '/home/dwduong74/yahboom_src/src/unitree-go2-ros2/champ/champ' with build type 'ament_cmake'
[0.709s] INFO:colcon.colcon_cmake.task.cmake.build:Building CMake package in '/home/dwduong74/yahboom_src/src/unitree-go2-ros2/champ/champ'
[0.710s] INFO:colcon.colcon_core.shell:Skip shell extension 'powershell' for command environment: Not usable outside of PowerShell
[0.710s] DEBUG:colcon.colcon_core.shell:Skip shell extension 'dsv' for command environment
[0.717s] INFO:colcon.colcon_ros.task.ament_cmake.build:Building ROS package in '/home/dwduong74/yahboom_src/src/unitree-go2-ros2/champ/champ_msgs' with build type 'ament_cmake'
[0.717s] INFO:colcon.colcon_cmake.task.cmake.build:Building CMake package in '/home/dwduong74/yahboom_src/src/unitree-go2-ros2/champ/champ_msgs'
[0.717s] INFO:colcon.colcon_core.shell:Skip shell extension 'powershell' for command environment: Not usable outside of PowerShell
[0.718s] DEBUG:colcon.colcon_core.shell:Skip shell extension 'dsv' for command environment
[0.727s] INFO:colcon.colcon_ros.task.ament_python.build:Building ROS package in '/home/dwduong74/yahboom_src/src/bringup' with build type 'ament_python'
[0.728s] Level 1:colcon.colcon_core.shell:create_environment_hook('bringup', 'ament_prefix_path')
[0.728s] INFO:colcon.colcon_core.shell:Creating environment hook '/home/dwduong74/yahboom_src/install/bringup/share/bringup/hook/ament_prefix_path.ps1'
[0.730s] INFO:colcon.colcon_core.shell:Creating environment descriptor '/home/dwduong74/yahboom_src/install/bringup/share/bringup/hook/ament_prefix_path.dsv'
[0.731s] INFO:colcon.colcon_core.shell:Creating environment hook '/home/dwduong74/yahboom_src/install/bringup/share/bringup/hook/ament_prefix_path.sh'
[0.732s] INFO:colcon.colcon_core.shell:Skip shell extension 'powershell' for command environment: Not usable outside of PowerShell
[0.733s] DEBUG:colcon.colcon_core.shell:Skip shell extension 'dsv' for command environment
[0.740s] INFO:colcon.colcon_ros.task.ament_cmake.build:Building ROS package in '/home/dwduong74/yahboom_src/src/unitree-go2-ros2/champ/champ_config' with build type 'ament_cmake'
[0.740s] INFO:colcon.colcon_cmake.task.cmake.build:Building CMake package in '/home/dwduong74/yahboom_src/src/unitree-go2-ros2/champ/champ_config'
[0.740s] INFO:colcon.colcon_core.shell:Skip shell extension 'powershell' for command environment: Not usable outside of PowerShell
[0.740s] DEBUG:colcon.colcon_core.shell:Skip shell extension 'dsv' for command environment
[0.748s] INFO:colcon.colcon_ros.task.ament_cmake.build:Building ROS package in '/home/dwduong74/yahboom_src/src/unitree-go2-ros2/champ/champ_navigation' with build type 'ament_cmake'
[0.748s] INFO:colcon.colcon_cmake.task.cmake.build:Building CMake package in '/home/dwduong74/yahboom_src/src/unitree-go2-ros2/champ/champ_navigation'
[0.748s] INFO:colcon.colcon_core.shell:Skip shell extension 'powershell' for command environment: Not usable outside of PowerShell
[0.748s] DEBUG:colcon.colcon_core.shell:Skip shell extension 'dsv' for command environment
[0.757s] INFO:colcon.colcon_ros.task.ament_cmake.build:Building ROS package in '/home/dwduong74/yahboom_src/src/unitree-go2-ros2/champ_teleop' with build type 'ament_cmake'
[0.758s] INFO:colcon.colcon_cmake.task.cmake.build:Building CMake package in '/home/dwduong74/yahboom_src/src/unitree-go2-ros2/champ_teleop'
[0.758s] INFO:colcon.colcon_core.shell:Skip shell extension 'powershell' for command environment: Not usable outside of PowerShell
[0.759s] DEBUG:colcon.colcon_core.shell:Skip shell extension 'dsv' for command environment
[0.768s] INFO:colcon.colcon_ros.task.ament_cmake.build:Building ROS package in '/home/dwduong74/yahboom_src/src/dogzilla_sim/robots/configs/dogzilla_config' with build type 'ament_cmake'
[0.768s] INFO:colcon.colcon_cmake.task.cmake.build:Building CMake package in '/home/dwduong74/yahboom_src/src/dogzilla_sim/robots/configs/dogzilla_config'
[0.768s] INFO:colcon.colcon_core.shell:Skip shell extension 'powershell' for command environment: Not usable outside of PowerShell
[0.769s] DEBUG:colcon.colcon_core.shell:Skip shell extension 'dsv' for command environment
[0.784s] DEBUG:colcon.colcon_core.event_handler.log_command:Invoking command in '/home/dwduong74/yahboom_src/build/velodyne_gazebo_plugins': CMAKE_PREFIX_PATH=${CMAKE_PREFIX_PATH}:/home/dwduong74/yahboom_src/install/yahboom_set_height:/home/dwduong74/yahboom_src/install/yahboom_mediapipe:/home/dwduong74/yahboom_src/install/yahboom_gait:/home/dwduong74/yahboom_src/install/yahboom_dog_joint_state:/home/dwduong74/yahboom_src/install/yahboom_description:/home/dwduong74/yahboom_src/install/yahboom_bringup:/home/dwduong74/yahboom_src/install/yahboom_base:/home/dwduong74/yahboom_src/install/yahboom_app_save_map:/home/dwduong74/yahboom_src/install/tf_publisher:/home/dwduong74/yahboom_src/install/bringup:/home/dwduong74/LUMI_ws/install/custom_explorer:/opt/ros/humble /usr/bin/cmake --build /home/dwduong74/yahboom_src/build/velodyne_gazebo_plugins -- -j8 -l8
[0.788s] DEBUG:colcon.colcon_core.event_handler.log_command:Invoking command in '/home/dwduong74/yahboom_src/build/champ': CMAKE_PREFIX_PATH=${CMAKE_PREFIX_PATH}:/home/dwduong74/yahboom_src/install/yahboom_set_height:/home/dwduong74/yahboom_src/install/yahboom_mediapipe:/home/dwduong74/yahboom_src/install/yahboom_gait:/home/dwduong74/yahboom_src/install/yahboom_dog_joint_state:/home/dwduong74/yahboom_src/install/yahboom_description:/home/dwduong74/yahboom_src/install/yahboom_bringup:/home/dwduong74/yahboom_src/install/yahboom_base:/home/dwduong74/yahboom_src/install/yahboom_app_save_map:/home/dwduong74/yahboom_src/install/tf_publisher:/home/dwduong74/yahboom_src/install/bringup:/home/dwduong74/LUMI_ws/install/custom_explorer:/opt/ros/humble /usr/bin/cmake --build /home/dwduong74/yahboom_src/build/champ -- -j8 -l8
[0.793s] DEBUG:colcon.colcon_core.event_handler.log_command:Invoking command in '/home/dwduong74/yahboom_src/build/champ_msgs': CMAKE_PREFIX_PATH=${CMAKE_PREFIX_PATH}:/home/dwduong74/yahboom_src/install/yahboom_set_height:/home/dwduong74/yahboom_src/install/yahboom_mediapipe:/home/dwduong74/yahboom_src/install/yahboom_gait:/home/dwduong74/yahboom_src/install/yahboom_dog_joint_state:/home/dwduong74/yahboom_src/install/yahboom_description:/home/dwduong74/yahboom_src/install/yahboom_bringup:/home/dwduong74/yahboom_src/install/yahboom_base:/home/dwduong74/yahboom_src/install/yahboom_app_save_map:/home/dwduong74/yahboom_src/install/tf_publisher:/home/dwduong74/yahboom_src/install/bringup:/home/dwduong74/LUMI_ws/install/custom_explorer:/opt/ros/humble /usr/bin/cmake --build /home/dwduong74/yahboom_src/build/champ_msgs -- -j8 -l8
[1.420s] INFO:colcon.colcon_core.task.python.build:Building Python package in '/home/dwduong74/yahboom_src/src/bringup'
[1.421s] INFO:colcon.colcon_core.shell:Skip shell extension 'powershell' for command environment: Not usable outside of PowerShell
[1.421s] DEBUG:colcon.colcon_core.shell:Skip shell extension 'dsv' for command environment
[1.437s] DEBUG:colcon.colcon_core.event_handler.log_command:Invoking command in '/home/dwduong74/yahboom_src/build/champ_config': CMAKE_PREFIX_PATH=${CMAKE_PREFIX_PATH}:/home/dwduong74/yahboom_src/install/yahboom_set_height:/home/dwduong74/yahboom_src/install/yahboom_mediapipe:/home/dwduong74/yahboom_src/install/yahboom_gait:/home/dwduong74/yahboom_src/install/yahboom_dog_joint_state:/home/dwduong74/yahboom_src/install/yahboom_description:/home/dwduong74/yahboom_src/install/yahboom_bringup:/home/dwduong74/yahboom_src/install/yahboom_base:/home/dwduong74/yahboom_src/install/yahboom_app_save_map:/home/dwduong74/yahboom_src/install/tf_publisher:/home/dwduong74/yahboom_src/install/bringup:/home/dwduong74/LUMI_ws/install/custom_explorer:/opt/ros/humble /usr/bin/cmake --build /home/dwduong74/yahboom_src/build/champ_config -- -j8 -l8
[1.441s] DEBUG:colcon.colcon_core.event_handler.log_command:Invoking command in '/home/dwduong74/yahboom_src/build/champ_navigation': CMAKE_PREFIX_PATH=${CMAKE_PREFIX_PATH}:/home/dwduong74/yahboom_src/install/yahboom_set_height:/home/dwduong74/yahboom_src/install/yahboom_mediapipe:/home/dwduong74/yahboom_src/install/yahboom_gait:/home/dwduong74/yahboom_src/install/yahboom_dog_joint_state:/home/dwduong74/yahboom_src/install/yahboom_description:/home/dwduong74/yahboom_src/install/yahboom_bringup:/home/dwduong74/yahboom_src/install/yahboom_base:/home/dwduong74/yahboom_src/install/yahboom_app_save_map:/home/dwduong74/yahboom_src/install/tf_publisher:/home/dwduong74/yahboom_src/install/bringup:/home/dwduong74/LUMI_ws/install/custom_explorer:/opt/ros/humble /usr/bin/cmake --build /home/dwduong74/yahboom_src/build/champ_navigation -- -j8 -l8
[1.445s] DEBUG:colcon.colcon_core.event_handler.log_command:Invoking command in '/home/dwduong74/yahboom_src/build/champ_teleop': CMAKE_PREFIX_PATH=${CMAKE_PREFIX_PATH}:/home/dwduong74/yahboom_src/install/yahboom_set_height:/home/dwduong74/yahboom_src/install/yahboom_mediapipe:/home/dwduong74/yahboom_src/install/yahboom_gait:/home/dwduong74/yahboom_src/install/yahboom_dog_joint_state:/home/dwduong74/yahboom_src/install/yahboom_description:/home/dwduong74/yahboom_src/install/yahboom_bringup:/home/dwduong74/yahboom_src/install/yahboom_base:/home/dwduong74/yahboom_src/install/yahboom_app_save_map:/home/dwduong74/yahboom_src/install/tf_publisher:/home/dwduong74/yahboom_src/install/bringup:/home/dwduong74/LUMI_ws/install/custom_explorer:/opt/ros/humble /usr/bin/cmake --build /home/dwduong74/yahboom_src/build/champ_teleop -- -j8 -l8
[1.458s] DEBUG:colcon.colcon_core.event_handler.log_command:Invoking command in '/home/dwduong74/yahboom_src/build/dogzilla_config': CMAKE_PREFIX_PATH=${CMAKE_PREFIX_PATH}:/home/dwduong74/yahboom_src/install/yahboom_set_height:/home/dwduong74/yahboom_src/install/yahboom_mediapipe:/home/dwduong74/yahboom_src/install/yahboom_gait:/home/dwduong74/yahboom_src/install/yahboom_dog_joint_state:/home/dwduong74/yahboom_src/install/yahboom_description:/home/dwduong74/yahboom_src/install/yahboom_bringup:/home/dwduong74/yahboom_src/install/yahboom_base:/home/dwduong74/yahboom_src/install/yahboom_app_save_map:/home/dwduong74/yahboom_src/install/tf_publisher:/home/dwduong74/yahboom_src/install/bringup:/home/dwduong74/LUMI_ws/install/custom_explorer:/opt/ros/humble /usr/bin/cmake --build /home/dwduong74/yahboom_src/build/dogzilla_config -- -j8 -l8
[1.461s] DEBUG:colcon.colcon_core.event_handler.log_command:Invoked command in '/home/dwduong74/yahboom_src/build/champ' returned '0': CMAKE_PREFIX_PATH=${CMAKE_PREFIX_PATH}:/home/dwduong74/yahboom_src/install/yahboom_set_height:/home/dwduong74/yahboom_src/install/yahboom_mediapipe:/home/dwduong74/yahboom_src/install/yahboom_gait:/home/dwduong74/yahboom_src/install/yahboom_dog_joint_state:/home/dwduong74/yahboom_src/install/yahboom_description:/home/dwduong74/yahboom_src/install/yahboom_bringup:/home/dwduong74/yahboom_src/install/yahboom_base:/home/dwduong74/yahboom_src/install/yahboom_app_save_map:/home/dwduong74/yahboom_src/install/tf_publisher:/home/dwduong74/yahboom_src/install/bringup:/home/dwduong74/LUMI_ws/install/custom_explorer:/opt/ros/humble /usr/bin/cmake --build /home/dwduong74/yahboom_src/build/champ -- -j8 -l8
[1.480s] DEBUG:colcon.colcon_core.event_handler.log_command:Invoking command in '/home/dwduong74/yahboom_src/build/champ': CMAKE_PREFIX_PATH=${CMAKE_PREFIX_PATH}:/home/dwduong74/yahboom_src/install/yahboom_set_height:/home/dwduong74/yahboom_src/install/yahboom_mediapipe:/home/dwduong74/yahboom_src/install/yahboom_gait:/home/dwduong74/yahboom_src/install/yahboom_dog_joint_state:/home/dwduong74/yahboom_src/install/yahboom_description:/home/dwduong74/yahboom_src/install/yahboom_bringup:/home/dwduong74/yahboom_src/install/yahboom_base:/home/dwduong74/yahboom_src/install/yahboom_app_save_map:/home/dwduong74/yahboom_src/install/tf_publisher:/home/dwduong74/yahboom_src/install/bringup:/home/dwduong74/LUMI_ws/install/custom_explorer:/opt/ros/humble /usr/bin/cmake --install /home/dwduong74/yahboom_src/build/champ
[1.487s] DEBUG:colcon.colcon_core.event_handler.log_command:Invoked command in '/home/dwduong74/yahboom_src/build/velodyne_gazebo_plugins' returned '0': CMAKE_PREFIX_PATH=${CMAKE_PREFIX_PATH}:/home/dwduong74/yahboom_src/install/yahboom_set_height:/home/dwduong74/yahboom_src/install/yahboom_mediapipe:/home/dwduong74/yahboom_src/install/yahboom_gait:/home/dwduong74/yahboom_src/install/yahboom_dog_joint_state:/home/dwduong74/yahboom_src/install/yahboom_description:/home/dwduong74/yahboom_src/install/yahboom_bringup:/home/dwduong74/yahboom_src/install/yahboom_base:/home/dwduong74/yahboom_src/install/yahboom_app_save_map:/home/dwduong74/yahboom_src/install/tf_publisher:/home/dwduong74/yahboom_src/install/bringup:/home/dwduong74/LUMI_ws/install/custom_explorer:/opt/ros/humble /usr/bin/cmake --build /home/dwduong74/yahboom_src/build/velodyne_gazebo_plugins -- -j8 -l8
[1.488s] DEBUG:colcon.colcon_core.event_handler.log_command:Invoking command in '/home/dwduong74/yahboom_src/build/velodyne_gazebo_plugins': CMAKE_PREFIX_PATH=${CMAKE_PREFIX_PATH}:/home/dwduong74/yahboom_src/install/yahboom_set_height:/home/dwduong74/yahboom_src/install/yahboom_mediapipe:/home/dwduong74/yahboom_src/install/yahboom_gait:/home/dwduong74/yahboom_src/install/yahboom_dog_joint_state:/home/dwduong74/yahboom_src/install/yahboom_description:/home/dwduong74/yahboom_src/install/yahboom_bringup:/home/dwduong74/yahboom_src/install/yahboom_base:/home/dwduong74/yahboom_src/install/yahboom_app_save_map:/home/dwduong74/yahboom_src/install/tf_publisher:/home/dwduong74/yahboom_src/install/bringup:/home/dwduong74/LUMI_ws/install/custom_explorer:/opt/ros/humble /usr/bin/cmake --install /home/dwduong74/yahboom_src/build/velodyne_gazebo_plugins
[1.502s] Level 1:colcon.colcon_core.environment:create_environment_scripts_only(champ)
[1.515s] Level 1:colcon.colcon_core.environment:checking '/home/dwduong74/yahboom_src/install/champ' for CMake module files
[1.517s] Level 1:colcon.colcon_core.environment:checking '/home/dwduong74/yahboom_src/install/champ' for CMake config files
[1.519s] DEBUG:colcon.colcon_core.event_handler.log_command:Invoked command in '/home/dwduong74/yahboom_src/build/champ' returned '0': CMAKE_PREFIX_PATH=${CMAKE_PREFIX_PATH}:/home/dwduong74/yahboom_src/install/yahboom_set_height:/home/dwduong74/yahboom_src/install/yahboom_mediapipe:/home/dwduong74/yahboom_src/install/yahboom_gait:/home/dwduong74/yahboom_src/install/yahboom_dog_joint_state:/home/dwduong74/yahboom_src/install/yahboom_description:/home/dwduong74/yahboom_src/install/yahboom_bringup:/home/dwduong74/yahboom_src/install/yahboom_base:/home/dwduong74/yahboom_src/install/yahboom_app_save_map:/home/dwduong74/yahboom_src/install/tf_publisher:/home/dwduong74/yahboom_src/install/bringup:/home/dwduong74/LUMI_ws/install/custom_explorer:/opt/ros/humble /usr/bin/cmake --install /home/dwduong74/yahboom_src/build/champ
[1.520s] Level 1:colcon.colcon_core.shell:create_environment_hook('champ', 'cmake_prefix_path')
[1.520s] INFO:colcon.colcon_core.shell:Creating environment hook '/home/dwduong74/yahboom_src/install/champ/share/champ/hook/cmake_prefix_path.ps1'
[1.521s] INFO:colcon.colcon_core.shell:Creating environment descriptor '/home/dwduong74/yahboom_src/install/champ/share/champ/hook/cmake_prefix_path.dsv'
[1.522s] INFO:colcon.colcon_core.shell:Creating environment hook '/home/dwduong74/yahboom_src/install/champ/share/champ/hook/cmake_prefix_path.sh'
[1.523s] Level 1:colcon.colcon_core.environment:checking '/home/dwduong74/yahboom_src/install/champ/bin'
[1.523s] Level 1:colcon.colcon_core.environment:checking '/home/dwduong74/yahboom_src/install/champ/lib/pkgconfig/champ.pc'
[1.524s] Level 1:colcon.colcon_core.environment:checking '/home/dwduong74/yahboom_src/install/champ/lib/python3.10/site-packages'
[1.525s] Level 1:colcon.colcon_core.environment:checking '/home/dwduong74/yahboom_src/install/champ/bin'
[1.525s] INFO:colcon.colcon_core.shell:Creating package script '/home/dwduong74/yahboom_src/install/champ/share/champ/package.ps1'
[1.528s] INFO:colcon.colcon_core.shell:Creating package descriptor '/home/dwduong74/yahboom_src/install/champ/share/champ/package.dsv'
[1.529s] INFO:colcon.colcon_core.shell:Creating package script '/home/dwduong74/yahboom_src/install/champ/share/champ/package.sh'
[1.530s] INFO:colcon.colcon_core.shell:Creating package script '/home/dwduong74/yahboom_src/install/champ/share/champ/package.bash'
[1.532s] INFO:colcon.colcon_core.shell:Creating package script '/home/dwduong74/yahboom_src/install/champ/share/champ/package.zsh'
[1.534s] Level 1:colcon.colcon_core.environment:create_file_with_runtime_dependencies(/home/dwduong74/yahboom_src/install/champ/share/colcon-core/packages/champ)
[1.535s] Level 1:colcon.colcon_core.environment:create_environment_scripts_only(champ)
[1.535s] Level 1:colcon.colcon_core.environment:checking '/home/dwduong74/yahboom_src/install/champ' for CMake module files
[1.536s] Level 1:colcon.colcon_core.environment:checking '/home/dwduong74/yahboom_src/install/champ' for CMake config files
[1.536s] Level 1:colcon.colcon_core.shell:create_environment_hook('champ', 'cmake_prefix_path')
[1.537s] INFO:colcon.colcon_core.shell:Creating environment hook '/home/dwduong74/yahboom_src/install/champ/share/champ/hook/cmake_prefix_path.ps1'
[1.538s] INFO:colcon.colcon_core.shell:Creating environment descriptor '/home/dwduong74/yahboom_src/install/champ/share/champ/hook/cmake_prefix_path.dsv'
[1.538s] INFO:colcon.colcon_core.shell:Creating environment hook '/home/dwduong74/yahboom_src/install/champ/share/champ/hook/cmake_prefix_path.sh'
[1.539s] Level 1:colcon.colcon_core.environment:checking '/home/dwduong74/yahboom_src/install/champ/bin'
[1.539s] Level 1:colcon.colcon_core.environment:checking '/home/dwduong74/yahboom_src/install/champ/lib/pkgconfig/champ.pc'
[1.539s] Level 1:colcon.colcon_core.environment:checking '/home/dwduong74/yahboom_src/install/champ/lib/python3.10/site-packages'
[1.540s] Level 1:colcon.colcon_core.environment:checking '/home/dwduong74/yahboom_src/install/champ/bin'
[1.541s] INFO:colcon.colcon_core.shell:Creating package script '/home/dwduong74/yahboom_src/install/champ/share/champ/package.ps1'
[1.542s] INFO:colcon.colcon_core.shell:Creating package descriptor '/home/dwduong74/yahboom_src/install/champ/share/champ/package.dsv'
[1.542s] INFO:colcon.colcon_core.shell:Creating package script '/home/dwduong74/yahboom_src/install/champ/share/champ/package.sh'
[1.543s] INFO:colcon.colcon_core.shell:Creating package script '/home/dwduong74/yahboom_src/install/champ/share/champ/package.bash'
[1.544s] INFO:colcon.colcon_core.shell:Creating package script '/home/dwduong74/yahboom_src/install/champ/share/champ/package.zsh'
[1.545s] Level 1:colcon.colcon_core.environment:create_file_with_runtime_dependencies(/home/dwduong74/yahboom_src/install/champ/share/colcon-core/packages/champ)
[1.546s] INFO:colcon.colcon_ros.task.ament_cmake.build:Building ROS package in '/home/dwduong74/yahboom_src/src/dogzilla_sim/robots/descriptions/dogzilla_description' with build type 'ament_cmake'
[1.546s] INFO:colcon.colcon_cmake.task.cmake.build:Building CMake package in '/home/dwduong74/yahboom_src/src/dogzilla_sim/robots/descriptions/dogzilla_description'
[1.546s] INFO:colcon.colcon_core.shell:Skip shell extension 'powershell' for command environment: Not usable outside of PowerShell
[1.546s] DEBUG:colcon.colcon_core.shell:Skip shell extension 'dsv' for command environment
[1.560s] DEBUG:colcon.colcon_core.event_handler.log_command:Invoked command in '/home/dwduong74/yahboom_src/build/champ_config' returned '0': CMAKE_PREFIX_PATH=${CMAKE_PREFIX_PATH}:/home/dwduong74/yahboom_src/install/yahboom_set_height:/home/dwduong74/yahboom_src/install/yahboom_mediapipe:/home/dwduong74/yahboom_src/install/yahboom_gait:/home/dwduong74/yahboom_src/install/yahboom_dog_joint_state:/home/dwduong74/yahboom_src/install/yahboom_description:/home/dwduong74/yahboom_src/install/yahboom_bringup:/home/dwduong74/yahboom_src/install/yahboom_base:/home/dwduong74/yahboom_src/install/yahboom_app_save_map:/home/dwduong74/yahboom_src/install/tf_publisher:/home/dwduong74/yahboom_src/install/bringup:/home/dwduong74/LUMI_ws/install/custom_explorer:/opt/ros/humble /usr/bin/cmake --build /home/dwduong74/yahboom_src/build/champ_config -- -j8 -l8
[1.563s] DEBUG:colcon.colcon_core.event_handler.log_command:Invoking command in '/home/dwduong74/yahboom_src/build/champ_config': CMAKE_PREFIX_PATH=${CMAKE_PREFIX_PATH}:/home/dwduong74/yahboom_src/install/yahboom_set_height:/home/dwduong74/yahboom_src/install/yahboom_mediapipe:/home/dwduong74/yahboom_src/install/yahboom_gait:/home/dwduong74/yahboom_src/install/yahboom_dog_joint_state:/home/dwduong74/yahboom_src/install/yahboom_description:/home/dwduong74/yahboom_src/install/yahboom_bringup:/home/dwduong74/yahboom_src/install/yahboom_base:/home/dwduong74/yahboom_src/install/yahboom_app_save_map:/home/dwduong74/yahboom_src/install/tf_publisher:/home/dwduong74/yahboom_src/install/bringup:/home/dwduong74/LUMI_ws/install/custom_explorer:/opt/ros/humble /usr/bin/cmake --install /home/dwduong74/yahboom_src/build/champ_config
[1.564s] DEBUG:colcon.colcon_core.event_handler.log_command:Invoked command in '/home/dwduong74/yahboom_src/build/champ_teleop' returned '0': CMAKE_PREFIX_PATH=${CMAKE_PREFIX_PATH}:/home/dwduong74/yahboom_src/install/yahboom_set_height:/home/dwduong74/yahboom_src/install/yahboom_mediapipe:/home/dwduong74/yahboom_src/install/yahboom_gait:/home/dwduong74/yahboom_src/install/yahboom_dog_joint_state:/home/dwduong74/yahboom_src/install/yahboom_description:/home/dwduong74/yahboom_src/install/yahboom_bringup:/home/dwduong74/yahboom_src/install/yahboom_base:/home/dwduong74/yahboom_src/install/yahboom_app_save_map:/home/dwduong74/yahboom_src/install/tf_publisher:/home/dwduong74/yahboom_src/install/bringup:/home/dwduong74/LUMI_ws/install/custom_explorer:/opt/ros/humble /usr/bin/cmake --build /home/dwduong74/yahboom_src/build/champ_teleop -- -j8 -l8
[1.568s] DEBUG:colcon.colcon_core.event_handler.log_command:Invoking command in '/home/dwduong74/yahboom_src/build/champ_teleop': CMAKE_PREFIX_PATH=${CMAKE_PREFIX_PATH}:/home/dwduong74/yahboom_src/install/yahboom_set_height:/home/dwduong74/yahboom_src/install/yahboom_mediapipe:/home/dwduong74/yahboom_src/install/yahboom_gait:/home/dwduong74/yahboom_src/install/yahboom_dog_joint_state:/home/dwduong74/yahboom_src/install/yahboom_description:/home/dwduong74/yahboom_src/install/yahboom_bringup:/home/dwduong74/yahboom_src/install/yahboom_base:/home/dwduong74/yahboom_src/install/yahboom_app_save_map:/home/dwduong74/yahboom_src/install/tf_publisher:/home/dwduong74/yahboom_src/install/bringup:/home/dwduong74/LUMI_ws/install/custom_explorer:/opt/ros/humble /usr/bin/cmake --install /home/dwduong74/yahboom_src/build/champ_teleop
[1.568s] Level 1:colcon.colcon_core.environment:create_environment_scripts_only(velodyne_gazebo_plugins)
[1.569s] Level 1:colcon.colcon_core.environment:checking '/home/dwduong74/yahboom_src/install/velodyne_gazebo_plugins' for CMake module files
[1.569s] DEBUG:colcon.colcon_core.event_handler.log_command:Invoked command in '/home/dwduong74/yahboom_src/build/velodyne_gazebo_plugins' returned '0': CMAKE_PREFIX_PATH=${CMAKE_PREFIX_PATH}:/home/dwduong74/yahboom_src/install/yahboom_set_height:/home/dwduong74/yahboom_src/install/yahboom_mediapipe:/home/dwduong74/yahboom_src/install/yahboom_gait:/home/dwduong74/yahboom_src/install/yahboom_dog_joint_state:/home/dwduong74/yahboom_src/install/yahboom_description:/home/dwduong74/yahboom_src/install/yahboom_bringup:/home/dwduong74/yahboom_src/install/yahboom_base:/home/dwduong74/yahboom_src/install/yahboom_app_save_map:/home/dwduong74/yahboom_src/install/tf_publisher:/home/dwduong74/yahboom_src/install/bringup:/home/dwduong74/LUMI_ws/install/custom_explorer:/opt/ros/humble /usr/bin/cmake --install /home/dwduong74/yahboom_src/build/velodyne_gazebo_plugins
[1.570s] Level 1:colcon.colcon_core.environment:checking '/home/dwduong74/yahboom_src/install/velodyne_gazebo_plugins' for CMake config files
[1.570s] Level 1:colcon.colcon_core.shell:create_environment_hook('velodyne_gazebo_plugins', 'cmake_prefix_path')
[1.571s] INFO:colcon.colcon_core.shell:Creating environment hook '/home/dwduong74/yahboom_src/install/velodyne_gazebo_plugins/share/velodyne_gazebo_plugins/hook/cmake_prefix_path.ps1'
[1.572s] INFO:colcon.colcon_core.shell:Creating environment descriptor '/home/dwduong74/yahboom_src/install/velodyne_gazebo_plugins/share/velodyne_gazebo_plugins/hook/cmake_prefix_path.dsv'
[1.572s] INFO:colcon.colcon_core.shell:Creating environment hook '/home/dwduong74/yahboom_src/install/velodyne_gazebo_plugins/share/velodyne_gazebo_plugins/hook/cmake_prefix_path.sh'
[1.573s] Level 1:colcon.colcon_core.environment:checking '/home/dwduong74/yahboom_src/install/velodyne_gazebo_plugins/lib'
[1.573s] Level 1:colcon.colcon_core.shell:create_environment_hook('velodyne_gazebo_plugins', 'ld_library_path_lib')
[1.574s] INFO:colcon.colcon_core.shell:Creating environment hook '/home/dwduong74/yahboom_src/install/velodyne_gazebo_plugins/share/velodyne_gazebo_plugins/hook/ld_library_path_lib.ps1'
[1.574s] INFO:colcon.colcon_core.shell:Creating environment descriptor '/home/dwduong74/yahboom_src/install/velodyne_gazebo_plugins/share/velodyne_gazebo_plugins/hook/ld_library_path_lib.dsv'
[1.575s] INFO:colcon.colcon_core.shell:Creating environment hook '/home/dwduong74/yahboom_src/install/velodyne_gazebo_plugins/share/velodyne_gazebo_plugins/hook/ld_library_path_lib.sh'
[1.576s] Level 1:colcon.colcon_core.environment:checking '/home/dwduong74/yahboom_src/install/velodyne_gazebo_plugins/bin'
[1.576s] Level 1:colcon.colcon_core.environment:checking '/home/dwduong74/yahboom_src/install/velodyne_gazebo_plugins/lib/pkgconfig/velodyne_gazebo_plugins.pc'
[1.576s] Level 1:colcon.colcon_core.environment:checking '/home/dwduong74/yahboom_src/install/velodyne_gazebo_plugins/lib/python3.10/site-packages'
[1.577s] Level 1:colcon.colcon_core.environment:checking '/home/dwduong74/yahboom_src/install/velodyne_gazebo_plugins/bin'
[1.577s] INFO:colcon.colcon_core.shell:Creating package script '/home/dwduong74/yahboom_src/install/velodyne_gazebo_plugins/share/velodyne_gazebo_plugins/package.ps1'
[1.578s] INFO:colcon.colcon_core.shell:Creating package descriptor '/home/dwduong74/yahboom_src/install/velodyne_gazebo_plugins/share/velodyne_gazebo_plugins/package.dsv'
[1.579s] INFO:colcon.colcon_core.shell:Creating package script '/home/dwduong74/yahboom_src/install/velodyne_gazebo_plugins/share/velodyne_gazebo_plugins/package.sh'
[1.580s] INFO:colcon.colcon_core.shell:Creating package script '/home/dwduong74/yahboom_src/install/velodyne_gazebo_plugins/share/velodyne_gazebo_plugins/package.bash'
[1.581s] INFO:colcon.colcon_core.shell:Creating package script '/home/dwduong74/yahboom_src/install/velodyne_gazebo_plugins/share/velodyne_gazebo_plugins/package.zsh'
[1.581s] Level 1:colcon.colcon_core.environment:create_file_with_runtime_dependencies(/home/dwduong74/yahboom_src/install/velodyne_gazebo_plugins/share/colcon-core/packages/velodyne_gazebo_plugins)
[1.582s] Level 1:colcon.colcon_core.environment:create_environment_scripts_only(velodyne_gazebo_plugins)
[1.583s] Level 1:colcon.colcon_core.environment:checking '/home/dwduong74/yahboom_src/install/velodyne_gazebo_plugins' for CMake module files
[1.584s] Level 1:colcon.colcon_core.environment:checking '/home/dwduong74/yahboom_src/install/velodyne_gazebo_plugins' for CMake config files
[1.584s] Level 1:colcon.colcon_core.shell:create_environment_hook('velodyne_gazebo_plugins', 'cmake_prefix_path')
[1.585s] INFO:colcon.colcon_core.shell:Creating environment hook '/home/dwduong74/yahboom_src/install/velodyne_gazebo_plugins/share/velodyne_gazebo_plugins/hook/cmake_prefix_path.ps1'
[1.586s] INFO:colcon.colcon_core.shell:Creating environment descriptor '/home/dwduong74/yahboom_src/install/velodyne_gazebo_plugins/share/velodyne_gazebo_plugins/hook/cmake_prefix_path.dsv'
[1.586s] INFO:colcon.colcon_core.shell:Creating environment hook '/home/dwduong74/yahboom_src/install/velodyne_gazebo_plugins/share/velodyne_gazebo_plugins/hook/cmake_prefix_path.sh'
[1.587s] Level 1:colcon.colcon_core.environment:checking '/home/dwduong74/yahboom_src/install/velodyne_gazebo_plugins/lib'
[1.587s] Level 1:colcon.colcon_core.shell:create_environment_hook('velodyne_gazebo_plugins', 'ld_library_path_lib')
[1.588s] INFO:colcon.colcon_core.shell:Creating environment hook '/home/dwduong74/yahboom_src/install/velodyne_gazebo_plugins/share/velodyne_gazebo_plugins/hook/ld_library_path_lib.ps1'
[1.588s] INFO:colcon.colcon_core.shell:Creating environment descriptor '/home/dwduong74/yahboom_src/install/velodyne_gazebo_plugins/share/velodyne_gazebo_plugins/hook/ld_library_path_lib.dsv'
[1.589s] INFO:colcon.colcon_core.shell:Creating environment hook '/home/dwduong74/yahboom_src/install/velodyne_gazebo_plugins/share/velodyne_gazebo_plugins/hook/ld_library_path_lib.sh'
[1.590s] Level 1:colcon.colcon_core.environment:checking '/home/dwduong74/yahboom_src/install/velodyne_gazebo_plugins/bin'
[1.590s] Level 1:colcon.colcon_core.environment:checking '/home/dwduong74/yahboom_src/install/velodyne_gazebo_plugins/lib/pkgconfig/velodyne_gazebo_plugins.pc'
[1.590s] Level 1:colcon.colcon_core.environment:checking '/home/dwduong74/yahboom_src/install/velodyne_gazebo_plugins/lib/python3.10/site-packages'
[1.591s] Level 1:colcon.colcon_core.environment:checking '/home/dwduong74/yahboom_src/install/velodyne_gazebo_plugins/bin'
[1.592s] INFO:colcon.colcon_core.shell:Creating package script '/home/dwduong74/yahboom_src/install/velodyne_gazebo_plugins/share/velodyne_gazebo_plugins/package.ps1'
[1.592s] INFO:colcon.colcon_core.shell:Creating package descriptor '/home/dwduong74/yahboom_src/install/velodyne_gazebo_plugins/share/velodyne_gazebo_plugins/package.dsv'
[1.593s] INFO:colcon.colcon_core.shell:Creating package script '/home/dwduong74/yahboom_src/install/velodyne_gazebo_plugins/share/velodyne_gazebo_plugins/package.sh'
[1.594s] INFO:colcon.colcon_core.shell:Creating package script '/home/dwduong74/yahboom_src/install/velodyne_gazebo_plugins/share/velodyne_gazebo_plugins/package.bash'
[1.595s] INFO:colcon.colcon_core.shell:Creating package script '/home/dwduong74/yahboom_src/install/velodyne_gazebo_plugins/share/velodyne_gazebo_plugins/package.zsh'
[1.595s] Level 1:colcon.colcon_core.environment:create_file_with_runtime_dependencies(/home/dwduong74/yahboom_src/install/velodyne_gazebo_plugins/share/colcon-core/packages/velodyne_gazebo_plugins)
[1.597s] DEBUG:colcon.colcon_core.event_handler.log_command:Invoked command in '/home/dwduong74/yahboom_src/build/champ_navigation' returned '0': CMAKE_PREFIX_PATH=${CMAKE_PREFIX_PATH}:/home/dwduong74/yahboom_src/install/yahboom_set_height:/home/dwduong74/yahboom_src/install/yahboom_mediapipe:/home/dwduong74/yahboom_src/install/yahboom_gait:/home/dwduong74/yahboom_src/install/yahboom_dog_joint_state:/home/dwduong74/yahboom_src/install/yahboom_description:/home/dwduong74/yahboom_src/install/yahboom_bringup:/home/dwduong74/yahboom_src/install/yahboom_base:/home/dwduong74/yahboom_src/install/yahboom_app_save_map:/home/dwduong74/yahboom_src/install/tf_publisher:/home/dwduong74/yahboom_src/install/bringup:/home/dwduong74/LUMI_ws/install/custom_explorer:/opt/ros/humble /usr/bin/cmake --build /home/dwduong74/yahboom_src/build/champ_navigation -- -j8 -l8
[1.599s] DEBUG:colcon.colcon_core.event_handler.log_command:Invoking command in '/home/dwduong74/yahboom_src/build/champ_navigation': CMAKE_PREFIX_PATH=${CMAKE_PREFIX_PATH}:/home/dwduong74/yahboom_src/install/yahboom_set_height:/home/dwduong74/yahboom_src/install/yahboom_mediapipe:/home/dwduong74/yahboom_src/install/yahboom_gait:/home/dwduong74/yahboom_src/install/yahboom_dog_joint_state:/home/dwduong74/yahboom_src/install/yahboom_description:/home/dwduong74/yahboom_src/install/yahboom_bringup:/home/dwduong74/yahboom_src/install/yahboom_base:/home/dwduong74/yahboom_src/install/yahboom_app_save_map:/home/dwduong74/yahboom_src/install/tf_publisher:/home/dwduong74/yahboom_src/install/bringup:/home/dwduong74/LUMI_ws/install/custom_explorer:/opt/ros/humble /usr/bin/cmake --install /home/dwduong74/yahboom_src/build/champ_navigation
[1.600s] DEBUG:colcon.colcon_core.event_handler.log_command:Invoked command in '/home/dwduong74/yahboom_src/build/dogzilla_config' returned '0': CMAKE_PREFIX_PATH=${CMAKE_PREFIX_PATH}:/home/dwduong74/yahboom_src/install/yahboom_set_height:/home/dwduong74/yahboom_src/install/yahboom_mediapipe:/home/dwduong74/yahboom_src/install/yahboom_gait:/home/dwduong74/yahboom_src/install/yahboom_dog_joint_state:/home/dwduong74/yahboom_src/install/yahboom_description:/home/dwduong74/yahboom_src/install/yahboom_bringup:/home/dwduong74/yahboom_src/install/yahboom_base:/home/dwduong74/yahboom_src/install/yahboom_app_save_map:/home/dwduong74/yahboom_src/install/tf_publisher:/home/dwduong74/yahboom_src/install/bringup:/home/dwduong74/LUMI_ws/install/custom_explorer:/opt/ros/humble /usr/bin/cmake --build /home/dwduong74/yahboom_src/build/dogzilla_config -- -j8 -l8
[1.603s] DEBUG:colcon.colcon_core.event_handler.log_command:Invoking command in '/home/dwduong74/yahboom_src/build/dogzilla_config': CMAKE_PREFIX_PATH=${CMAKE_PREFIX_PATH}:/home/dwduong74/yahboom_src/install/yahboom_set_height:/home/dwduong74/yahboom_src/install/yahboom_mediapipe:/home/dwduong74/yahboom_src/install/yahboom_gait:/home/dwduong74/yahboom_src/install/yahboom_dog_joint_state:/home/dwduong74/yahboom_src/install/yahboom_description:/home/dwduong74/yahboom_src/install/yahboom_bringup:/home/dwduong74/yahboom_src/install/yahboom_base:/home/dwduong74/yahboom_src/install/yahboom_app_save_map:/home/dwduong74/yahboom_src/install/tf_publisher:/home/dwduong74/yahboom_src/install/bringup:/home/dwduong74/LUMI_ws/install/custom_explorer:/opt/ros/humble /usr/bin/cmake --install /home/dwduong74/yahboom_src/build/dogzilla_config
[1.604s] INFO:colcon.colcon_ros.task.ament_cmake.build:Building ROS package in '/home/dwduong74/yahboom_src/src/unitree-go2-ros2/champ/champ_description' with build type 'ament_cmake'
[1.604s] INFO:colcon.colcon_cmake.task.cmake.build:Building CMake package in '/home/dwduong74/yahboom_src/src/unitree-go2-ros2/champ/champ_description'
[1.605s] INFO:colcon.colcon_core.shell:Skip shell extension 'powershell' for command environment: Not usable outside of PowerShell
[1.605s] DEBUG:colcon.colcon_core.shell:Skip shell extension 'dsv' for command environment
[1.649s] Level 1:colcon.colcon_core.environment:create_environment_scripts_only(champ_config)
[1.650s] Level 1:colcon.colcon_core.environment:checking '/home/dwduong74/yahboom_src/install/champ_config' for CMake module files
[1.655s] Level 1:colcon.colcon_core.environment:checking '/home/dwduong74/yahboom_src/install/champ_config' for CMake config files
[1.655s] DEBUG:colcon.colcon_core.event_handler.log_command:Invoking command in '/home/dwduong74/yahboom_src/build/dogzilla_description': CMAKE_PREFIX_PATH=${CMAKE_PREFIX_PATH}:/home/dwduong74/yahboom_src/install/yahboom_set_height:/home/dwduong74/yahboom_src/install/yahboom_mediapipe:/home/dwduong74/yahboom_src/install/yahboom_gait:/home/dwduong74/yahboom_src/install/yahboom_dog_joint_state:/home/dwduong74/yahboom_src/install/yahboom_description:/home/dwduong74/yahboom_src/install/yahboom_bringup:/home/dwduong74/yahboom_src/install/yahboom_base:/home/dwduong74/yahboom_src/install/yahboom_app_save_map:/home/dwduong74/yahboom_src/install/tf_publisher:/home/dwduong74/yahboom_src/install/bringup:/home/dwduong74/LUMI_ws/install/custom_explorer:/opt/ros/humble /usr/bin/cmake --build /home/dwduong74/yahboom_src/build/dogzilla_description -- -j8 -l8
[1.656s] DEBUG:colcon.colcon_core.event_handler.log_command:Invoked command in '/home/dwduong74/yahboom_src/build/champ_config' returned '0': CMAKE_PREFIX_PATH=${CMAKE_PREFIX_PATH}:/home/dwduong74/yahboom_src/install/yahboom_set_height:/home/dwduong74/yahboom_src/install/yahboom_mediapipe:/home/dwduong74/yahboom_src/install/yahboom_gait:/home/dwduong74/yahboom_src/install/yahboom_dog_joint_state:/home/dwduong74/yahboom_src/install/yahboom_description:/home/dwduong74/yahboom_src/install/yahboom_bringup:/home/dwduong74/yahboom_src/install/yahboom_base:/home/dwduong74/yahboom_src/install/yahboom_app_save_map:/home/dwduong74/yahboom_src/install/tf_publisher:/home/dwduong74/yahboom_src/install/bringup:/home/dwduong74/LUMI_ws/install/custom_explorer:/opt/ros/humble /usr/bin/cmake --install /home/dwduong74/yahboom_src/build/champ_config
[1.656s] Level 1:colcon.colcon_core.shell:create_environment_hook('champ_config', 'cmake_prefix_path')
[1.657s] INFO:colcon.colcon_core.shell:Creating environment hook '/home/dwduong74/yahboom_src/install/champ_config/share/champ_config/hook/cmake_prefix_path.ps1'
[1.657s] INFO:colcon.colcon_core.shell:Creating environment descriptor '/home/dwduong74/yahboom_src/install/champ_config/share/champ_config/hook/cmake_prefix_path.dsv'
[1.658s] INFO:colcon.colcon_core.shell:Creating environment hook '/home/dwduong74/yahboom_src/install/champ_config/share/champ_config/hook/cmake_prefix_path.sh'
[1.659s] Level 1:colcon.colcon_core.environment:checking '/home/dwduong74/yahboom_src/install/champ_config/bin'
[1.659s] Level 1:colcon.colcon_core.environment:checking '/home/dwduong74/yahboom_src/install/champ_config/lib/pkgconfig/champ_config.pc'
[1.659s] Level 1:colcon.colcon_core.environment:checking '/home/dwduong74/yahboom_src/install/champ_config/lib/python3.10/site-packages'
[1.660s] Level 1:colcon.colcon_core.environment:checking '/home/dwduong74/yahboom_src/install/champ_config/bin'
[1.661s] INFO:colcon.colcon_core.shell:Creating package script '/home/dwduong74/yahboom_src/install/champ_config/share/champ_config/package.ps1'
[1.661s] INFO:colcon.colcon_core.shell:Creating package descriptor '/home/dwduong74/yahboom_src/install/champ_config/share/champ_config/package.dsv'
[1.662s] INFO:colcon.colcon_core.shell:Creating package script '/home/dwduong74/yahboom_src/install/champ_config/share/champ_config/package.sh'
[1.663s] INFO:colcon.colcon_core.shell:Creating package script '/home/dwduong74/yahboom_src/install/champ_config/share/champ_config/package.bash'
[1.663s] INFO:colcon.colcon_core.shell:Creating package script '/home/dwduong74/yahboom_src/install/champ_config/share/champ_config/package.zsh'
[1.664s] Level 1:colcon.colcon_core.environment:create_file_with_runtime_dependencies(/home/dwduong74/yahboom_src/install/champ_config/share/colcon-core/packages/champ_config)
[1.665s] Level 1:colcon.colcon_core.environment:create_environment_scripts_only(champ_config)
[1.665s] Level 1:colcon.colcon_core.environment:checking '/home/dwduong74/yahboom_src/install/champ_config' for CMake module files
[1.666s] Level 1:colcon.colcon_core.environment:checking '/home/dwduong74/yahboom_src/install/champ_config' for CMake config files
[1.666s] Level 1:colcon.colcon_core.shell:create_environment_hook('champ_config', 'cmake_prefix_path')
[1.667s] INFO:colcon.colcon_core.shell:Creating environment hook '/home/dwduong74/yahboom_src/install/champ_config/share/champ_config/hook/cmake_prefix_path.ps1'
[1.667s] INFO:colcon.colcon_core.shell:Creating environment descriptor '/home/dwduong74/yahboom_src/install/champ_config/share/champ_config/hook/cmake_prefix_path.dsv'
[1.668s] INFO:colcon.colcon_core.shell:Creating environment hook '/home/dwduong74/yahboom_src/install/champ_config/share/champ_config/hook/cmake_prefix_path.sh'
[1.669s] Level 1:colcon.colcon_core.environment:checking '/home/dwduong74/yahboom_src/install/champ_config/bin'
[1.669s] Level 1:colcon.colcon_core.environment:checking '/home/dwduong74/yahboom_src/install/champ_config/lib/pkgconfig/champ_config.pc'
[1.669s] Level 1:colcon.colcon_core.environment:checking '/home/dwduong74/yahboom_src/install/champ_config/lib/python3.10/site-packages'
[1.670s] Level 1:colcon.colcon_core.environment:checking '/home/dwduong74/yahboom_src/install/champ_config/bin'
[1.670s] INFO:colcon.colcon_core.shell:Creating package script '/home/dwduong74/yahboom_src/install/champ_config/share/champ_config/package.ps1'
[1.671s] INFO:colcon.colcon_core.shell:Creating package descriptor '/home/dwduong74/yahboom_src/install/champ_config/share/champ_config/package.dsv'
[1.672s] INFO:colcon.colcon_core.shell:Creating package script '/home/dwduong74/yahboom_src/install/champ_config/share/champ_config/package.sh'
[1.673s] INFO:colcon.colcon_core.shell:Creating package script '/home/dwduong74/yahboom_src/install/champ_config/share/champ_config/package.bash'
[1.673s] INFO:colcon.colcon_core.shell:Creating package script '/home/dwduong74/yahboom_src/install/champ_config/share/champ_config/package.zsh'
[1.675s] Level 1:colcon.colcon_core.environment:create_file_with_runtime_dependencies(/home/dwduong74/yahboom_src/install/champ_config/share/colcon-core/packages/champ_config)
[1.675s] Level 1:colcon.colcon_core.environment:create_environment_scripts_only(champ_navigation)
[1.676s] Level 1:colcon.colcon_core.environment:checking '/home/dwduong74/yahboom_src/install/champ_navigation' for CMake module files
[1.677s] DEBUG:colcon.colcon_core.event_handler.log_command:Invoked command in '/home/dwduong74/yahboom_src/build/champ_navigation' returned '0': CMAKE_PREFIX_PATH=${CMAKE_PREFIX_PATH}:/home/dwduong74/yahboom_src/install/yahboom_set_height:/home/dwduong74/yahboom_src/install/yahboom_mediapipe:/home/dwduong74/yahboom_src/install/yahboom_gait:/home/dwduong74/yahboom_src/install/yahboom_dog_joint_state:/home/dwduong74/yahboom_src/install/yahboom_description:/home/dwduong74/yahboom_src/install/yahboom_bringup:/home/dwduong74/yahboom_src/install/yahboom_base:/home/dwduong74/yahboom_src/install/yahboom_app_save_map:/home/dwduong74/yahboom_src/install/tf_publisher:/home/dwduong74/yahboom_src/install/bringup:/home/dwduong74/LUMI_ws/install/custom_explorer:/opt/ros/humble /usr/bin/cmake --install /home/dwduong74/yahboom_src/build/champ_navigation
[1.678s] Level 1:colcon.colcon_core.environment:checking '/home/dwduong74/yahboom_src/install/champ_navigation' for CMake config files
[1.678s] Level 1:colcon.colcon_core.shell:create_environment_hook('champ_navigation', 'cmake_prefix_path')
[1.678s] INFO:colcon.colcon_core.shell:Creating environment hook '/home/dwduong74/yahboom_src/install/champ_navigation/share/champ_navigation/hook/cmake_prefix_path.ps1'
[1.679s] INFO:colcon.colcon_core.shell:Creating environment descriptor '/home/dwduong74/yahboom_src/install/champ_navigation/share/champ_navigation/hook/cmake_prefix_path.dsv'
[1.680s] INFO:colcon.colcon_core.shell:Creating environment hook '/home/dwduong74/yahboom_src/install/champ_navigation/share/champ_navigation/hook/cmake_prefix_path.sh'
[1.681s] Level 1:colcon.colcon_core.environment:checking '/home/dwduong74/yahboom_src/install/champ_navigation/bin'
[1.681s] Level 1:colcon.colcon_core.environment:checking '/home/dwduong74/yahboom_src/install/champ_navigation/lib/pkgconfig/champ_navigation.pc'
[1.681s] Level 1:colcon.colcon_core.environment:checking '/home/dwduong74/yahboom_src/install/champ_navigation/lib/python3.10/site-packages'
[1.682s] Level 1:colcon.colcon_core.environment:checking '/home/dwduong74/yahboom_src/install/champ_navigation/bin'
[1.682s] INFO:colcon.colcon_core.shell:Creating package script '/home/dwduong74/yahboom_src/install/champ_navigation/share/champ_navigation/package.ps1'
[1.683s] INFO:colcon.colcon_core.shell:Creating package descriptor '/home/dwduong74/yahboom_src/install/champ_navigation/share/champ_navigation/package.dsv'
[1.684s] INFO:colcon.colcon_core.shell:Creating package script '/home/dwduong74/yahboom_src/install/champ_navigation/share/champ_navigation/package.sh'
[1.685s] INFO:colcon.colcon_core.shell:Creating package script '/home/dwduong74/yahboom_src/install/champ_navigation/share/champ_navigation/package.bash'
[1.685s] INFO:colcon.colcon_core.shell:Creating package script '/home/dwduong74/yahboom_src/install/champ_navigation/share/champ_navigation/package.zsh'
[1.686s] Level 1:colcon.colcon_core.environment:create_file_with_runtime_dependencies(/home/dwduong74/yahboom_src/install/champ_navigation/share/colcon-core/packages/champ_navigation)
[1.687s] Level 1:colcon.colcon_core.environment:create_environment_scripts_only(champ_navigation)
[1.687s] Level 1:colcon.colcon_core.environment:checking '/home/dwduong74/yahboom_src/install/champ_navigation' for CMake module files
[1.688s] Level 1:colcon.colcon_core.environment:checking '/home/dwduong74/yahboom_src/install/champ_navigation' for CMake config files
[1.689s] Level 1:colcon.colcon_core.shell:create_environment_hook('champ_navigation', 'cmake_prefix_path')
[1.689s] INFO:colcon.colcon_core.shell:Creating environment hook '/home/dwduong74/yahboom_src/install/champ_navigation/share/champ_navigation/hook/cmake_prefix_path.ps1'
[1.690s] INFO:colcon.colcon_core.shell:Creating environment descriptor '/home/dwduong74/yahboom_src/install/champ_navigation/share/champ_navigation/hook/cmake_prefix_path.dsv'
[1.690s] INFO:colcon.colcon_core.shell:Creating environment hook '/home/dwduong74/yahboom_src/install/champ_navigation/share/champ_navigation/hook/cmake_prefix_path.sh'
[1.691s] Level 1:colcon.colcon_core.environment:checking '/home/dwduong74/yahboom_src/install/champ_navigation/bin'
[1.691s] Level 1:colcon.colcon_core.environment:checking '/home/dwduong74/yahboom_src/install/champ_navigation/lib/pkgconfig/champ_navigation.pc'
[1.692s] Level 1:colcon.colcon_core.environment:checking '/home/dwduong74/yahboom_src/install/champ_navigation/lib/python3.10/site-packages'
[1.693s] Level 1:colcon.colcon_core.environment:checking '/home/dwduong74/yahboom_src/install/champ_navigation/bin'
[1.693s] INFO:colcon.colcon_core.shell:Creating package script '/home/dwduong74/yahboom_src/install/champ_navigation/share/champ_navigation/package.ps1'
[1.694s] INFO:colcon.colcon_core.shell:Creating package descriptor '/home/dwduong74/yahboom_src/install/champ_navigation/share/champ_navigation/package.dsv'
[1.695s] INFO:colcon.colcon_core.shell:Creating package script '/home/dwduong74/yahboom_src/install/champ_navigation/share/champ_navigation/package.sh'
[1.695s] INFO:colcon.colcon_core.shell:Creating package script '/home/dwduong74/yahboom_src/install/champ_navigation/share/champ_navigation/package.bash'
[1.696s] INFO:colcon.colcon_core.shell:Creating package script '/home/dwduong74/yahboom_src/install/champ_navigation/share/champ_navigation/package.zsh'
[1.697s] Level 1:colcon.colcon_core.environment:create_file_with_runtime_dependencies(/home/dwduong74/yahboom_src/install/champ_navigation/share/colcon-core/packages/champ_navigation)
[1.697s] Level 1:colcon.colcon_core.environment:create_environment_scripts_only(champ_teleop)
[1.698s] Level 1:colcon.colcon_core.environment:checking '/home/dwduong74/yahboom_src/install/champ_teleop' for CMake module files
[1.699s] DEBUG:colcon.colcon_core.event_handler.log_command:Invoked command in '/home/dwduong74/yahboom_src/build/champ_teleop' returned '0': CMAKE_PREFIX_PATH=${CMAKE_PREFIX_PATH}:/home/dwduong74/yahboom_src/install/yahboom_set_height:/home/dwduong74/yahboom_src/install/yahboom_mediapipe:/home/dwduong74/yahboom_src/install/yahboom_gait:/home/dwduong74/yahboom_src/install/yahboom_dog_joint_state:/home/dwduong74/yahboom_src/install/yahboom_description:/home/dwduong74/yahboom_src/install/yahboom_bringup:/home/dwduong74/yahboom_src/install/yahboom_base:/home/dwduong74/yahboom_src/install/yahboom_app_save_map:/home/dwduong74/yahboom_src/install/tf_publisher:/home/dwduong74/yahboom_src/install/bringup:/home/dwduong74/LUMI_ws/install/custom_explorer:/opt/ros/humble /usr/bin/cmake --install /home/dwduong74/yahboom_src/build/champ_teleop
[1.700s] Level 1:colcon.colcon_core.environment:checking '/home/dwduong74/yahboom_src/install/champ_teleop' for CMake config files
[1.700s] Level 1:colcon.colcon_core.shell:create_environment_hook('champ_teleop', 'cmake_prefix_path')
[1.700s] INFO:colcon.colcon_core.shell:Creating environment hook '/home/dwduong74/yahboom_src/install/champ_teleop/share/champ_teleop/hook/cmake_prefix_path.ps1'
[1.701s] INFO:colcon.colcon_core.shell:Creating environment descriptor '/home/dwduong74/yahboom_src/install/champ_teleop/share/champ_teleop/hook/cmake_prefix_path.dsv'
[1.701s] INFO:colcon.colcon_core.shell:Creating environment hook '/home/dwduong74/yahboom_src/install/champ_teleop/share/champ_teleop/hook/cmake_prefix_path.sh'
[1.702s] Level 1:colcon.colcon_core.environment:checking '/home/dwduong74/yahboom_src/install/champ_teleop/lib'
[1.703s] Level 1:colcon.colcon_core.environment:checking '/home/dwduong74/yahboom_src/install/champ_teleop/bin'
[1.703s] Level 1:colcon.colcon_core.environment:checking '/home/dwduong74/yahboom_src/install/champ_teleop/lib/pkgconfig/champ_teleop.pc'
[1.703s] Level 1:colcon.colcon_core.environment:checking '/home/dwduong74/yahboom_src/install/champ_teleop/lib/python3.10/site-packages'
[1.704s] Level 1:colcon.colcon_core.environment:checking '/home/dwduong74/yahboom_src/install/champ_teleop/bin'
[1.705s] INFO:colcon.colcon_core.shell:Creating package script '/home/dwduong74/yahboom_src/install/champ_teleop/share/champ_teleop/package.ps1'
[1.706s] INFO:colcon.colcon_core.shell:Creating package descriptor '/home/dwduong74/yahboom_src/install/champ_teleop/share/champ_teleop/package.dsv'
[1.707s] INFO:colcon.colcon_core.shell:Creating package script '/home/dwduong74/yahboom_src/install/champ_teleop/share/champ_teleop/package.sh'
[1.707s] INFO:colcon.colcon_core.shell:Creating package script '/home/dwduong74/yahboom_src/install/champ_teleop/share/champ_teleop/package.bash'
[1.708s] INFO:colcon.colcon_core.shell:Creating package script '/home/dwduong74/yahboom_src/install/champ_teleop/share/champ_teleop/package.zsh'
[1.709s] Level 1:colcon.colcon_core.environment:create_file_with_runtime_dependencies(/home/dwduong74/yahboom_src/install/champ_teleop/share/colcon-core/packages/champ_teleop)
[1.709s] Level 1:colcon.colcon_core.environment:create_environment_scripts_only(champ_teleop)
[1.710s] Level 1:colcon.colcon_core.environment:checking '/home/dwduong74/yahboom_src/install/champ_teleop' for CMake module files
[1.711s] Level 1:colcon.colcon_core.environment:checking '/home/dwduong74/yahboom_src/install/champ_teleop' for CMake config files
[1.711s] Level 1:colcon.colcon_core.shell:create_environment_hook('champ_teleop', 'cmake_prefix_path')
[1.711s] INFO:colcon.colcon_core.shell:Creating environment hook '/home/dwduong74/yahboom_src/install/champ_teleop/share/champ_teleop/hook/cmake_prefix_path.ps1'
[1.712s] INFO:colcon.colcon_core.shell:Creating environment descriptor '/home/dwduong74/yahboom_src/install/champ_teleop/share/champ_teleop/hook/cmake_prefix_path.dsv'
[1.713s] INFO:colcon.colcon_core.shell:Creating environment hook '/home/dwduong74/yahboom_src/install/champ_teleop/share/champ_teleop/hook/cmake_prefix_path.sh'
[1.714s] Level 1:colcon.colcon_core.environment:checking '/home/dwduong74/yahboom_src/install/champ_teleop/lib'
[1.714s] Level 1:colcon.colcon_core.environment:checking '/home/dwduong74/yahboom_src/install/champ_teleop/bin'
[1.714s] Level 1:colcon.colcon_core.environment:checking '/home/dwduong74/yahboom_src/install/champ_teleop/lib/pkgconfig/champ_teleop.pc'
[1.714s] Level 1:colcon.colcon_core.environment:checking '/home/dwduong74/yahboom_src/install/champ_teleop/lib/python3.10/site-packages'
[1.715s] Level 1:colcon.colcon_core.environment:checking '/home/dwduong74/yahboom_src/install/champ_teleop/bin'
[1.715s] INFO:colcon.colcon_core.shell:Creating package script '/home/dwduong74/yahboom_src/install/champ_teleop/share/champ_teleop/package.ps1'
[1.716s] INFO:colcon.colcon_core.shell:Creating package descriptor '/home/dwduong74/yahboom_src/install/champ_teleop/share/champ_teleop/package.dsv'
[1.717s] INFO:colcon.colcon_core.shell:Creating package script '/home/dwduong74/yahboom_src/install/champ_teleop/share/champ_teleop/package.sh'
[1.718s] INFO:colcon.colcon_core.shell:Creating package script '/home/dwduong74/yahboom_src/install/champ_teleop/share/champ_teleop/package.bash'
[1.719s] INFO:colcon.colcon_core.shell:Creating package script '/home/dwduong74/yahboom_src/install/champ_teleop/share/champ_teleop/package.zsh'
[1.720s] Level 1:colcon.colcon_core.environment:create_file_with_runtime_dependencies(/home/dwduong74/yahboom_src/install/champ_teleop/share/colcon-core/packages/champ_teleop)
[1.722s] DEBUG:colcon.colcon_core.event_handler.log_command:Invoked command in '/home/dwduong74/yahboom_src/build/champ_msgs' returned '0': CMAKE_PREFIX_PATH=${CMAKE_PREFIX_PATH}:/home/dwduong74/yahboom_src/install/yahboom_set_height:/home/dwduong74/yahboom_src/install/yahboom_mediapipe:/home/dwduong74/yahboom_src/install/yahboom_gait:/home/dwduong74/yahboom_src/install/yahboom_dog_joint_state:/home/dwduong74/yahboom_src/install/yahboom_description:/home/dwduong74/yahboom_src/install/yahboom_bringup:/home/dwduong74/yahboom_src/install/yahboom_base:/home/dwduong74/yahboom_src/install/yahboom_app_save_map:/home/dwduong74/yahboom_src/install/tf_publisher:/home/dwduong74/yahboom_src/install/bringup:/home/dwduong74/LUMI_ws/install/custom_explorer:/opt/ros/humble /usr/bin/cmake --build /home/dwduong74/yahboom_src/build/champ_msgs -- -j8 -l8
[1.724s] Level 1:colcon.colcon_core.environment:create_environment_scripts_only(dogzilla_config)
[1.725s] DEBUG:colcon.colcon_core.event_handler.log_command:Invoking command in '/home/dwduong74/yahboom_src/build/champ_msgs': CMAKE_PREFIX_PATH=${CMAKE_PREFIX_PATH}:/home/dwduong74/yahboom_src/install/yahboom_set_height:/home/dwduong74/yahboom_src/install/yahboom_mediapipe:/home/dwduong74/yahboom_src/install/yahboom_gait:/home/dwduong74/yahboom_src/install/yahboom_dog_joint_state:/home/dwduong74/yahboom_src/install/yahboom_description:/home/dwduong74/yahboom_src/install/yahboom_bringup:/home/dwduong74/yahboom_src/install/yahboom_base:/home/dwduong74/yahboom_src/install/yahboom_app_save_map:/home/dwduong74/yahboom_src/install/tf_publisher:/home/dwduong74/yahboom_src/install/bringup:/home/dwduong74/LUMI_ws/install/custom_explorer:/opt/ros/humble /usr/bin/cmake --install /home/dwduong74/yahboom_src/build/champ_msgs
[1.725s] Level 1:colcon.colcon_core.environment:checking '/home/dwduong74/yahboom_src/install/dogzilla_config' for CMake module files
[1.726s] DEBUG:colcon.colcon_core.event_handler.log_command:Invoked command in '/home/dwduong74/yahboom_src/build/dogzilla_config' returned '0': CMAKE_PREFIX_PATH=${CMAKE_PREFIX_PATH}:/home/dwduong74/yahboom_src/install/yahboom_set_height:/home/dwduong74/yahboom_src/install/yahboom_mediapipe:/home/dwduong74/yahboom_src/install/yahboom_gait:/home/dwduong74/yahboom_src/install/yahboom_dog_joint_state:/home/dwduong74/yahboom_src/install/yahboom_description:/home/dwduong74/yahboom_src/install/yahboom_bringup:/home/dwduong74/yahboom_src/install/yahboom_base:/home/dwduong74/yahboom_src/install/yahboom_app_save_map:/home/dwduong74/yahboom_src/install/tf_publisher:/home/dwduong74/yahboom_src/install/bringup:/home/dwduong74/LUMI_ws/install/custom_explorer:/opt/ros/humble /usr/bin/cmake --install /home/dwduong74/yahboom_src/build/dogzilla_config
[1.727s] Level 1:colcon.colcon_core.environment:checking '/home/dwduong74/yahboom_src/install/dogzilla_config' for CMake config files
[1.727s] Level 1:colcon.colcon_core.shell:create_environment_hook('dogzilla_config', 'cmake_prefix_path')
[1.728s] INFO:colcon.colcon_core.shell:Creating environment hook '/home/dwduong74/yahboom_src/install/dogzilla_config/share/dogzilla_config/hook/cmake_prefix_path.ps1'
[1.729s] INFO:colcon.colcon_core.shell:Creating environment descriptor '/home/dwduong74/yahboom_src/install/dogzilla_config/share/dogzilla_config/hook/cmake_prefix_path.dsv'
[1.730s] INFO:colcon.colcon_core.shell:Creating environment hook '/home/dwduong74/yahboom_src/install/dogzilla_config/share/dogzilla_config/hook/cmake_prefix_path.sh'
[1.731s] Level 1:colcon.colcon_core.environment:checking '/home/dwduong74/yahboom_src/install/dogzilla_config/bin'
[1.731s] Level 1:colcon.colcon_core.environment:checking '/home/dwduong74/yahboom_src/install/dogzilla_config/lib/pkgconfig/dogzilla_config.pc'
[1.731s] Level 1:colcon.colcon_core.environment:checking '/home/dwduong74/yahboom_src/install/dogzilla_config/lib/python3.10/site-packages'
[1.732s] Level 1:colcon.colcon_core.environment:checking '/home/dwduong74/yahboom_src/install/dogzilla_config/bin'
[1.733s] INFO:colcon.colcon_core.shell:Creating package script '/home/dwduong74/yahboom_src/install/dogzilla_config/share/dogzilla_config/package.ps1'
[1.733s] INFO:colcon.colcon_core.shell:Creating package descriptor '/home/dwduong74/yahboom_src/install/dogzilla_config/share/dogzilla_config/package.dsv'
[1.734s] INFO:colcon.colcon_core.shell:Creating package script '/home/dwduong74/yahboom_src/install/dogzilla_config/share/dogzilla_config/package.sh'
[1.735s] INFO:colcon.colcon_core.shell:Creating package script '/home/dwduong74/yahboom_src/install/dogzilla_config/share/dogzilla_config/package.bash'
[1.736s] INFO:colcon.colcon_core.shell:Creating package script '/home/dwduong74/yahboom_src/install/dogzilla_config/share/dogzilla_config/package.zsh'
[1.737s] Level 1:colcon.colcon_core.environment:create_file_with_runtime_dependencies(/home/dwduong74/yahboom_src/install/dogzilla_config/share/colcon-core/packages/dogzilla_config)
[1.738s] Level 1:colcon.colcon_core.environment:create_environment_scripts_only(dogzilla_config)
[1.739s] Level 1:colcon.colcon_core.environment:checking '/home/dwduong74/yahboom_src/install/dogzilla_config' for CMake module files
[1.740s] Level 1:colcon.colcon_core.environment:checking '/home/dwduong74/yahboom_src/install/dogzilla_config' for CMake config files
[1.740s] Level 1:colcon.colcon_core.shell:create_environment_hook('dogzilla_config', 'cmake_prefix_path')
[1.741s] INFO:colcon.colcon_core.shell:Creating environment hook '/home/dwduong74/yahboom_src/install/dogzilla_config/share/dogzilla_config/hook/cmake_prefix_path.ps1'
[1.741s] INFO:colcon.colcon_core.shell:Creating environment descriptor '/home/dwduong74/yahboom_src/install/dogzilla_config/share/dogzilla_config/hook/cmake_prefix_path.dsv'
[1.742s] INFO:colcon.colcon_core.shell:Creating environment hook '/home/dwduong74/yahboom_src/install/dogzilla_config/share/dogzilla_config/hook/cmake_prefix_path.sh'
[1.743s] Level 1:colcon.colcon_core.environment:checking '/home/dwduong74/yahboom_src/install/dogzilla_config/bin'
[1.743s] Level 1:colcon.colcon_core.environment:checking '/home/dwduong74/yahboom_src/install/dogzilla_config/lib/pkgconfig/dogzilla_config.pc'
[1.744s] Level 1:colcon.colcon_core.environment:checking '/home/dwduong74/yahboom_src/install/dogzilla_config/lib/python3.10/site-packages'
[1.745s] Level 1:colcon.colcon_core.environment:checking '/home/dwduong74/yahboom_src/install/dogzilla_config/bin'
[1.746s] INFO:colcon.colcon_core.shell:Creating package script '/home/dwduong74/yahboom_src/install/dogzilla_config/share/dogzilla_config/package.ps1'
[1.747s] INFO:colcon.colcon_core.shell:Creating package descriptor '/home/dwduong74/yahboom_src/install/dogzilla_config/share/dogzilla_config/package.dsv'
[1.748s] INFO:colcon.colcon_core.shell:Creating package script '/home/dwduong74/yahboom_src/install/dogzilla_config/share/dogzilla_config/package.sh'
[1.748s] INFO:colcon.colcon_core.shell:Creating package script '/home/dwduong74/yahboom_src/install/dogzilla_config/share/dogzilla_config/package.bash'
[1.749s] INFO:colcon.colcon_core.shell:Creating package script '/home/dwduong74/yahboom_src/install/dogzilla_config/share/dogzilla_config/package.zsh'
[1.750s] Level 1:colcon.colcon_core.environment:create_file_with_runtime_dependencies(/home/dwduong74/yahboom_src/install/dogzilla_config/share/colcon-core/packages/dogzilla_config)
[1.751s] INFO:colcon.colcon_ros.task.ament_cmake.build:Building ROS package in '/home/dwduong74/yahboom_src/src/unitree-go2-ros2/velodyne/velodyne_description' with build type 'ament_cmake'
[1.752s] INFO:colcon.colcon_cmake.task.cmake.build:Building CMake package in '/home/dwduong74/yahboom_src/src/unitree-go2-ros2/velodyne/velodyne_description'
[1.752s] INFO:colcon.colcon_core.shell:Skip shell extension 'powershell' for command environment: Not usable outside of PowerShell
[1.752s] DEBUG:colcon.colcon_core.shell:Skip shell extension 'dsv' for command environment
[1.763s] INFO:colcon.colcon_ros.task.ament_cmake.build:Building ROS package in '/home/dwduong74/yahboom_src/src/unitree-go2-ros2/robots/configs/go2_config' with build type 'ament_cmake'
[1.763s] INFO:colcon.colcon_cmake.task.cmake.build:Building CMake package in '/home/dwduong74/yahboom_src/src/unitree-go2-ros2/robots/configs/go2_config'
[1.764s] INFO:colcon.colcon_core.shell:Skip shell extension 'powershell' for command environment: Not usable outside of PowerShell
[1.764s] DEBUG:colcon.colcon_core.shell:Skip shell extension 'dsv' for command environment
[1.772s] INFO:colcon.colcon_ros.task.ament_cmake.build:Building ROS package in '/home/dwduong74/yahboom_src/src/unitree-go2-ros2/robots/descriptions/go2_description' with build type 'ament_cmake'
[1.772s] INFO:colcon.colcon_cmake.task.cmake.build:Building CMake package in '/home/dwduong74/yahboom_src/src/unitree-go2-ros2/robots/descriptions/go2_description'
[1.773s] INFO:colcon.colcon_core.shell:Skip shell extension 'powershell' for command environment: Not usable outside of PowerShell
[1.773s] DEBUG:colcon.colcon_core.shell:Skip shell extension 'dsv' for command environment
[1.781s] INFO:colcon.colcon_ros.task.ament_cmake.build:Building ROS package in '/home/dwduong74/yahboom_src/src/image_color_lab' with build type 'ament_cmake'
[1.781s] INFO:colcon.colcon_cmake.task.cmake.build:Building CMake package in '/home/dwduong74/yahboom_src/src/image_color_lab'
[1.781s] INFO:colcon.colcon_core.shell:Skip shell extension 'powershell' for command environment: Not usable outside of PowerShell
[1.781s] DEBUG:colcon.colcon_core.shell:Skip shell extension 'dsv' for command environment
[1.903s] DEBUG:colcon.colcon_core.event_handler.log_command:Invoking command in '/home/dwduong74/yahboom_src/build/champ_description': CMAKE_PREFIX_PATH=/home/dwduong74/yahboom_src/install/velodyne_gazebo_plugins:/home/dwduong74/yahboom_src/install/yahboom_msgs:/home/dwduong74/yahboom_src/install/velodyne_simulator:/home/dwduong74/yahboom_src/install/velodyne_description:/home/dwduong74/yahboom_src/install/champ_bringup:/home/dwduong74/yahboom_src/install/champ_description:/home/dwduong74/yahboom_src/install/oradar_lidar:/home/dwduong74/yahboom_src/install/image_color_lab:/home/dwduong74/yahboom_src/install/go2_description:/home/dwduong74/yahboom_src/install/go2_config:/home/dwduong74/yahboom_src/install/dogzilla_description:/home/dwduong74/yahboom_src/install/dogzilla_config:/home/dwduong74/yahboom_src/install/champ_teleop:/home/dwduong74/yahboom_src/install/champ_navigation:/home/dwduong74/yahboom_src/install/champ_gazebo:/home/dwduong74/yahboom_src/install/champ_base:/home/dwduong74/yahboom_src/install/champ_msgs:/home/dwduong74/yahboom_src/install/champ_config:/home/dwduong74/yahboom_src/install/champ:/home/dwduong74/LUMI_ws/install/turtlebot3_manipulation_gazebo:/home/dwduong74/LUMI_ws/install/champ:/home/dwduong74/LUMI_ws/install/rf2o_laser_odometry:/home/dwduong74/yahboom_src/install/yahboom_set_height:/home/dwduong74/yahboom_src/install/yahboom_mediapipe:/home/dwduong74/yahboom_src/install/yahboom_gait:/home/dwduong74/yahboom_src/install/yahboom_dog_joint_state:/home/dwduong74/yahboom_src/install/yahboom_description:/home/dwduong74/yahboom_src/install/yahboom_bringup:/home/dwduong74/yahboom_src/install/yahboom_base:/home/dwduong74/yahboom_src/install/yahboom_app_save_map:/home/dwduong74/yahboom_src/install/tf_publisher:/home/dwduong74/yahboom_src/install/bringup:/home/dwduong74/LUMI_ws/install/custom_explorer:/opt/ros/humble LD_LIBRARY_PATH=/home/dwduong74/yahboom_src/install/velodyne_gazebo_plugins/lib:/home/dwduong74/yahboom_src/install/yahboom_msgs/lib:/home/dwduong74/yahboom_src/install/image_color_lab/lib:/home/dwduong74/yahboom_src/install/champ_base/lib:/home/dwduong74/yahboom_src/install/champ_msgs/lib:/usr/lib/x86_64-linux-gnu/gazebo-11/plugins:/opt/ros/humble/opt/rviz_ogre_vendor/lib:/opt/ros/humble/lib/x86_64-linux-gnu:/opt/ros/humble/lib /usr/bin/cmake --build /home/dwduong74/yahboom_src/build/champ_description -- -j8 -l8
[1.903s] DEBUG:colcon.colcon_core.event_handler.log_command:Invoked command in '/home/dwduong74/yahboom_src/build/dogzilla_description' returned '0': CMAKE_PREFIX_PATH=${CMAKE_PREFIX_PATH}:/home/dwduong74/yahboom_src/install/yahboom_set_height:/home/dwduong74/yahboom_src/install/yahboom_mediapipe:/home/dwduong74/yahboom_src/install/yahboom_gait:/home/dwduong74/yahboom_src/install/yahboom_dog_joint_state:/home/dwduong74/yahboom_src/install/yahboom_description:/home/dwduong74/yahboom_src/install/yahboom_bringup:/home/dwduong74/yahboom_src/install/yahboom_base:/home/dwduong74/yahboom_src/install/yahboom_app_save_map:/home/dwduong74/yahboom_src/install/tf_publisher:/home/dwduong74/yahboom_src/install/bringup:/home/dwduong74/LUMI_ws/install/custom_explorer:/opt/ros/humble /usr/bin/cmake --build /home/dwduong74/yahboom_src/build/dogzilla_description -- -j8 -l8
[1.904s] DEBUG:colcon.colcon_core.event_handler.log_command:Invoking command in '/home/dwduong74/yahboom_src/build/dogzilla_description': CMAKE_PREFIX_PATH=${CMAKE_PREFIX_PATH}:/home/dwduong74/yahboom_src/install/yahboom_set_height:/home/dwduong74/yahboom_src/install/yahboom_mediapipe:/home/dwduong74/yahboom_src/install/yahboom_gait:/home/dwduong74/yahboom_src/install/yahboom_dog_joint_state:/home/dwduong74/yahboom_src/install/yahboom_description:/home/dwduong74/yahboom_src/install/yahboom_bringup:/home/dwduong74/yahboom_src/install/yahboom_base:/home/dwduong74/yahboom_src/install/yahboom_app_save_map:/home/dwduong74/yahboom_src/install/tf_publisher:/home/dwduong74/yahboom_src/install/bringup:/home/dwduong74/LUMI_ws/install/custom_explorer:/opt/ros/humble /usr/bin/cmake --install /home/dwduong74/yahboom_src/build/dogzilla_description
[1.914s] DEBUG:colcon.colcon_core.event_handler.log_command:Invoking command in '/home/dwduong74/yahboom_src/build/velodyne_description': CMAKE_PREFIX_PATH=/home/dwduong74/yahboom_src/install/velodyne_gazebo_plugins:/home/dwduong74/yahboom_src/install/yahboom_msgs:/home/dwduong74/yahboom_src/install/velodyne_simulator:/home/dwduong74/yahboom_src/install/velodyne_description:/home/dwduong74/yahboom_src/install/champ_bringup:/home/dwduong74/yahboom_src/install/champ_description:/home/dwduong74/yahboom_src/install/oradar_lidar:/home/dwduong74/yahboom_src/install/image_color_lab:/home/dwduong74/yahboom_src/install/go2_description:/home/dwduong74/yahboom_src/install/go2_config:/home/dwduong74/yahboom_src/install/dogzilla_description:/home/dwduong74/yahboom_src/install/dogzilla_config:/home/dwduong74/yahboom_src/install/champ_teleop:/home/dwduong74/yahboom_src/install/champ_navigation:/home/dwduong74/yahboom_src/install/champ_gazebo:/home/dwduong74/yahboom_src/install/champ_base:/home/dwduong74/yahboom_src/install/champ_msgs:/home/dwduong74/yahboom_src/install/champ_config:/home/dwduong74/yahboom_src/install/champ:/home/dwduong74/LUMI_ws/install/turtlebot3_manipulation_gazebo:/home/dwduong74/LUMI_ws/install/champ:/home/dwduong74/LUMI_ws/install/rf2o_laser_odometry:/home/dwduong74/yahboom_src/install/yahboom_set_height:/home/dwduong74/yahboom_src/install/yahboom_mediapipe:/home/dwduong74/yahboom_src/install/yahboom_gait:/home/dwduong74/yahboom_src/install/yahboom_dog_joint_state:/home/dwduong74/yahboom_src/install/yahboom_description:/home/dwduong74/yahboom_src/install/yahboom_bringup:/home/dwduong74/yahboom_src/install/yahboom_base:/home/dwduong74/yahboom_src/install/yahboom_app_save_map:/home/dwduong74/yahboom_src/install/tf_publisher:/home/dwduong74/yahboom_src/install/bringup:/home/dwduong74/LUMI_ws/install/custom_explorer:/opt/ros/humble LD_LIBRARY_PATH=/home/dwduong74/yahboom_src/install/velodyne_gazebo_plugins/lib:/home/dwduong74/yahboom_src/install/yahboom_msgs/lib:/home/dwduong74/yahboom_src/install/image_color_lab/lib:/home/dwduong74/yahboom_src/install/champ_base/lib:/home/dwduong74/yahboom_src/install/champ_msgs/lib:/usr/lib/x86_64-linux-gnu/gazebo-11/plugins:/opt/ros/humble/opt/rviz_ogre_vendor/lib:/opt/ros/humble/lib/x86_64-linux-gnu:/opt/ros/humble/lib /usr/bin/cmake --build /home/dwduong74/yahboom_src/build/velodyne_description -- -j8 -l8
[1.937s] Level 1:colcon.colcon_core.environment:create_environment_scripts_only(dogzilla_description)
[1.938s] Level 1:colcon.colcon_core.environment:checking '/home/dwduong74/yahboom_src/install/dogzilla_description' for CMake module files
[1.941s] Level 1:colcon.colcon_core.environment:checking '/home/dwduong74/yahboom_src/install/dogzilla_description' for CMake config files
[1.942s] Level 1:colcon.colcon_core.shell:create_environment_hook('dogzilla_description', 'cmake_prefix_path')
[1.942s] INFO:colcon.colcon_core.shell:Creating environment hook '/home/dwduong74/yahboom_src/install/dogzilla_description/share/dogzilla_description/hook/cmake_prefix_path.ps1'
[1.943s] INFO:colcon.colcon_core.shell:Creating environment descriptor '/home/dwduong74/yahboom_src/install/dogzilla_description/share/dogzilla_description/hook/cmake_prefix_path.dsv'
[1.944s] INFO:colcon.colcon_core.shell:Creating environment hook '/home/dwduong74/yahboom_src/install/dogzilla_description/share/dogzilla_description/hook/cmake_prefix_path.sh'
[1.948s] Level 1:colcon.colcon_core.environment:checking '/home/dwduong74/yahboom_src/install/dogzilla_description/bin'
[1.948s] Level 1:colcon.colcon_core.environment:checking '/home/dwduong74/yahboom_src/install/dogzilla_description/lib/pkgconfig/dogzilla_description.pc'
[1.956s] Level 1:colcon.colcon_core.environment:checking '/home/dwduong74/yahboom_src/install/dogzilla_description/lib/python3.10/site-packages'
[1.957s] Level 1:colcon.colcon_core.environment:checking '/home/dwduong74/yahboom_src/install/dogzilla_description/bin'
[1.957s] INFO:colcon.colcon_core.shell:Creating package script '/home/dwduong74/yahboom_src/install/dogzilla_description/share/dogzilla_description/package.ps1'
[1.958s] INFO:colcon.colcon_core.shell:Creating package descriptor '/home/dwduong74/yahboom_src/install/dogzilla_description/share/dogzilla_description/package.dsv'
[1.959s] INFO:colcon.colcon_core.shell:Creating package script '/home/dwduong74/yahboom_src/install/dogzilla_description/share/dogzilla_description/package.sh'
[1.964s] INFO:colcon.colcon_core.shell:Creating package script '/home/dwduong74/yahboom_src/install/dogzilla_description/share/dogzilla_description/package.bash'
[1.965s] INFO:colcon.colcon_core.shell:Creating package script '/home/dwduong74/yahboom_src/install/dogzilla_description/share/dogzilla_description/package.zsh'
[1.966s] Level 1:colcon.colcon_core.environment:create_file_with_runtime_dependencies(/home/dwduong74/yahboom_src/install/dogzilla_description/share/colcon-core/packages/dogzilla_description)
[1.972s] DEBUG:colcon.colcon_core.event_handler.log_command:Invoking command in '/home/dwduong74/yahboom_src/build/go2_config': CMAKE_PREFIX_PATH=${CMAKE_PREFIX_PATH}:/home/dwduong74/yahboom_src/install/yahboom_set_height:/home/dwduong74/yahboom_src/install/yahboom_mediapipe:/home/dwduong74/yahboom_src/install/yahboom_gait:/home/dwduong74/yahboom_src/install/yahboom_dog_joint_state:/home/dwduong74/yahboom_src/install/yahboom_description:/home/dwduong74/yahboom_src/install/yahboom_bringup:/home/dwduong74/yahboom_src/install/yahboom_base:/home/dwduong74/yahboom_src/install/yahboom_app_save_map:/home/dwduong74/yahboom_src/install/tf_publisher:/home/dwduong74/yahboom_src/install/bringup:/home/dwduong74/LUMI_ws/install/custom_explorer:/opt/ros/humble /usr/bin/cmake --build /home/dwduong74/yahboom_src/build/go2_config -- -j8 -l8
[1.977s] Level 1:colcon.colcon_core.environment:create_environment_scripts_only(dogzilla_description)
[1.977s] Level 1:colcon.colcon_core.environment:checking '/home/dwduong74/yahboom_src/install/dogzilla_description' for CMake module files
[1.978s] Level 1:colcon.colcon_core.environment:checking '/home/dwduong74/yahboom_src/install/dogzilla_description' for CMake config files
[1.979s] Level 1:colcon.colcon_core.shell:create_environment_hook('dogzilla_description', 'cmake_prefix_path')
[1.980s] INFO:colcon.colcon_core.shell:Creating environment hook '/home/dwduong74/yahboom_src/install/dogzilla_description/share/dogzilla_description/hook/cmake_prefix_path.ps1'
[1.988s] INFO:colcon.colcon_core.shell:Creating environment descriptor '/home/dwduong74/yahboom_src/install/dogzilla_description/share/dogzilla_description/hook/cmake_prefix_path.dsv'
[1.989s] INFO:colcon.colcon_core.shell:Creating environment hook '/home/dwduong74/yahboom_src/install/dogzilla_description/share/dogzilla_description/hook/cmake_prefix_path.sh'
[1.990s] Level 1:colcon.colcon_core.environment:checking '/home/dwduong74/yahboom_src/install/dogzilla_description/bin'
[1.990s] Level 1:colcon.colcon_core.environment:checking '/home/dwduong74/yahboom_src/install/dogzilla_description/lib/pkgconfig/dogzilla_description.pc'
[1.991s] Level 1:colcon.colcon_core.environment:checking '/home/dwduong74/yahboom_src/install/dogzilla_description/lib/python3.10/site-packages'
[1.992s] Level 1:colcon.colcon_core.environment:checking '/home/dwduong74/yahboom_src/install/dogzilla_description/bin'
[1.992s] INFO:colcon.colcon_core.shell:Creating package script '/home/dwduong74/yahboom_src/install/dogzilla_description/share/dogzilla_description/package.ps1'
[1.996s] INFO:colcon.colcon_core.shell:Creating package descriptor '/home/dwduong74/yahboom_src/install/dogzilla_description/share/dogzilla_description/package.dsv'
[1.997s] INFO:colcon.colcon_core.shell:Creating package script '/home/dwduong74/yahboom_src/install/dogzilla_description/share/dogzilla_description/package.sh'
[1.998s] INFO:colcon.colcon_core.shell:Creating package script '/home/dwduong74/yahboom_src/install/dogzilla_description/share/dogzilla_description/package.bash'
[1.999s] INFO:colcon.colcon_core.shell:Creating package script '/home/dwduong74/yahboom_src/install/dogzilla_description/share/dogzilla_description/package.zsh'
[2.004s] Level 1:colcon.colcon_core.environment:create_file_with_runtime_dependencies(/home/dwduong74/yahboom_src/install/dogzilla_description/share/colcon-core/packages/dogzilla_description)
[2.005s] Level 1:colcon.colcon_core.environment:create_environment_scripts_only(champ_msgs)
[2.005s] Level 1:colcon.colcon_core.environment:checking '/home/dwduong74/yahboom_src/install/champ_msgs' for CMake module files
[2.007s] Level 1:colcon.colcon_core.environment:checking '/home/dwduong74/yahboom_src/install/champ_msgs' for CMake config files
[2.008s] Level 1:colcon.colcon_core.shell:create_environment_hook('champ_msgs', 'cmake_prefix_path')
[2.008s] INFO:colcon.colcon_core.shell:Creating environment hook '/home/dwduong74/yahboom_src/install/champ_msgs/share/champ_msgs/hook/cmake_prefix_path.ps1'
[2.009s] INFO:colcon.colcon_core.shell:Creating environment descriptor '/home/dwduong74/yahboom_src/install/champ_msgs/share/champ_msgs/hook/cmake_prefix_path.dsv'
[2.010s] INFO:colcon.colcon_core.shell:Creating environment hook '/home/dwduong74/yahboom_src/install/champ_msgs/share/champ_msgs/hook/cmake_prefix_path.sh'
[2.022s] Level 1:colcon.colcon_core.environment:checking '/home/dwduong74/yahboom_src/install/champ_msgs/lib'
[2.022s] Level 1:colcon.colcon_core.shell:create_environment_hook('champ_msgs', 'ld_library_path_lib')
[2.023s] INFO:colcon.colcon_core.shell:Creating environment hook '/home/dwduong74/yahboom_src/install/champ_msgs/share/champ_msgs/hook/ld_library_path_lib.ps1'
[2.022s] DEBUG:colcon.colcon_core.event_handler.log_command:Invoking command in '/home/dwduong74/yahboom_src/build/go2_description': CMAKE_PREFIX_PATH=${CMAKE_PREFIX_PATH}:/home/dwduong74/yahboom_src/install/yahboom_set_height:/home/dwduong74/yahboom_src/install/yahboom_mediapipe:/home/dwduong74/yahboom_src/install/yahboom_gait:/home/dwduong74/yahboom_src/install/yahboom_dog_joint_state:/home/dwduong74/yahboom_src/install/yahboom_description:/home/dwduong74/yahboom_src/install/yahboom_bringup:/home/dwduong74/yahboom_src/install/yahboom_base:/home/dwduong74/yahboom_src/install/yahboom_app_save_map:/home/dwduong74/yahboom_src/install/tf_publisher:/home/dwduong74/yahboom_src/install/bringup:/home/dwduong74/LUMI_ws/install/custom_explorer:/opt/ros/humble /usr/bin/cmake --build /home/dwduong74/yahboom_src/build/go2_description -- -j8 -l8
[2.027s] DEBUG:colcon.colcon_core.event_handler.log_command:Invoking command in '/home/dwduong74/yahboom_src/build/image_color_lab': CMAKE_PREFIX_PATH=${CMAKE_PREFIX_PATH}:/home/dwduong74/yahboom_src/install/yahboom_set_height:/home/dwduong74/yahboom_src/install/yahboom_mediapipe:/home/dwduong74/yahboom_src/install/yahboom_gait:/home/dwduong74/yahboom_src/install/yahboom_dog_joint_state:/home/dwduong74/yahboom_src/install/yahboom_description:/home/dwduong74/yahboom_src/install/yahboom_bringup:/home/dwduong74/yahboom_src/install/yahboom_base:/home/dwduong74/yahboom_src/install/yahboom_app_save_map:/home/dwduong74/yahboom_src/install/tf_publisher:/home/dwduong74/yahboom_src/install/bringup:/home/dwduong74/LUMI_ws/install/custom_explorer:/opt/ros/humble /usr/bin/cmake --build /home/dwduong74/yahboom_src/build/image_color_lab -- -j8 -l8
[2.027s] DEBUG:colcon.colcon_core.event_handler.log_command:Invoked command in '/home/dwduong74/yahboom_src/build/dogzilla_description' returned '0': CMAKE_PREFIX_PATH=${CMAKE_PREFIX_PATH}:/home/dwduong74/yahboom_src/install/yahboom_set_height:/home/dwduong74/yahboom_src/install/yahboom_mediapipe:/home/dwduong74/yahboom_src/install/yahboom_gait:/home/dwduong74/yahboom_src/install/yahboom_dog_joint_state:/home/dwduong74/yahboom_src/install/yahboom_description:/home/dwduong74/yahboom_src/install/yahboom_bringup:/home/dwduong74/yahboom_src/install/yahboom_base:/home/dwduong74/yahboom_src/install/yahboom_app_save_map:/home/dwduong74/yahboom_src/install/tf_publisher:/home/dwduong74/yahboom_src/install/bringup:/home/dwduong74/LUMI_ws/install/custom_explorer:/opt/ros/humble /usr/bin/cmake --install /home/dwduong74/yahboom_src/build/dogzilla_description
[2.024s] INFO:colcon.colcon_core.shell:Creating environment descriptor '/home/dwduong74/yahboom_src/install/champ_msgs/share/champ_msgs/hook/ld_library_path_lib.dsv'
[2.028s] INFO:colcon.colcon_core.shell:Creating environment hook '/home/dwduong74/yahboom_src/install/champ_msgs/share/champ_msgs/hook/ld_library_path_lib.sh'
[2.029s] Level 1:colcon.colcon_core.environment:checking '/home/dwduong74/yahboom_src/install/champ_msgs/bin'
[2.029s] Level 1:colcon.colcon_core.environment:checking '/home/dwduong74/yahboom_src/install/champ_msgs/lib/pkgconfig/champ_msgs.pc'
[2.030s] Level 1:colcon.colcon_core.environment:checking '/home/dwduong74/yahboom_src/install/champ_msgs/lib/python3.10/site-packages'
[2.031s] Level 1:colcon.colcon_core.environment:checking '/home/dwduong74/yahboom_src/install/champ_msgs/bin'
[2.031s] INFO:colcon.colcon_core.shell:Creating package script '/home/dwduong74/yahboom_src/install/champ_msgs/share/champ_msgs/package.ps1'
[2.033s] INFO:colcon.colcon_core.shell:Creating package descriptor '/home/dwduong74/yahboom_src/install/champ_msgs/share/champ_msgs/package.dsv'
[2.034s] INFO:colcon.colcon_core.shell:Creating package script '/home/dwduong74/yahboom_src/install/champ_msgs/share/champ_msgs/package.sh'
[2.032s] DEBUG:colcon.colcon_core.event_handler.log_command:Invoked command in '/home/dwduong74/yahboom_src/build/champ_msgs' returned '0': CMAKE_PREFIX_PATH=${CMAKE_PREFIX_PATH}:/home/dwduong74/yahboom_src/install/yahboom_set_height:/home/dwduong74/yahboom_src/install/yahboom_mediapipe:/home/dwduong74/yahboom_src/install/yahboom_gait:/home/dwduong74/yahboom_src/install/yahboom_dog_joint_state:/home/dwduong74/yahboom_src/install/yahboom_description:/home/dwduong74/yahboom_src/install/yahboom_bringup:/home/dwduong74/yahboom_src/install/yahboom_base:/home/dwduong74/yahboom_src/install/yahboom_app_save_map:/home/dwduong74/yahboom_src/install/tf_publisher:/home/dwduong74/yahboom_src/install/bringup:/home/dwduong74/LUMI_ws/install/custom_explorer:/opt/ros/humble /usr/bin/cmake --install /home/dwduong74/yahboom_src/build/champ_msgs
[2.035s] INFO:colcon.colcon_core.shell:Creating package script '/home/dwduong74/yahboom_src/install/champ_msgs/share/champ_msgs/package.bash'
[2.036s] INFO:colcon.colcon_core.shell:Creating package script '/home/dwduong74/yahboom_src/install/champ_msgs/share/champ_msgs/package.zsh'
[2.037s] Level 1:colcon.colcon_core.environment:create_file_with_runtime_dependencies(/home/dwduong74/yahboom_src/install/champ_msgs/share/colcon-core/packages/champ_msgs)
[2.038s] Level 1:colcon.colcon_core.environment:create_environment_scripts_only(champ_msgs)
[2.038s] Level 1:colcon.colcon_core.environment:checking '/home/dwduong74/yahboom_src/install/champ_msgs' for CMake module files
[2.039s] Level 1:colcon.colcon_core.environment:checking '/home/dwduong74/yahboom_src/install/champ_msgs' for CMake config files
[2.040s] Level 1:colcon.colcon_core.shell:create_environment_hook('champ_msgs', 'cmake_prefix_path')
[2.041s] INFO:colcon.colcon_core.shell:Creating environment hook '/home/dwduong74/yahboom_src/install/champ_msgs/share/champ_msgs/hook/cmake_prefix_path.ps1'
[2.041s] INFO:colcon.colcon_core.shell:Creating environment descriptor '/home/dwduong74/yahboom_src/install/champ_msgs/share/champ_msgs/hook/cmake_prefix_path.dsv'
[2.042s] INFO:colcon.colcon_core.shell:Creating environment hook '/home/dwduong74/yahboom_src/install/champ_msgs/share/champ_msgs/hook/cmake_prefix_path.sh'
[2.043s] Level 1:colcon.colcon_core.environment:checking '/home/dwduong74/yahboom_src/install/champ_msgs/lib'
[2.043s] Level 1:colcon.colcon_core.shell:create_environment_hook('champ_msgs', 'ld_library_path_lib')
[2.044s] INFO:colcon.colcon_core.shell:Creating environment hook '/home/dwduong74/yahboom_src/install/champ_msgs/share/champ_msgs/hook/ld_library_path_lib.ps1'
[2.045s] INFO:colcon.colcon_core.shell:Creating environment descriptor '/home/dwduong74/yahboom_src/install/champ_msgs/share/champ_msgs/hook/ld_library_path_lib.dsv'
[2.046s] INFO:colcon.colcon_core.shell:Creating environment hook '/home/dwduong74/yahboom_src/install/champ_msgs/share/champ_msgs/hook/ld_library_path_lib.sh'
[2.046s] Level 1:colcon.colcon_core.environment:checking '/home/dwduong74/yahboom_src/install/champ_msgs/bin'
[2.046s] Level 1:colcon.colcon_core.environment:checking '/home/dwduong74/yahboom_src/install/champ_msgs/lib/pkgconfig/champ_msgs.pc'
[2.047s] Level 1:colcon.colcon_core.environment:checking '/home/dwduong74/yahboom_src/install/champ_msgs/lib/python3.10/site-packages'
[2.048s] Level 1:colcon.colcon_core.environment:checking '/home/dwduong74/yahboom_src/install/champ_msgs/bin'
[2.049s] INFO:colcon.colcon_core.shell:Creating package script '/home/dwduong74/yahboom_src/install/champ_msgs/share/champ_msgs/package.ps1'
[2.051s] INFO:colcon.colcon_core.shell:Creating package descriptor '/home/dwduong74/yahboom_src/install/champ_msgs/share/champ_msgs/package.dsv'
[2.053s] INFO:colcon.colcon_core.shell:Creating package script '/home/dwduong74/yahboom_src/install/champ_msgs/share/champ_msgs/package.sh'
[2.057s] INFO:colcon.colcon_core.shell:Creating package script '/home/dwduong74/yahboom_src/install/champ_msgs/share/champ_msgs/package.bash'
[2.058s] INFO:colcon.colcon_core.shell:Creating package script '/home/dwduong74/yahboom_src/install/champ_msgs/share/champ_msgs/package.zsh'
[2.059s] Level 1:colcon.colcon_core.environment:create_file_with_runtime_dependencies(/home/dwduong74/yahboom_src/install/champ_msgs/share/colcon-core/packages/champ_msgs)
[2.064s] INFO:colcon.colcon_ros.task.ament_cmake.build:Building ROS package in '/home/dwduong74/yahboom_src/src/unitree-go2-ros2/champ/champ_base' with build type 'ament_cmake'
[2.064s] INFO:colcon.colcon_cmake.task.cmake.build:Building CMake package in '/home/dwduong74/yahboom_src/src/unitree-go2-ros2/champ/champ_base'
[2.065s] INFO:colcon.colcon_core.shell:Skip shell extension 'powershell' for command environment: Not usable outside of PowerShell
[2.065s] DEBUG:colcon.colcon_core.shell:Skip shell extension 'dsv' for command environment
[2.106s] INFO:colcon.colcon_ros.task.ament_cmake.build:Building ROS package in '/home/dwduong74/yahboom_src/src/oradar_lidar' with build type 'ament_cmake'
[2.107s] INFO:colcon.colcon_cmake.task.cmake.build:Building CMake package in '/home/dwduong74/yahboom_src/src/oradar_lidar'
[2.107s] INFO:colcon.colcon_core.shell:Skip shell extension 'powershell' for command environment: Not usable outside of PowerShell
[2.107s] DEBUG:colcon.colcon_core.shell:Skip shell extension 'dsv' for command environment
[2.175s] DEBUG:colcon.colcon_core.event_handler.log_command:Invoked command in '/home/dwduong74/yahboom_src/build/go2_config' returned '0': CMAKE_PREFIX_PATH=${CMAKE_PREFIX_PATH}:/home/dwduong74/yahboom_src/install/yahboom_set_height:/home/dwduong74/yahboom_src/install/yahboom_mediapipe:/home/dwduong74/yahboom_src/install/yahboom_gait:/home/dwduong74/yahboom_src/install/yahboom_dog_joint_state:/home/dwduong74/yahboom_src/install/yahboom_description:/home/dwduong74/yahboom_src/install/yahboom_bringup:/home/dwduong74/yahboom_src/install/yahboom_base:/home/dwduong74/yahboom_src/install/yahboom_app_save_map:/home/dwduong74/yahboom_src/install/tf_publisher:/home/dwduong74/yahboom_src/install/bringup:/home/dwduong74/LUMI_ws/install/custom_explorer:/opt/ros/humble /usr/bin/cmake --build /home/dwduong74/yahboom_src/build/go2_config -- -j8 -l8
[2.176s] DEBUG:colcon.colcon_core.event_handler.log_command:Invoking command in '/home/dwduong74/yahboom_src/build/go2_config': CMAKE_PREFIX_PATH=${CMAKE_PREFIX_PATH}:/home/dwduong74/yahboom_src/install/yahboom_set_height:/home/dwduong74/yahboom_src/install/yahboom_mediapipe:/home/dwduong74/yahboom_src/install/yahboom_gait:/home/dwduong74/yahboom_src/install/yahboom_dog_joint_state:/home/dwduong74/yahboom_src/install/yahboom_description:/home/dwduong74/yahboom_src/install/yahboom_bringup:/home/dwduong74/yahboom_src/install/yahboom_base:/home/dwduong74/yahboom_src/install/yahboom_app_save_map:/home/dwduong74/yahboom_src/install/tf_publisher:/home/dwduong74/yahboom_src/install/bringup:/home/dwduong74/LUMI_ws/install/custom_explorer:/opt/ros/humble /usr/bin/cmake --install /home/dwduong74/yahboom_src/build/go2_config
[2.192s] DEBUG:colcon.colcon_core.event_handler.log_command:Invoked command in '/home/dwduong74/yahboom_src/build/velodyne_description' returned '0': CMAKE_PREFIX_PATH=/home/dwduong74/yahboom_src/install/velodyne_gazebo_plugins:/home/dwduong74/yahboom_src/install/yahboom_msgs:/home/dwduong74/yahboom_src/install/velodyne_simulator:/home/dwduong74/yahboom_src/install/velodyne_description:/home/dwduong74/yahboom_src/install/champ_bringup:/home/dwduong74/yahboom_src/install/champ_description:/home/dwduong74/yahboom_src/install/oradar_lidar:/home/dwduong74/yahboom_src/install/image_color_lab:/home/dwduong74/yahboom_src/install/go2_description:/home/dwduong74/yahboom_src/install/go2_config:/home/dwduong74/yahboom_src/install/dogzilla_description:/home/dwduong74/yahboom_src/install/dogzilla_config:/home/dwduong74/yahboom_src/install/champ_teleop:/home/dwduong74/yahboom_src/install/champ_navigation:/home/dwduong74/yahboom_src/install/champ_gazebo:/home/dwduong74/yahboom_src/install/champ_base:/home/dwduong74/yahboom_src/install/champ_msgs:/home/dwduong74/yahboom_src/install/champ_config:/home/dwduong74/yahboom_src/install/champ:/home/dwduong74/LUMI_ws/install/turtlebot3_manipulation_gazebo:/home/dwduong74/LUMI_ws/install/champ:/home/dwduong74/LUMI_ws/install/rf2o_laser_odometry:/home/dwduong74/yahboom_src/install/yahboom_set_height:/home/dwduong74/yahboom_src/install/yahboom_mediapipe:/home/dwduong74/yahboom_src/install/yahboom_gait:/home/dwduong74/yahboom_src/install/yahboom_dog_joint_state:/home/dwduong74/yahboom_src/install/yahboom_description:/home/dwduong74/yahboom_src/install/yahboom_bringup:/home/dwduong74/yahboom_src/install/yahboom_base:/home/dwduong74/yahboom_src/install/yahboom_app_save_map:/home/dwduong74/yahboom_src/install/tf_publisher:/home/dwduong74/yahboom_src/install/bringup:/home/dwduong74/LUMI_ws/install/custom_explorer:/opt/ros/humble LD_LIBRARY_PATH=/home/dwduong74/yahboom_src/install/velodyne_gazebo_plugins/lib:/home/dwduong74/yahboom_src/install/yahboom_msgs/lib:/home/dwduong74/yahboom_src/install/image_color_lab/lib:/home/dwduong74/yahboom_src/install/champ_base/lib:/home/dwduong74/yahboom_src/install/champ_msgs/lib:/usr/lib/x86_64-linux-gnu/gazebo-11/plugins:/opt/ros/humble/opt/rviz_ogre_vendor/lib:/opt/ros/humble/lib/x86_64-linux-gnu:/opt/ros/humble/lib /usr/bin/cmake --build /home/dwduong74/yahboom_src/build/velodyne_description -- -j8 -l8
[2.193s] DEBUG:colcon.colcon_core.event_handler.log_command:Invoking command in '/home/dwduong74/yahboom_src/build/velodyne_description': CMAKE_PREFIX_PATH=/home/dwduong74/yahboom_src/install/velodyne_gazebo_plugins:/home/dwduong74/yahboom_src/install/yahboom_msgs:/home/dwduong74/yahboom_src/install/velodyne_simulator:/home/dwduong74/yahboom_src/install/velodyne_description:/home/dwduong74/yahboom_src/install/champ_bringup:/home/dwduong74/yahboom_src/install/champ_description:/home/dwduong74/yahboom_src/install/oradar_lidar:/home/dwduong74/yahboom_src/install/image_color_lab:/home/dwduong74/yahboom_src/install/go2_description:/home/dwduong74/yahboom_src/install/go2_config:/home/dwduong74/yahboom_src/install/dogzilla_description:/home/dwduong74/yahboom_src/install/dogzilla_config:/home/dwduong74/yahboom_src/install/champ_teleop:/home/dwduong74/yahboom_src/install/champ_navigation:/home/dwduong74/yahboom_src/install/champ_gazebo:/home/dwduong74/yahboom_src/install/champ_base:/home/dwduong74/yahboom_src/install/champ_msgs:/home/dwduong74/yahboom_src/install/champ_config:/home/dwduong74/yahboom_src/install/champ:/home/dwduong74/LUMI_ws/install/turtlebot3_manipulation_gazebo:/home/dwduong74/LUMI_ws/install/champ:/home/dwduong74/LUMI_ws/install/rf2o_laser_odometry:/home/dwduong74/yahboom_src/install/yahboom_set_height:/home/dwduong74/yahboom_src/install/yahboom_mediapipe:/home/dwduong74/yahboom_src/install/yahboom_gait:/home/dwduong74/yahboom_src/install/yahboom_dog_joint_state:/home/dwduong74/yahboom_src/install/yahboom_description:/home/dwduong74/yahboom_src/install/yahboom_bringup:/home/dwduong74/yahboom_src/install/yahboom_base:/home/dwduong74/yahboom_src/install/yahboom_app_save_map:/home/dwduong74/yahboom_src/install/tf_publisher:/home/dwduong74/yahboom_src/install/bringup:/home/dwduong74/LUMI_ws/install/custom_explorer:/opt/ros/humble LD_LIBRARY_PATH=/home/dwduong74/yahboom_src/install/velodyne_gazebo_plugins/lib:/home/dwduong74/yahboom_src/install/yahboom_msgs/lib:/home/dwduong74/yahboom_src/install/image_color_lab/lib:/home/dwduong74/yahboom_src/install/champ_base/lib:/home/dwduong74/yahboom_src/install/champ_msgs/lib:/usr/lib/x86_64-linux-gnu/gazebo-11/plugins:/opt/ros/humble/opt/rviz_ogre_vendor/lib:/opt/ros/humble/lib/x86_64-linux-gnu:/opt/ros/humble/lib /usr/bin/cmake --install /home/dwduong74/yahboom_src/build/velodyne_description
[2.208s] DEBUG:colcon.colcon_core.event_handler.log_command:Invoked command in '/home/dwduong74/yahboom_src/build/champ_description' returned '0': CMAKE_PREFIX_PATH=/home/dwduong74/yahboom_src/install/velodyne_gazebo_plugins:/home/dwduong74/yahboom_src/install/yahboom_msgs:/home/dwduong74/yahboom_src/install/velodyne_simulator:/home/dwduong74/yahboom_src/install/velodyne_description:/home/dwduong74/yahboom_src/install/champ_bringup:/home/dwduong74/yahboom_src/install/champ_description:/home/dwduong74/yahboom_src/install/oradar_lidar:/home/dwduong74/yahboom_src/install/image_color_lab:/home/dwduong74/yahboom_src/install/go2_description:/home/dwduong74/yahboom_src/install/go2_config:/home/dwduong74/yahboom_src/install/dogzilla_description:/home/dwduong74/yahboom_src/install/dogzilla_config:/home/dwduong74/yahboom_src/install/champ_teleop:/home/dwduong74/yahboom_src/install/champ_navigation:/home/dwduong74/yahboom_src/install/champ_gazebo:/home/dwduong74/yahboom_src/install/champ_base:/home/dwduong74/yahboom_src/install/champ_msgs:/home/dwduong74/yahboom_src/install/champ_config:/home/dwduong74/yahboom_src/install/champ:/home/dwduong74/LUMI_ws/install/turtlebot3_manipulation_gazebo:/home/dwduong74/LUMI_ws/install/champ:/home/dwduong74/LUMI_ws/install/rf2o_laser_odometry:/home/dwduong74/yahboom_src/install/yahboom_set_height:/home/dwduong74/yahboom_src/install/yahboom_mediapipe:/home/dwduong74/yahboom_src/install/yahboom_gait:/home/dwduong74/yahboom_src/install/yahboom_dog_joint_state:/home/dwduong74/yahboom_src/install/yahboom_description:/home/dwduong74/yahboom_src/install/yahboom_bringup:/home/dwduong74/yahboom_src/install/yahboom_base:/home/dwduong74/yahboom_src/install/yahboom_app_save_map:/home/dwduong74/yahboom_src/install/tf_publisher:/home/dwduong74/yahboom_src/install/bringup:/home/dwduong74/LUMI_ws/install/custom_explorer:/opt/ros/humble LD_LIBRARY_PATH=/home/dwduong74/yahboom_src/install/velodyne_gazebo_plugins/lib:/home/dwduong74/yahboom_src/install/yahboom_msgs/lib:/home/dwduong74/yahboom_src/install/image_color_lab/lib:/home/dwduong74/yahboom_src/install/champ_base/lib:/home/dwduong74/yahboom_src/install/champ_msgs/lib:/usr/lib/x86_64-linux-gnu/gazebo-11/plugins:/opt/ros/humble/opt/rviz_ogre_vendor/lib:/opt/ros/humble/lib/x86_64-linux-gnu:/opt/ros/humble/lib /usr/bin/cmake --build /home/dwduong74/yahboom_src/build/champ_description -- -j8 -l8
[2.210s] DEBUG:colcon.colcon_core.event_handler.log_command:Invoking command in '/home/dwduong74/yahboom_src/build/champ_description': CMAKE_PREFIX_PATH=/home/dwduong74/yahboom_src/install/velodyne_gazebo_plugins:/home/dwduong74/yahboom_src/install/yahboom_msgs:/home/dwduong74/yahboom_src/install/velodyne_simulator:/home/dwduong74/yahboom_src/install/velodyne_description:/home/dwduong74/yahboom_src/install/champ_bringup:/home/dwduong74/yahboom_src/install/champ_description:/home/dwduong74/yahboom_src/install/oradar_lidar:/home/dwduong74/yahboom_src/install/image_color_lab:/home/dwduong74/yahboom_src/install/go2_description:/home/dwduong74/yahboom_src/install/go2_config:/home/dwduong74/yahboom_src/install/dogzilla_description:/home/dwduong74/yahboom_src/install/dogzilla_config:/home/dwduong74/yahboom_src/install/champ_teleop:/home/dwduong74/yahboom_src/install/champ_navigation:/home/dwduong74/yahboom_src/install/champ_gazebo:/home/dwduong74/yahboom_src/install/champ_base:/home/dwduong74/yahboom_src/install/champ_msgs:/home/dwduong74/yahboom_src/install/champ_config:/home/dwduong74/yahboom_src/install/champ:/home/dwduong74/LUMI_ws/install/turtlebot3_manipulation_gazebo:/home/dwduong74/LUMI_ws/install/champ:/home/dwduong74/LUMI_ws/install/rf2o_laser_odometry:/home/dwduong74/yahboom_src/install/yahboom_set_height:/home/dwduong74/yahboom_src/install/yahboom_mediapipe:/home/dwduong74/yahboom_src/install/yahboom_gait:/home/dwduong74/yahboom_src/install/yahboom_dog_joint_state:/home/dwduong74/yahboom_src/install/yahboom_description:/home/dwduong74/yahboom_src/install/yahboom_bringup:/home/dwduong74/yahboom_src/install/yahboom_base:/home/dwduong74/yahboom_src/install/yahboom_app_save_map:/home/dwduong74/yahboom_src/install/tf_publisher:/home/dwduong74/yahboom_src/install/bringup:/home/dwduong74/LUMI_ws/install/custom_explorer:/opt/ros/humble LD_LIBRARY_PATH=/home/dwduong74/yahboom_src/install/velodyne_gazebo_plugins/lib:/home/dwduong74/yahboom_src/install/yahboom_msgs/lib:/home/dwduong74/yahboom_src/install/image_color_lab/lib:/home/dwduong74/yahboom_src/install/champ_base/lib:/home/dwduong74/yahboom_src/install/champ_msgs/lib:/usr/lib/x86_64-linux-gnu/gazebo-11/plugins:/opt/ros/humble/opt/rviz_ogre_vendor/lib:/opt/ros/humble/lib/x86_64-linux-gnu:/opt/ros/humble/lib /usr/bin/cmake --install /home/dwduong74/yahboom_src/build/champ_description
[2.214s] DEBUG:colcon.colcon_core.event_handler.log_command:Invoked command in '/home/dwduong74/yahboom_src/build/go2_description' returned '0': CMAKE_PREFIX_PATH=${CMAKE_PREFIX_PATH}:/home/dwduong74/yahboom_src/install/yahboom_set_height:/home/dwduong74/yahboom_src/install/yahboom_mediapipe:/home/dwduong74/yahboom_src/install/yahboom_gait:/home/dwduong74/yahboom_src/install/yahboom_dog_joint_state:/home/dwduong74/yahboom_src/install/yahboom_description:/home/dwduong74/yahboom_src/install/yahboom_bringup:/home/dwduong74/yahboom_src/install/yahboom_base:/home/dwduong74/yahboom_src/install/yahboom_app_save_map:/home/dwduong74/yahboom_src/install/tf_publisher:/home/dwduong74/yahboom_src/install/bringup:/home/dwduong74/LUMI_ws/install/custom_explorer:/opt/ros/humble /usr/bin/cmake --build /home/dwduong74/yahboom_src/build/go2_description -- -j8 -l8
[2.215s] DEBUG:colcon.colcon_core.event_handler.log_command:Invoking command in '/home/dwduong74/yahboom_src/build/go2_description': CMAKE_PREFIX_PATH=${CMAKE_PREFIX_PATH}:/home/dwduong74/yahboom_src/install/yahboom_set_height:/home/dwduong74/yahboom_src/install/yahboom_mediapipe:/home/dwduong74/yahboom_src/install/yahboom_gait:/home/dwduong74/yahboom_src/install/yahboom_dog_joint_state:/home/dwduong74/yahboom_src/install/yahboom_description:/home/dwduong74/yahboom_src/install/yahboom_bringup:/home/dwduong74/yahboom_src/install/yahboom_base:/home/dwduong74/yahboom_src/install/yahboom_app_save_map:/home/dwduong74/yahboom_src/install/tf_publisher:/home/dwduong74/yahboom_src/install/bringup:/home/dwduong74/LUMI_ws/install/custom_explorer:/opt/ros/humble /usr/bin/cmake --install /home/dwduong74/yahboom_src/build/go2_description
[2.273s] DEBUG:colcon.colcon_core.event_handler.log_command:Invoking command in '/home/dwduong74/yahboom_src/build/champ_base': CMAKE_PREFIX_PATH=/home/dwduong74/yahboom_src/install/champ_msgs:/home/dwduong74/yahboom_src/install/champ:/home/dwduong74/yahboom_src/install/yahboom_msgs:/home/dwduong74/yahboom_src/install/velodyne_simulator:/home/dwduong74/yahboom_src/install/velodyne_description:/home/dwduong74/yahboom_src/install/champ_bringup:/home/dwduong74/yahboom_src/install/champ_description:/home/dwduong74/yahboom_src/install/velodyne_gazebo_plugins:/home/dwduong74/yahboom_src/install/oradar_lidar:/home/dwduong74/yahboom_src/install/image_color_lab:/home/dwduong74/yahboom_src/install/go2_description:/home/dwduong74/yahboom_src/install/go2_config:/home/dwduong74/yahboom_src/install/dogzilla_description:/home/dwduong74/yahboom_src/install/dogzilla_config:/home/dwduong74/yahboom_src/install/champ_teleop:/home/dwduong74/yahboom_src/install/champ_navigation:/home/dwduong74/yahboom_src/install/champ_gazebo:/home/dwduong74/yahboom_src/install/champ_base:/home/dwduong74/yahboom_src/install/champ_config:/home/dwduong74/LUMI_ws/install/turtlebot3_manipulation_gazebo:/home/dwduong74/LUMI_ws/install/champ:/home/dwduong74/LUMI_ws/install/rf2o_laser_odometry:/home/dwduong74/yahboom_src/install/yahboom_set_height:/home/dwduong74/yahboom_src/install/yahboom_mediapipe:/home/dwduong74/yahboom_src/install/yahboom_gait:/home/dwduong74/yahboom_src/install/yahboom_dog_joint_state:/home/dwduong74/yahboom_src/install/yahboom_description:/home/dwduong74/yahboom_src/install/yahboom_bringup:/home/dwduong74/yahboom_src/install/yahboom_base:/home/dwduong74/yahboom_src/install/yahboom_app_save_map:/home/dwduong74/yahboom_src/install/tf_publisher:/home/dwduong74/yahboom_src/install/bringup:/home/dwduong74/LUMI_ws/install/custom_explorer:/opt/ros/humble LD_LIBRARY_PATH=/home/dwduong74/yahboom_src/install/champ_msgs/lib:/home/dwduong74/yahboom_src/install/yahboom_msgs/lib:/home/dwduong74/yahboom_src/install/velodyne_gazebo_plugins/lib:/home/dwduong74/yahboom_src/install/image_color_lab/lib:/home/dwduong74/yahboom_src/install/champ_base/lib:/usr/lib/x86_64-linux-gnu/gazebo-11/plugins:/opt/ros/humble/opt/rviz_ogre_vendor/lib:/opt/ros/humble/lib/x86_64-linux-gnu:/opt/ros/humble/lib /usr/bin/cmake --build /home/dwduong74/yahboom_src/build/champ_base -- -j8 -l8
[2.276s] DEBUG:colcon.colcon_core.event_handler.log_command:Invoking command in '/home/dwduong74/yahboom_src/build/oradar_lidar': CMAKE_PREFIX_PATH=${CMAKE_PREFIX_PATH}:/home/dwduong74/yahboom_src/install/yahboom_set_height:/home/dwduong74/yahboom_src/install/yahboom_mediapipe:/home/dwduong74/yahboom_src/install/yahboom_gait:/home/dwduong74/yahboom_src/install/yahboom_dog_joint_state:/home/dwduong74/yahboom_src/install/yahboom_description:/home/dwduong74/yahboom_src/install/yahboom_bringup:/home/dwduong74/yahboom_src/install/yahboom_base:/home/dwduong74/yahboom_src/install/yahboom_app_save_map:/home/dwduong74/yahboom_src/install/tf_publisher:/home/dwduong74/yahboom_src/install/bringup:/home/dwduong74/LUMI_ws/install/custom_explorer:/opt/ros/humble /usr/bin/cmake --build /home/dwduong74/yahboom_src/build/oradar_lidar -- -j8 -l8
[2.282s] Level 1:colcon.colcon_core.environment:create_environment_scripts_only(go2_config)
[2.282s] Level 1:colcon.colcon_core.environment:checking '/home/dwduong74/yahboom_src/install/go2_config' for CMake module files
[2.283s] Level 1:colcon.colcon_core.environment:checking '/home/dwduong74/yahboom_src/install/go2_config' for CMake config files
[2.286s] Level 1:colcon.colcon_core.shell:create_environment_hook('go2_config', 'cmake_prefix_path')
[2.286s] INFO:colcon.colcon_core.shell:Creating environment hook '/home/dwduong74/yahboom_src/install/go2_config/share/go2_config/hook/cmake_prefix_path.ps1'
[2.287s] INFO:colcon.colcon_core.shell:Creating environment descriptor '/home/dwduong74/yahboom_src/install/go2_config/share/go2_config/hook/cmake_prefix_path.dsv'
[2.287s] INFO:colcon.colcon_core.shell:Creating environment hook '/home/dwduong74/yahboom_src/install/go2_config/share/go2_config/hook/cmake_prefix_path.sh'
[2.288s] Level 1:colcon.colcon_core.environment:checking '/home/dwduong74/yahboom_src/install/go2_config/bin'
[2.288s] Level 1:colcon.colcon_core.environment:checking '/home/dwduong74/yahboom_src/install/go2_config/lib/pkgconfig/go2_config.pc'
[2.289s] Level 1:colcon.colcon_core.environment:checking '/home/dwduong74/yahboom_src/install/go2_config/lib/python3.10/site-packages'
[2.290s] Level 1:colcon.colcon_core.environment:checking '/home/dwduong74/yahboom_src/install/go2_config/bin'
[2.294s] INFO:colcon.colcon_core.shell:Creating package script '/home/dwduong74/yahboom_src/install/go2_config/share/go2_config/package.ps1'
[2.295s] INFO:colcon.colcon_core.shell:Creating package descriptor '/home/dwduong74/yahboom_src/install/go2_config/share/go2_config/package.dsv'
[2.295s] INFO:colcon.colcon_core.shell:Creating package script '/home/dwduong74/yahboom_src/install/go2_config/share/go2_config/package.sh'
[2.296s] INFO:colcon.colcon_core.shell:Creating package script '/home/dwduong74/yahboom_src/install/go2_config/share/go2_config/package.bash'
[2.297s] INFO:colcon.colcon_core.shell:Creating package script '/home/dwduong74/yahboom_src/install/go2_config/share/go2_config/package.zsh'
[2.303s] Level 1:colcon.colcon_core.environment:create_file_with_runtime_dependencies(/home/dwduong74/yahboom_src/install/go2_config/share/colcon-core/packages/go2_config)
[2.304s] Level 1:colcon.colcon_core.environment:create_environment_scripts_only(go2_config)
[2.305s] Level 1:colcon.colcon_core.environment:checking '/home/dwduong74/yahboom_src/install/go2_config' for CMake module files
[2.306s] Level 1:colcon.colcon_core.environment:checking '/home/dwduong74/yahboom_src/install/go2_config' for CMake config files
[2.306s] Level 1:colcon.colcon_core.shell:create_environment_hook('go2_config', 'cmake_prefix_path')
[2.307s] INFO:colcon.colcon_core.shell:Creating environment hook '/home/dwduong74/yahboom_src/install/go2_config/share/go2_config/hook/cmake_prefix_path.ps1'
[2.308s] DEBUG:colcon.colcon_core.event_handler.log_command:Invoked command in '/home/dwduong74/yahboom_src/build/go2_config' returned '0': CMAKE_PREFIX_PATH=${CMAKE_PREFIX_PATH}:/home/dwduong74/yahboom_src/install/yahboom_set_height:/home/dwduong74/yahboom_src/install/yahboom_mediapipe:/home/dwduong74/yahboom_src/install/yahboom_gait:/home/dwduong74/yahboom_src/install/yahboom_dog_joint_state:/home/dwduong74/yahboom_src/install/yahboom_description:/home/dwduong74/yahboom_src/install/yahboom_bringup:/home/dwduong74/yahboom_src/install/yahboom_base:/home/dwduong74/yahboom_src/install/yahboom_app_save_map:/home/dwduong74/yahboom_src/install/tf_publisher:/home/dwduong74/yahboom_src/install/bringup:/home/dwduong74/LUMI_ws/install/custom_explorer:/opt/ros/humble /usr/bin/cmake --install /home/dwduong74/yahboom_src/build/go2_config
[2.308s] INFO:colcon.colcon_core.shell:Creating environment descriptor '/home/dwduong74/yahboom_src/install/go2_config/share/go2_config/hook/cmake_prefix_path.dsv'
[2.309s] INFO:colcon.colcon_core.shell:Creating environment hook '/home/dwduong74/yahboom_src/install/go2_config/share/go2_config/hook/cmake_prefix_path.sh'
[2.310s] Level 1:colcon.colcon_core.environment:checking '/home/dwduong74/yahboom_src/install/go2_config/bin'
[2.310s] Level 1:colcon.colcon_core.environment:checking '/home/dwduong74/yahboom_src/install/go2_config/lib/pkgconfig/go2_config.pc'
[2.311s] Level 1:colcon.colcon_core.environment:checking '/home/dwduong74/yahboom_src/install/go2_config/lib/python3.10/site-packages'
[2.311s] Level 1:colcon.colcon_core.environment:checking '/home/dwduong74/yahboom_src/install/go2_config/bin'
[2.312s] INFO:colcon.colcon_core.shell:Creating package script '/home/dwduong74/yahboom_src/install/go2_config/share/go2_config/package.ps1'
[2.313s] INFO:colcon.colcon_core.shell:Creating package descriptor '/home/dwduong74/yahboom_src/install/go2_config/share/go2_config/package.dsv'
[2.314s] INFO:colcon.colcon_core.shell:Creating package script '/home/dwduong74/yahboom_src/install/go2_config/share/go2_config/package.sh'
[2.315s] INFO:colcon.colcon_core.shell:Creating package script '/home/dwduong74/yahboom_src/install/go2_config/share/go2_config/package.bash'
[2.315s] INFO:colcon.colcon_core.shell:Creating package script '/home/dwduong74/yahboom_src/install/go2_config/share/go2_config/package.zsh'
[2.316s] Level 1:colcon.colcon_core.environment:create_file_with_runtime_dependencies(/home/dwduong74/yahboom_src/install/go2_config/share/colcon-core/packages/go2_config)
[2.318s] INFO:colcon.colcon_ros.task.ament_python.build:Building ROS package in '/home/dwduong74/yahboom_src/src/tf_publisher' with build type 'ament_python'
[2.318s] Level 1:colcon.colcon_core.shell:create_environment_hook('tf_publisher', 'ament_prefix_path')
[2.319s] INFO:colcon.colcon_core.shell:Creating environment hook '/home/dwduong74/yahboom_src/install/tf_publisher/share/tf_publisher/hook/ament_prefix_path.ps1'
[2.320s] INFO:colcon.colcon_core.shell:Creating environment descriptor '/home/dwduong74/yahboom_src/install/tf_publisher/share/tf_publisher/hook/ament_prefix_path.dsv'
[2.320s] INFO:colcon.colcon_core.shell:Creating environment hook '/home/dwduong74/yahboom_src/install/tf_publisher/share/tf_publisher/hook/ament_prefix_path.sh'
[2.322s] INFO:colcon.colcon_core.shell:Skip shell extension 'powershell' for command environment: Not usable outside of PowerShell
[2.322s] DEBUG:colcon.colcon_core.shell:Skip shell extension 'dsv' for command environment
[2.338s] Level 1:colcon.colcon_core.environment:create_environment_scripts_only(champ_description)
[2.338s] Level 1:colcon.colcon_core.environment:checking '/home/dwduong74/yahboom_src/install/champ_description' for CMake module files
[2.339s] Level 1:colcon.colcon_core.environment:checking '/home/dwduong74/yahboom_src/install/champ_description' for CMake config files
[2.339s] Level 1:colcon.colcon_core.shell:create_environment_hook('champ_description', 'cmake_prefix_path')
[2.340s] INFO:colcon.colcon_core.shell:Creating environment hook '/home/dwduong74/yahboom_src/install/champ_description/share/champ_description/hook/cmake_prefix_path.ps1'
[2.341s] INFO:colcon.colcon_core.shell:Creating environment descriptor '/home/dwduong74/yahboom_src/install/champ_description/share/champ_description/hook/cmake_prefix_path.dsv'
[2.345s] INFO:colcon.colcon_core.shell:Creating environment hook '/home/dwduong74/yahboom_src/install/champ_description/share/champ_description/hook/cmake_prefix_path.sh'
[2.347s] DEBUG:colcon.colcon_core.event_handler.log_command:Invoked command in '/home/dwduong74/yahboom_src/build/champ_description' returned '0': CMAKE_PREFIX_PATH=/home/dwduong74/yahboom_src/install/velodyne_gazebo_plugins:/home/dwduong74/yahboom_src/install/yahboom_msgs:/home/dwduong74/yahboom_src/install/velodyne_simulator:/home/dwduong74/yahboom_src/install/velodyne_description:/home/dwduong74/yahboom_src/install/champ_bringup:/home/dwduong74/yahboom_src/install/champ_description:/home/dwduong74/yahboom_src/install/oradar_lidar:/home/dwduong74/yahboom_src/install/image_color_lab:/home/dwduong74/yahboom_src/install/go2_description:/home/dwduong74/yahboom_src/install/go2_config:/home/dwduong74/yahboom_src/install/dogzilla_description:/home/dwduong74/yahboom_src/install/dogzilla_config:/home/dwduong74/yahboom_src/install/champ_teleop:/home/dwduong74/yahboom_src/install/champ_navigation:/home/dwduong74/yahboom_src/install/champ_gazebo:/home/dwduong74/yahboom_src/install/champ_base:/home/dwduong74/yahboom_src/install/champ_msgs:/home/dwduong74/yahboom_src/install/champ_config:/home/dwduong74/yahboom_src/install/champ:/home/dwduong74/LUMI_ws/install/turtlebot3_manipulation_gazebo:/home/dwduong74/LUMI_ws/install/champ:/home/dwduong74/LUMI_ws/install/rf2o_laser_odometry:/home/dwduong74/yahboom_src/install/yahboom_set_height:/home/dwduong74/yahboom_src/install/yahboom_mediapipe:/home/dwduong74/yahboom_src/install/yahboom_gait:/home/dwduong74/yahboom_src/install/yahboom_dog_joint_state:/home/dwduong74/yahboom_src/install/yahboom_description:/home/dwduong74/yahboom_src/install/yahboom_bringup:/home/dwduong74/yahboom_src/install/yahboom_base:/home/dwduong74/yahboom_src/install/yahboom_app_save_map:/home/dwduong74/yahboom_src/install/tf_publisher:/home/dwduong74/yahboom_src/install/bringup:/home/dwduong74/LUMI_ws/install/custom_explorer:/opt/ros/humble LD_LIBRARY_PATH=/home/dwduong74/yahboom_src/install/velodyne_gazebo_plugins/lib:/home/dwduong74/yahboom_src/install/yahboom_msgs/lib:/home/dwduong74/yahboom_src/install/image_color_lab/lib:/home/dwduong74/yahboom_src/install/champ_base/lib:/home/dwduong74/yahboom_src/install/champ_msgs/lib:/usr/lib/x86_64-linux-gnu/gazebo-11/plugins:/opt/ros/humble/opt/rviz_ogre_vendor/lib:/opt/ros/humble/lib/x86_64-linux-gnu:/opt/ros/humble/lib /usr/bin/cmake --install /home/dwduong74/yahboom_src/build/champ_description
[2.348s] Level 1:colcon.colcon_core.environment:checking '/home/dwduong74/yahboom_src/install/champ_description/bin'
[2.348s] Level 1:colcon.colcon_core.environment:checking '/home/dwduong74/yahboom_src/install/champ_description/lib/pkgconfig/champ_description.pc'
[2.348s] Level 1:colcon.colcon_core.environment:checking '/home/dwduong74/yahboom_src/install/champ_description/lib/python3.10/site-packages'
[2.349s] Level 1:colcon.colcon_core.environment:checking '/home/dwduong74/yahboom_src/install/champ_description/bin'
[2.351s] INFO:colcon.colcon_core.shell:Creating package script '/home/dwduong74/yahboom_src/install/champ_description/share/champ_description/package.ps1'
[2.352s] INFO:colcon.colcon_core.shell:Creating package descriptor '/home/dwduong74/yahboom_src/install/champ_description/share/champ_description/package.dsv'
[2.353s] INFO:colcon.colcon_core.shell:Creating package script '/home/dwduong74/yahboom_src/install/champ_description/share/champ_description/package.sh'
[2.357s] INFO:colcon.colcon_core.shell:Creating package script '/home/dwduong74/yahboom_src/install/champ_description/share/champ_description/package.bash'
[2.358s] INFO:colcon.colcon_core.shell:Creating package script '/home/dwduong74/yahboom_src/install/champ_description/share/champ_description/package.zsh'
[2.362s] Level 1:colcon.colcon_core.environment:create_file_with_runtime_dependencies(/home/dwduong74/yahboom_src/install/champ_description/share/colcon-core/packages/champ_description)
[2.363s] Level 1:colcon.colcon_core.environment:create_environment_scripts_only(champ_description)
[2.364s] Level 1:colcon.colcon_core.environment:checking '/home/dwduong74/yahboom_src/install/champ_description' for CMake module files
[2.365s] Level 1:colcon.colcon_core.environment:checking '/home/dwduong74/yahboom_src/install/champ_description' for CMake config files
[2.365s] Level 1:colcon.colcon_core.shell:create_environment_hook('champ_description', 'cmake_prefix_path')
[2.366s] INFO:colcon.colcon_core.shell:Creating environment hook '/home/dwduong74/yahboom_src/install/champ_description/share/champ_description/hook/cmake_prefix_path.ps1'
[2.367s] INFO:colcon.colcon_core.shell:Creating environment descriptor '/home/dwduong74/yahboom_src/install/champ_description/share/champ_description/hook/cmake_prefix_path.dsv'
[2.368s] INFO:colcon.colcon_core.shell:Creating environment hook '/home/dwduong74/yahboom_src/install/champ_description/share/champ_description/hook/cmake_prefix_path.sh'
[2.369s] Level 1:colcon.colcon_core.environment:checking '/home/dwduong74/yahboom_src/install/champ_description/bin'
[2.370s] Level 1:colcon.colcon_core.environment:checking '/home/dwduong74/yahboom_src/install/champ_description/lib/pkgconfig/champ_description.pc'
[2.370s] Level 1:colcon.colcon_core.environment:checking '/home/dwduong74/yahboom_src/install/champ_description/lib/python3.10/site-packages'
[2.371s] Level 1:colcon.colcon_core.environment:checking '/home/dwduong74/yahboom_src/install/champ_description/bin'
[2.371s] INFO:colcon.colcon_core.shell:Creating package script '/home/dwduong74/yahboom_src/install/champ_description/share/champ_description/package.ps1'
[2.372s] INFO:colcon.colcon_core.shell:Creating package descriptor '/home/dwduong74/yahboom_src/install/champ_description/share/champ_description/package.dsv'
[2.374s] INFO:colcon.colcon_core.shell:Creating package script '/home/dwduong74/yahboom_src/install/champ_description/share/champ_description/package.sh'
[2.374s] INFO:colcon.colcon_core.shell:Creating package script '/home/dwduong74/yahboom_src/install/champ_description/share/champ_description/package.bash'
[2.375s] INFO:colcon.colcon_core.shell:Creating package script '/home/dwduong74/yahboom_src/install/champ_description/share/champ_description/package.zsh'
[2.376s] Level 1:colcon.colcon_core.environment:create_file_with_runtime_dependencies(/home/dwduong74/yahboom_src/install/champ_description/share/colcon-core/packages/champ_description)
[2.377s] Level 1:colcon.colcon_core.environment:create_environment_scripts_only(velodyne_description)
[2.378s] DEBUG:colcon.colcon_core.event_handler.log_command:Invoked command in '/home/dwduong74/yahboom_src/build/velodyne_description' returned '0': CMAKE_PREFIX_PATH=/home/dwduong74/yahboom_src/install/velodyne_gazebo_plugins:/home/dwduong74/yahboom_src/install/yahboom_msgs:/home/dwduong74/yahboom_src/install/velodyne_simulator:/home/dwduong74/yahboom_src/install/velodyne_description:/home/dwduong74/yahboom_src/install/champ_bringup:/home/dwduong74/yahboom_src/install/champ_description:/home/dwduong74/yahboom_src/install/oradar_lidar:/home/dwduong74/yahboom_src/install/image_color_lab:/home/dwduong74/yahboom_src/install/go2_description:/home/dwduong74/yahboom_src/install/go2_config:/home/dwduong74/yahboom_src/install/dogzilla_description:/home/dwduong74/yahboom_src/install/dogzilla_config:/home/dwduong74/yahboom_src/install/champ_teleop:/home/dwduong74/yahboom_src/install/champ_navigation:/home/dwduong74/yahboom_src/install/champ_gazebo:/home/dwduong74/yahboom_src/install/champ_base:/home/dwduong74/yahboom_src/install/champ_msgs:/home/dwduong74/yahboom_src/install/champ_config:/home/dwduong74/yahboom_src/install/champ:/home/dwduong74/LUMI_ws/install/turtlebot3_manipulation_gazebo:/home/dwduong74/LUMI_ws/install/champ:/home/dwduong74/LUMI_ws/install/rf2o_laser_odometry:/home/dwduong74/yahboom_src/install/yahboom_set_height:/home/dwduong74/yahboom_src/install/yahboom_mediapipe:/home/dwduong74/yahboom_src/install/yahboom_gait:/home/dwduong74/yahboom_src/install/yahboom_dog_joint_state:/home/dwduong74/yahboom_src/install/yahboom_description:/home/dwduong74/yahboom_src/install/yahboom_bringup:/home/dwduong74/yahboom_src/install/yahboom_base:/home/dwduong74/yahboom_src/install/yahboom_app_save_map:/home/dwduong74/yahboom_src/install/tf_publisher:/home/dwduong74/yahboom_src/install/bringup:/home/dwduong74/LUMI_ws/install/custom_explorer:/opt/ros/humble LD_LIBRARY_PATH=/home/dwduong74/yahboom_src/install/velodyne_gazebo_plugins/lib:/home/dwduong74/yahboom_src/install/yahboom_msgs/lib:/home/dwduong74/yahboom_src/install/image_color_lab/lib:/home/dwduong74/yahboom_src/install/champ_base/lib:/home/dwduong74/yahboom_src/install/champ_msgs/lib:/usr/lib/x86_64-linux-gnu/gazebo-11/plugins:/opt/ros/humble/opt/rviz_ogre_vendor/lib:/opt/ros/humble/lib/x86_64-linux-gnu:/opt/ros/humble/lib /usr/bin/cmake --install /home/dwduong74/yahboom_src/build/velodyne_description
[2.378s] Level 1:colcon.colcon_core.environment:checking '/home/dwduong74/yahboom_src/install/velodyne_description' for CMake module files
[2.379s] Level 1:colcon.colcon_core.environment:checking '/home/dwduong74/yahboom_src/install/velodyne_description' for CMake config files
[2.380s] Level 1:colcon.colcon_core.shell:create_environment_hook('velodyne_description', 'cmake_prefix_path')
[2.380s] INFO:colcon.colcon_core.shell:Creating environment hook '/home/dwduong74/yahboom_src/install/velodyne_description/share/velodyne_description/hook/cmake_prefix_path.ps1'
[2.381s] INFO:colcon.colcon_core.shell:Creating environment descriptor '/home/dwduong74/yahboom_src/install/velodyne_description/share/velodyne_description/hook/cmake_prefix_path.dsv'
[2.382s] INFO:colcon.colcon_core.shell:Creating environment hook '/home/dwduong74/yahboom_src/install/velodyne_description/share/velodyne_description/hook/cmake_prefix_path.sh'
[2.383s] Level 1:colcon.colcon_core.environment:checking '/home/dwduong74/yahboom_src/install/velodyne_description/bin'
[2.383s] Level 1:colcon.colcon_core.environment:checking '/home/dwduong74/yahboom_src/install/velodyne_description/lib/pkgconfig/velodyne_description.pc'
[2.383s] Level 1:colcon.colcon_core.environment:checking '/home/dwduong74/yahboom_src/install/velodyne_description/lib/python3.10/site-packages'
[2.384s] Level 1:colcon.colcon_core.environment:checking '/home/dwduong74/yahboom_src/install/velodyne_description/bin'
[2.385s] INFO:colcon.colcon_core.shell:Creating package script '/home/dwduong74/yahboom_src/install/velodyne_description/share/velodyne_description/package.ps1'
[2.385s] INFO:colcon.colcon_core.shell:Creating package descriptor '/home/dwduong74/yahboom_src/install/velodyne_description/share/velodyne_description/package.dsv'
[2.386s] INFO:colcon.colcon_core.shell:Creating package script '/home/dwduong74/yahboom_src/install/velodyne_description/share/velodyne_description/package.sh'
[2.387s] INFO:colcon.colcon_core.shell:Creating package script '/home/dwduong74/yahboom_src/install/velodyne_description/share/velodyne_description/package.bash'
[2.387s] INFO:colcon.colcon_core.shell:Creating package script '/home/dwduong74/yahboom_src/install/velodyne_description/share/velodyne_description/package.zsh'
[2.388s] Level 1:colcon.colcon_core.environment:create_file_with_runtime_dependencies(/home/dwduong74/yahboom_src/install/velodyne_description/share/colcon-core/packages/velodyne_description)
[2.390s] Level 1:colcon.colcon_core.environment:create_environment_scripts_only(velodyne_description)
[2.390s] Level 1:colcon.colcon_core.environment:checking '/home/dwduong74/yahboom_src/install/velodyne_description' for CMake module files
[2.391s] Level 1:colcon.colcon_core.environment:checking '/home/dwduong74/yahboom_src/install/velodyne_description' for CMake config files
[2.391s] Level 1:colcon.colcon_core.shell:create_environment_hook('velodyne_description', 'cmake_prefix_path')
[2.392s] INFO:colcon.colcon_core.shell:Creating environment hook '/home/dwduong74/yahboom_src/install/velodyne_description/share/velodyne_description/hook/cmake_prefix_path.ps1'
[2.393s] INFO:colcon.colcon_core.shell:Creating environment descriptor '/home/dwduong74/yahboom_src/install/velodyne_description/share/velodyne_description/hook/cmake_prefix_path.dsv'
[2.393s] INFO:colcon.colcon_core.shell:Creating environment hook '/home/dwduong74/yahboom_src/install/velodyne_description/share/velodyne_description/hook/cmake_prefix_path.sh'
[2.395s] Level 1:colcon.colcon_core.environment:checking '/home/dwduong74/yahboom_src/install/velodyne_description/bin'
[2.395s] Level 1:colcon.colcon_core.environment:checking '/home/dwduong74/yahboom_src/install/velodyne_description/lib/pkgconfig/velodyne_description.pc'
[2.395s] Level 1:colcon.colcon_core.environment:checking '/home/dwduong74/yahboom_src/install/velodyne_description/lib/python3.10/site-packages'
[2.396s] Level 1:colcon.colcon_core.environment:checking '/home/dwduong74/yahboom_src/install/velodyne_description/bin'
[2.397s] INFO:colcon.colcon_core.shell:Creating package script '/home/dwduong74/yahboom_src/install/velodyne_description/share/velodyne_description/package.ps1'
[2.398s] INFO:colcon.colcon_core.shell:Creating package descriptor '/home/dwduong74/yahboom_src/install/velodyne_description/share/velodyne_description/package.dsv'
[2.398s] INFO:colcon.colcon_core.shell:Creating package script '/home/dwduong74/yahboom_src/install/velodyne_description/share/velodyne_description/package.sh'
[2.399s] INFO:colcon.colcon_core.shell:Creating package script '/home/dwduong74/yahboom_src/install/velodyne_description/share/velodyne_description/package.bash'
[2.400s] INFO:colcon.colcon_core.shell:Creating package script '/home/dwduong74/yahboom_src/install/velodyne_description/share/velodyne_description/package.zsh'
[2.401s] Level 1:colcon.colcon_core.environment:create_file_with_runtime_dependencies(/home/dwduong74/yahboom_src/install/velodyne_description/share/colcon-core/packages/velodyne_description)
[2.402s] Level 1:colcon.colcon_core.environment:create_environment_scripts_only(go2_description)
[2.403s] DEBUG:colcon.colcon_core.event_handler.log_command:Invoked command in '/home/dwduong74/yahboom_src/build/go2_description' returned '0': CMAKE_PREFIX_PATH=${CMAKE_PREFIX_PATH}:/home/dwduong74/yahboom_src/install/yahboom_set_height:/home/dwduong74/yahboom_src/install/yahboom_mediapipe:/home/dwduong74/yahboom_src/install/yahboom_gait:/home/dwduong74/yahboom_src/install/yahboom_dog_joint_state:/home/dwduong74/yahboom_src/install/yahboom_description:/home/dwduong74/yahboom_src/install/yahboom_bringup:/home/dwduong74/yahboom_src/install/yahboom_base:/home/dwduong74/yahboom_src/install/yahboom_app_save_map:/home/dwduong74/yahboom_src/install/tf_publisher:/home/dwduong74/yahboom_src/install/bringup:/home/dwduong74/LUMI_ws/install/custom_explorer:/opt/ros/humble /usr/bin/cmake --install /home/dwduong74/yahboom_src/build/go2_description
[2.403s] Level 1:colcon.colcon_core.environment:checking '/home/dwduong74/yahboom_src/install/go2_description' for CMake module files
[2.404s] Level 1:colcon.colcon_core.environment:checking '/home/dwduong74/yahboom_src/install/go2_description' for CMake config files
[2.405s] Level 1:colcon.colcon_core.shell:create_environment_hook('go2_description', 'cmake_prefix_path')
[2.405s] INFO:colcon.colcon_core.shell:Creating environment hook '/home/dwduong74/yahboom_src/install/go2_description/share/go2_description/hook/cmake_prefix_path.ps1'
[2.406s] INFO:colcon.colcon_core.shell:Creating environment descriptor '/home/dwduong74/yahboom_src/install/go2_description/share/go2_description/hook/cmake_prefix_path.dsv'
[2.407s] INFO:colcon.colcon_core.shell:Creating environment hook '/home/dwduong74/yahboom_src/install/go2_description/share/go2_description/hook/cmake_prefix_path.sh'
[2.408s] Level 1:colcon.colcon_core.environment:checking '/home/dwduong74/yahboom_src/install/go2_description/bin'
[2.408s] Level 1:colcon.colcon_core.environment:checking '/home/dwduong74/yahboom_src/install/go2_description/lib/pkgconfig/go2_description.pc'
[2.409s] Level 1:colcon.colcon_core.environment:checking '/home/dwduong74/yahboom_src/install/go2_description/lib/python3.10/site-packages'
[2.410s] Level 1:colcon.colcon_core.environment:checking '/home/dwduong74/yahboom_src/install/go2_description/bin'
[2.411s] INFO:colcon.colcon_core.shell:Creating package script '/home/dwduong74/yahboom_src/install/go2_description/share/go2_description/package.ps1'
[2.412s] INFO:colcon.colcon_core.shell:Creating package descriptor '/home/dwduong74/yahboom_src/install/go2_description/share/go2_description/package.dsv'
[2.413s] INFO:colcon.colcon_core.shell:Creating package script '/home/dwduong74/yahboom_src/install/go2_description/share/go2_description/package.sh'
[2.413s] INFO:colcon.colcon_core.shell:Creating package script '/home/dwduong74/yahboom_src/install/go2_description/share/go2_description/package.bash'
[2.414s] INFO:colcon.colcon_core.shell:Creating package script '/home/dwduong74/yahboom_src/install/go2_description/share/go2_description/package.zsh'
[2.415s] Level 1:colcon.colcon_core.environment:create_file_with_runtime_dependencies(/home/dwduong74/yahboom_src/install/go2_description/share/colcon-core/packages/go2_description)
[2.416s] Level 1:colcon.colcon_core.environment:create_environment_scripts_only(go2_description)
[2.416s] Level 1:colcon.colcon_core.environment:checking '/home/dwduong74/yahboom_src/install/go2_description' for CMake module files
[2.417s] Level 1:colcon.colcon_core.environment:checking '/home/dwduong74/yahboom_src/install/go2_description' for CMake config files
[2.418s] Level 1:colcon.colcon_core.shell:create_environment_hook('go2_description', 'cmake_prefix_path')
[2.418s] INFO:colcon.colcon_core.shell:Creating environment hook '/home/dwduong74/yahboom_src/install/go2_description/share/go2_description/hook/cmake_prefix_path.ps1'
[2.419s] INFO:colcon.colcon_core.shell:Creating environment descriptor '/home/dwduong74/yahboom_src/install/go2_description/share/go2_description/hook/cmake_prefix_path.dsv'
[2.420s] INFO:colcon.colcon_core.shell:Creating environment hook '/home/dwduong74/yahboom_src/install/go2_description/share/go2_description/hook/cmake_prefix_path.sh'
[2.422s] Level 1:colcon.colcon_core.environment:checking '/home/dwduong74/yahboom_src/install/go2_description/bin'
[2.423s] Level 1:colcon.colcon_core.environment:checking '/home/dwduong74/yahboom_src/install/go2_description/lib/pkgconfig/go2_description.pc'
[2.423s] Level 1:colcon.colcon_core.environment:checking '/home/dwduong74/yahboom_src/install/go2_description/lib/python3.10/site-packages'
[2.424s] Level 1:colcon.colcon_core.environment:checking '/home/dwduong74/yahboom_src/install/go2_description/bin'
[2.426s] INFO:colcon.colcon_core.shell:Creating package script '/home/dwduong74/yahboom_src/install/go2_description/share/go2_description/package.ps1'
[2.428s] INFO:colcon.colcon_core.shell:Creating package descriptor '/home/dwduong74/yahboom_src/install/go2_description/share/go2_description/package.dsv'
[2.429s] INFO:colcon.colcon_core.shell:Creating package script '/home/dwduong74/yahboom_src/install/go2_description/share/go2_description/package.sh'
[2.430s] INFO:colcon.colcon_core.shell:Creating package script '/home/dwduong74/yahboom_src/install/go2_description/share/go2_description/package.bash'
[2.430s] INFO:colcon.colcon_core.shell:Creating package script '/home/dwduong74/yahboom_src/install/go2_description/share/go2_description/package.zsh'
[2.431s] Level 1:colcon.colcon_core.environment:create_file_with_runtime_dependencies(/home/dwduong74/yahboom_src/install/go2_description/share/colcon-core/packages/go2_description)
[2.433s] INFO:colcon.colcon_ros.task.ament_python.build:Building ROS package in '/home/dwduong74/yahboom_src/src/yahboom_app_save_map' with build type 'ament_python'
[2.433s] Level 1:colcon.colcon_core.shell:create_environment_hook('yahboom_app_save_map', 'ament_prefix_path')
[2.434s] INFO:colcon.colcon_core.shell:Creating environment hook '/home/dwduong74/yahboom_src/install/yahboom_app_save_map/share/yahboom_app_save_map/hook/ament_prefix_path.ps1'
[2.435s] INFO:colcon.colcon_core.shell:Creating environment descriptor '/home/dwduong74/yahboom_src/install/yahboom_app_save_map/share/yahboom_app_save_map/hook/ament_prefix_path.dsv'
[2.435s] INFO:colcon.colcon_core.shell:Creating environment hook '/home/dwduong74/yahboom_src/install/yahboom_app_save_map/share/yahboom_app_save_map/hook/ament_prefix_path.sh'
[2.437s] INFO:colcon.colcon_core.shell:Skip shell extension 'powershell' for command environment: Not usable outside of PowerShell
[2.437s] DEBUG:colcon.colcon_core.shell:Skip shell extension 'dsv' for command environment
[2.453s] INFO:colcon.colcon_ros.task.ament_python.build:Building ROS package in '/home/dwduong74/yahboom_src/src/yahboom_base' with build type 'ament_python'
[2.453s] Level 1:colcon.colcon_core.shell:create_environment_hook('yahboom_base', 'ament_prefix_path')
[2.454s] INFO:colcon.colcon_core.shell:Creating environment hook '/home/dwduong74/yahboom_src/install/yahboom_base/share/yahboom_base/hook/ament_prefix_path.ps1'
[2.454s] INFO:colcon.colcon_core.shell:Creating environment descriptor '/home/dwduong74/yahboom_src/install/yahboom_base/share/yahboom_base/hook/ament_prefix_path.dsv'
[2.455s] INFO:colcon.colcon_core.shell:Creating environment hook '/home/dwduong74/yahboom_src/install/yahboom_base/share/yahboom_base/hook/ament_prefix_path.sh'
[2.460s] INFO:colcon.colcon_core.shell:Skip shell extension 'powershell' for command environment: Not usable outside of PowerShell
[2.460s] DEBUG:colcon.colcon_core.shell:Skip shell extension 'dsv' for command environment
[2.478s] INFO:colcon.colcon_ros.task.ament_python.build:Building ROS package in '/home/dwduong74/yahboom_src/src/yahboom_bringup' with build type 'ament_python'
[2.478s] Level 1:colcon.colcon_core.shell:create_environment_hook('yahboom_bringup', 'ament_prefix_path')
[2.479s] INFO:colcon.colcon_core.shell:Creating environment hook '/home/dwduong74/yahboom_src/install/yahboom_bringup/share/yahboom_bringup/hook/ament_prefix_path.ps1'
[2.480s] INFO:colcon.colcon_core.shell:Creating environment descriptor '/home/dwduong74/yahboom_src/install/yahboom_bringup/share/yahboom_bringup/hook/ament_prefix_path.dsv'
[2.482s] INFO:colcon.colcon_core.shell:Creating environment hook '/home/dwduong74/yahboom_src/install/yahboom_bringup/share/yahboom_bringup/hook/ament_prefix_path.sh'
[2.484s] INFO:colcon.colcon_core.shell:Skip shell extension 'powershell' for command environment: Not usable outside of PowerShell
[2.484s] DEBUG:colcon.colcon_core.shell:Skip shell extension 'dsv' for command environment
[3.207s] INFO:colcon.colcon_core.task.python.build:Building Python package in '/home/dwduong74/yahboom_src/src/tf_publisher'
[3.208s] INFO:colcon.colcon_core.shell:Skip shell extension 'powershell' for command environment: Not usable outside of PowerShell
[3.208s] DEBUG:colcon.colcon_core.shell:Skip shell extension 'dsv' for command environment
[3.740s] INFO:colcon.colcon_core.task.python.build:Building Python package in '/home/dwduong74/yahboom_src/src/yahboom_app_save_map'
[3.740s] INFO:colcon.colcon_core.shell:Skip shell extension 'powershell' for command environment: Not usable outside of PowerShell
[3.740s] DEBUG:colcon.colcon_core.shell:Skip shell extension 'dsv' for command environment
[4.250s] INFO:colcon.colcon_core.task.python.build:Building Python package in '/home/dwduong74/yahboom_src/src/yahboom_base'
[4.250s] INFO:colcon.colcon_core.shell:Skip shell extension 'powershell' for command environment: Not usable outside of PowerShell
[4.250s] DEBUG:colcon.colcon_core.shell:Skip shell extension 'dsv' for command environment
[4.262s] DEBUG:colcon.colcon_core.event_handler.log_command:Invoked command in '/home/dwduong74/yahboom_src/build/oradar_lidar' returned '0': CMAKE_PREFIX_PATH=${CMAKE_PREFIX_PATH}:/home/dwduong74/yahboom_src/install/yahboom_set_height:/home/dwduong74/yahboom_src/install/yahboom_mediapipe:/home/dwduong74/yahboom_src/install/yahboom_gait:/home/dwduong74/yahboom_src/install/yahboom_dog_joint_state:/home/dwduong74/yahboom_src/install/yahboom_description:/home/dwduong74/yahboom_src/install/yahboom_bringup:/home/dwduong74/yahboom_src/install/yahboom_base:/home/dwduong74/yahboom_src/install/yahboom_app_save_map:/home/dwduong74/yahboom_src/install/tf_publisher:/home/dwduong74/yahboom_src/install/bringup:/home/dwduong74/LUMI_ws/install/custom_explorer:/opt/ros/humble /usr/bin/cmake --build /home/dwduong74/yahboom_src/build/oradar_lidar -- -j8 -l8
[4.264s] DEBUG:colcon.colcon_core.event_handler.log_command:Invoking command in '/home/dwduong74/yahboom_src/build/oradar_lidar': CMAKE_PREFIX_PATH=${CMAKE_PREFIX_PATH}:/home/dwduong74/yahboom_src/install/yahboom_set_height:/home/dwduong74/yahboom_src/install/yahboom_mediapipe:/home/dwduong74/yahboom_src/install/yahboom_gait:/home/dwduong74/yahboom_src/install/yahboom_dog_joint_state:/home/dwduong74/yahboom_src/install/yahboom_description:/home/dwduong74/yahboom_src/install/yahboom_bringup:/home/dwduong74/yahboom_src/install/yahboom_base:/home/dwduong74/yahboom_src/install/yahboom_app_save_map:/home/dwduong74/yahboom_src/install/tf_publisher:/home/dwduong74/yahboom_src/install/bringup:/home/dwduong74/LUMI_ws/install/custom_explorer:/opt/ros/humble /usr/bin/cmake --install /home/dwduong74/yahboom_src/build/oradar_lidar
[4.265s] DEBUG:colcon.colcon_core.event_handler.log_command:Invoked command in '/home/dwduong74/yahboom_src/build/champ_base' returned '0': CMAKE_PREFIX_PATH=/home/dwduong74/yahboom_src/install/champ_msgs:/home/dwduong74/yahboom_src/install/champ:/home/dwduong74/yahboom_src/install/yahboom_msgs:/home/dwduong74/yahboom_src/install/velodyne_simulator:/home/dwduong74/yahboom_src/install/velodyne_description:/home/dwduong74/yahboom_src/install/champ_bringup:/home/dwduong74/yahboom_src/install/champ_description:/home/dwduong74/yahboom_src/install/velodyne_gazebo_plugins:/home/dwduong74/yahboom_src/install/oradar_lidar:/home/dwduong74/yahboom_src/install/image_color_lab:/home/dwduong74/yahboom_src/install/go2_description:/home/dwduong74/yahboom_src/install/go2_config:/home/dwduong74/yahboom_src/install/dogzilla_description:/home/dwduong74/yahboom_src/install/dogzilla_config:/home/dwduong74/yahboom_src/install/champ_teleop:/home/dwduong74/yahboom_src/install/champ_navigation:/home/dwduong74/yahboom_src/install/champ_gazebo:/home/dwduong74/yahboom_src/install/champ_base:/home/dwduong74/yahboom_src/install/champ_config:/home/dwduong74/LUMI_ws/install/turtlebot3_manipulation_gazebo:/home/dwduong74/LUMI_ws/install/champ:/home/dwduong74/LUMI_ws/install/rf2o_laser_odometry:/home/dwduong74/yahboom_src/install/yahboom_set_height:/home/dwduong74/yahboom_src/install/yahboom_mediapipe:/home/dwduong74/yahboom_src/install/yahboom_gait:/home/dwduong74/yahboom_src/install/yahboom_dog_joint_state:/home/dwduong74/yahboom_src/install/yahboom_description:/home/dwduong74/yahboom_src/install/yahboom_bringup:/home/dwduong74/yahboom_src/install/yahboom_base:/home/dwduong74/yahboom_src/install/yahboom_app_save_map:/home/dwduong74/yahboom_src/install/tf_publisher:/home/dwduong74/yahboom_src/install/bringup:/home/dwduong74/LUMI_ws/install/custom_explorer:/opt/ros/humble LD_LIBRARY_PATH=/home/dwduong74/yahboom_src/install/champ_msgs/lib:/home/dwduong74/yahboom_src/install/yahboom_msgs/lib:/home/dwduong74/yahboom_src/install/velodyne_gazebo_plugins/lib:/home/dwduong74/yahboom_src/install/image_color_lab/lib:/home/dwduong74/yahboom_src/install/champ_base/lib:/usr/lib/x86_64-linux-gnu/gazebo-11/plugins:/opt/ros/humble/opt/rviz_ogre_vendor/lib:/opt/ros/humble/lib/x86_64-linux-gnu:/opt/ros/humble/lib /usr/bin/cmake --build /home/dwduong74/yahboom_src/build/champ_base -- -j8 -l8
[4.267s] DEBUG:colcon.colcon_core.event_handler.log_command:Invoking command in '/home/dwduong74/yahboom_src/build/champ_base': CMAKE_PREFIX_PATH=/home/dwduong74/yahboom_src/install/champ_msgs:/home/dwduong74/yahboom_src/install/champ:/home/dwduong74/yahboom_src/install/yahboom_msgs:/home/dwduong74/yahboom_src/install/velodyne_simulator:/home/dwduong74/yahboom_src/install/velodyne_description:/home/dwduong74/yahboom_src/install/champ_bringup:/home/dwduong74/yahboom_src/install/champ_description:/home/dwduong74/yahboom_src/install/velodyne_gazebo_plugins:/home/dwduong74/yahboom_src/install/oradar_lidar:/home/dwduong74/yahboom_src/install/image_color_lab:/home/dwduong74/yahboom_src/install/go2_description:/home/dwduong74/yahboom_src/install/go2_config:/home/dwduong74/yahboom_src/install/dogzilla_description:/home/dwduong74/yahboom_src/install/dogzilla_config:/home/dwduong74/yahboom_src/install/champ_teleop:/home/dwduong74/yahboom_src/install/champ_navigation:/home/dwduong74/yahboom_src/install/champ_gazebo:/home/dwduong74/yahboom_src/install/champ_base:/home/dwduong74/yahboom_src/install/champ_config:/home/dwduong74/LUMI_ws/install/turtlebot3_manipulation_gazebo:/home/dwduong74/LUMI_ws/install/champ:/home/dwduong74/LUMI_ws/install/rf2o_laser_odometry:/home/dwduong74/yahboom_src/install/yahboom_set_height:/home/dwduong74/yahboom_src/install/yahboom_mediapipe:/home/dwduong74/yahboom_src/install/yahboom_gait:/home/dwduong74/yahboom_src/install/yahboom_dog_joint_state:/home/dwduong74/yahboom_src/install/yahboom_description:/home/dwduong74/yahboom_src/install/yahboom_bringup:/home/dwduong74/yahboom_src/install/yahboom_base:/home/dwduong74/yahboom_src/install/yahboom_app_save_map:/home/dwduong74/yahboom_src/install/tf_publisher:/home/dwduong74/yahboom_src/install/bringup:/home/dwduong74/LUMI_ws/install/custom_explorer:/opt/ros/humble LD_LIBRARY_PATH=/home/dwduong74/yahboom_src/install/champ_msgs/lib:/home/dwduong74/yahboom_src/install/yahboom_msgs/lib:/home/dwduong74/yahboom_src/install/velodyne_gazebo_plugins/lib:/home/dwduong74/yahboom_src/install/image_color_lab/lib:/home/dwduong74/yahboom_src/install/champ_base/lib:/usr/lib/x86_64-linux-gnu/gazebo-11/plugins:/opt/ros/humble/opt/rviz_ogre_vendor/lib:/opt/ros/humble/lib/x86_64-linux-gnu:/opt/ros/humble/lib /usr/bin/cmake --install /home/dwduong74/yahboom_src/build/champ_base
[4.269s] DEBUG:colcon.colcon_core.event_handler.log_command:Invoked command in '/home/dwduong74/yahboom_src/build/image_color_lab' returned '0': CMAKE_PREFIX_PATH=${CMAKE_PREFIX_PATH}:/home/dwduong74/yahboom_src/install/yahboom_set_height:/home/dwduong74/yahboom_src/install/yahboom_mediapipe:/home/dwduong74/yahboom_src/install/yahboom_gait:/home/dwduong74/yahboom_src/install/yahboom_dog_joint_state:/home/dwduong74/yahboom_src/install/yahboom_description:/home/dwduong74/yahboom_src/install/yahboom_bringup:/home/dwduong74/yahboom_src/install/yahboom_base:/home/dwduong74/yahboom_src/install/yahboom_app_save_map:/home/dwduong74/yahboom_src/install/tf_publisher:/home/dwduong74/yahboom_src/install/bringup:/home/dwduong74/LUMI_ws/install/custom_explorer:/opt/ros/humble /usr/bin/cmake --build /home/dwduong74/yahboom_src/build/image_color_lab -- -j8 -l8
[4.272s] DEBUG:colcon.colcon_core.event_handler.log_command:Invoking command in '/home/dwduong74/yahboom_src/build/image_color_lab': CMAKE_PREFIX_PATH=${CMAKE_PREFIX_PATH}:/home/dwduong74/yahboom_src/install/yahboom_set_height:/home/dwduong74/yahboom_src/install/yahboom_mediapipe:/home/dwduong74/yahboom_src/install/yahboom_gait:/home/dwduong74/yahboom_src/install/yahboom_dog_joint_state:/home/dwduong74/yahboom_src/install/yahboom_description:/home/dwduong74/yahboom_src/install/yahboom_bringup:/home/dwduong74/yahboom_src/install/yahboom_base:/home/dwduong74/yahboom_src/install/yahboom_app_save_map:/home/dwduong74/yahboom_src/install/tf_publisher:/home/dwduong74/yahboom_src/install/bringup:/home/dwduong74/LUMI_ws/install/custom_explorer:/opt/ros/humble /usr/bin/cmake --install /home/dwduong74/yahboom_src/build/image_color_lab
[4.797s] INFO:colcon.colcon_core.task.python.build:Building Python package in '/home/dwduong74/yahboom_src/src/yahboom_bringup'
[4.798s] INFO:colcon.colcon_core.shell:Skip shell extension 'powershell' for command environment: Not usable outside of PowerShell
[4.798s] DEBUG:colcon.colcon_core.shell:Skip shell extension 'dsv' for command environment
[4.809s] DEBUG:colcon.colcon_core.event_handler.log_command:Invoking command in '/home/dwduong74/yahboom_src/src/bringup': PYTHONPATH=/home/dwduong74/yahboom_src/build/bringup/prefix_override:/usr/lib/python3/dist-packages/colcon_core/task/python/colcon_distutils_commands:/home/dwduong74/yahboom_src/install/bringup/lib/python3.10/site-packages:${PYTHONPATH} /usr/bin/python3 -W ignore:setup.py install is deprecated -W ignore:easy_install command is deprecated setup.py egg_info --egg-base ../../build/bringup build --build-base /home/dwduong74/yahboom_src/build/bringup/build install --record /home/dwduong74/yahboom_src/build/bringup/install.log --single-version-externally-managed install_data
[4.834s] Level 1:colcon.colcon_core.environment:create_environment_scripts_only(oradar_lidar)
[4.834s] Level 1:colcon.colcon_core.environment:checking '/home/dwduong74/yahboom_src/install/oradar_lidar' for CMake module files
[4.835s] Level 1:colcon.colcon_core.environment:checking '/home/dwduong74/yahboom_src/install/oradar_lidar' for CMake config files
[4.836s] Level 1:colcon.colcon_core.shell:create_environment_hook('oradar_lidar', 'cmake_prefix_path')
[4.836s] INFO:colcon.colcon_core.shell:Creating environment hook '/home/dwduong74/yahboom_src/install/oradar_lidar/share/oradar_lidar/hook/cmake_prefix_path.ps1'
[4.837s] INFO:colcon.colcon_core.shell:Creating environment descriptor '/home/dwduong74/yahboom_src/install/oradar_lidar/share/oradar_lidar/hook/cmake_prefix_path.dsv'
[4.839s] INFO:colcon.colcon_core.shell:Creating environment hook '/home/dwduong74/yahboom_src/install/oradar_lidar/share/oradar_lidar/hook/cmake_prefix_path.sh'
[4.840s] Level 1:colcon.colcon_core.environment:checking '/home/dwduong74/yahboom_src/install/oradar_lidar/lib'
[4.840s] Level 1:colcon.colcon_core.environment:checking '/home/dwduong74/yahboom_src/install/oradar_lidar/bin'
[4.840s] Level 1:colcon.colcon_core.shell:create_environment_hook('oradar_lidar', 'path')
[4.841s] INFO:colcon.colcon_core.shell:Creating environment hook '/home/dwduong74/yahboom_src/install/oradar_lidar/share/oradar_lidar/hook/path.ps1'
[4.841s] INFO:colcon.colcon_core.shell:Creating environment descriptor '/home/dwduong74/yahboom_src/install/oradar_lidar/share/oradar_lidar/hook/path.dsv'
[4.842s] INFO:colcon.colcon_core.shell:Creating environment hook '/home/dwduong74/yahboom_src/install/oradar_lidar/share/oradar_lidar/hook/path.sh'
[4.843s] Level 1:colcon.colcon_core.environment:checking '/home/dwduong74/yahboom_src/install/oradar_lidar/lib/pkgconfig/oradar_lidar.pc'
[4.844s] Level 1:colcon.colcon_core.environment:checking '/home/dwduong74/yahboom_src/install/oradar_lidar/lib/python3.10/site-packages'
[4.845s] Level 1:colcon.colcon_core.environment:checking '/home/dwduong74/yahboom_src/install/oradar_lidar/bin'
[4.845s] Level 1:colcon.colcon_core.shell:create_environment_hook('oradar_lidar', 'pythonscriptspath')
[4.846s] INFO:colcon.colcon_core.shell:Creating environment hook '/home/dwduong74/yahboom_src/install/oradar_lidar/share/oradar_lidar/hook/pythonscriptspath.ps1'
[4.848s] INFO:colcon.colcon_core.shell:Creating environment descriptor '/home/dwduong74/yahboom_src/install/oradar_lidar/share/oradar_lidar/hook/pythonscriptspath.dsv'
[4.849s] INFO:colcon.colcon_core.shell:Creating environment hook '/home/dwduong74/yahboom_src/install/oradar_lidar/share/oradar_lidar/hook/pythonscriptspath.sh'
[4.850s] INFO:colcon.colcon_core.shell:Creating package script '/home/dwduong74/yahboom_src/install/oradar_lidar/share/oradar_lidar/package.ps1'
[4.851s] INFO:colcon.colcon_core.shell:Creating package descriptor '/home/dwduong74/yahboom_src/install/oradar_lidar/share/oradar_lidar/package.dsv'
[4.852s] INFO:colcon.colcon_core.shell:Creating package script '/home/dwduong74/yahboom_src/install/oradar_lidar/share/oradar_lidar/package.sh'
[4.855s] INFO:colcon.colcon_core.shell:Creating package script '/home/dwduong74/yahboom_src/install/oradar_lidar/share/oradar_lidar/package.bash'
[4.858s] INFO:colcon.colcon_core.shell:Creating package script '/home/dwduong74/yahboom_src/install/oradar_lidar/share/oradar_lidar/package.zsh'
[4.862s] Level 1:colcon.colcon_core.environment:create_file_with_runtime_dependencies(/home/dwduong74/yahboom_src/install/oradar_lidar/share/colcon-core/packages/oradar_lidar)
[4.866s] DEBUG:colcon.colcon_core.event_handler.log_command:Invoked command in '/home/dwduong74/yahboom_src/build/oradar_lidar' returned '0': CMAKE_PREFIX_PATH=${CMAKE_PREFIX_PATH}:/home/dwduong74/yahboom_src/install/yahboom_set_height:/home/dwduong74/yahboom_src/install/yahboom_mediapipe:/home/dwduong74/yahboom_src/install/yahboom_gait:/home/dwduong74/yahboom_src/install/yahboom_dog_joint_state:/home/dwduong74/yahboom_src/install/yahboom_description:/home/dwduong74/yahboom_src/install/yahboom_bringup:/home/dwduong74/yahboom_src/install/yahboom_base:/home/dwduong74/yahboom_src/install/yahboom_app_save_map:/home/dwduong74/yahboom_src/install/tf_publisher:/home/dwduong74/yahboom_src/install/bringup:/home/dwduong74/LUMI_ws/install/custom_explorer:/opt/ros/humble /usr/bin/cmake --install /home/dwduong74/yahboom_src/build/oradar_lidar
[4.867s] Level 1:colcon.colcon_core.environment:create_environment_scripts_only(oradar_lidar)
[4.868s] Level 1:colcon.colcon_core.environment:checking '/home/dwduong74/yahboom_src/install/oradar_lidar' for CMake module files
[4.870s] Level 1:colcon.colcon_core.environment:checking '/home/dwduong74/yahboom_src/install/oradar_lidar' for CMake config files
[4.870s] Level 1:colcon.colcon_core.shell:create_environment_hook('oradar_lidar', 'cmake_prefix_path')
[4.871s] INFO:colcon.colcon_core.shell:Creating environment hook '/home/dwduong74/yahboom_src/install/oradar_lidar/share/oradar_lidar/hook/cmake_prefix_path.ps1'
[4.872s] INFO:colcon.colcon_core.shell:Creating environment descriptor '/home/dwduong74/yahboom_src/install/oradar_lidar/share/oradar_lidar/hook/cmake_prefix_path.dsv'
[4.872s] INFO:colcon.colcon_core.shell:Creating environment hook '/home/dwduong74/yahboom_src/install/oradar_lidar/share/oradar_lidar/hook/cmake_prefix_path.sh'
[4.873s] Level 1:colcon.colcon_core.environment:checking '/home/dwduong74/yahboom_src/install/oradar_lidar/lib'
[4.874s] Level 1:colcon.colcon_core.environment:checking '/home/dwduong74/yahboom_src/install/oradar_lidar/bin'
[4.874s] Level 1:colcon.colcon_core.shell:create_environment_hook('oradar_lidar', 'path')
[4.874s] INFO:colcon.colcon_core.shell:Creating environment hook '/home/dwduong74/yahboom_src/install/oradar_lidar/share/oradar_lidar/hook/path.ps1'
[4.875s] INFO:colcon.colcon_core.shell:Creating environment descriptor '/home/dwduong74/yahboom_src/install/oradar_lidar/share/oradar_lidar/hook/path.dsv'
[4.875s] INFO:colcon.colcon_core.shell:Creating environment hook '/home/dwduong74/yahboom_src/install/oradar_lidar/share/oradar_lidar/hook/path.sh'
[4.876s] Level 1:colcon.colcon_core.environment:checking '/home/dwduong74/yahboom_src/install/oradar_lidar/lib/pkgconfig/oradar_lidar.pc'
[4.877s] Level 1:colcon.colcon_core.environment:checking '/home/dwduong74/yahboom_src/install/oradar_lidar/lib/python3.10/site-packages'
[4.877s] Level 1:colcon.colcon_core.environment:checking '/home/dwduong74/yahboom_src/install/oradar_lidar/bin'
[4.877s] Level 1:colcon.colcon_core.shell:create_environment_hook('oradar_lidar', 'pythonscriptspath')
[4.878s] INFO:colcon.colcon_core.shell:Creating environment hook '/home/dwduong74/yahboom_src/install/oradar_lidar/share/oradar_lidar/hook/pythonscriptspath.ps1'
[4.879s] INFO:colcon.colcon_core.shell:Creating environment descriptor '/home/dwduong74/yahboom_src/install/oradar_lidar/share/oradar_lidar/hook/pythonscriptspath.dsv'
[4.879s] INFO:colcon.colcon_core.shell:Creating environment hook '/home/dwduong74/yahboom_src/install/oradar_lidar/share/oradar_lidar/hook/pythonscriptspath.sh'
[4.881s] INFO:colcon.colcon_core.shell:Creating package script '/home/dwduong74/yahboom_src/install/oradar_lidar/share/oradar_lidar/package.ps1'
[4.882s] INFO:colcon.colcon_core.shell:Creating package descriptor '/home/dwduong74/yahboom_src/install/oradar_lidar/share/oradar_lidar/package.dsv'
[4.883s] INFO:colcon.colcon_core.shell:Creating package script '/home/dwduong74/yahboom_src/install/oradar_lidar/share/oradar_lidar/package.sh'
[4.884s] INFO:colcon.colcon_core.shell:Creating package script '/home/dwduong74/yahboom_src/install/oradar_lidar/share/oradar_lidar/package.bash'
[4.885s] INFO:colcon.colcon_core.shell:Creating package script '/home/dwduong74/yahboom_src/install/oradar_lidar/share/oradar_lidar/package.zsh'
[4.886s] Level 1:colcon.colcon_core.environment:create_file_with_runtime_dependencies(/home/dwduong74/yahboom_src/install/oradar_lidar/share/colcon-core/packages/oradar_lidar)
[4.887s] Level 1:colcon.colcon_core.environment:create_environment_scripts_only(champ_base)
[4.887s] Level 1:colcon.colcon_core.environment:checking '/home/dwduong74/yahboom_src/install/champ_base' for CMake module files
[4.889s] DEBUG:colcon.colcon_core.event_handler.log_command:Invoked command in '/home/dwduong74/yahboom_src/build/champ_base' returned '0': CMAKE_PREFIX_PATH=/home/dwduong74/yahboom_src/install/champ_msgs:/home/dwduong74/yahboom_src/install/champ:/home/dwduong74/yahboom_src/install/yahboom_msgs:/home/dwduong74/yahboom_src/install/velodyne_simulator:/home/dwduong74/yahboom_src/install/velodyne_description:/home/dwduong74/yahboom_src/install/champ_bringup:/home/dwduong74/yahboom_src/install/champ_description:/home/dwduong74/yahboom_src/install/velodyne_gazebo_plugins:/home/dwduong74/yahboom_src/install/oradar_lidar:/home/dwduong74/yahboom_src/install/image_color_lab:/home/dwduong74/yahboom_src/install/go2_description:/home/dwduong74/yahboom_src/install/go2_config:/home/dwduong74/yahboom_src/install/dogzilla_description:/home/dwduong74/yahboom_src/install/dogzilla_config:/home/dwduong74/yahboom_src/install/champ_teleop:/home/dwduong74/yahboom_src/install/champ_navigation:/home/dwduong74/yahboom_src/install/champ_gazebo:/home/dwduong74/yahboom_src/install/champ_base:/home/dwduong74/yahboom_src/install/champ_config:/home/dwduong74/LUMI_ws/install/turtlebot3_manipulation_gazebo:/home/dwduong74/LUMI_ws/install/champ:/home/dwduong74/LUMI_ws/install/rf2o_laser_odometry:/home/dwduong74/yahboom_src/install/yahboom_set_height:/home/dwduong74/yahboom_src/install/yahboom_mediapipe:/home/dwduong74/yahboom_src/install/yahboom_gait:/home/dwduong74/yahboom_src/install/yahboom_dog_joint_state:/home/dwduong74/yahboom_src/install/yahboom_description:/home/dwduong74/yahboom_src/install/yahboom_bringup:/home/dwduong74/yahboom_src/install/yahboom_base:/home/dwduong74/yahboom_src/install/yahboom_app_save_map:/home/dwduong74/yahboom_src/install/tf_publisher:/home/dwduong74/yahboom_src/install/bringup:/home/dwduong74/LUMI_ws/install/custom_explorer:/opt/ros/humble LD_LIBRARY_PATH=/home/dwduong74/yahboom_src/install/champ_msgs/lib:/home/dwduong74/yahboom_src/install/yahboom_msgs/lib:/home/dwduong74/yahboom_src/install/velodyne_gazebo_plugins/lib:/home/dwduong74/yahboom_src/install/image_color_lab/lib:/home/dwduong74/yahboom_src/install/champ_base/lib:/usr/lib/x86_64-linux-gnu/gazebo-11/plugins:/opt/ros/humble/opt/rviz_ogre_vendor/lib:/opt/ros/humble/lib/x86_64-linux-gnu:/opt/ros/humble/lib /usr/bin/cmake --install /home/dwduong74/yahboom_src/build/champ_base
[4.890s] Level 1:colcon.colcon_core.environment:checking '/home/dwduong74/yahboom_src/install/champ_base' for CMake config files
[4.890s] Level 1:colcon.colcon_core.shell:create_environment_hook('champ_base', 'cmake_prefix_path')
[4.891s] INFO:colcon.colcon_core.shell:Creating environment hook '/home/dwduong74/yahboom_src/install/champ_base/share/champ_base/hook/cmake_prefix_path.ps1'
[4.892s] INFO:colcon.colcon_core.shell:Creating environment descriptor '/home/dwduong74/yahboom_src/install/champ_base/share/champ_base/hook/cmake_prefix_path.dsv'
[4.892s] INFO:colcon.colcon_core.shell:Creating environment hook '/home/dwduong74/yahboom_src/install/champ_base/share/champ_base/hook/cmake_prefix_path.sh'
[4.893s] Level 1:colcon.colcon_core.environment:checking '/home/dwduong74/yahboom_src/install/champ_base/lib'
[4.893s] Level 1:colcon.colcon_core.shell:create_environment_hook('champ_base', 'ld_library_path_lib')
[4.894s] INFO:colcon.colcon_core.shell:Creating environment hook '/home/dwduong74/yahboom_src/install/champ_base/share/champ_base/hook/ld_library_path_lib.ps1'
[4.895s] INFO:colcon.colcon_core.shell:Creating environment descriptor '/home/dwduong74/yahboom_src/install/champ_base/share/champ_base/hook/ld_library_path_lib.dsv'
[4.896s] INFO:colcon.colcon_core.shell:Creating environment hook '/home/dwduong74/yahboom_src/install/champ_base/share/champ_base/hook/ld_library_path_lib.sh'
[4.898s] Level 1:colcon.colcon_core.environment:checking '/home/dwduong74/yahboom_src/install/champ_base/bin'
[4.898s] Level 1:colcon.colcon_core.shell:create_environment_hook('champ_base', 'path')
[4.898s] INFO:colcon.colcon_core.shell:Creating environment hook '/home/dwduong74/yahboom_src/install/champ_base/share/champ_base/hook/path.ps1'
[4.899s] INFO:colcon.colcon_core.shell:Creating environment descriptor '/home/dwduong74/yahboom_src/install/champ_base/share/champ_base/hook/path.dsv'
[4.899s] INFO:colcon.colcon_core.shell:Creating environment hook '/home/dwduong74/yahboom_src/install/champ_base/share/champ_base/hook/path.sh'
[4.900s] Level 1:colcon.colcon_core.environment:checking '/home/dwduong74/yahboom_src/install/champ_base/lib/pkgconfig/champ_base.pc'
[4.901s] Level 1:colcon.colcon_core.environment:checking '/home/dwduong74/yahboom_src/install/champ_base/lib/python3.10/site-packages'
[4.901s] Level 1:colcon.colcon_core.environment:checking '/home/dwduong74/yahboom_src/install/champ_base/bin'
[4.902s] Level 1:colcon.colcon_core.shell:create_environment_hook('champ_base', 'pythonscriptspath')
[4.902s] INFO:colcon.colcon_core.shell:Creating environment hook '/home/dwduong74/yahboom_src/install/champ_base/share/champ_base/hook/pythonscriptspath.ps1'
[4.903s] INFO:colcon.colcon_core.shell:Creating environment descriptor '/home/dwduong74/yahboom_src/install/champ_base/share/champ_base/hook/pythonscriptspath.dsv'
[4.903s] INFO:colcon.colcon_core.shell:Creating environment hook '/home/dwduong74/yahboom_src/install/champ_base/share/champ_base/hook/pythonscriptspath.sh'
[4.905s] INFO:colcon.colcon_core.shell:Creating package script '/home/dwduong74/yahboom_src/install/champ_base/share/champ_base/package.ps1'
[4.906s] INFO:colcon.colcon_core.shell:Creating package descriptor '/home/dwduong74/yahboom_src/install/champ_base/share/champ_base/package.dsv'
[4.907s] INFO:colcon.colcon_core.shell:Creating package script '/home/dwduong74/yahboom_src/install/champ_base/share/champ_base/package.sh'
[4.907s] INFO:colcon.colcon_core.shell:Creating package script '/home/dwduong74/yahboom_src/install/champ_base/share/champ_base/package.bash'
[4.908s] INFO:colcon.colcon_core.shell:Creating package script '/home/dwduong74/yahboom_src/install/champ_base/share/champ_base/package.zsh'
[4.909s] Level 1:colcon.colcon_core.environment:create_file_with_runtime_dependencies(/home/dwduong74/yahboom_src/install/champ_base/share/colcon-core/packages/champ_base)
[4.910s] Level 1:colcon.colcon_core.environment:create_environment_scripts_only(champ_base)
[4.910s] Level 1:colcon.colcon_core.environment:checking '/home/dwduong74/yahboom_src/install/champ_base' for CMake module files
[4.911s] Level 1:colcon.colcon_core.environment:checking '/home/dwduong74/yahboom_src/install/champ_base' for CMake config files
[4.911s] Level 1:colcon.colcon_core.shell:create_environment_hook('champ_base', 'cmake_prefix_path')
[4.912s] INFO:colcon.colcon_core.shell:Creating environment hook '/home/dwduong74/yahboom_src/install/champ_base/share/champ_base/hook/cmake_prefix_path.ps1'
[4.913s] INFO:colcon.colcon_core.shell:Creating environment descriptor '/home/dwduong74/yahboom_src/install/champ_base/share/champ_base/hook/cmake_prefix_path.dsv'
[4.913s] INFO:colcon.colcon_core.shell:Creating environment hook '/home/dwduong74/yahboom_src/install/champ_base/share/champ_base/hook/cmake_prefix_path.sh'
[4.914s] Level 1:colcon.colcon_core.environment:checking '/home/dwduong74/yahboom_src/install/champ_base/lib'
[4.914s] Level 1:colcon.colcon_core.shell:create_environment_hook('champ_base', 'ld_library_path_lib')
[4.915s] INFO:colcon.colcon_core.shell:Creating environment hook '/home/dwduong74/yahboom_src/install/champ_base/share/champ_base/hook/ld_library_path_lib.ps1'
[4.915s] INFO:colcon.colcon_core.shell:Creating environment descriptor '/home/dwduong74/yahboom_src/install/champ_base/share/champ_base/hook/ld_library_path_lib.dsv'
[4.916s] INFO:colcon.colcon_core.shell:Creating environment hook '/home/dwduong74/yahboom_src/install/champ_base/share/champ_base/hook/ld_library_path_lib.sh'
[4.917s] Level 1:colcon.colcon_core.environment:checking '/home/dwduong74/yahboom_src/install/champ_base/bin'
[4.917s] Level 1:colcon.colcon_core.shell:create_environment_hook('champ_base', 'path')
[4.917s] INFO:colcon.colcon_core.shell:Creating environment hook '/home/dwduong74/yahboom_src/install/champ_base/share/champ_base/hook/path.ps1'
[4.918s] INFO:colcon.colcon_core.shell:Creating environment descriptor '/home/dwduong74/yahboom_src/install/champ_base/share/champ_base/hook/path.dsv'
[4.919s] INFO:colcon.colcon_core.shell:Creating environment hook '/home/dwduong74/yahboom_src/install/champ_base/share/champ_base/hook/path.sh'
[4.919s] Level 1:colcon.colcon_core.environment:checking '/home/dwduong74/yahboom_src/install/champ_base/lib/pkgconfig/champ_base.pc'
[4.920s] Level 1:colcon.colcon_core.environment:checking '/home/dwduong74/yahboom_src/install/champ_base/lib/python3.10/site-packages'
[4.921s] Level 1:colcon.colcon_core.environment:checking '/home/dwduong74/yahboom_src/install/champ_base/bin'
[4.921s] Level 1:colcon.colcon_core.shell:create_environment_hook('champ_base', 'pythonscriptspath')
[4.921s] INFO:colcon.colcon_core.shell:Creating environment hook '/home/dwduong74/yahboom_src/install/champ_base/share/champ_base/hook/pythonscriptspath.ps1'
[4.922s] INFO:colcon.colcon_core.shell:Creating environment descriptor '/home/dwduong74/yahboom_src/install/champ_base/share/champ_base/hook/pythonscriptspath.dsv'
[4.923s] INFO:colcon.colcon_core.shell:Creating environment hook '/home/dwduong74/yahboom_src/install/champ_base/share/champ_base/hook/pythonscriptspath.sh'
[4.924s] INFO:colcon.colcon_core.shell:Creating package script '/home/dwduong74/yahboom_src/install/champ_base/share/champ_base/package.ps1'
[4.926s] INFO:colcon.colcon_core.shell:Creating package descriptor '/home/dwduong74/yahboom_src/install/champ_base/share/champ_base/package.dsv'
[4.927s] INFO:colcon.colcon_core.shell:Creating package script '/home/dwduong74/yahboom_src/install/champ_base/share/champ_base/package.sh'
[4.927s] INFO:colcon.colcon_core.shell:Creating package script '/home/dwduong74/yahboom_src/install/champ_base/share/champ_base/package.bash'
[4.928s] INFO:colcon.colcon_core.shell:Creating package script '/home/dwduong74/yahboom_src/install/champ_base/share/champ_base/package.zsh'
[4.929s] Level 1:colcon.colcon_core.environment:create_file_with_runtime_dependencies(/home/dwduong74/yahboom_src/install/champ_base/share/colcon-core/packages/champ_base)
[4.930s] INFO:colcon.colcon_ros.task.ament_python.build:Building ROS package in '/home/dwduong74/yahboom_src/src/yahboom_description' with build type 'ament_python'
[4.930s] Level 1:colcon.colcon_core.shell:create_environment_hook('yahboom_description', 'ament_prefix_path')
[4.931s] INFO:colcon.colcon_core.shell:Creating environment hook '/home/dwduong74/yahboom_src/install/yahboom_description/share/yahboom_description/hook/ament_prefix_path.ps1'
[4.932s] INFO:colcon.colcon_core.shell:Creating environment descriptor '/home/dwduong74/yahboom_src/install/yahboom_description/share/yahboom_description/hook/ament_prefix_path.dsv'
[4.932s] INFO:colcon.colcon_core.shell:Creating environment hook '/home/dwduong74/yahboom_src/install/yahboom_description/share/yahboom_description/hook/ament_prefix_path.sh'
[4.933s] INFO:colcon.colcon_core.shell:Skip shell extension 'powershell' for command environment: Not usable outside of PowerShell
[4.933s] DEBUG:colcon.colcon_core.shell:Skip shell extension 'dsv' for command environment
[4.946s] INFO:colcon.colcon_ros.task.ament_python.build:Building ROS package in '/home/dwduong74/yahboom_src/src/yahboom_dog_joint_state' with build type 'ament_python'
[4.946s] Level 1:colcon.colcon_core.shell:create_environment_hook('yahboom_dog_joint_state', 'ament_prefix_path')
[4.947s] INFO:colcon.colcon_core.shell:Creating environment hook '/home/dwduong74/yahboom_src/install/yahboom_dog_joint_state/share/yahboom_dog_joint_state/hook/ament_prefix_path.ps1'
[4.948s] INFO:colcon.colcon_core.shell:Creating environment descriptor '/home/dwduong74/yahboom_src/install/yahboom_dog_joint_state/share/yahboom_dog_joint_state/hook/ament_prefix_path.dsv'
[4.949s] INFO:colcon.colcon_core.shell:Creating environment hook '/home/dwduong74/yahboom_src/install/yahboom_dog_joint_state/share/yahboom_dog_joint_state/hook/ament_prefix_path.sh'
[4.950s] INFO:colcon.colcon_core.shell:Skip shell extension 'powershell' for command environment: Not usable outside of PowerShell
[4.951s] DEBUG:colcon.colcon_core.shell:Skip shell extension 'dsv' for command environment
[4.959s] Level 1:colcon.colcon_core.environment:create_environment_scripts_only(image_color_lab)
[4.960s] Level 1:colcon.colcon_core.environment:checking '/home/dwduong74/yahboom_src/install/image_color_lab' for CMake module files
[4.961s] DEBUG:colcon.colcon_core.event_handler.log_command:Invoked command in '/home/dwduong74/yahboom_src/build/image_color_lab' returned '0': CMAKE_PREFIX_PATH=${CMAKE_PREFIX_PATH}:/home/dwduong74/yahboom_src/install/yahboom_set_height:/home/dwduong74/yahboom_src/install/yahboom_mediapipe:/home/dwduong74/yahboom_src/install/yahboom_gait:/home/dwduong74/yahboom_src/install/yahboom_dog_joint_state:/home/dwduong74/yahboom_src/install/yahboom_description:/home/dwduong74/yahboom_src/install/yahboom_bringup:/home/dwduong74/yahboom_src/install/yahboom_base:/home/dwduong74/yahboom_src/install/yahboom_app_save_map:/home/dwduong74/yahboom_src/install/tf_publisher:/home/dwduong74/yahboom_src/install/bringup:/home/dwduong74/LUMI_ws/install/custom_explorer:/opt/ros/humble /usr/bin/cmake --install /home/dwduong74/yahboom_src/build/image_color_lab
[4.962s] Level 1:colcon.colcon_core.environment:checking '/home/dwduong74/yahboom_src/install/image_color_lab' for CMake config files
[4.962s] Level 1:colcon.colcon_core.shell:create_environment_hook('image_color_lab', 'cmake_prefix_path')
[4.963s] INFO:colcon.colcon_core.shell:Creating environment hook '/home/dwduong74/yahboom_src/install/image_color_lab/share/image_color_lab/hook/cmake_prefix_path.ps1'
[4.963s] INFO:colcon.colcon_core.shell:Creating environment descriptor '/home/dwduong74/yahboom_src/install/image_color_lab/share/image_color_lab/hook/cmake_prefix_path.dsv'
[4.964s] INFO:colcon.colcon_core.shell:Creating environment hook '/home/dwduong74/yahboom_src/install/image_color_lab/share/image_color_lab/hook/cmake_prefix_path.sh'
[4.965s] Level 1:colcon.colcon_core.environment:checking '/home/dwduong74/yahboom_src/install/image_color_lab/lib'
[4.965s] Level 1:colcon.colcon_core.shell:create_environment_hook('image_color_lab', 'ld_library_path_lib')
[4.965s] INFO:colcon.colcon_core.shell:Creating environment hook '/home/dwduong74/yahboom_src/install/image_color_lab/share/image_color_lab/hook/ld_library_path_lib.ps1'
[4.966s] INFO:colcon.colcon_core.shell:Creating environment descriptor '/home/dwduong74/yahboom_src/install/image_color_lab/share/image_color_lab/hook/ld_library_path_lib.dsv'
[4.967s] INFO:colcon.colcon_core.shell:Creating environment hook '/home/dwduong74/yahboom_src/install/image_color_lab/share/image_color_lab/hook/ld_library_path_lib.sh'
[4.968s] Level 1:colcon.colcon_core.environment:checking '/home/dwduong74/yahboom_src/install/image_color_lab/bin'
[4.968s] Level 1:colcon.colcon_core.environment:checking '/home/dwduong74/yahboom_src/install/image_color_lab/lib/pkgconfig/image_color_lab.pc'
[4.968s] Level 1:colcon.colcon_core.environment:checking '/home/dwduong74/yahboom_src/install/image_color_lab/lib/python3.10/site-packages'
[4.969s] Level 1:colcon.colcon_core.environment:checking '/home/dwduong74/yahboom_src/install/image_color_lab/bin'
[4.970s] INFO:colcon.colcon_core.shell:Creating package script '/home/dwduong74/yahboom_src/install/image_color_lab/share/image_color_lab/package.ps1'
[4.970s] INFO:colcon.colcon_core.shell:Creating package descriptor '/home/dwduong74/yahboom_src/install/image_color_lab/share/image_color_lab/package.dsv'
[4.971s] INFO:colcon.colcon_core.shell:Creating package script '/home/dwduong74/yahboom_src/install/image_color_lab/share/image_color_lab/package.sh'
[4.972s] INFO:colcon.colcon_core.shell:Creating package script '/home/dwduong74/yahboom_src/install/image_color_lab/share/image_color_lab/package.bash'
[4.972s] INFO:colcon.colcon_core.shell:Creating package script '/home/dwduong74/yahboom_src/install/image_color_lab/share/image_color_lab/package.zsh'
[4.973s] Level 1:colcon.colcon_core.environment:create_file_with_runtime_dependencies(/home/dwduong74/yahboom_src/install/image_color_lab/share/colcon-core/packages/image_color_lab)
[4.974s] Level 1:colcon.colcon_core.environment:create_environment_scripts_only(image_color_lab)
[4.974s] Level 1:colcon.colcon_core.environment:checking '/home/dwduong74/yahboom_src/install/image_color_lab' for CMake module files
[4.975s] Level 1:colcon.colcon_core.environment:checking '/home/dwduong74/yahboom_src/install/image_color_lab' for CMake config files
[4.976s] Level 1:colcon.colcon_core.shell:create_environment_hook('image_color_lab', 'cmake_prefix_path')
[4.976s] INFO:colcon.colcon_core.shell:Creating environment hook '/home/dwduong74/yahboom_src/install/image_color_lab/share/image_color_lab/hook/cmake_prefix_path.ps1'
[4.977s] INFO:colcon.colcon_core.shell:Creating environment descriptor '/home/dwduong74/yahboom_src/install/image_color_lab/share/image_color_lab/hook/cmake_prefix_path.dsv'
[4.977s] INFO:colcon.colcon_core.shell:Creating environment hook '/home/dwduong74/yahboom_src/install/image_color_lab/share/image_color_lab/hook/cmake_prefix_path.sh'
[4.978s] Level 1:colcon.colcon_core.environment:checking '/home/dwduong74/yahboom_src/install/image_color_lab/lib'
[4.978s] Level 1:colcon.colcon_core.shell:create_environment_hook('image_color_lab', 'ld_library_path_lib')
[4.979s] INFO:colcon.colcon_core.shell:Creating environment hook '/home/dwduong74/yahboom_src/install/image_color_lab/share/image_color_lab/hook/ld_library_path_lib.ps1'
[4.979s] INFO:colcon.colcon_core.shell:Creating environment descriptor '/home/dwduong74/yahboom_src/install/image_color_lab/share/image_color_lab/hook/ld_library_path_lib.dsv'
[4.980s] INFO:colcon.colcon_core.shell:Creating environment hook '/home/dwduong74/yahboom_src/install/image_color_lab/share/image_color_lab/hook/ld_library_path_lib.sh'
[4.981s] Level 1:colcon.colcon_core.environment:checking '/home/dwduong74/yahboom_src/install/image_color_lab/bin'
[4.981s] Level 1:colcon.colcon_core.environment:checking '/home/dwduong74/yahboom_src/install/image_color_lab/lib/pkgconfig/image_color_lab.pc'
[4.981s] Level 1:colcon.colcon_core.environment:checking '/home/dwduong74/yahboom_src/install/image_color_lab/lib/python3.10/site-packages'
[4.982s] Level 1:colcon.colcon_core.environment:checking '/home/dwduong74/yahboom_src/install/image_color_lab/bin'
[4.982s] INFO:colcon.colcon_core.shell:Creating package script '/home/dwduong74/yahboom_src/install/image_color_lab/share/image_color_lab/package.ps1'
[4.983s] INFO:colcon.colcon_core.shell:Creating package descriptor '/home/dwduong74/yahboom_src/install/image_color_lab/share/image_color_lab/package.dsv'
[4.984s] INFO:colcon.colcon_core.shell:Creating package script '/home/dwduong74/yahboom_src/install/image_color_lab/share/image_color_lab/package.sh'
[4.985s] INFO:colcon.colcon_core.shell:Creating package script '/home/dwduong74/yahboom_src/install/image_color_lab/share/image_color_lab/package.bash'
[4.985s] INFO:colcon.colcon_core.shell:Creating package script '/home/dwduong74/yahboom_src/install/image_color_lab/share/image_color_lab/package.zsh'
[4.986s] Level 1:colcon.colcon_core.environment:create_file_with_runtime_dependencies(/home/dwduong74/yahboom_src/install/image_color_lab/share/colcon-core/packages/image_color_lab)
[4.990s] INFO:colcon.colcon_ros.task.ament_python.build:Building ROS package in '/home/dwduong74/yahboom_src/src/yahboom_gait' with build type 'ament_python'
[4.990s] Level 1:colcon.colcon_core.shell:create_environment_hook('yahboom_gait', 'ament_prefix_path')
[4.991s] INFO:colcon.colcon_core.shell:Creating environment hook '/home/dwduong74/yahboom_src/install/yahboom_gait/share/yahboom_gait/hook/ament_prefix_path.ps1'
[4.992s] INFO:colcon.colcon_core.shell:Creating environment descriptor '/home/dwduong74/yahboom_src/install/yahboom_gait/share/yahboom_gait/hook/ament_prefix_path.dsv'
[4.993s] INFO:colcon.colcon_core.shell:Creating environment hook '/home/dwduong74/yahboom_src/install/yahboom_gait/share/yahboom_gait/hook/ament_prefix_path.sh'
[4.994s] INFO:colcon.colcon_core.shell:Skip shell extension 'powershell' for command environment: Not usable outside of PowerShell
[4.994s] DEBUG:colcon.colcon_core.shell:Skip shell extension 'dsv' for command environment
[5.927s] INFO:colcon.colcon_core.task.python.build:Building Python package in '/home/dwduong74/yahboom_src/src/yahboom_description'
[5.928s] INFO:colcon.colcon_core.shell:Skip shell extension 'powershell' for command environment: Not usable outside of PowerShell
[5.928s] DEBUG:colcon.colcon_core.shell:Skip shell extension 'dsv' for command environment
[6.470s] INFO:colcon.colcon_core.task.python.build:Building Python package in '/home/dwduong74/yahboom_src/src/yahboom_dog_joint_state'
[6.470s] INFO:colcon.colcon_core.shell:Skip shell extension 'powershell' for command environment: Not usable outside of PowerShell
[6.470s] DEBUG:colcon.colcon_core.shell:Skip shell extension 'dsv' for command environment
[6.980s] INFO:colcon.colcon_core.task.python.build:Building Python package in '/home/dwduong74/yahboom_src/src/yahboom_gait'
[6.980s] INFO:colcon.colcon_core.shell:Skip shell extension 'powershell' for command environment: Not usable outside of PowerShell
[6.980s] DEBUG:colcon.colcon_core.shell:Skip shell extension 'dsv' for command environment
[6.993s] DEBUG:colcon.colcon_core.event_handler.log_command:Invoking command in '/home/dwduong74/yahboom_src/src/yahboom_bringup': PYTHONPATH=/home/dwduong74/yahboom_src/build/yahboom_bringup/prefix_override:/usr/lib/python3/dist-packages/colcon_core/task/python/colcon_distutils_commands:/home/dwduong74/yahboom_src/install/yahboom_bringup/lib/python3.10/site-packages:${PYTHONPATH} /usr/bin/python3 -W ignore:setup.py install is deprecated -W ignore:easy_install command is deprecated setup.py egg_info --egg-base ../../build/yahboom_bringup build --build-base /home/dwduong74/yahboom_src/build/yahboom_bringup/build install --record /home/dwduong74/yahboom_src/build/yahboom_bringup/install.log --single-version-externally-managed install_data
[6.996s] Level 1:colcon.colcon_core.environment:checking '/home/dwduong74/yahboom_src/install/bringup' for CMake module files
[6.997s] Level 1:colcon.colcon_core.environment:checking '/home/dwduong74/yahboom_src/install/bringup' for CMake config files
[6.998s] DEBUG:colcon.colcon_core.event_handler.log_command:Invoking command in '/home/dwduong74/yahboom_src/src/yahboom_base': PYTHONPATH=/home/dwduong74/yahboom_src/build/yahboom_base/prefix_override:/usr/lib/python3/dist-packages/colcon_core/task/python/colcon_distutils_commands:/home/dwduong74/yahboom_src/install/yahboom_base/lib/python3.10/site-packages:${PYTHONPATH} /usr/bin/python3 -W ignore:setup.py install is deprecated -W ignore:easy_install command is deprecated setup.py egg_info --egg-base ../../build/yahboom_base build --build-base /home/dwduong74/yahboom_src/build/yahboom_base/build install --record /home/dwduong74/yahboom_src/build/yahboom_base/install.log --single-version-externally-managed install_data
[6.999s] DEBUG:colcon.colcon_core.event_handler.log_command:Invoking command in '/home/dwduong74/yahboom_src/src/tf_publisher': PYTHONPATH=/home/dwduong74/yahboom_src/build/tf_publisher/prefix_override:/usr/lib/python3/dist-packages/colcon_core/task/python/colcon_distutils_commands:/home/dwduong74/yahboom_src/install/tf_publisher/lib/python3.10/site-packages:${PYTHONPATH} /usr/bin/python3 -W ignore:setup.py install is deprecated -W ignore:easy_install command is deprecated setup.py egg_info --egg-base ../../build/tf_publisher build --build-base /home/dwduong74/yahboom_src/build/tf_publisher/build install --record /home/dwduong74/yahboom_src/build/tf_publisher/install.log --single-version-externally-managed install_data
[7.000s] Level 1:colcon.colcon_core.environment:checking '/home/dwduong74/yahboom_src/install/bringup/lib'
[7.000s] Level 1:colcon.colcon_core.environment:checking '/home/dwduong74/yahboom_src/install/bringup/bin'
[7.000s] Level 1:colcon.colcon_core.environment:checking '/home/dwduong74/yahboom_src/install/bringup/lib/pkgconfig/bringup.pc'
[7.001s] Level 1:colcon.colcon_core.environment:checking '/home/dwduong74/yahboom_src/install/bringup/lib/python3.10/site-packages'
[7.001s] Level 1:colcon.colcon_core.shell:create_environment_hook('bringup', 'pythonpath')
[7.002s] INFO:colcon.colcon_core.shell:Creating environment hook '/home/dwduong74/yahboom_src/install/bringup/share/bringup/hook/pythonpath.ps1'
[7.003s] DEBUG:colcon.colcon_core.event_handler.log_command:Invoking command in '/home/dwduong74/yahboom_src/src/yahboom_app_save_map': PYTHONPATH=/home/dwduong74/yahboom_src/build/yahboom_app_save_map/prefix_override:/usr/lib/python3/dist-packages/colcon_core/task/python/colcon_distutils_commands:/home/dwduong74/yahboom_src/install/yahboom_app_save_map/lib/python3.10/site-packages:${PYTHONPATH} /usr/bin/python3 -W ignore:setup.py install is deprecated -W ignore:easy_install command is deprecated setup.py egg_info --egg-base ../../build/yahboom_app_save_map build --build-base /home/dwduong74/yahboom_src/build/yahboom_app_save_map/build install --record /home/dwduong74/yahboom_src/build/yahboom_app_save_map/install.log --single-version-externally-managed install_data
[7.003s] DEBUG:colcon.colcon_core.event_handler.log_command:Invoked command in '/home/dwduong74/yahboom_src/src/bringup' returned '0': PYTHONPATH=/home/dwduong74/yahboom_src/build/bringup/prefix_override:/usr/lib/python3/dist-packages/colcon_core/task/python/colcon_distutils_commands:/home/dwduong74/yahboom_src/install/bringup/lib/python3.10/site-packages:${PYTHONPATH} /usr/bin/python3 -W ignore:setup.py install is deprecated -W ignore:easy_install command is deprecated setup.py egg_info --egg-base ../../build/bringup build --build-base /home/dwduong74/yahboom_src/build/bringup/build install --record /home/dwduong74/yahboom_src/build/bringup/install.log --single-version-externally-managed install_data
[7.004s] INFO:colcon.colcon_core.shell:Creating environment descriptor '/home/dwduong74/yahboom_src/install/bringup/share/bringup/hook/pythonpath.dsv'
[7.004s] INFO:colcon.colcon_core.shell:Creating environment hook '/home/dwduong74/yahboom_src/install/bringup/share/bringup/hook/pythonpath.sh'
[7.006s] Level 1:colcon.colcon_core.environment:checking '/home/dwduong74/yahboom_src/install/bringup/bin'
[7.006s] Level 1:colcon.colcon_core.environment:create_environment_scripts_only(bringup)
[7.006s] INFO:colcon.colcon_core.shell:Creating package script '/home/dwduong74/yahboom_src/install/bringup/share/bringup/package.ps1'
[7.007s] INFO:colcon.colcon_core.shell:Creating package descriptor '/home/dwduong74/yahboom_src/install/bringup/share/bringup/package.dsv'
[7.008s] INFO:colcon.colcon_core.shell:Creating package script '/home/dwduong74/yahboom_src/install/bringup/share/bringup/package.sh'
[7.009s] INFO:colcon.colcon_core.shell:Creating package script '/home/dwduong74/yahboom_src/install/bringup/share/bringup/package.bash'
[7.010s] INFO:colcon.colcon_core.shell:Creating package script '/home/dwduong74/yahboom_src/install/bringup/share/bringup/package.zsh'
[7.010s] Level 1:colcon.colcon_core.environment:create_file_with_runtime_dependencies(/home/dwduong74/yahboom_src/install/bringup/share/colcon-core/packages/bringup)
[7.016s] INFO:colcon.colcon_ros.task.ament_python.build:Building ROS package in '/home/dwduong74/yahboom_src/src/yahboom_mediapipe' with build type 'ament_python'
[7.016s] Level 1:colcon.colcon_core.shell:create_environment_hook('yahboom_mediapipe', 'ament_prefix_path')
[7.017s] INFO:colcon.colcon_core.shell:Creating environment hook '/home/dwduong74/yahboom_src/install/yahboom_mediapipe/share/yahboom_mediapipe/hook/ament_prefix_path.ps1'
[7.018s] INFO:colcon.colcon_core.shell:Creating environment descriptor '/home/dwduong74/yahboom_src/install/yahboom_mediapipe/share/yahboom_mediapipe/hook/ament_prefix_path.dsv'
[7.018s] INFO:colcon.colcon_core.shell:Creating environment hook '/home/dwduong74/yahboom_src/install/yahboom_mediapipe/share/yahboom_mediapipe/hook/ament_prefix_path.sh'
[7.019s] INFO:colcon.colcon_core.shell:Skip shell extension 'powershell' for command environment: Not usable outside of PowerShell
[7.020s] DEBUG:colcon.colcon_core.shell:Skip shell extension 'dsv' for command environment
[8.398s] INFO:colcon.colcon_core.task.python.build:Building Python package in '/home/dwduong74/yahboom_src/src/yahboom_mediapipe'
[8.398s] INFO:colcon.colcon_core.shell:Skip shell extension 'powershell' for command environment: Not usable outside of PowerShell
[8.398s] DEBUG:colcon.colcon_core.shell:Skip shell extension 'dsv' for command environment
[8.413s] Level 1:colcon.colcon_core.environment:checking '/home/dwduong74/yahboom_src/install/yahboom_base' for CMake module files
[8.415s] Level 1:colcon.colcon_core.environment:checking '/home/dwduong74/yahboom_src/install/yahboom_base' for CMake config files
[8.416s] DEBUG:colcon.colcon_core.event_handler.log_command:Invoked command in '/home/dwduong74/yahboom_src/src/yahboom_base' returned '0': PYTHONPATH=/home/dwduong74/yahboom_src/build/yahboom_base/prefix_override:/usr/lib/python3/dist-packages/colcon_core/task/python/colcon_distutils_commands:/home/dwduong74/yahboom_src/install/yahboom_base/lib/python3.10/site-packages:${PYTHONPATH} /usr/bin/python3 -W ignore:setup.py install is deprecated -W ignore:easy_install command is deprecated setup.py egg_info --egg-base ../../build/yahboom_base build --build-base /home/dwduong74/yahboom_src/build/yahboom_base/build install --record /home/dwduong74/yahboom_src/build/yahboom_base/install.log --single-version-externally-managed install_data
[8.416s] Level 1:colcon.colcon_core.environment:checking '/home/dwduong74/yahboom_src/install/yahboom_base/lib'
[8.417s] Level 1:colcon.colcon_core.environment:checking '/home/dwduong74/yahboom_src/install/yahboom_base/bin'
[8.417s] Level 1:colcon.colcon_core.environment:checking '/home/dwduong74/yahboom_src/install/yahboom_base/lib/pkgconfig/yahboom_base.pc'
[8.417s] Level 1:colcon.colcon_core.environment:checking '/home/dwduong74/yahboom_src/install/yahboom_base/lib/python3.10/site-packages'
[8.417s] Level 1:colcon.colcon_core.shell:create_environment_hook('yahboom_base', 'pythonpath')
[8.418s] INFO:colcon.colcon_core.shell:Creating environment hook '/home/dwduong74/yahboom_src/install/yahboom_base/share/yahboom_base/hook/pythonpath.ps1'
[8.419s] INFO:colcon.colcon_core.shell:Creating environment descriptor '/home/dwduong74/yahboom_src/install/yahboom_base/share/yahboom_base/hook/pythonpath.dsv'
[8.419s] INFO:colcon.colcon_core.shell:Creating environment hook '/home/dwduong74/yahboom_src/install/yahboom_base/share/yahboom_base/hook/pythonpath.sh'
[8.420s] Level 1:colcon.colcon_core.environment:checking '/home/dwduong74/yahboom_src/install/yahboom_base/bin'
[8.421s] Level 1:colcon.colcon_core.environment:create_environment_scripts_only(yahboom_base)
[8.421s] INFO:colcon.colcon_core.shell:Creating package script '/home/dwduong74/yahboom_src/install/yahboom_base/share/yahboom_base/package.ps1'
[8.422s] INFO:colcon.colcon_core.shell:Creating package descriptor '/home/dwduong74/yahboom_src/install/yahboom_base/share/yahboom_base/package.dsv'
[8.423s] INFO:colcon.colcon_core.shell:Creating package script '/home/dwduong74/yahboom_src/install/yahboom_base/share/yahboom_base/package.sh'
[8.424s] INFO:colcon.colcon_core.shell:Creating package script '/home/dwduong74/yahboom_src/install/yahboom_base/share/yahboom_base/package.bash'
[8.424s] INFO:colcon.colcon_core.shell:Creating package script '/home/dwduong74/yahboom_src/install/yahboom_base/share/yahboom_base/package.zsh'
[8.425s] Level 1:colcon.colcon_core.environment:create_file_with_runtime_dependencies(/home/dwduong74/yahboom_src/install/yahboom_base/share/colcon-core/packages/yahboom_base)
[8.426s] Level 1:colcon.colcon_core.environment:checking '/home/dwduong74/yahboom_src/install/yahboom_bringup' for CMake module files
[8.427s] Level 1:colcon.colcon_core.environment:checking '/home/dwduong74/yahboom_src/install/yahboom_bringup' for CMake config files
[8.428s] DEBUG:colcon.colcon_core.event_handler.log_command:Invoked command in '/home/dwduong74/yahboom_src/src/yahboom_bringup' returned '0': PYTHONPATH=/home/dwduong74/yahboom_src/build/yahboom_bringup/prefix_override:/usr/lib/python3/dist-packages/colcon_core/task/python/colcon_distutils_commands:/home/dwduong74/yahboom_src/install/yahboom_bringup/lib/python3.10/site-packages:${PYTHONPATH} /usr/bin/python3 -W ignore:setup.py install is deprecated -W ignore:easy_install command is deprecated setup.py egg_info --egg-base ../../build/yahboom_bringup build --build-base /home/dwduong74/yahboom_src/build/yahboom_bringup/build install --record /home/dwduong74/yahboom_src/build/yahboom_bringup/install.log --single-version-externally-managed install_data
[8.429s] Level 1:colcon.colcon_core.environment:checking '/home/dwduong74/yahboom_src/install/yahboom_bringup/lib'
[8.429s] Level 1:colcon.colcon_core.environment:checking '/home/dwduong74/yahboom_src/install/yahboom_bringup/bin'
[8.429s] Level 1:colcon.colcon_core.environment:checking '/home/dwduong74/yahboom_src/install/yahboom_bringup/lib/pkgconfig/yahboom_bringup.pc'
[8.429s] Level 1:colcon.colcon_core.environment:checking '/home/dwduong74/yahboom_src/install/yahboom_bringup/lib/python3.10/site-packages'
[8.429s] Level 1:colcon.colcon_core.shell:create_environment_hook('yahboom_bringup', 'pythonpath')
[8.430s] INFO:colcon.colcon_core.shell:Creating environment hook '/home/dwduong74/yahboom_src/install/yahboom_bringup/share/yahboom_bringup/hook/pythonpath.ps1'
[8.431s] INFO:colcon.colcon_core.shell:Creating environment descriptor '/home/dwduong74/yahboom_src/install/yahboom_bringup/share/yahboom_bringup/hook/pythonpath.dsv'
[8.432s] INFO:colcon.colcon_core.shell:Creating environment hook '/home/dwduong74/yahboom_src/install/yahboom_bringup/share/yahboom_bringup/hook/pythonpath.sh'
[8.433s] Level 1:colcon.colcon_core.environment:checking '/home/dwduong74/yahboom_src/install/yahboom_bringup/bin'
[8.433s] Level 1:colcon.colcon_core.environment:create_environment_scripts_only(yahboom_bringup)
[8.434s] INFO:colcon.colcon_core.shell:Creating package script '/home/dwduong74/yahboom_src/install/yahboom_bringup/share/yahboom_bringup/package.ps1'
[8.435s] INFO:colcon.colcon_core.shell:Creating package descriptor '/home/dwduong74/yahboom_src/install/yahboom_bringup/share/yahboom_bringup/package.dsv'
[8.435s] INFO:colcon.colcon_core.shell:Creating package script '/home/dwduong74/yahboom_src/install/yahboom_bringup/share/yahboom_bringup/package.sh'
[8.436s] INFO:colcon.colcon_core.shell:Creating package script '/home/dwduong74/yahboom_src/install/yahboom_bringup/share/yahboom_bringup/package.bash'
[8.437s] INFO:colcon.colcon_core.shell:Creating package script '/home/dwduong74/yahboom_src/install/yahboom_bringup/share/yahboom_bringup/package.zsh'
[8.438s] Level 1:colcon.colcon_core.environment:create_file_with_runtime_dependencies(/home/dwduong74/yahboom_src/install/yahboom_bringup/share/colcon-core/packages/yahboom_bringup)
[8.438s] Level 1:colcon.colcon_core.environment:checking '/home/dwduong74/yahboom_src/install/yahboom_app_save_map' for CMake module files
[8.440s] Level 1:colcon.colcon_core.environment:checking '/home/dwduong74/yahboom_src/install/yahboom_app_save_map' for CMake config files
[8.440s] DEBUG:colcon.colcon_core.event_handler.log_command:Invoked command in '/home/dwduong74/yahboom_src/src/yahboom_app_save_map' returned '0': PYTHONPATH=/home/dwduong74/yahboom_src/build/yahboom_app_save_map/prefix_override:/usr/lib/python3/dist-packages/colcon_core/task/python/colcon_distutils_commands:/home/dwduong74/yahboom_src/install/yahboom_app_save_map/lib/python3.10/site-packages:${PYTHONPATH} /usr/bin/python3 -W ignore:setup.py install is deprecated -W ignore:easy_install command is deprecated setup.py egg_info --egg-base ../../build/yahboom_app_save_map build --build-base /home/dwduong74/yahboom_src/build/yahboom_app_save_map/build install --record /home/dwduong74/yahboom_src/build/yahboom_app_save_map/install.log --single-version-externally-managed install_data
[8.441s] Level 1:colcon.colcon_core.environment:checking '/home/dwduong74/yahboom_src/install/yahboom_app_save_map/lib'
[8.442s] Level 1:colcon.colcon_core.environment:checking '/home/dwduong74/yahboom_src/install/yahboom_app_save_map/bin'
[8.442s] Level 1:colcon.colcon_core.environment:checking '/home/dwduong74/yahboom_src/install/yahboom_app_save_map/lib/pkgconfig/yahboom_app_save_map.pc'
[8.442s] Level 1:colcon.colcon_core.environment:checking '/home/dwduong74/yahboom_src/install/yahboom_app_save_map/lib/python3.10/site-packages'
[8.442s] Level 1:colcon.colcon_core.shell:create_environment_hook('yahboom_app_save_map', 'pythonpath')
[8.443s] INFO:colcon.colcon_core.shell:Creating environment hook '/home/dwduong74/yahboom_src/install/yahboom_app_save_map/share/yahboom_app_save_map/hook/pythonpath.ps1'
[8.444s] INFO:colcon.colcon_core.shell:Creating environment descriptor '/home/dwduong74/yahboom_src/install/yahboom_app_save_map/share/yahboom_app_save_map/hook/pythonpath.dsv'
[8.444s] INFO:colcon.colcon_core.shell:Creating environment hook '/home/dwduong74/yahboom_src/install/yahboom_app_save_map/share/yahboom_app_save_map/hook/pythonpath.sh'
[8.446s] Level 1:colcon.colcon_core.environment:checking '/home/dwduong74/yahboom_src/install/yahboom_app_save_map/bin'
[8.446s] Level 1:colcon.colcon_core.environment:create_environment_scripts_only(yahboom_app_save_map)
[8.447s] INFO:colcon.colcon_core.shell:Creating package script '/home/dwduong74/yahboom_src/install/yahboom_app_save_map/share/yahboom_app_save_map/package.ps1'
[8.448s] INFO:colcon.colcon_core.shell:Creating package descriptor '/home/dwduong74/yahboom_src/install/yahboom_app_save_map/share/yahboom_app_save_map/package.dsv'
[8.449s] INFO:colcon.colcon_core.shell:Creating package script '/home/dwduong74/yahboom_src/install/yahboom_app_save_map/share/yahboom_app_save_map/package.sh'
[8.449s] INFO:colcon.colcon_core.shell:Creating package script '/home/dwduong74/yahboom_src/install/yahboom_app_save_map/share/yahboom_app_save_map/package.bash'
[8.450s] INFO:colcon.colcon_core.shell:Creating package script '/home/dwduong74/yahboom_src/install/yahboom_app_save_map/share/yahboom_app_save_map/package.zsh'
[8.451s] Level 1:colcon.colcon_core.environment:create_file_with_runtime_dependencies(/home/dwduong74/yahboom_src/install/yahboom_app_save_map/share/colcon-core/packages/yahboom_app_save_map)
[8.452s] Level 1:colcon.colcon_core.environment:checking '/home/dwduong74/yahboom_src/install/tf_publisher' for CMake module files
[8.453s] Level 1:colcon.colcon_core.environment:checking '/home/dwduong74/yahboom_src/install/tf_publisher' for CMake config files
[8.454s] DEBUG:colcon.colcon_core.event_handler.log_command:Invoked command in '/home/dwduong74/yahboom_src/src/tf_publisher' returned '0': PYTHONPATH=/home/dwduong74/yahboom_src/build/tf_publisher/prefix_override:/usr/lib/python3/dist-packages/colcon_core/task/python/colcon_distutils_commands:/home/dwduong74/yahboom_src/install/tf_publisher/lib/python3.10/site-packages:${PYTHONPATH} /usr/bin/python3 -W ignore:setup.py install is deprecated -W ignore:easy_install command is deprecated setup.py egg_info --egg-base ../../build/tf_publisher build --build-base /home/dwduong74/yahboom_src/build/tf_publisher/build install --record /home/dwduong74/yahboom_src/build/tf_publisher/install.log --single-version-externally-managed install_data
[8.455s] Level 1:colcon.colcon_core.environment:checking '/home/dwduong74/yahboom_src/install/tf_publisher/lib'
[8.455s] Level 1:colcon.colcon_core.environment:checking '/home/dwduong74/yahboom_src/install/tf_publisher/bin'
[8.455s] Level 1:colcon.colcon_core.environment:checking '/home/dwduong74/yahboom_src/install/tf_publisher/lib/pkgconfig/tf_publisher.pc'
[8.455s] Level 1:colcon.colcon_core.environment:checking '/home/dwduong74/yahboom_src/install/tf_publisher/lib/python3.10/site-packages'
[8.456s] Level 1:colcon.colcon_core.shell:create_environment_hook('tf_publisher', 'pythonpath')
[8.456s] INFO:colcon.colcon_core.shell:Creating environment hook '/home/dwduong74/yahboom_src/install/tf_publisher/share/tf_publisher/hook/pythonpath.ps1'
[8.457s] INFO:colcon.colcon_core.shell:Creating environment descriptor '/home/dwduong74/yahboom_src/install/tf_publisher/share/tf_publisher/hook/pythonpath.dsv'
[8.458s] INFO:colcon.colcon_core.shell:Creating environment hook '/home/dwduong74/yahboom_src/install/tf_publisher/share/tf_publisher/hook/pythonpath.sh'
[8.459s] Level 1:colcon.colcon_core.environment:checking '/home/dwduong74/yahboom_src/install/tf_publisher/bin'
[8.459s] Level 1:colcon.colcon_core.environment:create_environment_scripts_only(tf_publisher)
[8.460s] INFO:colcon.colcon_core.shell:Creating package script '/home/dwduong74/yahboom_src/install/tf_publisher/share/tf_publisher/package.ps1'
[8.461s] INFO:colcon.colcon_core.shell:Creating package descriptor '/home/dwduong74/yahboom_src/install/tf_publisher/share/tf_publisher/package.dsv'
[8.462s] INFO:colcon.colcon_core.shell:Creating package script '/home/dwduong74/yahboom_src/install/tf_publisher/share/tf_publisher/package.sh'
[8.463s] INFO:colcon.colcon_core.shell:Creating package script '/home/dwduong74/yahboom_src/install/tf_publisher/share/tf_publisher/package.bash'
[8.464s] INFO:colcon.colcon_core.shell:Creating package script '/home/dwduong74/yahboom_src/install/tf_publisher/share/tf_publisher/package.zsh'
[8.465s] Level 1:colcon.colcon_core.environment:create_file_with_runtime_dependencies(/home/dwduong74/yahboom_src/install/tf_publisher/share/colcon-core/packages/tf_publisher)
[8.467s] INFO:colcon.colcon_ros.task.ament_cmake.build:Building ROS package in '/home/dwduong74/yahboom_src/src/yahboom_msgs' with build type 'ament_cmake'
[8.467s] INFO:colcon.colcon_cmake.task.cmake.build:Building CMake package in '/home/dwduong74/yahboom_src/src/yahboom_msgs'
[8.467s] INFO:colcon.colcon_core.shell:Skip shell extension 'powershell' for command environment: Not usable outside of PowerShell
[8.468s] DEBUG:colcon.colcon_core.shell:Skip shell extension 'dsv' for command environment
[8.476s] INFO:colcon.colcon_ros.task.ament_python.build:Building ROS package in '/home/dwduong74/yahboom_src/src/yahboom_set_height' with build type 'ament_python'
[8.477s] Level 1:colcon.colcon_core.shell:create_environment_hook('yahboom_set_height', 'ament_prefix_path')
[8.478s] INFO:colcon.colcon_core.shell:Creating environment hook '/home/dwduong74/yahboom_src/install/yahboom_set_height/share/yahboom_set_height/hook/ament_prefix_path.ps1'
[8.478s] INFO:colcon.colcon_core.shell:Creating environment descriptor '/home/dwduong74/yahboom_src/install/yahboom_set_height/share/yahboom_set_height/hook/ament_prefix_path.dsv'
[8.479s] INFO:colcon.colcon_core.shell:Creating environment hook '/home/dwduong74/yahboom_src/install/yahboom_set_height/share/yahboom_set_height/hook/ament_prefix_path.sh'
[8.480s] INFO:colcon.colcon_core.shell:Skip shell extension 'powershell' for command environment: Not usable outside of PowerShell
[8.480s] DEBUG:colcon.colcon_core.shell:Skip shell extension 'dsv' for command environment
[8.488s] INFO:colcon.colcon_ros.task.ament_cmake.build:Building ROS package in '/home/dwduong74/yahboom_src/src/unitree-go2-ros2/champ/champ_gazebo' with build type 'ament_cmake'
[8.488s] INFO:colcon.colcon_cmake.task.cmake.build:Building CMake package in '/home/dwduong74/yahboom_src/src/unitree-go2-ros2/champ/champ_gazebo'
[8.489s] INFO:colcon.colcon_core.shell:Skip shell extension 'powershell' for command environment: Not usable outside of PowerShell
[8.489s] DEBUG:colcon.colcon_core.shell:Skip shell extension 'dsv' for command environment
[8.497s] INFO:colcon.colcon_ros.task.ament_cmake.build:Building ROS package in '/home/dwduong74/yahboom_src/src/unitree-go2-ros2/champ/champ_bringup' with build type 'ament_cmake'
[8.497s] INFO:colcon.colcon_cmake.task.cmake.build:Building CMake package in '/home/dwduong74/yahboom_src/src/unitree-go2-ros2/champ/champ_bringup'
[8.497s] INFO:colcon.colcon_core.shell:Skip shell extension 'powershell' for command environment: Not usable outside of PowerShell
[8.498s] DEBUG:colcon.colcon_core.shell:Skip shell extension 'dsv' for command environment
[8.513s] DEBUG:colcon.colcon_core.event_handler.log_command:Invoking command in '/home/dwduong74/yahboom_src/src/yahboom_description': PYTHONPATH=/home/dwduong74/yahboom_src/build/yahboom_description/prefix_override:/usr/lib/python3/dist-packages/colcon_core/task/python/colcon_distutils_commands:/home/dwduong74/yahboom_src/install/yahboom_description/lib/python3.10/site-packages:${PYTHONPATH} /usr/bin/python3 -W ignore:setup.py install is deprecated -W ignore:easy_install command is deprecated setup.py egg_info --egg-base ../../build/yahboom_description build --build-base /home/dwduong74/yahboom_src/build/yahboom_description/build install --record /home/dwduong74/yahboom_src/build/yahboom_description/install.log --single-version-externally-managed install_data
[8.520s] DEBUG:colcon.colcon_core.event_handler.log_command:Invoking command in '/home/dwduong74/yahboom_src/src/yahboom_gait': PYTHONPATH=/home/dwduong74/yahboom_src/build/yahboom_gait/prefix_override:/usr/lib/python3/dist-packages/colcon_core/task/python/colcon_distutils_commands:/home/dwduong74/yahboom_src/install/yahboom_gait/lib/python3.10/site-packages:${PYTHONPATH} /usr/bin/python3 -W ignore:setup.py install is deprecated -W ignore:easy_install command is deprecated setup.py egg_info --egg-base ../../build/yahboom_gait build --build-base /home/dwduong74/yahboom_src/build/yahboom_gait/build install --record /home/dwduong74/yahboom_src/build/yahboom_gait/install.log --single-version-externally-managed install_data
[8.527s] DEBUG:colcon.colcon_core.event_handler.log_command:Invoking command in '/home/dwduong74/yahboom_src/build/yahboom_msgs': CMAKE_PREFIX_PATH=${CMAKE_PREFIX_PATH}:/home/dwduong74/yahboom_src/install/yahboom_set_height:/home/dwduong74/yahboom_src/install/yahboom_mediapipe:/home/dwduong74/yahboom_src/install/yahboom_gait:/home/dwduong74/yahboom_src/install/yahboom_dog_joint_state:/home/dwduong74/yahboom_src/install/yahboom_description:/home/dwduong74/yahboom_src/install/yahboom_bringup:/home/dwduong74/yahboom_src/install/yahboom_base:/home/dwduong74/yahboom_src/install/yahboom_app_save_map:/home/dwduong74/yahboom_src/install/tf_publisher:/home/dwduong74/yahboom_src/install/bringup:/home/dwduong74/LUMI_ws/install/custom_explorer:/opt/ros/humble /usr/bin/cmake --build /home/dwduong74/yahboom_src/build/yahboom_msgs -- -j8 -l8
[9.439s] INFO:colcon.colcon_core.task.python.build:Building Python package in '/home/dwduong74/yahboom_src/src/yahboom_set_height'
[9.439s] INFO:colcon.colcon_core.shell:Skip shell extension 'powershell' for command environment: Not usable outside of PowerShell
[9.440s] DEBUG:colcon.colcon_core.shell:Skip shell extension 'dsv' for command environment
[9.455s] DEBUG:colcon.colcon_core.event_handler.log_command:Invoking command in '/home/dwduong74/yahboom_src/build/champ_gazebo': CMAKE_PREFIX_PATH=/home/dwduong74/yahboom_src/install/champ_msgs:/home/dwduong74/yahboom_src/install/champ:/home/dwduong74/yahboom_src/install/yahboom_msgs:/home/dwduong74/yahboom_src/install/velodyne_simulator:/home/dwduong74/yahboom_src/install/velodyne_description:/home/dwduong74/yahboom_src/install/champ_bringup:/home/dwduong74/yahboom_src/install/champ_description:/home/dwduong74/yahboom_src/install/velodyne_gazebo_plugins:/home/dwduong74/yahboom_src/install/oradar_lidar:/home/dwduong74/yahboom_src/install/image_color_lab:/home/dwduong74/yahboom_src/install/go2_description:/home/dwduong74/yahboom_src/install/go2_config:/home/dwduong74/yahboom_src/install/dogzilla_description:/home/dwduong74/yahboom_src/install/dogzilla_config:/home/dwduong74/yahboom_src/install/champ_teleop:/home/dwduong74/yahboom_src/install/champ_navigation:/home/dwduong74/yahboom_src/install/champ_gazebo:/home/dwduong74/yahboom_src/install/champ_base:/home/dwduong74/yahboom_src/install/champ_config:/home/dwduong74/LUMI_ws/install/turtlebot3_manipulation_gazebo:/home/dwduong74/LUMI_ws/install/champ:/home/dwduong74/LUMI_ws/install/rf2o_laser_odometry:/home/dwduong74/yahboom_src/install/yahboom_set_height:/home/dwduong74/yahboom_src/install/yahboom_mediapipe:/home/dwduong74/yahboom_src/install/yahboom_gait:/home/dwduong74/yahboom_src/install/yahboom_dog_joint_state:/home/dwduong74/yahboom_src/install/yahboom_description:/home/dwduong74/yahboom_src/install/yahboom_bringup:/home/dwduong74/yahboom_src/install/yahboom_base:/home/dwduong74/yahboom_src/install/yahboom_app_save_map:/home/dwduong74/yahboom_src/install/tf_publisher:/home/dwduong74/yahboom_src/install/bringup:/home/dwduong74/LUMI_ws/install/custom_explorer:/opt/ros/humble LD_LIBRARY_PATH=/home/dwduong74/yahboom_src/install/champ_msgs/lib:/home/dwduong74/yahboom_src/install/yahboom_msgs/lib:/home/dwduong74/yahboom_src/install/velodyne_gazebo_plugins/lib:/home/dwduong74/yahboom_src/install/image_color_lab/lib:/home/dwduong74/yahboom_src/install/champ_base/lib:/usr/lib/x86_64-linux-gnu/gazebo-11/plugins:/opt/ros/humble/opt/rviz_ogre_vendor/lib:/opt/ros/humble/lib/x86_64-linux-gnu:/opt/ros/humble/lib /usr/bin/cmake --build /home/dwduong74/yahboom_src/build/champ_gazebo -- -j8 -l8
[9.466s] Level 1:colcon.colcon_core.environment:checking '/home/dwduong74/yahboom_src/install/yahboom_gait' for CMake module files
[9.467s] Level 1:colcon.colcon_core.environment:checking '/home/dwduong74/yahboom_src/install/yahboom_gait' for CMake config files
[9.468s] Level 1:colcon.colcon_core.environment:checking '/home/dwduong74/yahboom_src/install/yahboom_gait/lib'
[9.468s] Level 1:colcon.colcon_core.environment:checking '/home/dwduong74/yahboom_src/install/yahboom_gait/bin'
[9.468s] Level 1:colcon.colcon_core.environment:checking '/home/dwduong74/yahboom_src/install/yahboom_gait/lib/pkgconfig/yahboom_gait.pc'
[9.468s] Level 1:colcon.colcon_core.environment:checking '/home/dwduong74/yahboom_src/install/yahboom_gait/lib/python3.10/site-packages'
[9.469s] Level 1:colcon.colcon_core.shell:create_environment_hook('yahboom_gait', 'pythonpath')
[9.469s] INFO:colcon.colcon_core.shell:Creating environment hook '/home/dwduong74/yahboom_src/install/yahboom_gait/share/yahboom_gait/hook/pythonpath.ps1'
[9.470s] INFO:colcon.colcon_core.shell:Creating environment descriptor '/home/dwduong74/yahboom_src/install/yahboom_gait/share/yahboom_gait/hook/pythonpath.dsv'
[9.472s] INFO:colcon.colcon_core.shell:Creating environment hook '/home/dwduong74/yahboom_src/install/yahboom_gait/share/yahboom_gait/hook/pythonpath.sh'
[9.473s] Level 1:colcon.colcon_core.environment:checking '/home/dwduong74/yahboom_src/install/yahboom_gait/bin'
[9.473s] Level 1:colcon.colcon_core.environment:create_environment_scripts_only(yahboom_gait)
[9.475s] INFO:colcon.colcon_core.shell:Creating package script '/home/dwduong74/yahboom_src/install/yahboom_gait/share/yahboom_gait/package.ps1'
[9.476s] INFO:colcon.colcon_core.shell:Creating package descriptor '/home/dwduong74/yahboom_src/install/yahboom_gait/share/yahboom_gait/package.dsv'
[9.477s] INFO:colcon.colcon_core.shell:Creating package script '/home/dwduong74/yahboom_src/install/yahboom_gait/share/yahboom_gait/package.sh'
[9.480s] INFO:colcon.colcon_core.shell:Creating package script '/home/dwduong74/yahboom_src/install/yahboom_gait/share/yahboom_gait/package.bash'
[9.481s] INFO:colcon.colcon_core.shell:Creating package script '/home/dwduong74/yahboom_src/install/yahboom_gait/share/yahboom_gait/package.zsh'
[9.482s] Level 1:colcon.colcon_core.environment:create_file_with_runtime_dependencies(/home/dwduong74/yahboom_src/install/yahboom_gait/share/colcon-core/packages/yahboom_gait)
[9.479s] DEBUG:colcon.colcon_core.event_handler.log_command:Invoking command in '/home/dwduong74/yahboom_src/src/yahboom_dog_joint_state': PYTHONPATH=/home/dwduong74/yahboom_src/build/yahboom_dog_joint_state/prefix_override:/usr/lib/python3/dist-packages/colcon_core/task/python/colcon_distutils_commands:/home/dwduong74/yahboom_src/install/yahboom_dog_joint_state/lib/python3.10/site-packages:${PYTHONPATH} /usr/bin/python3 -W ignore:setup.py install is deprecated -W ignore:easy_install command is deprecated setup.py egg_info --egg-base ../../build/yahboom_dog_joint_state build --build-base /home/dwduong74/yahboom_src/build/yahboom_dog_joint_state/build install --record /home/dwduong74/yahboom_src/build/yahboom_dog_joint_state/install.log --single-version-externally-managed install_data
[9.487s] DEBUG:colcon.colcon_core.event_handler.log_command:Invoking command in '/home/dwduong74/yahboom_src/build/champ_bringup': CMAKE_PREFIX_PATH=/home/dwduong74/yahboom_src/install/champ_description:/home/dwduong74/yahboom_src/install/champ_base:/home/dwduong74/yahboom_src/install/velodyne_gazebo_plugins:/home/dwduong74/yahboom_src/install/champ_msgs:/home/dwduong74/yahboom_src/install/champ:/home/dwduong74/yahboom_src/install/yahboom_msgs:/home/dwduong74/yahboom_src/install/velodyne_simulator:/home/dwduong74/yahboom_src/install/velodyne_description:/home/dwduong74/yahboom_src/install/champ_bringup:/home/dwduong74/yahboom_src/install/oradar_lidar:/home/dwduong74/yahboom_src/install/image_color_lab:/home/dwduong74/yahboom_src/install/go2_description:/home/dwduong74/yahboom_src/install/go2_config:/home/dwduong74/yahboom_src/install/dogzilla_description:/home/dwduong74/yahboom_src/install/dogzilla_config:/home/dwduong74/yahboom_src/install/champ_teleop:/home/dwduong74/yahboom_src/install/champ_navigation:/home/dwduong74/yahboom_src/install/champ_gazebo:/home/dwduong74/yahboom_src/install/champ_config:/home/dwduong74/LUMI_ws/install/turtlebot3_manipulation_gazebo:/home/dwduong74/LUMI_ws/install/champ:/home/dwduong74/LUMI_ws/install/rf2o_laser_odometry:/home/dwduong74/yahboom_src/install/yahboom_set_height:/home/dwduong74/yahboom_src/install/yahboom_mediapipe:/home/dwduong74/yahboom_src/install/yahboom_gait:/home/dwduong74/yahboom_src/install/yahboom_dog_joint_state:/home/dwduong74/yahboom_src/install/yahboom_description:/home/dwduong74/yahboom_src/install/yahboom_bringup:/home/dwduong74/yahboom_src/install/yahboom_base:/home/dwduong74/yahboom_src/install/yahboom_app_save_map:/home/dwduong74/yahboom_src/install/tf_publisher:/home/dwduong74/yahboom_src/install/bringup:/home/dwduong74/LUMI_ws/install/custom_explorer:/opt/ros/humble LD_LIBRARY_PATH=/home/dwduong74/yahboom_src/install/champ_base/lib:/home/dwduong74/yahboom_src/install/velodyne_gazebo_plugins/lib:/home/dwduong74/yahboom_src/install/champ_msgs/lib:/home/dwduong74/yahboom_src/install/yahboom_msgs/lib:/home/dwduong74/yahboom_src/install/image_color_lab/lib:/usr/lib/x86_64-linux-gnu/gazebo-11/plugins:/opt/ros/humble/opt/rviz_ogre_vendor/lib:/opt/ros/humble/lib/x86_64-linux-gnu:/opt/ros/humble/lib PATH=/home/dwduong74/yahboom_src/install/champ_base/bin:/home/dwduong74/yahboom_src/install/oradar_lidar/bin:/home/dwduong74/yahboom_src/install/champ_gazebo/bin:/usr/bin:/home/dwduong74/.local/bin:/home/dwduong74/.local/bin:/opt/ros/humble/bin:/usr/local/sbin:/usr/local/bin:/usr/sbin:/usr/bin:/sbin:/bin:/usr/games:/usr/local/games:/snap/bin /usr/bin/cmake --build /home/dwduong74/yahboom_src/build/champ_bringup -- -j8 -l8
[9.488s] DEBUG:colcon.colcon_core.event_handler.log_command:Invoked command in '/home/dwduong74/yahboom_src/src/yahboom_gait' returned '0': PYTHONPATH=/home/dwduong74/yahboom_src/build/yahboom_gait/prefix_override:/usr/lib/python3/dist-packages/colcon_core/task/python/colcon_distutils_commands:/home/dwduong74/yahboom_src/install/yahboom_gait/lib/python3.10/site-packages:${PYTHONPATH} /usr/bin/python3 -W ignore:setup.py install is deprecated -W ignore:easy_install command is deprecated setup.py egg_info --egg-base ../../build/yahboom_gait build --build-base /home/dwduong74/yahboom_src/build/yahboom_gait/build install --record /home/dwduong74/yahboom_src/build/yahboom_gait/install.log --single-version-externally-managed install_data
[9.502s] INFO:colcon.colcon_ros.task.ament_cmake.build:Building ROS package in '/home/dwduong74/yahboom_src/src/unitree-go2-ros2/velodyne/velodyne_simulator' with build type 'ament_cmake'
[9.502s] INFO:colcon.colcon_cmake.task.cmake.build:Building CMake package in '/home/dwduong74/yahboom_src/src/unitree-go2-ros2/velodyne/velodyne_simulator'
[9.503s] INFO:colcon.colcon_core.shell:Skip shell extension 'powershell' for command environment: Not usable outside of PowerShell
[9.503s] DEBUG:colcon.colcon_core.shell:Skip shell extension 'dsv' for command environment
[9.527s] Level 1:colcon.colcon_core.environment:checking '/home/dwduong74/yahboom_src/install/yahboom_description' for CMake module files
[9.527s] DEBUG:colcon.colcon_core.event_handler.log_command:Invoked command in '/home/dwduong74/yahboom_src/src/yahboom_description' returned '0': PYTHONPATH=/home/dwduong74/yahboom_src/build/yahboom_description/prefix_override:/usr/lib/python3/dist-packages/colcon_core/task/python/colcon_distutils_commands:/home/dwduong74/yahboom_src/install/yahboom_description/lib/python3.10/site-packages:${PYTHONPATH} /usr/bin/python3 -W ignore:setup.py install is deprecated -W ignore:easy_install command is deprecated setup.py egg_info --egg-base ../../build/yahboom_description build --build-base /home/dwduong74/yahboom_src/build/yahboom_description/build install --record /home/dwduong74/yahboom_src/build/yahboom_description/install.log --single-version-externally-managed install_data
[9.529s] Level 1:colcon.colcon_core.environment:checking '/home/dwduong74/yahboom_src/install/yahboom_description' for CMake config files
[9.530s] Level 1:colcon.colcon_core.environment:checking '/home/dwduong74/yahboom_src/install/yahboom_description/lib'
[9.531s] Level 1:colcon.colcon_core.environment:checking '/home/dwduong74/yahboom_src/install/yahboom_description/bin'
[9.531s] Level 1:colcon.colcon_core.environment:checking '/home/dwduong74/yahboom_src/install/yahboom_description/lib/pkgconfig/yahboom_description.pc'
[9.532s] Level 1:colcon.colcon_core.environment:checking '/home/dwduong74/yahboom_src/install/yahboom_description/lib/python3.10/site-packages'
[9.532s] Level 1:colcon.colcon_core.shell:create_environment_hook('yahboom_description', 'pythonpath')
[9.533s] INFO:colcon.colcon_core.shell:Creating environment hook '/home/dwduong74/yahboom_src/install/yahboom_description/share/yahboom_description/hook/pythonpath.ps1'
[9.533s] INFO:colcon.colcon_core.shell:Creating environment descriptor '/home/dwduong74/yahboom_src/install/yahboom_description/share/yahboom_description/hook/pythonpath.dsv'
[9.534s] INFO:colcon.colcon_core.shell:Creating environment hook '/home/dwduong74/yahboom_src/install/yahboom_description/share/yahboom_description/hook/pythonpath.sh'
[9.536s] Level 1:colcon.colcon_core.environment:checking '/home/dwduong74/yahboom_src/install/yahboom_description/bin'
[9.536s] Level 1:colcon.colcon_core.environment:create_environment_scripts_only(yahboom_description)
[9.537s] INFO:colcon.colcon_core.shell:Creating package script '/home/dwduong74/yahboom_src/install/yahboom_description/share/yahboom_description/package.ps1'
[9.538s] INFO:colcon.colcon_core.shell:Creating package descriptor '/home/dwduong74/yahboom_src/install/yahboom_description/share/yahboom_description/package.dsv'
[9.539s] INFO:colcon.colcon_core.shell:Creating package script '/home/dwduong74/yahboom_src/install/yahboom_description/share/yahboom_description/package.sh'
[9.540s] INFO:colcon.colcon_core.shell:Creating package script '/home/dwduong74/yahboom_src/install/yahboom_description/share/yahboom_description/package.bash'
[9.541s] INFO:colcon.colcon_core.shell:Creating package script '/home/dwduong74/yahboom_src/install/yahboom_description/share/yahboom_description/package.zsh'
[9.541s] Level 1:colcon.colcon_core.environment:create_file_with_runtime_dependencies(/home/dwduong74/yahboom_src/install/yahboom_description/share/colcon-core/packages/yahboom_description)
[9.547s] DEBUG:colcon.colcon_core.event_handler.log_command:Invoking command in '/home/dwduong74/yahboom_src/build/velodyne_simulator': CMAKE_PREFIX_PATH=/home/dwduong74/yahboom_src/install/velodyne_description:/home/dwduong74/yahboom_src/install/velodyne_gazebo_plugins:/home/dwduong74/yahboom_src/install/yahboom_msgs:/home/dwduong74/yahboom_src/install/velodyne_simulator:/home/dwduong74/yahboom_src/install/champ_bringup:/home/dwduong74/yahboom_src/install/champ_description:/home/dwduong74/yahboom_src/install/oradar_lidar:/home/dwduong74/yahboom_src/install/image_color_lab:/home/dwduong74/yahboom_src/install/go2_description:/home/dwduong74/yahboom_src/install/go2_config:/home/dwduong74/yahboom_src/install/dogzilla_description:/home/dwduong74/yahboom_src/install/dogzilla_config:/home/dwduong74/yahboom_src/install/champ_teleop:/home/dwduong74/yahboom_src/install/champ_navigation:/home/dwduong74/yahboom_src/install/champ_gazebo:/home/dwduong74/yahboom_src/install/champ_base:/home/dwduong74/yahboom_src/install/champ_msgs:/home/dwduong74/yahboom_src/install/champ_config:/home/dwduong74/yahboom_src/install/champ:/home/dwduong74/LUMI_ws/install/turtlebot3_manipulation_gazebo:/home/dwduong74/LUMI_ws/install/champ:/home/dwduong74/LUMI_ws/install/rf2o_laser_odometry:/home/dwduong74/yahboom_src/install/yahboom_set_height:/home/dwduong74/yahboom_src/install/yahboom_mediapipe:/home/dwduong74/yahboom_src/install/yahboom_gait:/home/dwduong74/yahboom_src/install/yahboom_dog_joint_state:/home/dwduong74/yahboom_src/install/yahboom_description:/home/dwduong74/yahboom_src/install/yahboom_bringup:/home/dwduong74/yahboom_src/install/yahboom_base:/home/dwduong74/yahboom_src/install/yahboom_app_save_map:/home/dwduong74/yahboom_src/install/tf_publisher:/home/dwduong74/yahboom_src/install/bringup:/home/dwduong74/LUMI_ws/install/custom_explorer:/opt/ros/humble LD_LIBRARY_PATH=/home/dwduong74/yahboom_src/install/velodyne_gazebo_plugins/lib:/home/dwduong74/yahboom_src/install/yahboom_msgs/lib:/home/dwduong74/yahboom_src/install/image_color_lab/lib:/home/dwduong74/yahboom_src/install/champ_base/lib:/home/dwduong74/yahboom_src/install/champ_msgs/lib:/usr/lib/x86_64-linux-gnu/gazebo-11/plugins:/opt/ros/humble/opt/rviz_ogre_vendor/lib:/opt/ros/humble/lib/x86_64-linux-gnu:/opt/ros/humble/lib /usr/bin/cmake --build /home/dwduong74/yahboom_src/build/velodyne_simulator -- -j8 -l8
[9.557s] DEBUG:colcon.colcon_core.event_handler.log_command:Invoked command in '/home/dwduong74/yahboom_src/build/champ_gazebo' returned '0': CMAKE_PREFIX_PATH=/home/dwduong74/yahboom_src/install/champ_msgs:/home/dwduong74/yahboom_src/install/champ:/home/dwduong74/yahboom_src/install/yahboom_msgs:/home/dwduong74/yahboom_src/install/velodyne_simulator:/home/dwduong74/yahboom_src/install/velodyne_description:/home/dwduong74/yahboom_src/install/champ_bringup:/home/dwduong74/yahboom_src/install/champ_description:/home/dwduong74/yahboom_src/install/velodyne_gazebo_plugins:/home/dwduong74/yahboom_src/install/oradar_lidar:/home/dwduong74/yahboom_src/install/image_color_lab:/home/dwduong74/yahboom_src/install/go2_description:/home/dwduong74/yahboom_src/install/go2_config:/home/dwduong74/yahboom_src/install/dogzilla_description:/home/dwduong74/yahboom_src/install/dogzilla_config:/home/dwduong74/yahboom_src/install/champ_teleop:/home/dwduong74/yahboom_src/install/champ_navigation:/home/dwduong74/yahboom_src/install/champ_gazebo:/home/dwduong74/yahboom_src/install/champ_base:/home/dwduong74/yahboom_src/install/champ_config:/home/dwduong74/LUMI_ws/install/turtlebot3_manipulation_gazebo:/home/dwduong74/LUMI_ws/install/champ:/home/dwduong74/LUMI_ws/install/rf2o_laser_odometry:/home/dwduong74/yahboom_src/install/yahboom_set_height:/home/dwduong74/yahboom_src/install/yahboom_mediapipe:/home/dwduong74/yahboom_src/install/yahboom_gait:/home/dwduong74/yahboom_src/install/yahboom_dog_joint_state:/home/dwduong74/yahboom_src/install/yahboom_description:/home/dwduong74/yahboom_src/install/yahboom_bringup:/home/dwduong74/yahboom_src/install/yahboom_base:/home/dwduong74/yahboom_src/install/yahboom_app_save_map:/home/dwduong74/yahboom_src/install/tf_publisher:/home/dwduong74/yahboom_src/install/bringup:/home/dwduong74/LUMI_ws/install/custom_explorer:/opt/ros/humble LD_LIBRARY_PATH=/home/dwduong74/yahboom_src/install/champ_msgs/lib:/home/dwduong74/yahboom_src/install/yahboom_msgs/lib:/home/dwduong74/yahboom_src/install/velodyne_gazebo_plugins/lib:/home/dwduong74/yahboom_src/install/image_color_lab/lib:/home/dwduong74/yahboom_src/install/champ_base/lib:/usr/lib/x86_64-linux-gnu/gazebo-11/plugins:/opt/ros/humble/opt/rviz_ogre_vendor/lib:/opt/ros/humble/lib/x86_64-linux-gnu:/opt/ros/humble/lib /usr/bin/cmake --build /home/dwduong74/yahboom_src/build/champ_gazebo -- -j8 -l8
[9.559s] DEBUG:colcon.colcon_core.event_handler.log_command:Invoking command in '/home/dwduong74/yahboom_src/build/champ_gazebo': CMAKE_PREFIX_PATH=/home/dwduong74/yahboom_src/install/champ_msgs:/home/dwduong74/yahboom_src/install/champ:/home/dwduong74/yahboom_src/install/yahboom_msgs:/home/dwduong74/yahboom_src/install/velodyne_simulator:/home/dwduong74/yahboom_src/install/velodyne_description:/home/dwduong74/yahboom_src/install/champ_bringup:/home/dwduong74/yahboom_src/install/champ_description:/home/dwduong74/yahboom_src/install/velodyne_gazebo_plugins:/home/dwduong74/yahboom_src/install/oradar_lidar:/home/dwduong74/yahboom_src/install/image_color_lab:/home/dwduong74/yahboom_src/install/go2_description:/home/dwduong74/yahboom_src/install/go2_config:/home/dwduong74/yahboom_src/install/dogzilla_description:/home/dwduong74/yahboom_src/install/dogzilla_config:/home/dwduong74/yahboom_src/install/champ_teleop:/home/dwduong74/yahboom_src/install/champ_navigation:/home/dwduong74/yahboom_src/install/champ_gazebo:/home/dwduong74/yahboom_src/install/champ_base:/home/dwduong74/yahboom_src/install/champ_config:/home/dwduong74/LUMI_ws/install/turtlebot3_manipulation_gazebo:/home/dwduong74/LUMI_ws/install/champ:/home/dwduong74/LUMI_ws/install/rf2o_laser_odometry:/home/dwduong74/yahboom_src/install/yahboom_set_height:/home/dwduong74/yahboom_src/install/yahboom_mediapipe:/home/dwduong74/yahboom_src/install/yahboom_gait:/home/dwduong74/yahboom_src/install/yahboom_dog_joint_state:/home/dwduong74/yahboom_src/install/yahboom_description:/home/dwduong74/yahboom_src/install/yahboom_bringup:/home/dwduong74/yahboom_src/install/yahboom_base:/home/dwduong74/yahboom_src/install/yahboom_app_save_map:/home/dwduong74/yahboom_src/install/tf_publisher:/home/dwduong74/yahboom_src/install/bringup:/home/dwduong74/LUMI_ws/install/custom_explorer:/opt/ros/humble LD_LIBRARY_PATH=/home/dwduong74/yahboom_src/install/champ_msgs/lib:/home/dwduong74/yahboom_src/install/yahboom_msgs/lib:/home/dwduong74/yahboom_src/install/velodyne_gazebo_plugins/lib:/home/dwduong74/yahboom_src/install/image_color_lab/lib:/home/dwduong74/yahboom_src/install/champ_base/lib:/usr/lib/x86_64-linux-gnu/gazebo-11/plugins:/opt/ros/humble/opt/rviz_ogre_vendor/lib:/opt/ros/humble/lib/x86_64-linux-gnu:/opt/ros/humble/lib /usr/bin/cmake --install /home/dwduong74/yahboom_src/build/champ_gazebo
[9.593s] Level 1:colcon.colcon_core.environment:create_environment_scripts_only(champ_gazebo)
[9.593s] Level 1:colcon.colcon_core.environment:checking '/home/dwduong74/yahboom_src/install/champ_gazebo' for CMake module files
[9.594s] Level 1:colcon.colcon_core.environment:checking '/home/dwduong74/yahboom_src/install/champ_gazebo' for CMake config files
[9.595s] Level 1:colcon.colcon_core.shell:create_environment_hook('champ_gazebo', 'cmake_prefix_path')
[9.595s] INFO:colcon.colcon_core.shell:Creating environment hook '/home/dwduong74/yahboom_src/install/champ_gazebo/share/champ_gazebo/hook/cmake_prefix_path.ps1'
[9.597s] DEBUG:colcon.colcon_core.event_handler.log_command:Invoked command in '/home/dwduong74/yahboom_src/build/champ_gazebo' returned '0': CMAKE_PREFIX_PATH=/home/dwduong74/yahboom_src/install/champ_msgs:/home/dwduong74/yahboom_src/install/champ:/home/dwduong74/yahboom_src/install/yahboom_msgs:/home/dwduong74/yahboom_src/install/velodyne_simulator:/home/dwduong74/yahboom_src/install/velodyne_description:/home/dwduong74/yahboom_src/install/champ_bringup:/home/dwduong74/yahboom_src/install/champ_description:/home/dwduong74/yahboom_src/install/velodyne_gazebo_plugins:/home/dwduong74/yahboom_src/install/oradar_lidar:/home/dwduong74/yahboom_src/install/image_color_lab:/home/dwduong74/yahboom_src/install/go2_description:/home/dwduong74/yahboom_src/install/go2_config:/home/dwduong74/yahboom_src/install/dogzilla_description:/home/dwduong74/yahboom_src/install/dogzilla_config:/home/dwduong74/yahboom_src/install/champ_teleop:/home/dwduong74/yahboom_src/install/champ_navigation:/home/dwduong74/yahboom_src/install/champ_gazebo:/home/dwduong74/yahboom_src/install/champ_base:/home/dwduong74/yahboom_src/install/champ_config:/home/dwduong74/LUMI_ws/install/turtlebot3_manipulation_gazebo:/home/dwduong74/LUMI_ws/install/champ:/home/dwduong74/LUMI_ws/install/rf2o_laser_odometry:/home/dwduong74/yahboom_src/install/yahboom_set_height:/home/dwduong74/yahboom_src/install/yahboom_mediapipe:/home/dwduong74/yahboom_src/install/yahboom_gait:/home/dwduong74/yahboom_src/install/yahboom_dog_joint_state:/home/dwduong74/yahboom_src/install/yahboom_description:/home/dwduong74/yahboom_src/install/yahboom_bringup:/home/dwduong74/yahboom_src/install/yahboom_base:/home/dwduong74/yahboom_src/install/yahboom_app_save_map:/home/dwduong74/yahboom_src/install/tf_publisher:/home/dwduong74/yahboom_src/install/bringup:/home/dwduong74/LUMI_ws/install/custom_explorer:/opt/ros/humble LD_LIBRARY_PATH=/home/dwduong74/yahboom_src/install/champ_msgs/lib:/home/dwduong74/yahboom_src/install/yahboom_msgs/lib:/home/dwduong74/yahboom_src/install/velodyne_gazebo_plugins/lib:/home/dwduong74/yahboom_src/install/image_color_lab/lib:/home/dwduong74/yahboom_src/install/champ_base/lib:/usr/lib/x86_64-linux-gnu/gazebo-11/plugins:/opt/ros/humble/opt/rviz_ogre_vendor/lib:/opt/ros/humble/lib/x86_64-linux-gnu:/opt/ros/humble/lib /usr/bin/cmake --install /home/dwduong74/yahboom_src/build/champ_gazebo
[9.599s] INFO:colcon.colcon_core.shell:Creating environment descriptor '/home/dwduong74/yahboom_src/install/champ_gazebo/share/champ_gazebo/hook/cmake_prefix_path.dsv'
[9.600s] INFO:colcon.colcon_core.shell:Creating environment hook '/home/dwduong74/yahboom_src/install/champ_gazebo/share/champ_gazebo/hook/cmake_prefix_path.sh'
[9.606s] Level 1:colcon.colcon_core.environment:checking '/home/dwduong74/yahboom_src/install/champ_gazebo/bin'
[9.606s] Level 1:colcon.colcon_core.shell:create_environment_hook('champ_gazebo', 'path')
[9.606s] INFO:colcon.colcon_core.shell:Creating environment hook '/home/dwduong74/yahboom_src/install/champ_gazebo/share/champ_gazebo/hook/path.ps1'
[9.607s] INFO:colcon.colcon_core.shell:Creating environment descriptor '/home/dwduong74/yahboom_src/install/champ_gazebo/share/champ_gazebo/hook/path.dsv'
[9.608s] INFO:colcon.colcon_core.shell:Creating environment hook '/home/dwduong74/yahboom_src/install/champ_gazebo/share/champ_gazebo/hook/path.sh'
[9.609s] Level 1:colcon.colcon_core.environment:checking '/home/dwduong74/yahboom_src/install/champ_gazebo/lib/pkgconfig/champ_gazebo.pc'
[9.609s] Level 1:colcon.colcon_core.environment:checking '/home/dwduong74/yahboom_src/install/champ_gazebo/lib/python3.10/site-packages'
[9.611s] Level 1:colcon.colcon_core.environment:checking '/home/dwduong74/yahboom_src/install/champ_gazebo/bin'
[9.611s] Level 1:colcon.colcon_core.shell:create_environment_hook('champ_gazebo', 'pythonscriptspath')
[9.612s] INFO:colcon.colcon_core.shell:Creating environment hook '/home/dwduong74/yahboom_src/install/champ_gazebo/share/champ_gazebo/hook/pythonscriptspath.ps1'
[9.613s] INFO:colcon.colcon_core.shell:Creating environment descriptor '/home/dwduong74/yahboom_src/install/champ_gazebo/share/champ_gazebo/hook/pythonscriptspath.dsv'
[9.613s] INFO:colcon.colcon_core.shell:Creating environment hook '/home/dwduong74/yahboom_src/install/champ_gazebo/share/champ_gazebo/hook/pythonscriptspath.sh'
[9.615s] INFO:colcon.colcon_core.shell:Creating package script '/home/dwduong74/yahboom_src/install/champ_gazebo/share/champ_gazebo/package.ps1'
[9.617s] INFO:colcon.colcon_core.shell:Creating package descriptor '/home/dwduong74/yahboom_src/install/champ_gazebo/share/champ_gazebo/package.dsv'
[9.618s] INFO:colcon.colcon_core.shell:Creating package script '/home/dwduong74/yahboom_src/install/champ_gazebo/share/champ_gazebo/package.sh'
[9.619s] INFO:colcon.colcon_core.shell:Creating package script '/home/dwduong74/yahboom_src/install/champ_gazebo/share/champ_gazebo/package.bash'
[9.620s] INFO:colcon.colcon_core.shell:Creating package script '/home/dwduong74/yahboom_src/install/champ_gazebo/share/champ_gazebo/package.zsh'
[9.620s] Level 1:colcon.colcon_core.environment:create_file_with_runtime_dependencies(/home/dwduong74/yahboom_src/install/champ_gazebo/share/colcon-core/packages/champ_gazebo)
[9.622s] Level 1:colcon.colcon_core.environment:create_environment_scripts_only(champ_gazebo)
[9.622s] Level 1:colcon.colcon_core.environment:checking '/home/dwduong74/yahboom_src/install/champ_gazebo' for CMake module files
[9.623s] Level 1:colcon.colcon_core.environment:checking '/home/dwduong74/yahboom_src/install/champ_gazebo' for CMake config files
[9.623s] Level 1:colcon.colcon_core.shell:create_environment_hook('champ_gazebo', 'cmake_prefix_path')
[9.624s] INFO:colcon.colcon_core.shell:Creating environment hook '/home/dwduong74/yahboom_src/install/champ_gazebo/share/champ_gazebo/hook/cmake_prefix_path.ps1'
[9.624s] INFO:colcon.colcon_core.shell:Creating environment descriptor '/home/dwduong74/yahboom_src/install/champ_gazebo/share/champ_gazebo/hook/cmake_prefix_path.dsv'
[9.625s] INFO:colcon.colcon_core.shell:Creating environment hook '/home/dwduong74/yahboom_src/install/champ_gazebo/share/champ_gazebo/hook/cmake_prefix_path.sh'
[9.626s] Level 1:colcon.colcon_core.environment:checking '/home/dwduong74/yahboom_src/install/champ_gazebo/bin'
[9.626s] Level 1:colcon.colcon_core.shell:create_environment_hook('champ_gazebo', 'path')
[9.627s] INFO:colcon.colcon_core.shell:Creating environment hook '/home/dwduong74/yahboom_src/install/champ_gazebo/share/champ_gazebo/hook/path.ps1'
[9.627s] INFO:colcon.colcon_core.shell:Creating environment descriptor '/home/dwduong74/yahboom_src/install/champ_gazebo/share/champ_gazebo/hook/path.dsv'
[9.628s] INFO:colcon.colcon_core.shell:Creating environment hook '/home/dwduong74/yahboom_src/install/champ_gazebo/share/champ_gazebo/hook/path.sh'
[9.629s] Level 1:colcon.colcon_core.environment:checking '/home/dwduong74/yahboom_src/install/champ_gazebo/lib/pkgconfig/champ_gazebo.pc'
[9.630s] Level 1:colcon.colcon_core.environment:checking '/home/dwduong74/yahboom_src/install/champ_gazebo/lib/python3.10/site-packages'
[9.630s] Level 1:colcon.colcon_core.environment:checking '/home/dwduong74/yahboom_src/install/champ_gazebo/bin'
[9.631s] Level 1:colcon.colcon_core.shell:create_environment_hook('champ_gazebo', 'pythonscriptspath')
[9.631s] INFO:colcon.colcon_core.shell:Creating environment hook '/home/dwduong74/yahboom_src/install/champ_gazebo/share/champ_gazebo/hook/pythonscriptspath.ps1'
[9.632s] INFO:colcon.colcon_core.shell:Creating environment descriptor '/home/dwduong74/yahboom_src/install/champ_gazebo/share/champ_gazebo/hook/pythonscriptspath.dsv'
[9.633s] INFO:colcon.colcon_core.shell:Creating environment hook '/home/dwduong74/yahboom_src/install/champ_gazebo/share/champ_gazebo/hook/pythonscriptspath.sh'
[9.635s] INFO:colcon.colcon_core.shell:Creating package script '/home/dwduong74/yahboom_src/install/champ_gazebo/share/champ_gazebo/package.ps1'
[9.637s] INFO:colcon.colcon_core.shell:Creating package descriptor '/home/dwduong74/yahboom_src/install/champ_gazebo/share/champ_gazebo/package.dsv'
[9.638s] INFO:colcon.colcon_core.shell:Creating package script '/home/dwduong74/yahboom_src/install/champ_gazebo/share/champ_gazebo/package.sh'
[9.639s] INFO:colcon.colcon_core.shell:Creating package script '/home/dwduong74/yahboom_src/install/champ_gazebo/share/champ_gazebo/package.bash'
[9.640s] INFO:colcon.colcon_core.shell:Creating package script '/home/dwduong74/yahboom_src/install/champ_gazebo/share/champ_gazebo/package.zsh'
[9.641s] Level 1:colcon.colcon_core.environment:create_file_with_runtime_dependencies(/home/dwduong74/yahboom_src/install/champ_gazebo/share/colcon-core/packages/champ_gazebo)
[9.648s] DEBUG:colcon.colcon_core.event_handler.log_command:Invoking command in '/home/dwduong74/yahboom_src/src/yahboom_mediapipe': PYTHONPATH=/home/dwduong74/yahboom_src/build/yahboom_mediapipe/prefix_override:/usr/lib/python3/dist-packages/colcon_core/task/python/colcon_distutils_commands:/home/dwduong74/yahboom_src/install/yahboom_mediapipe/lib/python3.10/site-packages:${PYTHONPATH} /usr/bin/python3 -W ignore:setup.py install is deprecated -W ignore:easy_install command is deprecated setup.py egg_info --egg-base ../../build/yahboom_mediapipe build --build-base /home/dwduong74/yahboom_src/build/yahboom_mediapipe/build install --record /home/dwduong74/yahboom_src/build/yahboom_mediapipe/install.log --single-version-externally-managed install_data
[9.649s] DEBUG:colcon.colcon_core.event_handler.log_command:Invoked command in '/home/dwduong74/yahboom_src/build/velodyne_simulator' returned '0': CMAKE_PREFIX_PATH=/home/dwduong74/yahboom_src/install/velodyne_description:/home/dwduong74/yahboom_src/install/velodyne_gazebo_plugins:/home/dwduong74/yahboom_src/install/yahboom_msgs:/home/dwduong74/yahboom_src/install/velodyne_simulator:/home/dwduong74/yahboom_src/install/champ_bringup:/home/dwduong74/yahboom_src/install/champ_description:/home/dwduong74/yahboom_src/install/oradar_lidar:/home/dwduong74/yahboom_src/install/image_color_lab:/home/dwduong74/yahboom_src/install/go2_description:/home/dwduong74/yahboom_src/install/go2_config:/home/dwduong74/yahboom_src/install/dogzilla_description:/home/dwduong74/yahboom_src/install/dogzilla_config:/home/dwduong74/yahboom_src/install/champ_teleop:/home/dwduong74/yahboom_src/install/champ_navigation:/home/dwduong74/yahboom_src/install/champ_gazebo:/home/dwduong74/yahboom_src/install/champ_base:/home/dwduong74/yahboom_src/install/champ_msgs:/home/dwduong74/yahboom_src/install/champ_config:/home/dwduong74/yahboom_src/install/champ:/home/dwduong74/LUMI_ws/install/turtlebot3_manipulation_gazebo:/home/dwduong74/LUMI_ws/install/champ:/home/dwduong74/LUMI_ws/install/rf2o_laser_odometry:/home/dwduong74/yahboom_src/install/yahboom_set_height:/home/dwduong74/yahboom_src/install/yahboom_mediapipe:/home/dwduong74/yahboom_src/install/yahboom_gait:/home/dwduong74/yahboom_src/install/yahboom_dog_joint_state:/home/dwduong74/yahboom_src/install/yahboom_description:/home/dwduong74/yahboom_src/install/yahboom_bringup:/home/dwduong74/yahboom_src/install/yahboom_base:/home/dwduong74/yahboom_src/install/yahboom_app_save_map:/home/dwduong74/yahboom_src/install/tf_publisher:/home/dwduong74/yahboom_src/install/bringup:/home/dwduong74/LUMI_ws/install/custom_explorer:/opt/ros/humble LD_LIBRARY_PATH=/home/dwduong74/yahboom_src/install/velodyne_gazebo_plugins/lib:/home/dwduong74/yahboom_src/install/yahboom_msgs/lib:/home/dwduong74/yahboom_src/install/image_color_lab/lib:/home/dwduong74/yahboom_src/install/champ_base/lib:/home/dwduong74/yahboom_src/install/champ_msgs/lib:/usr/lib/x86_64-linux-gnu/gazebo-11/plugins:/opt/ros/humble/opt/rviz_ogre_vendor/lib:/opt/ros/humble/lib/x86_64-linux-gnu:/opt/ros/humble/lib /usr/bin/cmake --build /home/dwduong74/yahboom_src/build/velodyne_simulator -- -j8 -l8
[9.651s] DEBUG:colcon.colcon_core.event_handler.log_command:Invoking command in '/home/dwduong74/yahboom_src/build/velodyne_simulator': CMAKE_PREFIX_PATH=/home/dwduong74/yahboom_src/install/velodyne_description:/home/dwduong74/yahboom_src/install/velodyne_gazebo_plugins:/home/dwduong74/yahboom_src/install/yahboom_msgs:/home/dwduong74/yahboom_src/install/velodyne_simulator:/home/dwduong74/yahboom_src/install/champ_bringup:/home/dwduong74/yahboom_src/install/champ_description:/home/dwduong74/yahboom_src/install/oradar_lidar:/home/dwduong74/yahboom_src/install/image_color_lab:/home/dwduong74/yahboom_src/install/go2_description:/home/dwduong74/yahboom_src/install/go2_config:/home/dwduong74/yahboom_src/install/dogzilla_description:/home/dwduong74/yahboom_src/install/dogzilla_config:/home/dwduong74/yahboom_src/install/champ_teleop:/home/dwduong74/yahboom_src/install/champ_navigation:/home/dwduong74/yahboom_src/install/champ_gazebo:/home/dwduong74/yahboom_src/install/champ_base:/home/dwduong74/yahboom_src/install/champ_msgs:/home/dwduong74/yahboom_src/install/champ_config:/home/dwduong74/yahboom_src/install/champ:/home/dwduong74/LUMI_ws/install/turtlebot3_manipulation_gazebo:/home/dwduong74/LUMI_ws/install/champ:/home/dwduong74/LUMI_ws/install/rf2o_laser_odometry:/home/dwduong74/yahboom_src/install/yahboom_set_height:/home/dwduong74/yahboom_src/install/yahboom_mediapipe:/home/dwduong74/yahboom_src/install/yahboom_gait:/home/dwduong74/yahboom_src/install/yahboom_dog_joint_state:/home/dwduong74/yahboom_src/install/yahboom_description:/home/dwduong74/yahboom_src/install/yahboom_bringup:/home/dwduong74/yahboom_src/install/yahboom_base:/home/dwduong74/yahboom_src/install/yahboom_app_save_map:/home/dwduong74/yahboom_src/install/tf_publisher:/home/dwduong74/yahboom_src/install/bringup:/home/dwduong74/LUMI_ws/install/custom_explorer:/opt/ros/humble LD_LIBRARY_PATH=/home/dwduong74/yahboom_src/install/velodyne_gazebo_plugins/lib:/home/dwduong74/yahboom_src/install/yahboom_msgs/lib:/home/dwduong74/yahboom_src/install/image_color_lab/lib:/home/dwduong74/yahboom_src/install/champ_base/lib:/home/dwduong74/yahboom_src/install/champ_msgs/lib:/usr/lib/x86_64-linux-gnu/gazebo-11/plugins:/opt/ros/humble/opt/rviz_ogre_vendor/lib:/opt/ros/humble/lib/x86_64-linux-gnu:/opt/ros/humble/lib /usr/bin/cmake --install /home/dwduong74/yahboom_src/build/velodyne_simulator
[9.672s] Level 1:colcon.colcon_core.environment:create_environment_scripts_only(velodyne_simulator)
[9.672s] Level 1:colcon.colcon_core.environment:checking '/home/dwduong74/yahboom_src/install/velodyne_simulator' for CMake module files
[9.673s] Level 1:colcon.colcon_core.environment:checking '/home/dwduong74/yahboom_src/install/velodyne_simulator' for CMake config files
[9.674s] Level 1:colcon.colcon_core.shell:create_environment_hook('velodyne_simulator', 'cmake_prefix_path')
[9.674s] INFO:colcon.colcon_core.shell:Creating environment hook '/home/dwduong74/yahboom_src/install/velodyne_simulator/share/velodyne_simulator/hook/cmake_prefix_path.ps1'
[9.675s] INFO:colcon.colcon_core.shell:Creating environment descriptor '/home/dwduong74/yahboom_src/install/velodyne_simulator/share/velodyne_simulator/hook/cmake_prefix_path.dsv'
[9.676s] DEBUG:colcon.colcon_core.event_handler.log_command:Invoked command in '/home/dwduong74/yahboom_src/build/velodyne_simulator' returned '0': CMAKE_PREFIX_PATH=/home/dwduong74/yahboom_src/install/velodyne_description:/home/dwduong74/yahboom_src/install/velodyne_gazebo_plugins:/home/dwduong74/yahboom_src/install/yahboom_msgs:/home/dwduong74/yahboom_src/install/velodyne_simulator:/home/dwduong74/yahboom_src/install/champ_bringup:/home/dwduong74/yahboom_src/install/champ_description:/home/dwduong74/yahboom_src/install/oradar_lidar:/home/dwduong74/yahboom_src/install/image_color_lab:/home/dwduong74/yahboom_src/install/go2_description:/home/dwduong74/yahboom_src/install/go2_config:/home/dwduong74/yahboom_src/install/dogzilla_description:/home/dwduong74/yahboom_src/install/dogzilla_config:/home/dwduong74/yahboom_src/install/champ_teleop:/home/dwduong74/yahboom_src/install/champ_navigation:/home/dwduong74/yahboom_src/install/champ_gazebo:/home/dwduong74/yahboom_src/install/champ_base:/home/dwduong74/yahboom_src/install/champ_msgs:/home/dwduong74/yahboom_src/install/champ_config:/home/dwduong74/yahboom_src/install/champ:/home/dwduong74/LUMI_ws/install/turtlebot3_manipulation_gazebo:/home/dwduong74/LUMI_ws/install/champ:/home/dwduong74/LUMI_ws/install/rf2o_laser_odometry:/home/dwduong74/yahboom_src/install/yahboom_set_height:/home/dwduong74/yahboom_src/install/yahboom_mediapipe:/home/dwduong74/yahboom_src/install/yahboom_gait:/home/dwduong74/yahboom_src/install/yahboom_dog_joint_state:/home/dwduong74/yahboom_src/install/yahboom_description:/home/dwduong74/yahboom_src/install/yahboom_bringup:/home/dwduong74/yahboom_src/install/yahboom_base:/home/dwduong74/yahboom_src/install/yahboom_app_save_map:/home/dwduong74/yahboom_src/install/tf_publisher:/home/dwduong74/yahboom_src/install/bringup:/home/dwduong74/LUMI_ws/install/custom_explorer:/opt/ros/humble LD_LIBRARY_PATH=/home/dwduong74/yahboom_src/install/velodyne_gazebo_plugins/lib:/home/dwduong74/yahboom_src/install/yahboom_msgs/lib:/home/dwduong74/yahboom_src/install/image_color_lab/lib:/home/dwduong74/yahboom_src/install/champ_base/lib:/home/dwduong74/yahboom_src/install/champ_msgs/lib:/usr/lib/x86_64-linux-gnu/gazebo-11/plugins:/opt/ros/humble/opt/rviz_ogre_vendor/lib:/opt/ros/humble/lib/x86_64-linux-gnu:/opt/ros/humble/lib /usr/bin/cmake --install /home/dwduong74/yahboom_src/build/velodyne_simulator
[9.676s] INFO:colcon.colcon_core.shell:Creating environment hook '/home/dwduong74/yahboom_src/install/velodyne_simulator/share/velodyne_simulator/hook/cmake_prefix_path.sh'
[9.677s] Level 1:colcon.colcon_core.environment:checking '/home/dwduong74/yahboom_src/install/velodyne_simulator/bin'
[9.677s] Level 1:colcon.colcon_core.environment:checking '/home/dwduong74/yahboom_src/install/velodyne_simulator/lib/pkgconfig/velodyne_simulator.pc'
[9.678s] Level 1:colcon.colcon_core.environment:checking '/home/dwduong74/yahboom_src/install/velodyne_simulator/lib/python3.10/site-packages'
[9.679s] Level 1:colcon.colcon_core.environment:checking '/home/dwduong74/yahboom_src/install/velodyne_simulator/bin'
[9.681s] INFO:colcon.colcon_core.shell:Creating package script '/home/dwduong74/yahboom_src/install/velodyne_simulator/share/velodyne_simulator/package.ps1'
[9.682s] INFO:colcon.colcon_core.shell:Creating package descriptor '/home/dwduong74/yahboom_src/install/velodyne_simulator/share/velodyne_simulator/package.dsv'
[9.683s] INFO:colcon.colcon_core.shell:Creating package script '/home/dwduong74/yahboom_src/install/velodyne_simulator/share/velodyne_simulator/package.sh'
[9.683s] INFO:colcon.colcon_core.shell:Creating package script '/home/dwduong74/yahboom_src/install/velodyne_simulator/share/velodyne_simulator/package.bash'
[9.684s] INFO:colcon.colcon_core.shell:Creating package script '/home/dwduong74/yahboom_src/install/velodyne_simulator/share/velodyne_simulator/package.zsh'
[9.685s] Level 1:colcon.colcon_core.environment:create_file_with_runtime_dependencies(/home/dwduong74/yahboom_src/install/velodyne_simulator/share/colcon-core/packages/velodyne_simulator)
[9.686s] Level 1:colcon.colcon_core.environment:create_environment_scripts_only(velodyne_simulator)
[9.686s] Level 1:colcon.colcon_core.environment:checking '/home/dwduong74/yahboom_src/install/velodyne_simulator' for CMake module files
[9.687s] Level 1:colcon.colcon_core.environment:checking '/home/dwduong74/yahboom_src/install/velodyne_simulator' for CMake config files
[9.688s] Level 1:colcon.colcon_core.shell:create_environment_hook('velodyne_simulator', 'cmake_prefix_path')
[9.688s] INFO:colcon.colcon_core.shell:Creating environment hook '/home/dwduong74/yahboom_src/install/velodyne_simulator/share/velodyne_simulator/hook/cmake_prefix_path.ps1'
[9.689s] INFO:colcon.colcon_core.shell:Creating environment descriptor '/home/dwduong74/yahboom_src/install/velodyne_simulator/share/velodyne_simulator/hook/cmake_prefix_path.dsv'
[9.689s] INFO:colcon.colcon_core.shell:Creating environment hook '/home/dwduong74/yahboom_src/install/velodyne_simulator/share/velodyne_simulator/hook/cmake_prefix_path.sh'
[9.690s] Level 1:colcon.colcon_core.environment:checking '/home/dwduong74/yahboom_src/install/velodyne_simulator/bin'
[9.690s] Level 1:colcon.colcon_core.environment:checking '/home/dwduong74/yahboom_src/install/velodyne_simulator/lib/pkgconfig/velodyne_simulator.pc'
[9.691s] Level 1:colcon.colcon_core.environment:checking '/home/dwduong74/yahboom_src/install/velodyne_simulator/lib/python3.10/site-packages'
[9.691s] Level 1:colcon.colcon_core.environment:checking '/home/dwduong74/yahboom_src/install/velodyne_simulator/bin'
[9.692s] INFO:colcon.colcon_core.shell:Creating package script '/home/dwduong74/yahboom_src/install/velodyne_simulator/share/velodyne_simulator/package.ps1'
[9.693s] INFO:colcon.colcon_core.shell:Creating package descriptor '/home/dwduong74/yahboom_src/install/velodyne_simulator/share/velodyne_simulator/package.dsv'
[9.694s] INFO:colcon.colcon_core.shell:Creating package script '/home/dwduong74/yahboom_src/install/velodyne_simulator/share/velodyne_simulator/package.sh'
[9.695s] INFO:colcon.colcon_core.shell:Creating package script '/home/dwduong74/yahboom_src/install/velodyne_simulator/share/velodyne_simulator/package.bash'
[9.696s] INFO:colcon.colcon_core.shell:Creating package script '/home/dwduong74/yahboom_src/install/velodyne_simulator/share/velodyne_simulator/package.zsh'
[9.697s] Level 1:colcon.colcon_core.environment:create_file_with_runtime_dependencies(/home/dwduong74/yahboom_src/install/velodyne_simulator/share/colcon-core/packages/velodyne_simulator)
[9.699s] DEBUG:colcon.colcon_core.event_handler.log_command:Invoked command in '/home/dwduong74/yahboom_src/build/yahboom_msgs' returned '0': CMAKE_PREFIX_PATH=${CMAKE_PREFIX_PATH}:/home/dwduong74/yahboom_src/install/yahboom_set_height:/home/dwduong74/yahboom_src/install/yahboom_mediapipe:/home/dwduong74/yahboom_src/install/yahboom_gait:/home/dwduong74/yahboom_src/install/yahboom_dog_joint_state:/home/dwduong74/yahboom_src/install/yahboom_description:/home/dwduong74/yahboom_src/install/yahboom_bringup:/home/dwduong74/yahboom_src/install/yahboom_base:/home/dwduong74/yahboom_src/install/yahboom_app_save_map:/home/dwduong74/yahboom_src/install/tf_publisher:/home/dwduong74/yahboom_src/install/bringup:/home/dwduong74/LUMI_ws/install/custom_explorer:/opt/ros/humble /usr/bin/cmake --build /home/dwduong74/yahboom_src/build/yahboom_msgs -- -j8 -l8
[9.702s] DEBUG:colcon.colcon_core.event_handler.log_command:Invoking command in '/home/dwduong74/yahboom_src/build/yahboom_msgs': CMAKE_PREFIX_PATH=${CMAKE_PREFIX_PATH}:/home/dwduong74/yahboom_src/install/yahboom_set_height:/home/dwduong74/yahboom_src/install/yahboom_mediapipe:/home/dwduong74/yahboom_src/install/yahboom_gait:/home/dwduong74/yahboom_src/install/yahboom_dog_joint_state:/home/dwduong74/yahboom_src/install/yahboom_description:/home/dwduong74/yahboom_src/install/yahboom_bringup:/home/dwduong74/yahboom_src/install/yahboom_base:/home/dwduong74/yahboom_src/install/yahboom_app_save_map:/home/dwduong74/yahboom_src/install/tf_publisher:/home/dwduong74/yahboom_src/install/bringup:/home/dwduong74/LUMI_ws/install/custom_explorer:/opt/ros/humble /usr/bin/cmake --install /home/dwduong74/yahboom_src/build/yahboom_msgs
[9.828s] Level 1:colcon.colcon_core.environment:create_environment_scripts_only(yahboom_msgs)
[9.828s] Level 1:colcon.colcon_core.environment:checking '/home/dwduong74/yahboom_src/install/yahboom_msgs' for CMake module files
[9.829s] Level 1:colcon.colcon_core.environment:checking '/home/dwduong74/yahboom_src/install/yahboom_msgs' for CMake config files
[9.830s] Level 1:colcon.colcon_core.shell:create_environment_hook('yahboom_msgs', 'cmake_prefix_path')
[9.830s] INFO:colcon.colcon_core.shell:Creating environment hook '/home/dwduong74/yahboom_src/install/yahboom_msgs/share/yahboom_msgs/hook/cmake_prefix_path.ps1'
[9.833s] INFO:colcon.colcon_core.shell:Creating environment descriptor '/home/dwduong74/yahboom_src/install/yahboom_msgs/share/yahboom_msgs/hook/cmake_prefix_path.dsv'
[9.833s] INFO:colcon.colcon_core.shell:Creating environment hook '/home/dwduong74/yahboom_src/install/yahboom_msgs/share/yahboom_msgs/hook/cmake_prefix_path.sh'
[9.835s] DEBUG:colcon.colcon_core.event_handler.log_command:Invoked command in '/home/dwduong74/yahboom_src/build/yahboom_msgs' returned '0': CMAKE_PREFIX_PATH=${CMAKE_PREFIX_PATH}:/home/dwduong74/yahboom_src/install/yahboom_set_height:/home/dwduong74/yahboom_src/install/yahboom_mediapipe:/home/dwduong74/yahboom_src/install/yahboom_gait:/home/dwduong74/yahboom_src/install/yahboom_dog_joint_state:/home/dwduong74/yahboom_src/install/yahboom_description:/home/dwduong74/yahboom_src/install/yahboom_bringup:/home/dwduong74/yahboom_src/install/yahboom_base:/home/dwduong74/yahboom_src/install/yahboom_app_save_map:/home/dwduong74/yahboom_src/install/tf_publisher:/home/dwduong74/yahboom_src/install/bringup:/home/dwduong74/LUMI_ws/install/custom_explorer:/opt/ros/humble /usr/bin/cmake --install /home/dwduong74/yahboom_src/build/yahboom_msgs
[9.838s] Level 1:colcon.colcon_core.environment:checking '/home/dwduong74/yahboom_src/install/yahboom_msgs/lib'
[9.838s] Level 1:colcon.colcon_core.shell:create_environment_hook('yahboom_msgs', 'ld_library_path_lib')
[9.838s] INFO:colcon.colcon_core.shell:Creating environment hook '/home/dwduong74/yahboom_src/install/yahboom_msgs/share/yahboom_msgs/hook/ld_library_path_lib.ps1'
[9.839s] INFO:colcon.colcon_core.shell:Creating environment descriptor '/home/dwduong74/yahboom_src/install/yahboom_msgs/share/yahboom_msgs/hook/ld_library_path_lib.dsv'
[9.840s] INFO:colcon.colcon_core.shell:Creating environment hook '/home/dwduong74/yahboom_src/install/yahboom_msgs/share/yahboom_msgs/hook/ld_library_path_lib.sh'
[9.840s] Level 1:colcon.colcon_core.environment:checking '/home/dwduong74/yahboom_src/install/yahboom_msgs/bin'
[9.845s] Level 1:colcon.colcon_core.environment:checking '/home/dwduong74/yahboom_src/install/yahboom_msgs/lib/pkgconfig/yahboom_msgs.pc'
[9.846s] Level 1:colcon.colcon_core.environment:checking '/home/dwduong74/yahboom_src/install/yahboom_msgs/lib/python3.10/site-packages'
[9.847s] Level 1:colcon.colcon_core.environment:checking '/home/dwduong74/yahboom_src/install/yahboom_msgs/bin'
[9.847s] INFO:colcon.colcon_core.shell:Creating package script '/home/dwduong74/yahboom_src/install/yahboom_msgs/share/yahboom_msgs/package.ps1'
[9.848s] INFO:colcon.colcon_core.shell:Creating package descriptor '/home/dwduong74/yahboom_src/install/yahboom_msgs/share/yahboom_msgs/package.dsv'
[9.849s] INFO:colcon.colcon_core.shell:Creating package script '/home/dwduong74/yahboom_src/install/yahboom_msgs/share/yahboom_msgs/package.sh'
[9.856s] INFO:colcon.colcon_core.shell:Creating package script '/home/dwduong74/yahboom_src/install/yahboom_msgs/share/yahboom_msgs/package.bash'
[9.856s] INFO:colcon.colcon_core.shell:Creating package script '/home/dwduong74/yahboom_src/install/yahboom_msgs/share/yahboom_msgs/package.zsh'
[9.857s] Level 1:colcon.colcon_core.environment:create_file_with_runtime_dependencies(/home/dwduong74/yahboom_src/install/yahboom_msgs/share/colcon-core/packages/yahboom_msgs)
[9.858s] Level 1:colcon.colcon_core.environment:create_environment_scripts_only(yahboom_msgs)
[9.864s] Level 1:colcon.colcon_core.environment:checking '/home/dwduong74/yahboom_src/install/yahboom_msgs' for CMake module files
[9.865s] Level 1:colcon.colcon_core.environment:checking '/home/dwduong74/yahboom_src/install/yahboom_msgs' for CMake config files
[9.866s] Level 1:colcon.colcon_core.shell:create_environment_hook('yahboom_msgs', 'cmake_prefix_path')
[9.866s] INFO:colcon.colcon_core.shell:Creating environment hook '/home/dwduong74/yahboom_src/install/yahboom_msgs/share/yahboom_msgs/hook/cmake_prefix_path.ps1'
[9.867s] INFO:colcon.colcon_core.shell:Creating environment descriptor '/home/dwduong74/yahboom_src/install/yahboom_msgs/share/yahboom_msgs/hook/cmake_prefix_path.dsv'
[9.868s] INFO:colcon.colcon_core.shell:Creating environment hook '/home/dwduong74/yahboom_src/install/yahboom_msgs/share/yahboom_msgs/hook/cmake_prefix_path.sh'
[9.869s] Level 1:colcon.colcon_core.environment:checking '/home/dwduong74/yahboom_src/install/yahboom_msgs/lib'
[9.869s] Level 1:colcon.colcon_core.shell:create_environment_hook('yahboom_msgs', 'ld_library_path_lib')
[9.870s] INFO:colcon.colcon_core.shell:Creating environment hook '/home/dwduong74/yahboom_src/install/yahboom_msgs/share/yahboom_msgs/hook/ld_library_path_lib.ps1'
[9.871s] INFO:colcon.colcon_core.shell:Creating environment descriptor '/home/dwduong74/yahboom_src/install/yahboom_msgs/share/yahboom_msgs/hook/ld_library_path_lib.dsv'
[9.871s] INFO:colcon.colcon_core.shell:Creating environment hook '/home/dwduong74/yahboom_src/install/yahboom_msgs/share/yahboom_msgs/hook/ld_library_path_lib.sh'
[9.872s] Level 1:colcon.colcon_core.environment:checking '/home/dwduong74/yahboom_src/install/yahboom_msgs/bin'
[9.872s] Level 1:colcon.colcon_core.environment:checking '/home/dwduong74/yahboom_src/install/yahboom_msgs/lib/pkgconfig/yahboom_msgs.pc'
[9.873s] Level 1:colcon.colcon_core.environment:checking '/home/dwduong74/yahboom_src/install/yahboom_msgs/lib/python3.10/site-packages'
[9.873s] Level 1:colcon.colcon_core.environment:checking '/home/dwduong74/yahboom_src/install/yahboom_msgs/bin'
[9.874s] INFO:colcon.colcon_core.shell:Creating package script '/home/dwduong74/yahboom_src/install/yahboom_msgs/share/yahboom_msgs/package.ps1'
[9.875s] INFO:colcon.colcon_core.shell:Creating package descriptor '/home/dwduong74/yahboom_src/install/yahboom_msgs/share/yahboom_msgs/package.dsv'
[9.876s] INFO:colcon.colcon_core.shell:Creating package script '/home/dwduong74/yahboom_src/install/yahboom_msgs/share/yahboom_msgs/package.sh'
[9.877s] INFO:colcon.colcon_core.shell:Creating package script '/home/dwduong74/yahboom_src/install/yahboom_msgs/share/yahboom_msgs/package.bash'
[9.878s] INFO:colcon.colcon_core.shell:Creating package script '/home/dwduong74/yahboom_src/install/yahboom_msgs/share/yahboom_msgs/package.zsh'
[9.879s] Level 1:colcon.colcon_core.environment:create_file_with_runtime_dependencies(/home/dwduong74/yahboom_src/install/yahboom_msgs/share/colcon-core/packages/yahboom_msgs)
[10.257s] Level 1:colcon.colcon_core.environment:checking '/home/dwduong74/yahboom_src/install/yahboom_dog_joint_state' for CMake module files
[10.258s] DEBUG:colcon.colcon_core.event_handler.log_command:Invoked command in '/home/dwduong74/yahboom_src/src/yahboom_dog_joint_state' returned '0': PYTHONPATH=/home/dwduong74/yahboom_src/build/yahboom_dog_joint_state/prefix_override:/usr/lib/python3/dist-packages/colcon_core/task/python/colcon_distutils_commands:/home/dwduong74/yahboom_src/install/yahboom_dog_joint_state/lib/python3.10/site-packages:${PYTHONPATH} /usr/bin/python3 -W ignore:setup.py install is deprecated -W ignore:easy_install command is deprecated setup.py egg_info --egg-base ../../build/yahboom_dog_joint_state build --build-base /home/dwduong74/yahboom_src/build/yahboom_dog_joint_state/build install --record /home/dwduong74/yahboom_src/build/yahboom_dog_joint_state/install.log --single-version-externally-managed install_data
[10.258s] Level 1:colcon.colcon_core.environment:checking '/home/dwduong74/yahboom_src/install/yahboom_dog_joint_state' for CMake config files
[10.259s] Level 1:colcon.colcon_core.environment:checking '/home/dwduong74/yahboom_src/install/yahboom_dog_joint_state/lib'
[10.260s] Level 1:colcon.colcon_core.environment:checking '/home/dwduong74/yahboom_src/install/yahboom_dog_joint_state/bin'
[10.260s] Level 1:colcon.colcon_core.environment:checking '/home/dwduong74/yahboom_src/install/yahboom_dog_joint_state/lib/pkgconfig/yahboom_dog_joint_state.pc'
[10.260s] Level 1:colcon.colcon_core.environment:checking '/home/dwduong74/yahboom_src/install/yahboom_dog_joint_state/lib/python3.10/site-packages'
[10.261s] Level 1:colcon.colcon_core.shell:create_environment_hook('yahboom_dog_joint_state', 'pythonpath')
[10.261s] INFO:colcon.colcon_core.shell:Creating environment hook '/home/dwduong74/yahboom_src/install/yahboom_dog_joint_state/share/yahboom_dog_joint_state/hook/pythonpath.ps1'
[10.262s] INFO:colcon.colcon_core.shell:Creating environment descriptor '/home/dwduong74/yahboom_src/install/yahboom_dog_joint_state/share/yahboom_dog_joint_state/hook/pythonpath.dsv'
[10.263s] INFO:colcon.colcon_core.shell:Creating environment hook '/home/dwduong74/yahboom_src/install/yahboom_dog_joint_state/share/yahboom_dog_joint_state/hook/pythonpath.sh'
[10.264s] Level 1:colcon.colcon_core.environment:checking '/home/dwduong74/yahboom_src/install/yahboom_dog_joint_state/bin'
[10.265s] Level 1:colcon.colcon_core.environment:create_environment_scripts_only(yahboom_dog_joint_state)
[10.265s] INFO:colcon.colcon_core.shell:Creating package script '/home/dwduong74/yahboom_src/install/yahboom_dog_joint_state/share/yahboom_dog_joint_state/package.ps1'
[10.266s] INFO:colcon.colcon_core.shell:Creating package descriptor '/home/dwduong74/yahboom_src/install/yahboom_dog_joint_state/share/yahboom_dog_joint_state/package.dsv'
[10.267s] INFO:colcon.colcon_core.shell:Creating package script '/home/dwduong74/yahboom_src/install/yahboom_dog_joint_state/share/yahboom_dog_joint_state/package.sh'
[10.268s] INFO:colcon.colcon_core.shell:Creating package script '/home/dwduong74/yahboom_src/install/yahboom_dog_joint_state/share/yahboom_dog_joint_state/package.bash'
[10.269s] INFO:colcon.colcon_core.shell:Creating package script '/home/dwduong74/yahboom_src/install/yahboom_dog_joint_state/share/yahboom_dog_joint_state/package.zsh'
[10.269s] Level 1:colcon.colcon_core.environment:create_file_with_runtime_dependencies(/home/dwduong74/yahboom_src/install/yahboom_dog_joint_state/share/colcon-core/packages/yahboom_dog_joint_state)
[10.313s] DEBUG:colcon.colcon_core.event_handler.log_command:Invoked command in '/home/dwduong74/yahboom_src/build/champ_bringup' returned '0': CMAKE_PREFIX_PATH=/home/dwduong74/yahboom_src/install/champ_description:/home/dwduong74/yahboom_src/install/champ_base:/home/dwduong74/yahboom_src/install/velodyne_gazebo_plugins:/home/dwduong74/yahboom_src/install/champ_msgs:/home/dwduong74/yahboom_src/install/champ:/home/dwduong74/yahboom_src/install/yahboom_msgs:/home/dwduong74/yahboom_src/install/velodyne_simulator:/home/dwduong74/yahboom_src/install/velodyne_description:/home/dwduong74/yahboom_src/install/champ_bringup:/home/dwduong74/yahboom_src/install/oradar_lidar:/home/dwduong74/yahboom_src/install/image_color_lab:/home/dwduong74/yahboom_src/install/go2_description:/home/dwduong74/yahboom_src/install/go2_config:/home/dwduong74/yahboom_src/install/dogzilla_description:/home/dwduong74/yahboom_src/install/dogzilla_config:/home/dwduong74/yahboom_src/install/champ_teleop:/home/dwduong74/yahboom_src/install/champ_navigation:/home/dwduong74/yahboom_src/install/champ_gazebo:/home/dwduong74/yahboom_src/install/champ_config:/home/dwduong74/LUMI_ws/install/turtlebot3_manipulation_gazebo:/home/dwduong74/LUMI_ws/install/champ:/home/dwduong74/LUMI_ws/install/rf2o_laser_odometry:/home/dwduong74/yahboom_src/install/yahboom_set_height:/home/dwduong74/yahboom_src/install/yahboom_mediapipe:/home/dwduong74/yahboom_src/install/yahboom_gait:/home/dwduong74/yahboom_src/install/yahboom_dog_joint_state:/home/dwduong74/yahboom_src/install/yahboom_description:/home/dwduong74/yahboom_src/install/yahboom_bringup:/home/dwduong74/yahboom_src/install/yahboom_base:/home/dwduong74/yahboom_src/install/yahboom_app_save_map:/home/dwduong74/yahboom_src/install/tf_publisher:/home/dwduong74/yahboom_src/install/bringup:/home/dwduong74/LUMI_ws/install/custom_explorer:/opt/ros/humble LD_LIBRARY_PATH=/home/dwduong74/yahboom_src/install/champ_base/lib:/home/dwduong74/yahboom_src/install/velodyne_gazebo_plugins/lib:/home/dwduong74/yahboom_src/install/champ_msgs/lib:/home/dwduong74/yahboom_src/install/yahboom_msgs/lib:/home/dwduong74/yahboom_src/install/image_color_lab/lib:/usr/lib/x86_64-linux-gnu/gazebo-11/plugins:/opt/ros/humble/opt/rviz_ogre_vendor/lib:/opt/ros/humble/lib/x86_64-linux-gnu:/opt/ros/humble/lib PATH=/home/dwduong74/yahboom_src/install/champ_base/bin:/home/dwduong74/yahboom_src/install/oradar_lidar/bin:/home/dwduong74/yahboom_src/install/champ_gazebo/bin:/usr/bin:/home/dwduong74/.local/bin:/home/dwduong74/.local/bin:/opt/ros/humble/bin:/usr/local/sbin:/usr/local/bin:/usr/sbin:/usr/bin:/sbin:/bin:/usr/games:/usr/local/games:/snap/bin /usr/bin/cmake --build /home/dwduong74/yahboom_src/build/champ_bringup -- -j8 -l8
[10.317s] DEBUG:colcon.colcon_core.event_handler.log_command:Invoking command in '/home/dwduong74/yahboom_src/build/champ_bringup': CMAKE_PREFIX_PATH=/home/dwduong74/yahboom_src/install/champ_description:/home/dwduong74/yahboom_src/install/champ_base:/home/dwduong74/yahboom_src/install/velodyne_gazebo_plugins:/home/dwduong74/yahboom_src/install/champ_msgs:/home/dwduong74/yahboom_src/install/champ:/home/dwduong74/yahboom_src/install/yahboom_msgs:/home/dwduong74/yahboom_src/install/velodyne_simulator:/home/dwduong74/yahboom_src/install/velodyne_description:/home/dwduong74/yahboom_src/install/champ_bringup:/home/dwduong74/yahboom_src/install/oradar_lidar:/home/dwduong74/yahboom_src/install/image_color_lab:/home/dwduong74/yahboom_src/install/go2_description:/home/dwduong74/yahboom_src/install/go2_config:/home/dwduong74/yahboom_src/install/dogzilla_description:/home/dwduong74/yahboom_src/install/dogzilla_config:/home/dwduong74/yahboom_src/install/champ_teleop:/home/dwduong74/yahboom_src/install/champ_navigation:/home/dwduong74/yahboom_src/install/champ_gazebo:/home/dwduong74/yahboom_src/install/champ_config:/home/dwduong74/LUMI_ws/install/turtlebot3_manipulation_gazebo:/home/dwduong74/LUMI_ws/install/champ:/home/dwduong74/LUMI_ws/install/rf2o_laser_odometry:/home/dwduong74/yahboom_src/install/yahboom_set_height:/home/dwduong74/yahboom_src/install/yahboom_mediapipe:/home/dwduong74/yahboom_src/install/yahboom_gait:/home/dwduong74/yahboom_src/install/yahboom_dog_joint_state:/home/dwduong74/yahboom_src/install/yahboom_description:/home/dwduong74/yahboom_src/install/yahboom_bringup:/home/dwduong74/yahboom_src/install/yahboom_base:/home/dwduong74/yahboom_src/install/yahboom_app_save_map:/home/dwduong74/yahboom_src/install/tf_publisher:/home/dwduong74/yahboom_src/install/bringup:/home/dwduong74/LUMI_ws/install/custom_explorer:/opt/ros/humble LD_LIBRARY_PATH=/home/dwduong74/yahboom_src/install/champ_base/lib:/home/dwduong74/yahboom_src/install/velodyne_gazebo_plugins/lib:/home/dwduong74/yahboom_src/install/champ_msgs/lib:/home/dwduong74/yahboom_src/install/yahboom_msgs/lib:/home/dwduong74/yahboom_src/install/image_color_lab/lib:/usr/lib/x86_64-linux-gnu/gazebo-11/plugins:/opt/ros/humble/opt/rviz_ogre_vendor/lib:/opt/ros/humble/lib/x86_64-linux-gnu:/opt/ros/humble/lib PATH=/home/dwduong74/yahboom_src/install/champ_base/bin:/home/dwduong74/yahboom_src/install/oradar_lidar/bin:/home/dwduong74/yahboom_src/install/champ_gazebo/bin:/usr/bin:/home/dwduong74/.local/bin:/home/dwduong74/.local/bin:/opt/ros/humble/bin:/usr/local/sbin:/usr/local/bin:/usr/sbin:/usr/bin:/sbin:/bin:/usr/games:/usr/local/games:/snap/bin /usr/bin/cmake --install /home/dwduong74/yahboom_src/build/champ_bringup
[10.385s] Level 1:colcon.colcon_core.environment:create_environment_scripts_only(champ_bringup)
[10.386s] Level 1:colcon.colcon_core.environment:checking '/home/dwduong74/yahboom_src/install/champ_bringup' for CMake module files
[10.387s] DEBUG:colcon.colcon_core.event_handler.log_command:Invoked command in '/home/dwduong74/yahboom_src/build/champ_bringup' returned '0': CMAKE_PREFIX_PATH=/home/dwduong74/yahboom_src/install/champ_description:/home/dwduong74/yahboom_src/install/champ_base:/home/dwduong74/yahboom_src/install/velodyne_gazebo_plugins:/home/dwduong74/yahboom_src/install/champ_msgs:/home/dwduong74/yahboom_src/install/champ:/home/dwduong74/yahboom_src/install/yahboom_msgs:/home/dwduong74/yahboom_src/install/velodyne_simulator:/home/dwduong74/yahboom_src/install/velodyne_description:/home/dwduong74/yahboom_src/install/champ_bringup:/home/dwduong74/yahboom_src/install/oradar_lidar:/home/dwduong74/yahboom_src/install/image_color_lab:/home/dwduong74/yahboom_src/install/go2_description:/home/dwduong74/yahboom_src/install/go2_config:/home/dwduong74/yahboom_src/install/dogzilla_description:/home/dwduong74/yahboom_src/install/dogzilla_config:/home/dwduong74/yahboom_src/install/champ_teleop:/home/dwduong74/yahboom_src/install/champ_navigation:/home/dwduong74/yahboom_src/install/champ_gazebo:/home/dwduong74/yahboom_src/install/champ_config:/home/dwduong74/LUMI_ws/install/turtlebot3_manipulation_gazebo:/home/dwduong74/LUMI_ws/install/champ:/home/dwduong74/LUMI_ws/install/rf2o_laser_odometry:/home/dwduong74/yahboom_src/install/yahboom_set_height:/home/dwduong74/yahboom_src/install/yahboom_mediapipe:/home/dwduong74/yahboom_src/install/yahboom_gait:/home/dwduong74/yahboom_src/install/yahboom_dog_joint_state:/home/dwduong74/yahboom_src/install/yahboom_description:/home/dwduong74/yahboom_src/install/yahboom_bringup:/home/dwduong74/yahboom_src/install/yahboom_base:/home/dwduong74/yahboom_src/install/yahboom_app_save_map:/home/dwduong74/yahboom_src/install/tf_publisher:/home/dwduong74/yahboom_src/install/bringup:/home/dwduong74/LUMI_ws/install/custom_explorer:/opt/ros/humble LD_LIBRARY_PATH=/home/dwduong74/yahboom_src/install/champ_base/lib:/home/dwduong74/yahboom_src/install/velodyne_gazebo_plugins/lib:/home/dwduong74/yahboom_src/install/champ_msgs/lib:/home/dwduong74/yahboom_src/install/yahboom_msgs/lib:/home/dwduong74/yahboom_src/install/image_color_lab/lib:/usr/lib/x86_64-linux-gnu/gazebo-11/plugins:/opt/ros/humble/opt/rviz_ogre_vendor/lib:/opt/ros/humble/lib/x86_64-linux-gnu:/opt/ros/humble/lib PATH=/home/dwduong74/yahboom_src/install/champ_base/bin:/home/dwduong74/yahboom_src/install/oradar_lidar/bin:/home/dwduong74/yahboom_src/install/champ_gazebo/bin:/usr/bin:/home/dwduong74/.local/bin:/home/dwduong74/.local/bin:/opt/ros/humble/bin:/usr/local/sbin:/usr/local/bin:/usr/sbin:/usr/bin:/sbin:/bin:/usr/games:/usr/local/games:/snap/bin /usr/bin/cmake --install /home/dwduong74/yahboom_src/build/champ_bringup
[10.387s] Level 1:colcon.colcon_core.environment:checking '/home/dwduong74/yahboom_src/install/champ_bringup' for CMake config files
[10.388s] Level 1:colcon.colcon_core.shell:create_environment_hook('champ_bringup', 'cmake_prefix_path')
[10.388s] INFO:colcon.colcon_core.shell:Creating environment hook '/home/dwduong74/yahboom_src/install/champ_bringup/share/champ_bringup/hook/cmake_prefix_path.ps1'
[10.389s] INFO:colcon.colcon_core.shell:Creating environment descriptor '/home/dwduong74/yahboom_src/install/champ_bringup/share/champ_bringup/hook/cmake_prefix_path.dsv'
[10.389s] INFO:colcon.colcon_core.shell:Creating environment hook '/home/dwduong74/yahboom_src/install/champ_bringup/share/champ_bringup/hook/cmake_prefix_path.sh'
[10.390s] Level 1:colcon.colcon_core.environment:checking '/home/dwduong74/yahboom_src/install/champ_bringup/lib'
[10.390s] Level 1:colcon.colcon_core.environment:checking '/home/dwduong74/yahboom_src/install/champ_bringup/bin'
[10.390s] Level 1:colcon.colcon_core.environment:checking '/home/dwduong74/yahboom_src/install/champ_bringup/lib/pkgconfig/champ_bringup.pc'
[10.390s] Level 1:colcon.colcon_core.environment:checking '/home/dwduong74/yahboom_src/install/champ_bringup/lib/python3.10/site-packages'
[10.390s] Level 1:colcon.colcon_core.environment:checking '/home/dwduong74/yahboom_src/install/champ_bringup/bin'
[10.391s] INFO:colcon.colcon_core.shell:Creating package script '/home/dwduong74/yahboom_src/install/champ_bringup/share/champ_bringup/package.ps1'
[10.391s] INFO:colcon.colcon_core.shell:Creating package descriptor '/home/dwduong74/yahboom_src/install/champ_bringup/share/champ_bringup/package.dsv'
[10.392s] INFO:colcon.colcon_core.shell:Creating package script '/home/dwduong74/yahboom_src/install/champ_bringup/share/champ_bringup/package.sh'
[10.392s] INFO:colcon.colcon_core.shell:Creating package script '/home/dwduong74/yahboom_src/install/champ_bringup/share/champ_bringup/package.bash'
[10.393s] INFO:colcon.colcon_core.shell:Creating package script '/home/dwduong74/yahboom_src/install/champ_bringup/share/champ_bringup/package.zsh'
[10.393s] Level 1:colcon.colcon_core.environment:create_file_with_runtime_dependencies(/home/dwduong74/yahboom_src/install/champ_bringup/share/colcon-core/packages/champ_bringup)
[10.394s] Level 1:colcon.colcon_core.environment:create_environment_scripts_only(champ_bringup)
[10.394s] Level 1:colcon.colcon_core.environment:checking '/home/dwduong74/yahboom_src/install/champ_bringup' for CMake module files
[10.395s] Level 1:colcon.colcon_core.environment:checking '/home/dwduong74/yahboom_src/install/champ_bringup' for CMake config files
[10.395s] Level 1:colcon.colcon_core.shell:create_environment_hook('champ_bringup', 'cmake_prefix_path')
[10.395s] INFO:colcon.colcon_core.shell:Creating environment hook '/home/dwduong74/yahboom_src/install/champ_bringup/share/champ_bringup/hook/cmake_prefix_path.ps1'
[10.396s] INFO:colcon.colcon_core.shell:Creating environment descriptor '/home/dwduong74/yahboom_src/install/champ_bringup/share/champ_bringup/hook/cmake_prefix_path.dsv'
[10.396s] INFO:colcon.colcon_core.shell:Creating environment hook '/home/dwduong74/yahboom_src/install/champ_bringup/share/champ_bringup/hook/cmake_prefix_path.sh'
[10.397s] Level 1:colcon.colcon_core.environment:checking '/home/dwduong74/yahboom_src/install/champ_bringup/lib'
[10.397s] Level 1:colcon.colcon_core.environment:checking '/home/dwduong74/yahboom_src/install/champ_bringup/bin'
[10.397s] Level 1:colcon.colcon_core.environment:checking '/home/dwduong74/yahboom_src/install/champ_bringup/lib/pkgconfig/champ_bringup.pc'
[10.397s] Level 1:colcon.colcon_core.environment:checking '/home/dwduong74/yahboom_src/install/champ_bringup/lib/python3.10/site-packages'
[10.398s] Level 1:colcon.colcon_core.environment:checking '/home/dwduong74/yahboom_src/install/champ_bringup/bin'
[10.398s] INFO:colcon.colcon_core.shell:Creating package script '/home/dwduong74/yahboom_src/install/champ_bringup/share/champ_bringup/package.ps1'
[10.399s] INFO:colcon.colcon_core.shell:Creating package descriptor '/home/dwduong74/yahboom_src/install/champ_bringup/share/champ_bringup/package.dsv'
[10.400s] INFO:colcon.colcon_core.shell:Creating package script '/home/dwduong74/yahboom_src/install/champ_bringup/share/champ_bringup/package.sh'
[10.400s] INFO:colcon.colcon_core.shell:Creating package script '/home/dwduong74/yahboom_src/install/champ_bringup/share/champ_bringup/package.bash'
[10.401s] INFO:colcon.colcon_core.shell:Creating package script '/home/dwduong74/yahboom_src/install/champ_bringup/share/champ_bringup/package.zsh'
[10.401s] Level 1:colcon.colcon_core.environment:create_file_with_runtime_dependencies(/home/dwduong74/yahboom_src/install/champ_bringup/share/colcon-core/packages/champ_bringup)
[10.404s] Level 1:colcon.colcon_core.environment:checking '/home/dwduong74/yahboom_src/install/yahboom_mediapipe' for CMake module files
[10.405s] DEBUG:colcon.colcon_core.event_handler.log_command:Invoked command in '/home/dwduong74/yahboom_src/src/yahboom_mediapipe' returned '0': PYTHONPATH=/home/dwduong74/yahboom_src/build/yahboom_mediapipe/prefix_override:/usr/lib/python3/dist-packages/colcon_core/task/python/colcon_distutils_commands:/home/dwduong74/yahboom_src/install/yahboom_mediapipe/lib/python3.10/site-packages:${PYTHONPATH} /usr/bin/python3 -W ignore:setup.py install is deprecated -W ignore:easy_install command is deprecated setup.py egg_info --egg-base ../../build/yahboom_mediapipe build --build-base /home/dwduong74/yahboom_src/build/yahboom_mediapipe/build install --record /home/dwduong74/yahboom_src/build/yahboom_mediapipe/install.log --single-version-externally-managed install_data
[10.405s] Level 1:colcon.colcon_core.environment:checking '/home/dwduong74/yahboom_src/install/yahboom_mediapipe' for CMake config files
[10.406s] Level 1:colcon.colcon_core.environment:checking '/home/dwduong74/yahboom_src/install/yahboom_mediapipe/lib'
[10.406s] Level 1:colcon.colcon_core.environment:checking '/home/dwduong74/yahboom_src/install/yahboom_mediapipe/bin'
[10.406s] Level 1:colcon.colcon_core.environment:checking '/home/dwduong74/yahboom_src/install/yahboom_mediapipe/lib/pkgconfig/yahboom_mediapipe.pc'
[10.406s] Level 1:colcon.colcon_core.environment:checking '/home/dwduong74/yahboom_src/install/yahboom_mediapipe/lib/python3.10/site-packages'
[10.406s] Level 1:colcon.colcon_core.shell:create_environment_hook('yahboom_mediapipe', 'pythonpath')
[10.406s] INFO:colcon.colcon_core.shell:Creating environment hook '/home/dwduong74/yahboom_src/install/yahboom_mediapipe/share/yahboom_mediapipe/hook/pythonpath.ps1'
[10.407s] INFO:colcon.colcon_core.shell:Creating environment descriptor '/home/dwduong74/yahboom_src/install/yahboom_mediapipe/share/yahboom_mediapipe/hook/pythonpath.dsv'
[10.407s] INFO:colcon.colcon_core.shell:Creating environment hook '/home/dwduong74/yahboom_src/install/yahboom_mediapipe/share/yahboom_mediapipe/hook/pythonpath.sh'
[10.408s] Level 1:colcon.colcon_core.environment:checking '/home/dwduong74/yahboom_src/install/yahboom_mediapipe/bin'
[10.408s] Level 1:colcon.colcon_core.environment:create_environment_scripts_only(yahboom_mediapipe)
[10.409s] INFO:colcon.colcon_core.shell:Creating package script '/home/dwduong74/yahboom_src/install/yahboom_mediapipe/share/yahboom_mediapipe/package.ps1'
[10.410s] INFO:colcon.colcon_core.shell:Creating package descriptor '/home/dwduong74/yahboom_src/install/yahboom_mediapipe/share/yahboom_mediapipe/package.dsv'
[10.410s] INFO:colcon.colcon_core.shell:Creating package script '/home/dwduong74/yahboom_src/install/yahboom_mediapipe/share/yahboom_mediapipe/package.sh'
[10.411s] INFO:colcon.colcon_core.shell:Creating package script '/home/dwduong74/yahboom_src/install/yahboom_mediapipe/share/yahboom_mediapipe/package.bash'
[10.411s] INFO:colcon.colcon_core.shell:Creating package script '/home/dwduong74/yahboom_src/install/yahboom_mediapipe/share/yahboom_mediapipe/package.zsh'
[10.412s] Level 1:colcon.colcon_core.environment:create_file_with_runtime_dependencies(/home/dwduong74/yahboom_src/install/yahboom_mediapipe/share/colcon-core/packages/yahboom_mediapipe)
[10.643s] DEBUG:colcon.colcon_core.event_handler.log_command:Invoking command in '/home/dwduong74/yahboom_src/src/yahboom_set_height': PYTHONPATH=/home/dwduong74/yahboom_src/build/yahboom_set_height/prefix_override:/usr/lib/python3/dist-packages/colcon_core/task/python/colcon_distutils_commands:/home/dwduong74/yahboom_src/install/yahboom_set_height/lib/python3.10/site-packages:${PYTHONPATH} /usr/bin/python3 -W ignore:setup.py install is deprecated -W ignore:easy_install command is deprecated setup.py egg_info --egg-base ../../build/yahboom_set_height build --build-base /home/dwduong74/yahboom_src/build/yahboom_set_height/build install --record /home/dwduong74/yahboom_src/build/yahboom_set_height/install.log --single-version-externally-managed install_data
[11.182s] Level 1:colcon.colcon_core.environment:checking '/home/dwduong74/yahboom_src/install/yahboom_set_height' for CMake module files
[11.183s] DEBUG:colcon.colcon_core.event_handler.log_command:Invoked command in '/home/dwduong74/yahboom_src/src/yahboom_set_height' returned '0': PYTHONPATH=/home/dwduong74/yahboom_src/build/yahboom_set_height/prefix_override:/usr/lib/python3/dist-packages/colcon_core/task/python/colcon_distutils_commands:/home/dwduong74/yahboom_src/install/yahboom_set_height/lib/python3.10/site-packages:${PYTHONPATH} /usr/bin/python3 -W ignore:setup.py install is deprecated -W ignore:easy_install command is deprecated setup.py egg_info --egg-base ../../build/yahboom_set_height build --build-base /home/dwduong74/yahboom_src/build/yahboom_set_height/build install --record /home/dwduong74/yahboom_src/build/yahboom_set_height/install.log --single-version-externally-managed install_data
[11.184s] Level 1:colcon.colcon_core.environment:checking '/home/dwduong74/yahboom_src/install/yahboom_set_height' for CMake config files
[11.184s] Level 1:colcon.colcon_core.environment:checking '/home/dwduong74/yahboom_src/install/yahboom_set_height/lib'
[11.185s] Level 1:colcon.colcon_core.environment:checking '/home/dwduong74/yahboom_src/install/yahboom_set_height/bin'
[11.185s] Level 1:colcon.colcon_core.environment:checking '/home/dwduong74/yahboom_src/install/yahboom_set_height/lib/pkgconfig/yahboom_set_height.pc'
[11.185s] Level 1:colcon.colcon_core.environment:checking '/home/dwduong74/yahboom_src/install/yahboom_set_height/lib/python3.10/site-packages'
[11.185s] Level 1:colcon.colcon_core.shell:create_environment_hook('yahboom_set_height', 'pythonpath')
[11.185s] INFO:colcon.colcon_core.shell:Creating environment hook '/home/dwduong74/yahboom_src/install/yahboom_set_height/share/yahboom_set_height/hook/pythonpath.ps1'
[11.186s] INFO:colcon.colcon_core.shell:Creating environment descriptor '/home/dwduong74/yahboom_src/install/yahboom_set_height/share/yahboom_set_height/hook/pythonpath.dsv'
[11.186s] INFO:colcon.colcon_core.shell:Creating environment hook '/home/dwduong74/yahboom_src/install/yahboom_set_height/share/yahboom_set_height/hook/pythonpath.sh'
[11.187s] Level 1:colcon.colcon_core.environment:checking '/home/dwduong74/yahboom_src/install/yahboom_set_height/bin'
[11.187s] Level 1:colcon.colcon_core.environment:create_environment_scripts_only(yahboom_set_height)
[11.187s] INFO:colcon.colcon_core.shell:Creating package script '/home/dwduong74/yahboom_src/install/yahboom_set_height/share/yahboom_set_height/package.ps1'
[11.188s] INFO:colcon.colcon_core.shell:Creating package descriptor '/home/dwduong74/yahboom_src/install/yahboom_set_height/share/yahboom_set_height/package.dsv'
[11.188s] INFO:colcon.colcon_core.shell:Creating package script '/home/dwduong74/yahboom_src/install/yahboom_set_height/share/yahboom_set_height/package.sh'
[11.189s] INFO:colcon.colcon_core.shell:Creating package script '/home/dwduong74/yahboom_src/install/yahboom_set_height/share/yahboom_set_height/package.bash'
[11.189s] INFO:colcon.colcon_core.shell:Creating package script '/home/dwduong74/yahboom_src/install/yahboom_set_height/share/yahboom_set_height/package.zsh'
[11.190s] Level 1:colcon.colcon_core.environment:create_file_with_runtime_dependencies(/home/dwduong74/yahboom_src/install/yahboom_set_height/share/colcon-core/packages/yahboom_set_height)
[11.190s] DEBUG:colcon.colcon_parallel_executor.executor.parallel:closing loop
[11.190s] DEBUG:colcon.colcon_parallel_executor.executor.parallel:loop closed
[11.190s] DEBUG:colcon.colcon_parallel_executor.executor.parallel:run_until_complete finished with '0'
[11.190s] DEBUG:colcon.colcon_core.event_reactor:joining thread
[11.198s] INFO:colcon.colcon_core.plugin_system:Skipping extension 'colcon_notification.desktop_notification.terminal_notifier': Not used on non-Darwin systems
[11.198s] INFO:colcon.colcon_core.plugin_system:Skipping extension 'colcon_notification.desktop_notification.win32': Not used on non-Windows systems
[11.198s] INFO:colcon.colcon_notification.desktop_notification:Sending desktop notification using 'notify2'
[11.209s] DEBUG:colcon.colcon_core.event_reactor:joined thread
[11.209s] INFO:colcon.colcon_core.shell:Creating prefix script '/home/dwduong74/yahboom_src/install/local_setup.ps1'
[11.210s] INFO:colcon.colcon_core.shell:Creating prefix util module '/home/dwduong74/yahboom_src/install/_local_setup_util_ps1.py'
[11.212s] INFO:colcon.colcon_core.shell:Creating prefix chain script '/home/dwduong74/yahboom_src/install/setup.ps1'
[11.214s] INFO:colcon.colcon_core.shell:Creating prefix script '/home/dwduong74/yahboom_src/install/local_setup.sh'
[11.215s] INFO:colcon.colcon_core.shell:Creating prefix util module '/home/dwduong74/yahboom_src/install/_local_setup_util_sh.py'
[11.216s] INFO:colcon.colcon_core.shell:Creating prefix chain script '/home/dwduong74/yahboom_src/install/setup.sh'
[11.220s] INFO:colcon.colcon_core.shell:Creating prefix script '/home/dwduong74/yahboom_src/install/local_setup.bash'
[11.220s] INFO:colcon.colcon_core.shell:Creating prefix chain script '/home/dwduong74/yahboom_src/install/setup.bash'
[11.223s] INFO:colcon.colcon_core.shell:Creating prefix script '/home/dwduong74/yahboom_src/install/local_setup.zsh'
[11.224s] INFO:colcon.colcon_core.shell:Creating prefix chain script '/home/dwduong74/yahboom_src/install/setup.zsh'
