[0.149s] DEBUG:colcon:Command line arguments: ['/usr/bin/colcon', 'build']
[0.150s] DEBUG:colcon:Parsed command line arguments: Namespace(log_base=None, log_level=None, verb_name='build', build_base='build', install_base='install', merge_install=False, symlink_install=False, test_result_base=None, continue_on_error=False, executor='parallel', parallel_workers=8, event_handlers=None, ignore_user_meta=False, metas=['./colcon.meta'], base_paths=['.'], packages_ignore=None, packages_ignore_regex=None, paths=None, packages_up_to=None, packages_up_to_regex=None, packages_above=None, packages_above_and_dependencies=None, packages_above_depth=None, packages_select_by_dep=None, packages_skip_by_dep=None, packages_skip_up_to=None, packages_select_build_failed=False, packages_skip_build_finished=False, packages_select_test_failures=False, packages_skip_test_passed=False, packages_select=None, packages_skip=None, packages_select_regex=None, packages_skip_regex=None, packages_start=None, packages_end=None, allow_overriding=[], cmake_args=None, cmake_target=None, cmake_target_skip_unavailable=False, cmake_clean_cache=False, cmake_clean_first=False, cmake_force_configure=False, ament_cmake_args=None, catkin_cmake_args=None, catkin_skip_building_tests=False, mixin_files=None, mixin=None, verb_parser=<colcon_mixin.mixin.mixin_argument.MixinArgumentDecorator object at 0x75a2abbf9000>, verb_extension=<colcon_core.verb.build.BuildVerb object at 0x75a2abbf8a90>, main=<bound method BuildVerb.main of <colcon_core.verb.build.BuildVerb object at 0x75a2abbf8a90>>, mixin_verb=('build',))
[0.557s] Level 1:colcon.colcon_core.package_discovery:discover_packages(colcon_meta) check parameters
[0.558s] Level 1:colcon.colcon_core.package_discovery:discover_packages(recursive) check parameters
[0.558s] Level 1:colcon.colcon_core.package_discovery:discover_packages(ignore) check parameters
[0.558s] Level 1:colcon.colcon_core.package_discovery:discover_packages(path) check parameters
[0.558s] Level 1:colcon.colcon_core.package_discovery:discover_packages(colcon_meta) discover
[0.558s] Level 1:colcon.colcon_core.package_discovery:discover_packages(recursive) discover
[0.558s] INFO:colcon.colcon_core.package_discovery:Crawling recursively for packages in '/home/dwduong74/yahboom_src'
[0.558s] Level 1:colcon.colcon_core.package_identification:_identify(.) by extensions ['ignore', 'ignore_ament_install']
[0.558s] Level 1:colcon.colcon_core.package_identification:_identify(.) by extension 'ignore'
[0.558s] Level 1:colcon.colcon_core.package_identification:_identify(.) by extension 'ignore_ament_install'
[0.558s] Level 1:colcon.colcon_core.package_identification:_identify(.) by extensions ['colcon_pkg']
[0.559s] Level 1:colcon.colcon_core.package_identification:_identify(.) by extension 'colcon_pkg'
[0.559s] Level 1:colcon.colcon_core.package_identification:_identify(.) by extensions ['colcon_meta']
[0.559s] Level 1:colcon.colcon_core.package_identification:_identify(.) by extension 'colcon_meta'
[0.559s] Level 1:colcon.colcon_core.package_identification:_identify(.) by extensions ['ros']
[0.559s] Level 1:colcon.colcon_core.package_identification:_identify(.) by extension 'ros'
[0.588s] Level 1:colcon.colcon_core.package_identification:_identify(.) by extensions ['cmake', 'python']
[0.588s] Level 1:colcon.colcon_core.package_identification:_identify(.) by extension 'cmake'
[0.588s] Level 1:colcon.colcon_core.package_identification:_identify(.) by extension 'python'
[0.588s] Level 1:colcon.colcon_core.package_identification:_identify(.) by extensions ['python_setup_py']
[0.588s] Level 1:colcon.colcon_core.package_identification:_identify(.) by extension 'python_setup_py'
[0.588s] Level 1:colcon.colcon_core.package_identification:_identify(build) by extensions ['ignore', 'ignore_ament_install']
[0.588s] Level 1:colcon.colcon_core.package_identification:_identify(build) by extension 'ignore'
[0.588s] Level 1:colcon.colcon_core.package_identification:_identify(build) ignored
[0.589s] Level 1:colcon.colcon_core.package_identification:_identify(install) by extensions ['ignore', 'ignore_ament_install']
[0.589s] Level 1:colcon.colcon_core.package_identification:_identify(install) by extension 'ignore'
[0.589s] Level 1:colcon.colcon_core.package_identification:_identify(install) ignored
[0.589s] Level 1:colcon.colcon_core.package_identification:_identify(log) by extensions ['ignore', 'ignore_ament_install']
[0.589s] Level 1:colcon.colcon_core.package_identification:_identify(log) by extension 'ignore'
[0.589s] Level 1:colcon.colcon_core.package_identification:_identify(log) ignored
[0.589s] Level 1:colcon.colcon_core.package_identification:_identify(src) by extensions ['ignore', 'ignore_ament_install']
[0.589s] Level 1:colcon.colcon_core.package_identification:_identify(src) by extension 'ignore'
[0.589s] Level 1:colcon.colcon_core.package_identification:_identify(src) by extension 'ignore_ament_install'
[0.589s] Level 1:colcon.colcon_core.package_identification:_identify(src) by extensions ['colcon_pkg']
[0.590s] Level 1:colcon.colcon_core.package_identification:_identify(src) by extension 'colcon_pkg'
[0.590s] Level 1:colcon.colcon_core.package_identification:_identify(src) by extensions ['colcon_meta']
[0.590s] Level 1:colcon.colcon_core.package_identification:_identify(src) by extension 'colcon_meta'
[0.590s] Level 1:colcon.colcon_core.package_identification:_identify(src) by extensions ['ros']
[0.590s] Level 1:colcon.colcon_core.package_identification:_identify(src) by extension 'ros'
[0.590s] Level 1:colcon.colcon_core.package_identification:_identify(src) by extensions ['cmake', 'python']
[0.590s] Level 1:colcon.colcon_core.package_identification:_identify(src) by extension 'cmake'
[0.590s] Level 1:colcon.colcon_core.package_identification:_identify(src) by extension 'python'
[0.590s] Level 1:colcon.colcon_core.package_identification:_identify(src) by extensions ['python_setup_py']
[0.590s] Level 1:colcon.colcon_core.package_identification:_identify(src) by extension 'python_setup_py'
[0.590s] Level 1:colcon.colcon_core.package_identification:_identify(src/bringup) by extensions ['ignore', 'ignore_ament_install']
[0.590s] Level 1:colcon.colcon_core.package_identification:_identify(src/bringup) by extension 'ignore'
[0.590s] Level 1:colcon.colcon_core.package_identification:_identify(src/bringup) by extension 'ignore_ament_install'
[0.590s] Level 1:colcon.colcon_core.package_identification:_identify(src/bringup) by extensions ['colcon_pkg']
[0.590s] Level 1:colcon.colcon_core.package_identification:_identify(src/bringup) by extension 'colcon_pkg'
[0.591s] Level 1:colcon.colcon_core.package_identification:_identify(src/bringup) by extensions ['colcon_meta']
[0.591s] Level 1:colcon.colcon_core.package_identification:_identify(src/bringup) by extension 'colcon_meta'
[0.591s] Level 1:colcon.colcon_core.package_identification:_identify(src/bringup) by extensions ['ros']
[0.591s] Level 1:colcon.colcon_core.package_identification:_identify(src/bringup) by extension 'ros'
[0.594s] DEBUG:colcon.colcon_core.package_identification:Package 'src/bringup' with type 'ros.ament_python' and name 'bringup'
[0.594s] Level 1:colcon.colcon_core.package_identification:_identify(src/build) by extensions ['ignore', 'ignore_ament_install']
[0.594s] Level 1:colcon.colcon_core.package_identification:_identify(src/build) by extension 'ignore'
[0.594s] Level 1:colcon.colcon_core.package_identification:_identify(src/build) ignored
[0.594s] Level 1:colcon.colcon_core.package_identification:_identify(src/dogzilla_sim) by extensions ['ignore', 'ignore_ament_install']
[0.594s] Level 1:colcon.colcon_core.package_identification:_identify(src/dogzilla_sim) by extension 'ignore'
[0.594s] Level 1:colcon.colcon_core.package_identification:_identify(src/dogzilla_sim) by extension 'ignore_ament_install'
[0.594s] Level 1:colcon.colcon_core.package_identification:_identify(src/dogzilla_sim) by extensions ['colcon_pkg']
[0.594s] Level 1:colcon.colcon_core.package_identification:_identify(src/dogzilla_sim) by extension 'colcon_pkg'
[0.594s] Level 1:colcon.colcon_core.package_identification:_identify(src/dogzilla_sim) by extensions ['colcon_meta']
[0.594s] Level 1:colcon.colcon_core.package_identification:_identify(src/dogzilla_sim) by extension 'colcon_meta'
[0.594s] Level 1:colcon.colcon_core.package_identification:_identify(src/dogzilla_sim) by extensions ['ros']
[0.595s] Level 1:colcon.colcon_core.package_identification:_identify(src/dogzilla_sim) by extension 'ros'
[0.595s] Level 1:colcon.colcon_core.package_identification:_identify(src/dogzilla_sim) by extensions ['cmake', 'python']
[0.595s] Level 1:colcon.colcon_core.package_identification:_identify(src/dogzilla_sim) by extension 'cmake'
[0.595s] Level 1:colcon.colcon_core.package_identification:_identify(src/dogzilla_sim) by extension 'python'
[0.595s] Level 1:colcon.colcon_core.package_identification:_identify(src/dogzilla_sim) by extensions ['python_setup_py']
[0.595s] Level 1:colcon.colcon_core.package_identification:_identify(src/dogzilla_sim) by extension 'python_setup_py'
[0.595s] Level 1:colcon.colcon_core.package_identification:_identify(src/dogzilla_sim/robots) by extensions ['ignore', 'ignore_ament_install']
[0.595s] Level 1:colcon.colcon_core.package_identification:_identify(src/dogzilla_sim/robots) by extension 'ignore'
[0.595s] Level 1:colcon.colcon_core.package_identification:_identify(src/dogzilla_sim/robots) by extension 'ignore_ament_install'
[0.595s] Level 1:colcon.colcon_core.package_identification:_identify(src/dogzilla_sim/robots) by extensions ['colcon_pkg']
[0.595s] Level 1:colcon.colcon_core.package_identification:_identify(src/dogzilla_sim/robots) by extension 'colcon_pkg'
[0.595s] Level 1:colcon.colcon_core.package_identification:_identify(src/dogzilla_sim/robots) by extensions ['colcon_meta']
[0.595s] Level 1:colcon.colcon_core.package_identification:_identify(src/dogzilla_sim/robots) by extension 'colcon_meta'
[0.595s] Level 1:colcon.colcon_core.package_identification:_identify(src/dogzilla_sim/robots) by extensions ['ros']
[0.596s] Level 1:colcon.colcon_core.package_identification:_identify(src/dogzilla_sim/robots) by extension 'ros'
[0.596s] Level 1:colcon.colcon_core.package_identification:_identify(src/dogzilla_sim/robots) by extensions ['cmake', 'python']
[0.596s] Level 1:colcon.colcon_core.package_identification:_identify(src/dogzilla_sim/robots) by extension 'cmake'
[0.596s] Level 1:colcon.colcon_core.package_identification:_identify(src/dogzilla_sim/robots) by extension 'python'
[0.596s] Level 1:colcon.colcon_core.package_identification:_identify(src/dogzilla_sim/robots) by extensions ['python_setup_py']
[0.596s] Level 1:colcon.colcon_core.package_identification:_identify(src/dogzilla_sim/robots) by extension 'python_setup_py'
[0.596s] Level 1:colcon.colcon_core.package_identification:_identify(src/dogzilla_sim/robots/configs) by extensions ['ignore', 'ignore_ament_install']
[0.596s] Level 1:colcon.colcon_core.package_identification:_identify(src/dogzilla_sim/robots/configs) by extension 'ignore'
[0.596s] Level 1:colcon.colcon_core.package_identification:_identify(src/dogzilla_sim/robots/configs) by extension 'ignore_ament_install'
[0.596s] Level 1:colcon.colcon_core.package_identification:_identify(src/dogzilla_sim/robots/configs) by extensions ['colcon_pkg']
[0.596s] Level 1:colcon.colcon_core.package_identification:_identify(src/dogzilla_sim/robots/configs) by extension 'colcon_pkg'
[0.596s] Level 1:colcon.colcon_core.package_identification:_identify(src/dogzilla_sim/robots/configs) by extensions ['colcon_meta']
[0.596s] Level 1:colcon.colcon_core.package_identification:_identify(src/dogzilla_sim/robots/configs) by extension 'colcon_meta'
[0.596s] Level 1:colcon.colcon_core.package_identification:_identify(src/dogzilla_sim/robots/configs) by extensions ['ros']
[0.597s] Level 1:colcon.colcon_core.package_identification:_identify(src/dogzilla_sim/robots/configs) by extension 'ros'
[0.597s] Level 1:colcon.colcon_core.package_identification:_identify(src/dogzilla_sim/robots/configs) by extensions ['cmake', 'python']
[0.597s] Level 1:colcon.colcon_core.package_identification:_identify(src/dogzilla_sim/robots/configs) by extension 'cmake'
[0.597s] Level 1:colcon.colcon_core.package_identification:_identify(src/dogzilla_sim/robots/configs) by extension 'python'
[0.597s] Level 1:colcon.colcon_core.package_identification:_identify(src/dogzilla_sim/robots/configs) by extensions ['python_setup_py']
[0.597s] Level 1:colcon.colcon_core.package_identification:_identify(src/dogzilla_sim/robots/configs) by extension 'python_setup_py'
[0.597s] Level 1:colcon.colcon_core.package_identification:_identify(src/dogzilla_sim/robots/configs/dogzilla_config) by extensions ['ignore', 'ignore_ament_install']
[0.597s] Level 1:colcon.colcon_core.package_identification:_identify(src/dogzilla_sim/robots/configs/dogzilla_config) by extension 'ignore'
[0.597s] Level 1:colcon.colcon_core.package_identification:_identify(src/dogzilla_sim/robots/configs/dogzilla_config) by extension 'ignore_ament_install'
[0.597s] Level 1:colcon.colcon_core.package_identification:_identify(src/dogzilla_sim/robots/configs/dogzilla_config) by extensions ['colcon_pkg']
[0.597s] Level 1:colcon.colcon_core.package_identification:_identify(src/dogzilla_sim/robots/configs/dogzilla_config) by extension 'colcon_pkg'
[0.597s] Level 1:colcon.colcon_core.package_identification:_identify(src/dogzilla_sim/robots/configs/dogzilla_config) by extensions ['colcon_meta']
[0.597s] Level 1:colcon.colcon_core.package_identification:_identify(src/dogzilla_sim/robots/configs/dogzilla_config) by extension 'colcon_meta'
[0.597s] Level 1:colcon.colcon_core.package_identification:_identify(src/dogzilla_sim/robots/configs/dogzilla_config) by extensions ['ros']
[0.597s] Level 1:colcon.colcon_core.package_identification:_identify(src/dogzilla_sim/robots/configs/dogzilla_config) by extension 'ros'
[0.598s] DEBUG:colcon.colcon_core.package_identification:Package 'src/dogzilla_sim/robots/configs/dogzilla_config' with type 'ros.ament_cmake' and name 'dogzilla_config'
[0.598s] Level 1:colcon.colcon_core.package_identification:_identify(src/dogzilla_sim/robots/descriptions) by extensions ['ignore', 'ignore_ament_install']
[0.598s] Level 1:colcon.colcon_core.package_identification:_identify(src/dogzilla_sim/robots/descriptions) by extension 'ignore'
[0.598s] Level 1:colcon.colcon_core.package_identification:_identify(src/dogzilla_sim/robots/descriptions) by extension 'ignore_ament_install'
[0.599s] Level 1:colcon.colcon_core.package_identification:_identify(src/dogzilla_sim/robots/descriptions) by extensions ['colcon_pkg']
[0.599s] Level 1:colcon.colcon_core.package_identification:_identify(src/dogzilla_sim/robots/descriptions) by extension 'colcon_pkg'
[0.599s] Level 1:colcon.colcon_core.package_identification:_identify(src/dogzilla_sim/robots/descriptions) by extensions ['colcon_meta']
[0.599s] Level 1:colcon.colcon_core.package_identification:_identify(src/dogzilla_sim/robots/descriptions) by extension 'colcon_meta'
[0.599s] Level 1:colcon.colcon_core.package_identification:_identify(src/dogzilla_sim/robots/descriptions) by extensions ['ros']
[0.599s] Level 1:colcon.colcon_core.package_identification:_identify(src/dogzilla_sim/robots/descriptions) by extension 'ros'
[0.599s] Level 1:colcon.colcon_core.package_identification:_identify(src/dogzilla_sim/robots/descriptions) by extensions ['cmake', 'python']
[0.599s] Level 1:colcon.colcon_core.package_identification:_identify(src/dogzilla_sim/robots/descriptions) by extension 'cmake'
[0.599s] Level 1:colcon.colcon_core.package_identification:_identify(src/dogzilla_sim/robots/descriptions) by extension 'python'
[0.599s] Level 1:colcon.colcon_core.package_identification:_identify(src/dogzilla_sim/robots/descriptions) by extensions ['python_setup_py']
[0.599s] Level 1:colcon.colcon_core.package_identification:_identify(src/dogzilla_sim/robots/descriptions) by extension 'python_setup_py'
[0.599s] Level 1:colcon.colcon_core.package_identification:_identify(src/dogzilla_sim/robots/descriptions/dogzilla_description) by extensions ['ignore', 'ignore_ament_install']
[0.600s] Level 1:colcon.colcon_core.package_identification:_identify(src/dogzilla_sim/robots/descriptions/dogzilla_description) by extension 'ignore'
[0.600s] Level 1:colcon.colcon_core.package_identification:_identify(src/dogzilla_sim/robots/descriptions/dogzilla_description) by extension 'ignore_ament_install'
[0.600s] Level 1:colcon.colcon_core.package_identification:_identify(src/dogzilla_sim/robots/descriptions/dogzilla_description) by extensions ['colcon_pkg']
[0.600s] Level 1:colcon.colcon_core.package_identification:_identify(src/dogzilla_sim/robots/descriptions/dogzilla_description) by extension 'colcon_pkg'
[0.600s] Level 1:colcon.colcon_core.package_identification:_identify(src/dogzilla_sim/robots/descriptions/dogzilla_description) by extensions ['colcon_meta']
[0.600s] Level 1:colcon.colcon_core.package_identification:_identify(src/dogzilla_sim/robots/descriptions/dogzilla_description) by extension 'colcon_meta'
[0.600s] Level 1:colcon.colcon_core.package_identification:_identify(src/dogzilla_sim/robots/descriptions/dogzilla_description) by extensions ['ros']
[0.600s] Level 1:colcon.colcon_core.package_identification:_identify(src/dogzilla_sim/robots/descriptions/dogzilla_description) by extension 'ros'
[0.601s] DEBUG:colcon.colcon_core.package_identification:Package 'src/dogzilla_sim/robots/descriptions/dogzilla_description' with type 'ros.ament_cmake' and name 'dogzilla_description'
[0.601s] Level 1:colcon.colcon_core.package_identification:_identify(src/gemini_examples) by extensions ['ignore', 'ignore_ament_install']
[0.601s] Level 1:colcon.colcon_core.package_identification:_identify(src/gemini_examples) by extension 'ignore'
[0.601s] Level 1:colcon.colcon_core.package_identification:_identify(src/gemini_examples) ignored
[0.601s] Level 1:colcon.colcon_core.package_identification:_identify(src/image_color_lab) by extensions ['ignore', 'ignore_ament_install']
[0.602s] Level 1:colcon.colcon_core.package_identification:_identify(src/image_color_lab) by extension 'ignore'
[0.602s] Level 1:colcon.colcon_core.package_identification:_identify(src/image_color_lab) by extension 'ignore_ament_install'
[0.602s] Level 1:colcon.colcon_core.package_identification:_identify(src/image_color_lab) by extensions ['colcon_pkg']
[0.602s] Level 1:colcon.colcon_core.package_identification:_identify(src/image_color_lab) by extension 'colcon_pkg'
[0.602s] Level 1:colcon.colcon_core.package_identification:_identify(src/image_color_lab) by extensions ['colcon_meta']
[0.602s] Level 1:colcon.colcon_core.package_identification:_identify(src/image_color_lab) by extension 'colcon_meta'
[0.602s] Level 1:colcon.colcon_core.package_identification:_identify(src/image_color_lab) by extensions ['ros']
[0.602s] Level 1:colcon.colcon_core.package_identification:_identify(src/image_color_lab) by extension 'ros'
[0.603s] DEBUG:colcon.colcon_core.package_identification:Package 'src/image_color_lab' with type 'ros.ament_cmake' and name 'image_color_lab'
[0.603s] Level 1:colcon.colcon_core.package_identification:_identify(src/install) by extensions ['ignore', 'ignore_ament_install']
[0.603s] Level 1:colcon.colcon_core.package_identification:_identify(src/install) by extension 'ignore'
[0.603s] Level 1:colcon.colcon_core.package_identification:_identify(src/install) ignored
[0.603s] Level 1:colcon.colcon_core.package_identification:_identify(src/oradar_lidar) by extensions ['ignore', 'ignore_ament_install']
[0.603s] Level 1:colcon.colcon_core.package_identification:_identify(src/oradar_lidar) by extension 'ignore'
[0.603s] Level 1:colcon.colcon_core.package_identification:_identify(src/oradar_lidar) by extension 'ignore_ament_install'
[0.603s] Level 1:colcon.colcon_core.package_identification:_identify(src/oradar_lidar) by extensions ['colcon_pkg']
[0.604s] Level 1:colcon.colcon_core.package_identification:_identify(src/oradar_lidar) by extension 'colcon_pkg'
[0.604s] Level 1:colcon.colcon_core.package_identification:_identify(src/oradar_lidar) by extensions ['colcon_meta']
[0.604s] Level 1:colcon.colcon_core.package_identification:_identify(src/oradar_lidar) by extension 'colcon_meta'
[0.604s] Level 1:colcon.colcon_core.package_identification:_identify(src/oradar_lidar) by extensions ['ros']
[0.604s] Level 1:colcon.colcon_core.package_identification:_identify(src/oradar_lidar) by extension 'ros'
[0.604s] DEBUG:colcon.colcon_core.package_identification:Package 'src/oradar_lidar' with type 'ros.ament_cmake' and name 'oradar_lidar'
[0.605s] Level 1:colcon.colcon_core.package_identification:_identify(src/tf_publisher) by extensions ['ignore', 'ignore_ament_install']
[0.605s] Level 1:colcon.colcon_core.package_identification:_identify(src/tf_publisher) by extension 'ignore'
[0.605s] Level 1:colcon.colcon_core.package_identification:_identify(src/tf_publisher) by extension 'ignore_ament_install'
[0.605s] Level 1:colcon.colcon_core.package_identification:_identify(src/tf_publisher) by extensions ['colcon_pkg']
[0.605s] Level 1:colcon.colcon_core.package_identification:_identify(src/tf_publisher) by extension 'colcon_pkg'
[0.605s] Level 1:colcon.colcon_core.package_identification:_identify(src/tf_publisher) by extensions ['colcon_meta']
[0.605s] Level 1:colcon.colcon_core.package_identification:_identify(src/tf_publisher) by extension 'colcon_meta'
[0.605s] Level 1:colcon.colcon_core.package_identification:_identify(src/tf_publisher) by extensions ['ros']
[0.605s] Level 1:colcon.colcon_core.package_identification:_identify(src/tf_publisher) by extension 'ros'
[0.606s] DEBUG:colcon.colcon_core.package_identification:Package 'src/tf_publisher' with type 'ros.ament_python' and name 'tf_publisher'
[0.606s] Level 1:colcon.colcon_core.package_identification:_identify(src/unitree-go2-ros2) by extensions ['ignore', 'ignore_ament_install']
[0.606s] Level 1:colcon.colcon_core.package_identification:_identify(src/unitree-go2-ros2) by extension 'ignore'
[0.606s] Level 1:colcon.colcon_core.package_identification:_identify(src/unitree-go2-ros2) by extension 'ignore_ament_install'
[0.606s] Level 1:colcon.colcon_core.package_identification:_identify(src/unitree-go2-ros2) by extensions ['colcon_pkg']
[0.606s] Level 1:colcon.colcon_core.package_identification:_identify(src/unitree-go2-ros2) by extension 'colcon_pkg'
[0.606s] Level 1:colcon.colcon_core.package_identification:_identify(src/unitree-go2-ros2) by extensions ['colcon_meta']
[0.606s] Level 1:colcon.colcon_core.package_identification:_identify(src/unitree-go2-ros2) by extension 'colcon_meta'
[0.606s] Level 1:colcon.colcon_core.package_identification:_identify(src/unitree-go2-ros2) by extensions ['ros']
[0.606s] Level 1:colcon.colcon_core.package_identification:_identify(src/unitree-go2-ros2) by extension 'ros'
[0.606s] Level 1:colcon.colcon_core.package_identification:_identify(src/unitree-go2-ros2) by extensions ['cmake', 'python']
[0.606s] Level 1:colcon.colcon_core.package_identification:_identify(src/unitree-go2-ros2) by extension 'cmake'
[0.607s] Level 1:colcon.colcon_core.package_identification:_identify(src/unitree-go2-ros2) by extension 'python'
[0.607s] Level 1:colcon.colcon_core.package_identification:_identify(src/unitree-go2-ros2) by extensions ['python_setup_py']
[0.607s] Level 1:colcon.colcon_core.package_identification:_identify(src/unitree-go2-ros2) by extension 'python_setup_py'
[0.607s] Level 1:colcon.colcon_core.package_identification:_identify(src/unitree-go2-ros2/champ) by extensions ['ignore', 'ignore_ament_install']
[0.607s] Level 1:colcon.colcon_core.package_identification:_identify(src/unitree-go2-ros2/champ) by extension 'ignore'
[0.607s] Level 1:colcon.colcon_core.package_identification:_identify(src/unitree-go2-ros2/champ) by extension 'ignore_ament_install'
[0.607s] Level 1:colcon.colcon_core.package_identification:_identify(src/unitree-go2-ros2/champ) by extensions ['colcon_pkg']
[0.607s] Level 1:colcon.colcon_core.package_identification:_identify(src/unitree-go2-ros2/champ) by extension 'colcon_pkg'
[0.607s] Level 1:colcon.colcon_core.package_identification:_identify(src/unitree-go2-ros2/champ) by extensions ['colcon_meta']
[0.607s] Level 1:colcon.colcon_core.package_identification:_identify(src/unitree-go2-ros2/champ) by extension 'colcon_meta'
[0.607s] Level 1:colcon.colcon_core.package_identification:_identify(src/unitree-go2-ros2/champ) by extensions ['ros']
[0.607s] Level 1:colcon.colcon_core.package_identification:_identify(src/unitree-go2-ros2/champ) by extension 'ros'
[0.607s] Level 1:colcon.colcon_core.package_identification:_identify(src/unitree-go2-ros2/champ) by extensions ['cmake', 'python']
[0.607s] Level 1:colcon.colcon_core.package_identification:_identify(src/unitree-go2-ros2/champ) by extension 'cmake'
[0.607s] Level 1:colcon.colcon_core.package_identification:_identify(src/unitree-go2-ros2/champ) by extension 'python'
[0.607s] Level 1:colcon.colcon_core.package_identification:_identify(src/unitree-go2-ros2/champ) by extensions ['python_setup_py']
[0.607s] Level 1:colcon.colcon_core.package_identification:_identify(src/unitree-go2-ros2/champ) by extension 'python_setup_py'
[0.608s] Level 1:colcon.colcon_core.package_identification:_identify(src/unitree-go2-ros2/champ/champ) by extensions ['ignore', 'ignore_ament_install']
[0.608s] Level 1:colcon.colcon_core.package_identification:_identify(src/unitree-go2-ros2/champ/champ) by extension 'ignore'
[0.608s] Level 1:colcon.colcon_core.package_identification:_identify(src/unitree-go2-ros2/champ/champ) by extension 'ignore_ament_install'
[0.608s] Level 1:colcon.colcon_core.package_identification:_identify(src/unitree-go2-ros2/champ/champ) by extensions ['colcon_pkg']
[0.608s] Level 1:colcon.colcon_core.package_identification:_identify(src/unitree-go2-ros2/champ/champ) by extension 'colcon_pkg'
[0.608s] Level 1:colcon.colcon_core.package_identification:_identify(src/unitree-go2-ros2/champ/champ) by extensions ['colcon_meta']
[0.608s] Level 1:colcon.colcon_core.package_identification:_identify(src/unitree-go2-ros2/champ/champ) by extension 'colcon_meta'
[0.608s] Level 1:colcon.colcon_core.package_identification:_identify(src/unitree-go2-ros2/champ/champ) by extensions ['ros']
[0.608s] Level 1:colcon.colcon_core.package_identification:_identify(src/unitree-go2-ros2/champ/champ) by extension 'ros'
[0.609s] DEBUG:colcon.colcon_core.package_identification:Package 'src/unitree-go2-ros2/champ/champ' with type 'ros.ament_cmake' and name 'champ'
[0.609s] Level 1:colcon.colcon_core.package_identification:_identify(src/unitree-go2-ros2/champ/champ_base) by extensions ['ignore', 'ignore_ament_install']
[0.609s] Level 1:colcon.colcon_core.package_identification:_identify(src/unitree-go2-ros2/champ/champ_base) by extension 'ignore'
[0.609s] Level 1:colcon.colcon_core.package_identification:_identify(src/unitree-go2-ros2/champ/champ_base) by extension 'ignore_ament_install'
[0.609s] Level 1:colcon.colcon_core.package_identification:_identify(src/unitree-go2-ros2/champ/champ_base) by extensions ['colcon_pkg']
[0.609s] Level 1:colcon.colcon_core.package_identification:_identify(src/unitree-go2-ros2/champ/champ_base) by extension 'colcon_pkg'
[0.610s] Level 1:colcon.colcon_core.package_identification:_identify(src/unitree-go2-ros2/champ/champ_base) by extensions ['colcon_meta']
[0.610s] Level 1:colcon.colcon_core.package_identification:_identify(src/unitree-go2-ros2/champ/champ_base) by extension 'colcon_meta'
[0.610s] Level 1:colcon.colcon_core.package_identification:_identify(src/unitree-go2-ros2/champ/champ_base) by extensions ['ros']
[0.610s] Level 1:colcon.colcon_core.package_identification:_identify(src/unitree-go2-ros2/champ/champ_base) by extension 'ros'
[0.611s] DEBUG:colcon.colcon_core.package_identification:Package 'src/unitree-go2-ros2/champ/champ_base' with type 'ros.ament_cmake' and name 'champ_base'
[0.611s] Level 1:colcon.colcon_core.package_identification:_identify(src/unitree-go2-ros2/champ/champ_bringup) by extensions ['ignore', 'ignore_ament_install']
[0.612s] Level 1:colcon.colcon_core.package_identification:_identify(src/unitree-go2-ros2/champ/champ_bringup) by extension 'ignore'
[0.612s] Level 1:colcon.colcon_core.package_identification:_identify(src/unitree-go2-ros2/champ/champ_bringup) by extension 'ignore_ament_install'
[0.612s] Level 1:colcon.colcon_core.package_identification:_identify(src/unitree-go2-ros2/champ/champ_bringup) by extensions ['colcon_pkg']
[0.612s] Level 1:colcon.colcon_core.package_identification:_identify(src/unitree-go2-ros2/champ/champ_bringup) by extension 'colcon_pkg'
[0.612s] Level 1:colcon.colcon_core.package_identification:_identify(src/unitree-go2-ros2/champ/champ_bringup) by extensions ['colcon_meta']
[0.612s] Level 1:colcon.colcon_core.package_identification:_identify(src/unitree-go2-ros2/champ/champ_bringup) by extension 'colcon_meta'
[0.612s] Level 1:colcon.colcon_core.package_identification:_identify(src/unitree-go2-ros2/champ/champ_bringup) by extensions ['ros']
[0.612s] Level 1:colcon.colcon_core.package_identification:_identify(src/unitree-go2-ros2/champ/champ_bringup) by extension 'ros'
[0.613s] DEBUG:colcon.colcon_core.package_identification:Package 'src/unitree-go2-ros2/champ/champ_bringup' with type 'ros.ament_cmake' and name 'champ_bringup'
[0.613s] Level 1:colcon.colcon_core.package_identification:_identify(src/unitree-go2-ros2/champ/champ_config) by extensions ['ignore', 'ignore_ament_install']
[0.613s] Level 1:colcon.colcon_core.package_identification:_identify(src/unitree-go2-ros2/champ/champ_config) by extension 'ignore'
[0.613s] Level 1:colcon.colcon_core.package_identification:_identify(src/unitree-go2-ros2/champ/champ_config) by extension 'ignore_ament_install'
[0.613s] Level 1:colcon.colcon_core.package_identification:_identify(src/unitree-go2-ros2/champ/champ_config) by extensions ['colcon_pkg']
[0.613s] Level 1:colcon.colcon_core.package_identification:_identify(src/unitree-go2-ros2/champ/champ_config) by extension 'colcon_pkg'
[0.613s] Level 1:colcon.colcon_core.package_identification:_identify(src/unitree-go2-ros2/champ/champ_config) by extensions ['colcon_meta']
[0.613s] Level 1:colcon.colcon_core.package_identification:_identify(src/unitree-go2-ros2/champ/champ_config) by extension 'colcon_meta'
[0.614s] Level 1:colcon.colcon_core.package_identification:_identify(src/unitree-go2-ros2/champ/champ_config) by extensions ['ros']
[0.614s] Level 1:colcon.colcon_core.package_identification:_identify(src/unitree-go2-ros2/champ/champ_config) by extension 'ros'
[0.614s] DEBUG:colcon.colcon_core.package_identification:Package 'src/unitree-go2-ros2/champ/champ_config' with type 'ros.ament_cmake' and name 'champ_config'
[0.615s] Level 1:colcon.colcon_core.package_identification:_identify(src/unitree-go2-ros2/champ/champ_description) by extensions ['ignore', 'ignore_ament_install']
[0.615s] Level 1:colcon.colcon_core.package_identification:_identify(src/unitree-go2-ros2/champ/champ_description) by extension 'ignore'
[0.615s] Level 1:colcon.colcon_core.package_identification:_identify(src/unitree-go2-ros2/champ/champ_description) by extension 'ignore_ament_install'
[0.615s] Level 1:colcon.colcon_core.package_identification:_identify(src/unitree-go2-ros2/champ/champ_description) by extensions ['colcon_pkg']
[0.615s] Level 1:colcon.colcon_core.package_identification:_identify(src/unitree-go2-ros2/champ/champ_description) by extension 'colcon_pkg'
[0.615s] Level 1:colcon.colcon_core.package_identification:_identify(src/unitree-go2-ros2/champ/champ_description) by extensions ['colcon_meta']
[0.615s] Level 1:colcon.colcon_core.package_identification:_identify(src/unitree-go2-ros2/champ/champ_description) by extension 'colcon_meta'
[0.615s] Level 1:colcon.colcon_core.package_identification:_identify(src/unitree-go2-ros2/champ/champ_description) by extensions ['ros']
[0.615s] Level 1:colcon.colcon_core.package_identification:_identify(src/unitree-go2-ros2/champ/champ_description) by extension 'ros'
[0.616s] DEBUG:colcon.colcon_core.package_identification:Package 'src/unitree-go2-ros2/champ/champ_description' with type 'ros.ament_cmake' and name 'champ_description'
[0.616s] Level 1:colcon.colcon_core.package_identification:_identify(src/unitree-go2-ros2/champ/champ_gazebo) by extensions ['ignore', 'ignore_ament_install']
[0.616s] Level 1:colcon.colcon_core.package_identification:_identify(src/unitree-go2-ros2/champ/champ_gazebo) by extension 'ignore'
[0.616s] Level 1:colcon.colcon_core.package_identification:_identify(src/unitree-go2-ros2/champ/champ_gazebo) by extension 'ignore_ament_install'
[0.616s] Level 1:colcon.colcon_core.package_identification:_identify(src/unitree-go2-ros2/champ/champ_gazebo) by extensions ['colcon_pkg']
[0.616s] Level 1:colcon.colcon_core.package_identification:_identify(src/unitree-go2-ros2/champ/champ_gazebo) by extension 'colcon_pkg'
[0.616s] Level 1:colcon.colcon_core.package_identification:_identify(src/unitree-go2-ros2/champ/champ_gazebo) by extensions ['colcon_meta']
[0.616s] Level 1:colcon.colcon_core.package_identification:_identify(src/unitree-go2-ros2/champ/champ_gazebo) by extension 'colcon_meta'
[0.616s] Level 1:colcon.colcon_core.package_identification:_identify(src/unitree-go2-ros2/champ/champ_gazebo) by extensions ['ros']
[0.616s] Level 1:colcon.colcon_core.package_identification:_identify(src/unitree-go2-ros2/champ/champ_gazebo) by extension 'ros'
[0.617s] DEBUG:colcon.colcon_core.package_identification:Package 'src/unitree-go2-ros2/champ/champ_gazebo' with type 'ros.ament_cmake' and name 'champ_gazebo'
[0.618s] Level 1:colcon.colcon_core.package_identification:_identify(src/unitree-go2-ros2/champ/champ_msgs) by extensions ['ignore', 'ignore_ament_install']
[0.618s] Level 1:colcon.colcon_core.package_identification:_identify(src/unitree-go2-ros2/champ/champ_msgs) by extension 'ignore'
[0.618s] Level 1:colcon.colcon_core.package_identification:_identify(src/unitree-go2-ros2/champ/champ_msgs) by extension 'ignore_ament_install'
[0.618s] Level 1:colcon.colcon_core.package_identification:_identify(src/unitree-go2-ros2/champ/champ_msgs) by extensions ['colcon_pkg']
[0.618s] Level 1:colcon.colcon_core.package_identification:_identify(src/unitree-go2-ros2/champ/champ_msgs) by extension 'colcon_pkg'
[0.618s] Level 1:colcon.colcon_core.package_identification:_identify(src/unitree-go2-ros2/champ/champ_msgs) by extensions ['colcon_meta']
[0.618s] Level 1:colcon.colcon_core.package_identification:_identify(src/unitree-go2-ros2/champ/champ_msgs) by extension 'colcon_meta'
[0.618s] Level 1:colcon.colcon_core.package_identification:_identify(src/unitree-go2-ros2/champ/champ_msgs) by extensions ['ros']
[0.618s] Level 1:colcon.colcon_core.package_identification:_identify(src/unitree-go2-ros2/champ/champ_msgs) by extension 'ros'
[0.619s] DEBUG:colcon.colcon_core.package_identification:Package 'src/unitree-go2-ros2/champ/champ_msgs' with type 'ros.ament_cmake' and name 'champ_msgs'
[0.619s] Level 1:colcon.colcon_core.package_identification:_identify(src/unitree-go2-ros2/champ/champ_navigation) by extensions ['ignore', 'ignore_ament_install']
[0.619s] Level 1:colcon.colcon_core.package_identification:_identify(src/unitree-go2-ros2/champ/champ_navigation) by extension 'ignore'
[0.619s] Level 1:colcon.colcon_core.package_identification:_identify(src/unitree-go2-ros2/champ/champ_navigation) by extension 'ignore_ament_install'
[0.619s] Level 1:colcon.colcon_core.package_identification:_identify(src/unitree-go2-ros2/champ/champ_navigation) by extensions ['colcon_pkg']
[0.619s] Level 1:colcon.colcon_core.package_identification:_identify(src/unitree-go2-ros2/champ/champ_navigation) by extension 'colcon_pkg'
[0.619s] Level 1:colcon.colcon_core.package_identification:_identify(src/unitree-go2-ros2/champ/champ_navigation) by extensions ['colcon_meta']
[0.619s] Level 1:colcon.colcon_core.package_identification:_identify(src/unitree-go2-ros2/champ/champ_navigation) by extension 'colcon_meta'
[0.619s] Level 1:colcon.colcon_core.package_identification:_identify(src/unitree-go2-ros2/champ/champ_navigation) by extensions ['ros']
[0.619s] Level 1:colcon.colcon_core.package_identification:_identify(src/unitree-go2-ros2/champ/champ_navigation) by extension 'ros'
[0.620s] DEBUG:colcon.colcon_core.package_identification:Package 'src/unitree-go2-ros2/champ/champ_navigation' with type 'ros.ament_cmake' and name 'champ_navigation'
[0.620s] Level 1:colcon.colcon_core.package_identification:_identify(src/unitree-go2-ros2/champ/docs) by extensions ['ignore', 'ignore_ament_install']
[0.620s] Level 1:colcon.colcon_core.package_identification:_identify(src/unitree-go2-ros2/champ/docs) by extension 'ignore'
[0.620s] Level 1:colcon.colcon_core.package_identification:_identify(src/unitree-go2-ros2/champ/docs) by extension 'ignore_ament_install'
[0.620s] Level 1:colcon.colcon_core.package_identification:_identify(src/unitree-go2-ros2/champ/docs) by extensions ['colcon_pkg']
[0.620s] Level 1:colcon.colcon_core.package_identification:_identify(src/unitree-go2-ros2/champ/docs) by extension 'colcon_pkg'
[0.620s] Level 1:colcon.colcon_core.package_identification:_identify(src/unitree-go2-ros2/champ/docs) by extensions ['colcon_meta']
[0.620s] Level 1:colcon.colcon_core.package_identification:_identify(src/unitree-go2-ros2/champ/docs) by extension 'colcon_meta'
[0.620s] Level 1:colcon.colcon_core.package_identification:_identify(src/unitree-go2-ros2/champ/docs) by extensions ['ros']
[0.620s] Level 1:colcon.colcon_core.package_identification:_identify(src/unitree-go2-ros2/champ/docs) by extension 'ros'
[0.621s] Level 1:colcon.colcon_core.package_identification:_identify(src/unitree-go2-ros2/champ/docs) by extensions ['cmake', 'python']
[0.621s] Level 1:colcon.colcon_core.package_identification:_identify(src/unitree-go2-ros2/champ/docs) by extension 'cmake'
[0.621s] Level 1:colcon.colcon_core.package_identification:_identify(src/unitree-go2-ros2/champ/docs) by extension 'python'
[0.621s] Level 1:colcon.colcon_core.package_identification:_identify(src/unitree-go2-ros2/champ/docs) by extensions ['python_setup_py']
[0.621s] Level 1:colcon.colcon_core.package_identification:_identify(src/unitree-go2-ros2/champ/docs) by extension 'python_setup_py'
[0.621s] Level 1:colcon.colcon_core.package_identification:_identify(src/unitree-go2-ros2/champ/docs/images) by extensions ['ignore', 'ignore_ament_install']
[0.621s] Level 1:colcon.colcon_core.package_identification:_identify(src/unitree-go2-ros2/champ/docs/images) by extension 'ignore'
[0.621s] Level 1:colcon.colcon_core.package_identification:_identify(src/unitree-go2-ros2/champ/docs/images) by extension 'ignore_ament_install'
[0.621s] Level 1:colcon.colcon_core.package_identification:_identify(src/unitree-go2-ros2/champ/docs/images) by extensions ['colcon_pkg']
[0.621s] Level 1:colcon.colcon_core.package_identification:_identify(src/unitree-go2-ros2/champ/docs/images) by extension 'colcon_pkg'
[0.621s] Level 1:colcon.colcon_core.package_identification:_identify(src/unitree-go2-ros2/champ/docs/images) by extensions ['colcon_meta']
[0.621s] Level 1:colcon.colcon_core.package_identification:_identify(src/unitree-go2-ros2/champ/docs/images) by extension 'colcon_meta'
[0.621s] Level 1:colcon.colcon_core.package_identification:_identify(src/unitree-go2-ros2/champ/docs/images) by extensions ['ros']
[0.621s] Level 1:colcon.colcon_core.package_identification:_identify(src/unitree-go2-ros2/champ/docs/images) by extension 'ros'
[0.621s] Level 1:colcon.colcon_core.package_identification:_identify(src/unitree-go2-ros2/champ/docs/images) by extensions ['cmake', 'python']
[0.621s] Level 1:colcon.colcon_core.package_identification:_identify(src/unitree-go2-ros2/champ/docs/images) by extension 'cmake'
[0.621s] Level 1:colcon.colcon_core.package_identification:_identify(src/unitree-go2-ros2/champ/docs/images) by extension 'python'
[0.621s] Level 1:colcon.colcon_core.package_identification:_identify(src/unitree-go2-ros2/champ/docs/images) by extensions ['python_setup_py']
[0.621s] Level 1:colcon.colcon_core.package_identification:_identify(src/unitree-go2-ros2/champ/docs/images) by extension 'python_setup_py'
[0.622s] Level 1:colcon.colcon_core.package_identification:_identify(src/unitree-go2-ros2/champ_teleop) by extensions ['ignore', 'ignore_ament_install']
[0.622s] Level 1:colcon.colcon_core.package_identification:_identify(src/unitree-go2-ros2/champ_teleop) by extension 'ignore'
[0.622s] Level 1:colcon.colcon_core.package_identification:_identify(src/unitree-go2-ros2/champ_teleop) by extension 'ignore_ament_install'
[0.622s] Level 1:colcon.colcon_core.package_identification:_identify(src/unitree-go2-ros2/champ_teleop) by extensions ['colcon_pkg']
[0.622s] Level 1:colcon.colcon_core.package_identification:_identify(src/unitree-go2-ros2/champ_teleop) by extension 'colcon_pkg'
[0.622s] Level 1:colcon.colcon_core.package_identification:_identify(src/unitree-go2-ros2/champ_teleop) by extensions ['colcon_meta']
[0.622s] Level 1:colcon.colcon_core.package_identification:_identify(src/unitree-go2-ros2/champ_teleop) by extension 'colcon_meta'
[0.622s] Level 1:colcon.colcon_core.package_identification:_identify(src/unitree-go2-ros2/champ_teleop) by extensions ['ros']
[0.622s] Level 1:colcon.colcon_core.package_identification:_identify(src/unitree-go2-ros2/champ_teleop) by extension 'ros'
[0.623s] DEBUG:colcon.colcon_core.package_identification:Package 'src/unitree-go2-ros2/champ_teleop' with type 'ros.ament_cmake' and name 'champ_teleop'
[0.623s] Level 1:colcon.colcon_core.package_identification:_identify(src/unitree-go2-ros2/robots) by extensions ['ignore', 'ignore_ament_install']
[0.623s] Level 1:colcon.colcon_core.package_identification:_identify(src/unitree-go2-ros2/robots) by extension 'ignore'
[0.623s] Level 1:colcon.colcon_core.package_identification:_identify(src/unitree-go2-ros2/robots) by extension 'ignore_ament_install'
[0.623s] Level 1:colcon.colcon_core.package_identification:_identify(src/unitree-go2-ros2/robots) by extensions ['colcon_pkg']
[0.623s] Level 1:colcon.colcon_core.package_identification:_identify(src/unitree-go2-ros2/robots) by extension 'colcon_pkg'
[0.623s] Level 1:colcon.colcon_core.package_identification:_identify(src/unitree-go2-ros2/robots) by extensions ['colcon_meta']
[0.623s] Level 1:colcon.colcon_core.package_identification:_identify(src/unitree-go2-ros2/robots) by extension 'colcon_meta'
[0.623s] Level 1:colcon.colcon_core.package_identification:_identify(src/unitree-go2-ros2/robots) by extensions ['ros']
[0.623s] Level 1:colcon.colcon_core.package_identification:_identify(src/unitree-go2-ros2/robots) by extension 'ros'
[0.623s] Level 1:colcon.colcon_core.package_identification:_identify(src/unitree-go2-ros2/robots) by extensions ['cmake', 'python']
[0.623s] Level 1:colcon.colcon_core.package_identification:_identify(src/unitree-go2-ros2/robots) by extension 'cmake'
[0.623s] Level 1:colcon.colcon_core.package_identification:_identify(src/unitree-go2-ros2/robots) by extension 'python'
[0.624s] Level 1:colcon.colcon_core.package_identification:_identify(src/unitree-go2-ros2/robots) by extensions ['python_setup_py']
[0.624s] Level 1:colcon.colcon_core.package_identification:_identify(src/unitree-go2-ros2/robots) by extension 'python_setup_py'
[0.624s] Level 1:colcon.colcon_core.package_identification:_identify(src/unitree-go2-ros2/robots/configs) by extensions ['ignore', 'ignore_ament_install']
[0.624s] Level 1:colcon.colcon_core.package_identification:_identify(src/unitree-go2-ros2/robots/configs) by extension 'ignore'
[0.624s] Level 1:colcon.colcon_core.package_identification:_identify(src/unitree-go2-ros2/robots/configs) by extension 'ignore_ament_install'
[0.624s] Level 1:colcon.colcon_core.package_identification:_identify(src/unitree-go2-ros2/robots/configs) by extensions ['colcon_pkg']
[0.624s] Level 1:colcon.colcon_core.package_identification:_identify(src/unitree-go2-ros2/robots/configs) by extension 'colcon_pkg'
[0.624s] Level 1:colcon.colcon_core.package_identification:_identify(src/unitree-go2-ros2/robots/configs) by extensions ['colcon_meta']
[0.624s] Level 1:colcon.colcon_core.package_identification:_identify(src/unitree-go2-ros2/robots/configs) by extension 'colcon_meta'
[0.624s] Level 1:colcon.colcon_core.package_identification:_identify(src/unitree-go2-ros2/robots/configs) by extensions ['ros']
[0.624s] Level 1:colcon.colcon_core.package_identification:_identify(src/unitree-go2-ros2/robots/configs) by extension 'ros'
[0.624s] Level 1:colcon.colcon_core.package_identification:_identify(src/unitree-go2-ros2/robots/configs) by extensions ['cmake', 'python']
[0.624s] Level 1:colcon.colcon_core.package_identification:_identify(src/unitree-go2-ros2/robots/configs) by extension 'cmake'
[0.624s] Level 1:colcon.colcon_core.package_identification:_identify(src/unitree-go2-ros2/robots/configs) by extension 'python'
[0.624s] Level 1:colcon.colcon_core.package_identification:_identify(src/unitree-go2-ros2/robots/configs) by extensions ['python_setup_py']
[0.624s] Level 1:colcon.colcon_core.package_identification:_identify(src/unitree-go2-ros2/robots/configs) by extension 'python_setup_py'
[0.625s] Level 1:colcon.colcon_core.package_identification:_identify(src/unitree-go2-ros2/robots/configs/go2_config) by extensions ['ignore', 'ignore_ament_install']
[0.625s] Level 1:colcon.colcon_core.package_identification:_identify(src/unitree-go2-ros2/robots/configs/go2_config) by extension 'ignore'
[0.625s] Level 1:colcon.colcon_core.package_identification:_identify(src/unitree-go2-ros2/robots/configs/go2_config) by extension 'ignore_ament_install'
[0.625s] Level 1:colcon.colcon_core.package_identification:_identify(src/unitree-go2-ros2/robots/configs/go2_config) by extensions ['colcon_pkg']
[0.625s] Level 1:colcon.colcon_core.package_identification:_identify(src/unitree-go2-ros2/robots/configs/go2_config) by extension 'colcon_pkg'
[0.625s] Level 1:colcon.colcon_core.package_identification:_identify(src/unitree-go2-ros2/robots/configs/go2_config) by extensions ['colcon_meta']
[0.625s] Level 1:colcon.colcon_core.package_identification:_identify(src/unitree-go2-ros2/robots/configs/go2_config) by extension 'colcon_meta'
[0.625s] Level 1:colcon.colcon_core.package_identification:_identify(src/unitree-go2-ros2/robots/configs/go2_config) by extensions ['ros']
[0.625s] Level 1:colcon.colcon_core.package_identification:_identify(src/unitree-go2-ros2/robots/configs/go2_config) by extension 'ros'
[0.626s] DEBUG:colcon.colcon_core.package_identification:Package 'src/unitree-go2-ros2/robots/configs/go2_config' with type 'ros.ament_cmake' and name 'go2_config'
[0.626s] Level 1:colcon.colcon_core.package_identification:_identify(src/unitree-go2-ros2/robots/descriptions) by extensions ['ignore', 'ignore_ament_install']
[0.626s] Level 1:colcon.colcon_core.package_identification:_identify(src/unitree-go2-ros2/robots/descriptions) by extension 'ignore'
[0.626s] Level 1:colcon.colcon_core.package_identification:_identify(src/unitree-go2-ros2/robots/descriptions) by extension 'ignore_ament_install'
[0.626s] Level 1:colcon.colcon_core.package_identification:_identify(src/unitree-go2-ros2/robots/descriptions) by extensions ['colcon_pkg']
[0.626s] Level 1:colcon.colcon_core.package_identification:_identify(src/unitree-go2-ros2/robots/descriptions) by extension 'colcon_pkg'
[0.627s] Level 1:colcon.colcon_core.package_identification:_identify(src/unitree-go2-ros2/robots/descriptions) by extensions ['colcon_meta']
[0.627s] Level 1:colcon.colcon_core.package_identification:_identify(src/unitree-go2-ros2/robots/descriptions) by extension 'colcon_meta'
[0.627s] Level 1:colcon.colcon_core.package_identification:_identify(src/unitree-go2-ros2/robots/descriptions) by extensions ['ros']
[0.627s] Level 1:colcon.colcon_core.package_identification:_identify(src/unitree-go2-ros2/robots/descriptions) by extension 'ros'
[0.627s] Level 1:colcon.colcon_core.package_identification:_identify(src/unitree-go2-ros2/robots/descriptions) by extensions ['cmake', 'python']
[0.627s] Level 1:colcon.colcon_core.package_identification:_identify(src/unitree-go2-ros2/robots/descriptions) by extension 'cmake'
[0.627s] Level 1:colcon.colcon_core.package_identification:_identify(src/unitree-go2-ros2/robots/descriptions) by extension 'python'
[0.627s] Level 1:colcon.colcon_core.package_identification:_identify(src/unitree-go2-ros2/robots/descriptions) by extensions ['python_setup_py']
[0.627s] Level 1:colcon.colcon_core.package_identification:_identify(src/unitree-go2-ros2/robots/descriptions) by extension 'python_setup_py'
[0.627s] Level 1:colcon.colcon_core.package_identification:_identify(src/unitree-go2-ros2/robots/descriptions/go2_description) by extensions ['ignore', 'ignore_ament_install']
[0.627s] Level 1:colcon.colcon_core.package_identification:_identify(src/unitree-go2-ros2/robots/descriptions/go2_description) by extension 'ignore'
[0.627s] Level 1:colcon.colcon_core.package_identification:_identify(src/unitree-go2-ros2/robots/descriptions/go2_description) by extension 'ignore_ament_install'
[0.627s] Level 1:colcon.colcon_core.package_identification:_identify(src/unitree-go2-ros2/robots/descriptions/go2_description) by extensions ['colcon_pkg']
[0.627s] Level 1:colcon.colcon_core.package_identification:_identify(src/unitree-go2-ros2/robots/descriptions/go2_description) by extension 'colcon_pkg'
[0.627s] Level 1:colcon.colcon_core.package_identification:_identify(src/unitree-go2-ros2/robots/descriptions/go2_description) by extensions ['colcon_meta']
[0.627s] Level 1:colcon.colcon_core.package_identification:_identify(src/unitree-go2-ros2/robots/descriptions/go2_description) by extension 'colcon_meta'
[0.627s] Level 1:colcon.colcon_core.package_identification:_identify(src/unitree-go2-ros2/robots/descriptions/go2_description) by extensions ['ros']
[0.627s] Level 1:colcon.colcon_core.package_identification:_identify(src/unitree-go2-ros2/robots/descriptions/go2_description) by extension 'ros'
[0.628s] DEBUG:colcon.colcon_core.package_identification:Package 'src/unitree-go2-ros2/robots/descriptions/go2_description' with type 'ros.ament_cmake' and name 'go2_description'
[0.628s] Level 1:colcon.colcon_core.package_identification:_identify(src/unitree-go2-ros2/velodyne) by extensions ['ignore', 'ignore_ament_install']
[0.628s] Level 1:colcon.colcon_core.package_identification:_identify(src/unitree-go2-ros2/velodyne) by extension 'ignore'
[0.629s] Level 1:colcon.colcon_core.package_identification:_identify(src/unitree-go2-ros2/velodyne) by extension 'ignore_ament_install'
[0.629s] Level 1:colcon.colcon_core.package_identification:_identify(src/unitree-go2-ros2/velodyne) by extensions ['colcon_pkg']
[0.629s] Level 1:colcon.colcon_core.package_identification:_identify(src/unitree-go2-ros2/velodyne) by extension 'colcon_pkg'
[0.629s] Level 1:colcon.colcon_core.package_identification:_identify(src/unitree-go2-ros2/velodyne) by extensions ['colcon_meta']
[0.629s] Level 1:colcon.colcon_core.package_identification:_identify(src/unitree-go2-ros2/velodyne) by extension 'colcon_meta'
[0.629s] Level 1:colcon.colcon_core.package_identification:_identify(src/unitree-go2-ros2/velodyne) by extensions ['ros']
[0.629s] Level 1:colcon.colcon_core.package_identification:_identify(src/unitree-go2-ros2/velodyne) by extension 'ros'
[0.629s] Level 1:colcon.colcon_core.package_identification:_identify(src/unitree-go2-ros2/velodyne) by extensions ['cmake', 'python']
[0.629s] Level 1:colcon.colcon_core.package_identification:_identify(src/unitree-go2-ros2/velodyne) by extension 'cmake'
[0.629s] Level 1:colcon.colcon_core.package_identification:_identify(src/unitree-go2-ros2/velodyne) by extension 'python'
[0.629s] Level 1:colcon.colcon_core.package_identification:_identify(src/unitree-go2-ros2/velodyne) by extensions ['python_setup_py']
[0.629s] Level 1:colcon.colcon_core.package_identification:_identify(src/unitree-go2-ros2/velodyne) by extension 'python_setup_py'
[0.629s] Level 1:colcon.colcon_core.package_identification:_identify(src/unitree-go2-ros2/velodyne/img) by extensions ['ignore', 'ignore_ament_install']
[0.629s] Level 1:colcon.colcon_core.package_identification:_identify(src/unitree-go2-ros2/velodyne/img) by extension 'ignore'
[0.630s] Level 1:colcon.colcon_core.package_identification:_identify(src/unitree-go2-ros2/velodyne/img) by extension 'ignore_ament_install'
[0.630s] Level 1:colcon.colcon_core.package_identification:_identify(src/unitree-go2-ros2/velodyne/img) by extensions ['colcon_pkg']
[0.630s] Level 1:colcon.colcon_core.package_identification:_identify(src/unitree-go2-ros2/velodyne/img) by extension 'colcon_pkg'
[0.630s] Level 1:colcon.colcon_core.package_identification:_identify(src/unitree-go2-ros2/velodyne/img) by extensions ['colcon_meta']
[0.630s] Level 1:colcon.colcon_core.package_identification:_identify(src/unitree-go2-ros2/velodyne/img) by extension 'colcon_meta'
[0.630s] Level 1:colcon.colcon_core.package_identification:_identify(src/unitree-go2-ros2/velodyne/img) by extensions ['ros']
[0.630s] Level 1:colcon.colcon_core.package_identification:_identify(src/unitree-go2-ros2/velodyne/img) by extension 'ros'
[0.630s] Level 1:colcon.colcon_core.package_identification:_identify(src/unitree-go2-ros2/velodyne/img) by extensions ['cmake', 'python']
[0.630s] Level 1:colcon.colcon_core.package_identification:_identify(src/unitree-go2-ros2/velodyne/img) by extension 'cmake'
[0.630s] Level 1:colcon.colcon_core.package_identification:_identify(src/unitree-go2-ros2/velodyne/img) by extension 'python'
[0.630s] Level 1:colcon.colcon_core.package_identification:_identify(src/unitree-go2-ros2/velodyne/img) by extensions ['python_setup_py']
[0.630s] Level 1:colcon.colcon_core.package_identification:_identify(src/unitree-go2-ros2/velodyne/img) by extension 'python_setup_py'
[0.630s] Level 1:colcon.colcon_core.package_identification:_identify(src/unitree-go2-ros2/velodyne/velodyne_description) by extensions ['ignore', 'ignore_ament_install']
[0.631s] Level 1:colcon.colcon_core.package_identification:_identify(src/unitree-go2-ros2/velodyne/velodyne_description) by extension 'ignore'
[0.631s] Level 1:colcon.colcon_core.package_identification:_identify(src/unitree-go2-ros2/velodyne/velodyne_description) by extension 'ignore_ament_install'
[0.631s] Level 1:colcon.colcon_core.package_identification:_identify(src/unitree-go2-ros2/velodyne/velodyne_description) by extensions ['colcon_pkg']
[0.631s] Level 1:colcon.colcon_core.package_identification:_identify(src/unitree-go2-ros2/velodyne/velodyne_description) by extension 'colcon_pkg'
[0.631s] Level 1:colcon.colcon_core.package_identification:_identify(src/unitree-go2-ros2/velodyne/velodyne_description) by extensions ['colcon_meta']
[0.631s] Level 1:colcon.colcon_core.package_identification:_identify(src/unitree-go2-ros2/velodyne/velodyne_description) by extension 'colcon_meta'
[0.631s] Level 1:colcon.colcon_core.package_identification:_identify(src/unitree-go2-ros2/velodyne/velodyne_description) by extensions ['ros']
[0.631s] Level 1:colcon.colcon_core.package_identification:_identify(src/unitree-go2-ros2/velodyne/velodyne_description) by extension 'ros'
[0.632s] DEBUG:colcon.colcon_core.package_identification:Package 'src/unitree-go2-ros2/velodyne/velodyne_description' with type 'ros.ament_cmake' and name 'velodyne_description'
[0.632s] Level 1:colcon.colcon_core.package_identification:_identify(src/unitree-go2-ros2/velodyne/velodyne_gazebo_plugins) by extensions ['ignore', 'ignore_ament_install']
[0.633s] Level 1:colcon.colcon_core.package_identification:_identify(src/unitree-go2-ros2/velodyne/velodyne_gazebo_plugins) by extension 'ignore'
[0.633s] Level 1:colcon.colcon_core.package_identification:_identify(src/unitree-go2-ros2/velodyne/velodyne_gazebo_plugins) by extension 'ignore_ament_install'
[0.633s] Level 1:colcon.colcon_core.package_identification:_identify(src/unitree-go2-ros2/velodyne/velodyne_gazebo_plugins) by extensions ['colcon_pkg']
[0.633s] Level 1:colcon.colcon_core.package_identification:_identify(src/unitree-go2-ros2/velodyne/velodyne_gazebo_plugins) by extension 'colcon_pkg'
[0.633s] Level 1:colcon.colcon_core.package_identification:_identify(src/unitree-go2-ros2/velodyne/velodyne_gazebo_plugins) by extensions ['colcon_meta']
[0.633s] Level 1:colcon.colcon_core.package_identification:_identify(src/unitree-go2-ros2/velodyne/velodyne_gazebo_plugins) by extension 'colcon_meta'
[0.633s] Level 1:colcon.colcon_core.package_identification:_identify(src/unitree-go2-ros2/velodyne/velodyne_gazebo_plugins) by extensions ['ros']
[0.633s] Level 1:colcon.colcon_core.package_identification:_identify(src/unitree-go2-ros2/velodyne/velodyne_gazebo_plugins) by extension 'ros'
[0.634s] DEBUG:colcon.colcon_core.package_identification:Package 'src/unitree-go2-ros2/velodyne/velodyne_gazebo_plugins' with type 'ros.ament_cmake' and name 'velodyne_gazebo_plugins'
[0.634s] Level 1:colcon.colcon_core.package_identification:_identify(src/unitree-go2-ros2/velodyne/velodyne_simulator) by extensions ['ignore', 'ignore_ament_install']
[0.635s] Level 1:colcon.colcon_core.package_identification:_identify(src/unitree-go2-ros2/velodyne/velodyne_simulator) by extension 'ignore'
[0.635s] Level 1:colcon.colcon_core.package_identification:_identify(src/unitree-go2-ros2/velodyne/velodyne_simulator) by extension 'ignore_ament_install'
[0.635s] Level 1:colcon.colcon_core.package_identification:_identify(src/unitree-go2-ros2/velodyne/velodyne_simulator) by extensions ['colcon_pkg']
[0.635s] Level 1:colcon.colcon_core.package_identification:_identify(src/unitree-go2-ros2/velodyne/velodyne_simulator) by extension 'colcon_pkg'
[0.635s] Level 1:colcon.colcon_core.package_identification:_identify(src/unitree-go2-ros2/velodyne/velodyne_simulator) by extensions ['colcon_meta']
[0.635s] Level 1:colcon.colcon_core.package_identification:_identify(src/unitree-go2-ros2/velodyne/velodyne_simulator) by extension 'colcon_meta'
[0.635s] Level 1:colcon.colcon_core.package_identification:_identify(src/unitree-go2-ros2/velodyne/velodyne_simulator) by extensions ['ros']
[0.635s] Level 1:colcon.colcon_core.package_identification:_identify(src/unitree-go2-ros2/velodyne/velodyne_simulator) by extension 'ros'
[0.636s] DEBUG:colcon.colcon_core.package_identification:Package 'src/unitree-go2-ros2/velodyne/velodyne_simulator' with type 'ros.ament_cmake' and name 'velodyne_simulator'
[0.636s] Level 1:colcon.colcon_core.package_identification:_identify(src/yahboom_app_save_map) by extensions ['ignore', 'ignore_ament_install']
[0.636s] Level 1:colcon.colcon_core.package_identification:_identify(src/yahboom_app_save_map) by extension 'ignore'
[0.636s] Level 1:colcon.colcon_core.package_identification:_identify(src/yahboom_app_save_map) by extension 'ignore_ament_install'
[0.636s] Level 1:colcon.colcon_core.package_identification:_identify(src/yahboom_app_save_map) by extensions ['colcon_pkg']
[0.637s] Level 1:colcon.colcon_core.package_identification:_identify(src/yahboom_app_save_map) by extension 'colcon_pkg'
[0.637s] Level 1:colcon.colcon_core.package_identification:_identify(src/yahboom_app_save_map) by extensions ['colcon_meta']
[0.637s] Level 1:colcon.colcon_core.package_identification:_identify(src/yahboom_app_save_map) by extension 'colcon_meta'
[0.637s] Level 1:colcon.colcon_core.package_identification:_identify(src/yahboom_app_save_map) by extensions ['ros']
[0.637s] Level 1:colcon.colcon_core.package_identification:_identify(src/yahboom_app_save_map) by extension 'ros'
[0.637s] DEBUG:colcon.colcon_core.package_identification:Package 'src/yahboom_app_save_map' with type 'ros.ament_python' and name 'yahboom_app_save_map'
[0.637s] Level 1:colcon.colcon_core.package_identification:_identify(src/yahboom_base) by extensions ['ignore', 'ignore_ament_install']
[0.637s] Level 1:colcon.colcon_core.package_identification:_identify(src/yahboom_base) by extension 'ignore'
[0.638s] Level 1:colcon.colcon_core.package_identification:_identify(src/yahboom_base) by extension 'ignore_ament_install'
[0.638s] Level 1:colcon.colcon_core.package_identification:_identify(src/yahboom_base) by extensions ['colcon_pkg']
[0.638s] Level 1:colcon.colcon_core.package_identification:_identify(src/yahboom_base) by extension 'colcon_pkg'
[0.638s] Level 1:colcon.colcon_core.package_identification:_identify(src/yahboom_base) by extensions ['colcon_meta']
[0.638s] Level 1:colcon.colcon_core.package_identification:_identify(src/yahboom_base) by extension 'colcon_meta'
[0.638s] Level 1:colcon.colcon_core.package_identification:_identify(src/yahboom_base) by extensions ['ros']
[0.638s] Level 1:colcon.colcon_core.package_identification:_identify(src/yahboom_base) by extension 'ros'
[0.639s] DEBUG:colcon.colcon_core.package_identification:Package 'src/yahboom_base' with type 'ros.ament_python' and name 'yahboom_base'
[0.639s] Level 1:colcon.colcon_core.package_identification:_identify(src/yahboom_bringup) by extensions ['ignore', 'ignore_ament_install']
[0.639s] Level 1:colcon.colcon_core.package_identification:_identify(src/yahboom_bringup) by extension 'ignore'
[0.639s] Level 1:colcon.colcon_core.package_identification:_identify(src/yahboom_bringup) by extension 'ignore_ament_install'
[0.639s] Level 1:colcon.colcon_core.package_identification:_identify(src/yahboom_bringup) by extensions ['colcon_pkg']
[0.639s] Level 1:colcon.colcon_core.package_identification:_identify(src/yahboom_bringup) by extension 'colcon_pkg'
[0.639s] Level 1:colcon.colcon_core.package_identification:_identify(src/yahboom_bringup) by extensions ['colcon_meta']
[0.640s] Level 1:colcon.colcon_core.package_identification:_identify(src/yahboom_bringup) by extension 'colcon_meta'
[0.640s] Level 1:colcon.colcon_core.package_identification:_identify(src/yahboom_bringup) by extensions ['ros']
[0.640s] Level 1:colcon.colcon_core.package_identification:_identify(src/yahboom_bringup) by extension 'ros'
[0.640s] DEBUG:colcon.colcon_core.package_identification:Package 'src/yahboom_bringup' with type 'ros.ament_python' and name 'yahboom_bringup'
[0.640s] Level 1:colcon.colcon_core.package_identification:_identify(src/yahboom_description) by extensions ['ignore', 'ignore_ament_install']
[0.640s] Level 1:colcon.colcon_core.package_identification:_identify(src/yahboom_description) by extension 'ignore'
[0.640s] Level 1:colcon.colcon_core.package_identification:_identify(src/yahboom_description) by extension 'ignore_ament_install'
[0.640s] Level 1:colcon.colcon_core.package_identification:_identify(src/yahboom_description) by extensions ['colcon_pkg']
[0.641s] Level 1:colcon.colcon_core.package_identification:_identify(src/yahboom_description) by extension 'colcon_pkg'
[0.641s] Level 1:colcon.colcon_core.package_identification:_identify(src/yahboom_description) by extensions ['colcon_meta']
[0.641s] Level 1:colcon.colcon_core.package_identification:_identify(src/yahboom_description) by extension 'colcon_meta'
[0.641s] Level 1:colcon.colcon_core.package_identification:_identify(src/yahboom_description) by extensions ['ros']
[0.641s] Level 1:colcon.colcon_core.package_identification:_identify(src/yahboom_description) by extension 'ros'
[0.641s] DEBUG:colcon.colcon_core.package_identification:Package 'src/yahboom_description' with type 'ros.ament_python' and name 'yahboom_description'
[0.642s] Level 1:colcon.colcon_core.package_identification:_identify(src/yahboom_dog_joint_state) by extensions ['ignore', 'ignore_ament_install']
[0.642s] Level 1:colcon.colcon_core.package_identification:_identify(src/yahboom_dog_joint_state) by extension 'ignore'
[0.642s] Level 1:colcon.colcon_core.package_identification:_identify(src/yahboom_dog_joint_state) by extension 'ignore_ament_install'
[0.642s] Level 1:colcon.colcon_core.package_identification:_identify(src/yahboom_dog_joint_state) by extensions ['colcon_pkg']
[0.642s] Level 1:colcon.colcon_core.package_identification:_identify(src/yahboom_dog_joint_state) by extension 'colcon_pkg'
[0.642s] Level 1:colcon.colcon_core.package_identification:_identify(src/yahboom_dog_joint_state) by extensions ['colcon_meta']
[0.642s] Level 1:colcon.colcon_core.package_identification:_identify(src/yahboom_dog_joint_state) by extension 'colcon_meta'
[0.642s] Level 1:colcon.colcon_core.package_identification:_identify(src/yahboom_dog_joint_state) by extensions ['ros']
[0.642s] Level 1:colcon.colcon_core.package_identification:_identify(src/yahboom_dog_joint_state) by extension 'ros'
[0.643s] DEBUG:colcon.colcon_core.package_identification:Package 'src/yahboom_dog_joint_state' with type 'ros.ament_python' and name 'yahboom_dog_joint_state'
[0.643s] Level 1:colcon.colcon_core.package_identification:_identify(src/yahboom_gait) by extensions ['ignore', 'ignore_ament_install']
[0.643s] Level 1:colcon.colcon_core.package_identification:_identify(src/yahboom_gait) by extension 'ignore'
[0.643s] Level 1:colcon.colcon_core.package_identification:_identify(src/yahboom_gait) by extension 'ignore_ament_install'
[0.643s] Level 1:colcon.colcon_core.package_identification:_identify(src/yahboom_gait) by extensions ['colcon_pkg']
[0.644s] Level 1:colcon.colcon_core.package_identification:_identify(src/yahboom_gait) by extension 'colcon_pkg'
[0.644s] Level 1:colcon.colcon_core.package_identification:_identify(src/yahboom_gait) by extensions ['colcon_meta']
[0.644s] Level 1:colcon.colcon_core.package_identification:_identify(src/yahboom_gait) by extension 'colcon_meta'
[0.644s] Level 1:colcon.colcon_core.package_identification:_identify(src/yahboom_gait) by extensions ['ros']
[0.644s] Level 1:colcon.colcon_core.package_identification:_identify(src/yahboom_gait) by extension 'ros'
[0.644s] DEBUG:colcon.colcon_core.package_identification:Package 'src/yahboom_gait' with type 'ros.ament_python' and name 'yahboom_gait'
[0.644s] Level 1:colcon.colcon_core.package_identification:_identify(src/yahboom_mediapipe) by extensions ['ignore', 'ignore_ament_install']
[0.645s] Level 1:colcon.colcon_core.package_identification:_identify(src/yahboom_mediapipe) by extension 'ignore'
[0.645s] Level 1:colcon.colcon_core.package_identification:_identify(src/yahboom_mediapipe) by extension 'ignore_ament_install'
[0.645s] Level 1:colcon.colcon_core.package_identification:_identify(src/yahboom_mediapipe) by extensions ['colcon_pkg']
[0.645s] Level 1:colcon.colcon_core.package_identification:_identify(src/yahboom_mediapipe) by extension 'colcon_pkg'
[0.645s] Level 1:colcon.colcon_core.package_identification:_identify(src/yahboom_mediapipe) by extensions ['colcon_meta']
[0.645s] Level 1:colcon.colcon_core.package_identification:_identify(src/yahboom_mediapipe) by extension 'colcon_meta'
[0.645s] Level 1:colcon.colcon_core.package_identification:_identify(src/yahboom_mediapipe) by extensions ['ros']
[0.645s] Level 1:colcon.colcon_core.package_identification:_identify(src/yahboom_mediapipe) by extension 'ros'
[0.646s] DEBUG:colcon.colcon_core.package_identification:Package 'src/yahboom_mediapipe' with type 'ros.ament_python' and name 'yahboom_mediapipe'
[0.646s] Level 1:colcon.colcon_core.package_identification:_identify(src/yahboom_msgs) by extensions ['ignore', 'ignore_ament_install']
[0.646s] Level 1:colcon.colcon_core.package_identification:_identify(src/yahboom_msgs) by extension 'ignore'
[0.646s] Level 1:colcon.colcon_core.package_identification:_identify(src/yahboom_msgs) by extension 'ignore_ament_install'
[0.646s] Level 1:colcon.colcon_core.package_identification:_identify(src/yahboom_msgs) by extensions ['colcon_pkg']
[0.646s] Level 1:colcon.colcon_core.package_identification:_identify(src/yahboom_msgs) by extension 'colcon_pkg'
[0.646s] Level 1:colcon.colcon_core.package_identification:_identify(src/yahboom_msgs) by extensions ['colcon_meta']
[0.646s] Level 1:colcon.colcon_core.package_identification:_identify(src/yahboom_msgs) by extension 'colcon_meta'
[0.646s] Level 1:colcon.colcon_core.package_identification:_identify(src/yahboom_msgs) by extensions ['ros']
[0.646s] Level 1:colcon.colcon_core.package_identification:_identify(src/yahboom_msgs) by extension 'ros'
[0.647s] DEBUG:colcon.colcon_core.package_identification:Package 'src/yahboom_msgs' with type 'ros.ament_cmake' and name 'yahboom_msgs'
[0.648s] Level 1:colcon.colcon_core.package_identification:_identify(src/yahboom_set_height) by extensions ['ignore', 'ignore_ament_install']
[0.648s] Level 1:colcon.colcon_core.package_identification:_identify(src/yahboom_set_height) by extension 'ignore'
[0.648s] Level 1:colcon.colcon_core.package_identification:_identify(src/yahboom_set_height) by extension 'ignore_ament_install'
[0.648s] Level 1:colcon.colcon_core.package_identification:_identify(src/yahboom_set_height) by extensions ['colcon_pkg']
[0.648s] Level 1:colcon.colcon_core.package_identification:_identify(src/yahboom_set_height) by extension 'colcon_pkg'
[0.648s] Level 1:colcon.colcon_core.package_identification:_identify(src/yahboom_set_height) by extensions ['colcon_meta']
[0.648s] Level 1:colcon.colcon_core.package_identification:_identify(src/yahboom_set_height) by extension 'colcon_meta'
[0.648s] Level 1:colcon.colcon_core.package_identification:_identify(src/yahboom_set_height) by extensions ['ros']
[0.648s] Level 1:colcon.colcon_core.package_identification:_identify(src/yahboom_set_height) by extension 'ros'
[0.649s] DEBUG:colcon.colcon_core.package_identification:Package 'src/yahboom_set_height' with type 'ros.ament_python' and name 'yahboom_set_height'
[0.649s] Level 1:colcon.colcon_core.package_discovery:discover_packages(recursive) using defaults
[0.649s] Level 1:colcon.colcon_core.package_discovery:discover_packages(ignore) discover
[0.649s] Level 1:colcon.colcon_core.package_discovery:discover_packages(ignore) using defaults
[0.649s] Level 1:colcon.colcon_core.package_discovery:discover_packages(path) discover
[0.649s] Level 1:colcon.colcon_core.package_discovery:discover_packages(path) using defaults
[0.680s] Level 1:colcon.colcon_core.package_discovery:discover_packages(prefix_path) check parameters
[0.680s] Level 1:colcon.colcon_core.package_discovery:discover_packages(prefix_path) discover
[0.685s] DEBUG:colcon.colcon_installed_package_information.package_discovery:Found 29 installed packages in /home/dwduong74/yahboom_src/install
[0.686s] DEBUG:colcon.colcon_installed_package_information.package_discovery:Found 6 installed packages in /home/dwduong74/LUMI_ws/install
[0.688s] DEBUG:colcon.colcon_installed_package_information.package_discovery:Found 424 installed packages in /opt/ros/humble
[0.691s] Level 1:colcon.colcon_core.package_discovery:discover_packages(prefix_path) using defaults
[0.773s] Level 5:colcon.colcon_core.verb:set package 'bringup' build argument 'cmake_args' from command line to 'None'
[0.773s] Level 5:colcon.colcon_core.verb:set package 'bringup' build argument 'cmake_target' from command line to 'None'
[0.773s] Level 5:colcon.colcon_core.verb:set package 'bringup' build argument 'cmake_target_skip_unavailable' from command line to 'False'
[0.773s] Level 5:colcon.colcon_core.verb:set package 'bringup' build argument 'cmake_clean_cache' from command line to 'False'
[0.773s] Level 5:colcon.colcon_core.verb:set package 'bringup' build argument 'cmake_clean_first' from command line to 'False'
[0.773s] Level 5:colcon.colcon_core.verb:set package 'bringup' build argument 'cmake_force_configure' from command line to 'False'
[0.773s] Level 5:colcon.colcon_core.verb:set package 'bringup' build argument 'ament_cmake_args' from command line to 'None'
[0.773s] Level 5:colcon.colcon_core.verb:set package 'bringup' build argument 'catkin_cmake_args' from command line to 'None'
[0.773s] Level 5:colcon.colcon_core.verb:set package 'bringup' build argument 'catkin_skip_building_tests' from command line to 'False'
[0.774s] DEBUG:colcon.colcon_core.verb:Building package 'bringup' with the following arguments: {'ament_cmake_args': None, 'build_base': '/home/dwduong74/yahboom_src/build/bringup', 'catkin_cmake_args': None, 'catkin_skip_building_tests': False, 'cmake_args': None, 'cmake_clean_cache': False, 'cmake_clean_first': False, 'cmake_force_configure': False, 'cmake_target': None, 'cmake_target_skip_unavailable': False, 'install_base': '/home/dwduong74/yahboom_src/install/bringup', 'merge_install': False, 'path': '/home/dwduong74/yahboom_src/src/bringup', 'symlink_install': False, 'test_result_base': None}
[0.774s] Level 5:colcon.colcon_core.verb:set package 'champ' build argument 'cmake_args' from command line to 'None'
[0.774s] Level 5:colcon.colcon_core.verb:set package 'champ' build argument 'cmake_target' from command line to 'None'
[0.774s] Level 5:colcon.colcon_core.verb:set package 'champ' build argument 'cmake_target_skip_unavailable' from command line to 'False'
[0.774s] Level 5:colcon.colcon_core.verb:set package 'champ' build argument 'cmake_clean_cache' from command line to 'False'
[0.775s] Level 5:colcon.colcon_core.verb:set package 'champ' build argument 'cmake_clean_first' from command line to 'False'
[0.775s] Level 5:colcon.colcon_core.verb:set package 'champ' build argument 'cmake_force_configure' from command line to 'False'
[0.775s] Level 5:colcon.colcon_core.verb:set package 'champ' build argument 'ament_cmake_args' from command line to 'None'
[0.775s] Level 5:colcon.colcon_core.verb:set package 'champ' build argument 'catkin_cmake_args' from command line to 'None'
[0.775s] Level 5:colcon.colcon_core.verb:set package 'champ' build argument 'catkin_skip_building_tests' from command line to 'False'
[0.775s] DEBUG:colcon.colcon_core.verb:Building package 'champ' with the following arguments: {'ament_cmake_args': None, 'build_base': '/home/dwduong74/yahboom_src/build/champ', 'catkin_cmake_args': None, 'catkin_skip_building_tests': False, 'cmake_args': None, 'cmake_clean_cache': False, 'cmake_clean_first': False, 'cmake_force_configure': False, 'cmake_target': None, 'cmake_target_skip_unavailable': False, 'install_base': '/home/dwduong74/yahboom_src/install/champ', 'merge_install': False, 'path': '/home/dwduong74/yahboom_src/src/unitree-go2-ros2/champ/champ', 'symlink_install': False, 'test_result_base': None}
[0.776s] Level 5:colcon.colcon_core.verb:set package 'champ_config' build argument 'cmake_args' from command line to 'None'
[0.776s] Level 5:colcon.colcon_core.verb:set package 'champ_config' build argument 'cmake_target' from command line to 'None'
[0.776s] Level 5:colcon.colcon_core.verb:set package 'champ_config' build argument 'cmake_target_skip_unavailable' from command line to 'False'
[0.776s] Level 5:colcon.colcon_core.verb:set package 'champ_config' build argument 'cmake_clean_cache' from command line to 'False'
[0.776s] Level 5:colcon.colcon_core.verb:set package 'champ_config' build argument 'cmake_clean_first' from command line to 'False'
[0.776s] Level 5:colcon.colcon_core.verb:set package 'champ_config' build argument 'cmake_force_configure' from command line to 'False'
[0.776s] Level 5:colcon.colcon_core.verb:set package 'champ_config' build argument 'ament_cmake_args' from command line to 'None'
[0.776s] Level 5:colcon.colcon_core.verb:set package 'champ_config' build argument 'catkin_cmake_args' from command line to 'None'
[0.776s] Level 5:colcon.colcon_core.verb:set package 'champ_config' build argument 'catkin_skip_building_tests' from command line to 'False'
[0.776s] DEBUG:colcon.colcon_core.verb:Building package 'champ_config' with the following arguments: {'ament_cmake_args': None, 'build_base': '/home/dwduong74/yahboom_src/build/champ_config', 'catkin_cmake_args': None, 'catkin_skip_building_tests': False, 'cmake_args': None, 'cmake_clean_cache': False, 'cmake_clean_first': False, 'cmake_force_configure': False, 'cmake_target': None, 'cmake_target_skip_unavailable': False, 'install_base': '/home/dwduong74/yahboom_src/install/champ_config', 'merge_install': False, 'path': '/home/dwduong74/yahboom_src/src/unitree-go2-ros2/champ/champ_config', 'symlink_install': False, 'test_result_base': None}
[0.777s] Level 5:colcon.colcon_core.verb:set package 'champ_msgs' build argument 'cmake_args' from command line to 'None'
[0.777s] Level 5:colcon.colcon_core.verb:set package 'champ_msgs' build argument 'cmake_target' from command line to 'None'
[0.777s] Level 5:colcon.colcon_core.verb:set package 'champ_msgs' build argument 'cmake_target_skip_unavailable' from command line to 'False'
[0.777s] Level 5:colcon.colcon_core.verb:set package 'champ_msgs' build argument 'cmake_clean_cache' from command line to 'False'
[0.777s] Level 5:colcon.colcon_core.verb:set package 'champ_msgs' build argument 'cmake_clean_first' from command line to 'False'
[0.777s] Level 5:colcon.colcon_core.verb:set package 'champ_msgs' build argument 'cmake_force_configure' from command line to 'False'
[0.777s] Level 5:colcon.colcon_core.verb:set package 'champ_msgs' build argument 'ament_cmake_args' from command line to 'None'
[0.777s] Level 5:colcon.colcon_core.verb:set package 'champ_msgs' build argument 'catkin_cmake_args' from command line to 'None'
[0.777s] Level 5:colcon.colcon_core.verb:set package 'champ_msgs' build argument 'catkin_skip_building_tests' from command line to 'False'
[0.777s] DEBUG:colcon.colcon_core.verb:Building package 'champ_msgs' with the following arguments: {'ament_cmake_args': None, 'build_base': '/home/dwduong74/yahboom_src/build/champ_msgs', 'catkin_cmake_args': None, 'catkin_skip_building_tests': False, 'cmake_args': None, 'cmake_clean_cache': False, 'cmake_clean_first': False, 'cmake_force_configure': False, 'cmake_target': None, 'cmake_target_skip_unavailable': False, 'install_base': '/home/dwduong74/yahboom_src/install/champ_msgs', 'merge_install': False, 'path': '/home/dwduong74/yahboom_src/src/unitree-go2-ros2/champ/champ_msgs', 'symlink_install': False, 'test_result_base': None}
[0.778s] Level 5:colcon.colcon_core.verb:set package 'champ_navigation' build argument 'cmake_args' from command line to 'None'
[0.778s] Level 5:colcon.colcon_core.verb:set package 'champ_navigation' build argument 'cmake_target' from command line to 'None'
[0.778s] Level 5:colcon.colcon_core.verb:set package 'champ_navigation' build argument 'cmake_target_skip_unavailable' from command line to 'False'
[0.778s] Level 5:colcon.colcon_core.verb:set package 'champ_navigation' build argument 'cmake_clean_cache' from command line to 'False'
[0.778s] Level 5:colcon.colcon_core.verb:set package 'champ_navigation' build argument 'cmake_clean_first' from command line to 'False'
[0.778s] Level 5:colcon.colcon_core.verb:set package 'champ_navigation' build argument 'cmake_force_configure' from command line to 'False'
[0.778s] Level 5:colcon.colcon_core.verb:set package 'champ_navigation' build argument 'ament_cmake_args' from command line to 'None'
[0.778s] Level 5:colcon.colcon_core.verb:set package 'champ_navigation' build argument 'catkin_cmake_args' from command line to 'None'
[0.778s] Level 5:colcon.colcon_core.verb:set package 'champ_navigation' build argument 'catkin_skip_building_tests' from command line to 'False'
[0.778s] DEBUG:colcon.colcon_core.verb:Building package 'champ_navigation' with the following arguments: {'ament_cmake_args': None, 'build_base': '/home/dwduong74/yahboom_src/build/champ_navigation', 'catkin_cmake_args': None, 'catkin_skip_building_tests': False, 'cmake_args': None, 'cmake_clean_cache': False, 'cmake_clean_first': False, 'cmake_force_configure': False, 'cmake_target': None, 'cmake_target_skip_unavailable': False, 'install_base': '/home/dwduong74/yahboom_src/install/champ_navigation', 'merge_install': False, 'path': '/home/dwduong74/yahboom_src/src/unitree-go2-ros2/champ/champ_navigation', 'symlink_install': False, 'test_result_base': None}
[0.779s] Level 5:colcon.colcon_core.verb:set package 'champ_teleop' build argument 'cmake_args' from command line to 'None'
[0.779s] Level 5:colcon.colcon_core.verb:set package 'champ_teleop' build argument 'cmake_target' from command line to 'None'
[0.779s] Level 5:colcon.colcon_core.verb:set package 'champ_teleop' build argument 'cmake_target_skip_unavailable' from command line to 'False'
[0.779s] Level 5:colcon.colcon_core.verb:set package 'champ_teleop' build argument 'cmake_clean_cache' from command line to 'False'
[0.779s] Level 5:colcon.colcon_core.verb:set package 'champ_teleop' build argument 'cmake_clean_first' from command line to 'False'
[0.780s] Level 5:colcon.colcon_core.verb:set package 'champ_teleop' build argument 'cmake_force_configure' from command line to 'False'
[0.780s] Level 5:colcon.colcon_core.verb:set package 'champ_teleop' build argument 'ament_cmake_args' from command line to 'None'
[0.780s] Level 5:colcon.colcon_core.verb:set package 'champ_teleop' build argument 'catkin_cmake_args' from command line to 'None'
[0.780s] Level 5:colcon.colcon_core.verb:set package 'champ_teleop' build argument 'catkin_skip_building_tests' from command line to 'False'
[0.780s] DEBUG:colcon.colcon_core.verb:Building package 'champ_teleop' with the following arguments: {'ament_cmake_args': None, 'build_base': '/home/dwduong74/yahboom_src/build/champ_teleop', 'catkin_cmake_args': None, 'catkin_skip_building_tests': False, 'cmake_args': None, 'cmake_clean_cache': False, 'cmake_clean_first': False, 'cmake_force_configure': False, 'cmake_target': None, 'cmake_target_skip_unavailable': False, 'install_base': '/home/dwduong74/yahboom_src/install/champ_teleop', 'merge_install': False, 'path': '/home/dwduong74/yahboom_src/src/unitree-go2-ros2/champ_teleop', 'symlink_install': False, 'test_result_base': None}
[0.781s] Level 5:colcon.colcon_core.verb:set package 'dogzilla_config' build argument 'cmake_args' from command line to 'None'
[0.781s] Level 5:colcon.colcon_core.verb:set package 'dogzilla_config' build argument 'cmake_target' from command line to 'None'
[0.781s] Level 5:colcon.colcon_core.verb:set package 'dogzilla_config' build argument 'cmake_target_skip_unavailable' from command line to 'False'
[0.781s] Level 5:colcon.colcon_core.verb:set package 'dogzilla_config' build argument 'cmake_clean_cache' from command line to 'False'
[0.781s] Level 5:colcon.colcon_core.verb:set package 'dogzilla_config' build argument 'cmake_clean_first' from command line to 'False'
[0.781s] Level 5:colcon.colcon_core.verb:set package 'dogzilla_config' build argument 'cmake_force_configure' from command line to 'False'
[0.781s] Level 5:colcon.colcon_core.verb:set package 'dogzilla_config' build argument 'ament_cmake_args' from command line to 'None'
[0.781s] Level 5:colcon.colcon_core.verb:set package 'dogzilla_config' build argument 'catkin_cmake_args' from command line to 'None'
[0.781s] Level 5:colcon.colcon_core.verb:set package 'dogzilla_config' build argument 'catkin_skip_building_tests' from command line to 'False'
[0.781s] DEBUG:colcon.colcon_core.verb:Building package 'dogzilla_config' with the following arguments: {'ament_cmake_args': None, 'build_base': '/home/dwduong74/yahboom_src/build/dogzilla_config', 'catkin_cmake_args': None, 'catkin_skip_building_tests': False, 'cmake_args': None, 'cmake_clean_cache': False, 'cmake_clean_first': False, 'cmake_force_configure': False, 'cmake_target': None, 'cmake_target_skip_unavailable': False, 'install_base': '/home/dwduong74/yahboom_src/install/dogzilla_config', 'merge_install': False, 'path': '/home/dwduong74/yahboom_src/src/dogzilla_sim/robots/configs/dogzilla_config', 'symlink_install': False, 'test_result_base': None}
[0.781s] Level 5:colcon.colcon_core.verb:set package 'dogzilla_description' build argument 'cmake_args' from command line to 'None'
[0.781s] Level 5:colcon.colcon_core.verb:set package 'dogzilla_description' build argument 'cmake_target' from command line to 'None'
[0.781s] Level 5:colcon.colcon_core.verb:set package 'dogzilla_description' build argument 'cmake_target_skip_unavailable' from command line to 'False'
[0.781s] Level 5:colcon.colcon_core.verb:set package 'dogzilla_description' build argument 'cmake_clean_cache' from command line to 'False'
[0.782s] Level 5:colcon.colcon_core.verb:set package 'dogzilla_description' build argument 'cmake_clean_first' from command line to 'False'
[0.782s] Level 5:colcon.colcon_core.verb:set package 'dogzilla_description' build argument 'cmake_force_configure' from command line to 'False'
[0.782s] Level 5:colcon.colcon_core.verb:set package 'dogzilla_description' build argument 'ament_cmake_args' from command line to 'None'
[0.782s] Level 5:colcon.colcon_core.verb:set package 'dogzilla_description' build argument 'catkin_cmake_args' from command line to 'None'
[0.782s] Level 5:colcon.colcon_core.verb:set package 'dogzilla_description' build argument 'catkin_skip_building_tests' from command line to 'False'
[0.782s] DEBUG:colcon.colcon_core.verb:Building package 'dogzilla_description' with the following arguments: {'ament_cmake_args': None, 'build_base': '/home/dwduong74/yahboom_src/build/dogzilla_description', 'catkin_cmake_args': None, 'catkin_skip_building_tests': False, 'cmake_args': None, 'cmake_clean_cache': False, 'cmake_clean_first': False, 'cmake_force_configure': False, 'cmake_target': None, 'cmake_target_skip_unavailable': False, 'install_base': '/home/dwduong74/yahboom_src/install/dogzilla_description', 'merge_install': False, 'path': '/home/dwduong74/yahboom_src/src/dogzilla_sim/robots/descriptions/dogzilla_description', 'symlink_install': False, 'test_result_base': None}
[0.782s] Level 5:colcon.colcon_core.verb:set package 'go2_config' build argument 'cmake_args' from command line to 'None'
[0.783s] Level 5:colcon.colcon_core.verb:set package 'go2_config' build argument 'cmake_target' from command line to 'None'
[0.783s] Level 5:colcon.colcon_core.verb:set package 'go2_config' build argument 'cmake_target_skip_unavailable' from command line to 'False'
[0.783s] Level 5:colcon.colcon_core.verb:set package 'go2_config' build argument 'cmake_clean_cache' from command line to 'False'
[0.783s] Level 5:colcon.colcon_core.verb:set package 'go2_config' build argument 'cmake_clean_first' from command line to 'False'
[0.783s] Level 5:colcon.colcon_core.verb:set package 'go2_config' build argument 'cmake_force_configure' from command line to 'False'
[0.783s] Level 5:colcon.colcon_core.verb:set package 'go2_config' build argument 'ament_cmake_args' from command line to 'None'
[0.783s] Level 5:colcon.colcon_core.verb:set package 'go2_config' build argument 'catkin_cmake_args' from command line to 'None'
[0.783s] Level 5:colcon.colcon_core.verb:set package 'go2_config' build argument 'catkin_skip_building_tests' from command line to 'False'
[0.783s] DEBUG:colcon.colcon_core.verb:Building package 'go2_config' with the following arguments: {'ament_cmake_args': None, 'build_base': '/home/dwduong74/yahboom_src/build/go2_config', 'catkin_cmake_args': None, 'catkin_skip_building_tests': False, 'cmake_args': None, 'cmake_clean_cache': False, 'cmake_clean_first': False, 'cmake_force_configure': False, 'cmake_target': None, 'cmake_target_skip_unavailable': False, 'install_base': '/home/dwduong74/yahboom_src/install/go2_config', 'merge_install': False, 'path': '/home/dwduong74/yahboom_src/src/unitree-go2-ros2/robots/configs/go2_config', 'symlink_install': False, 'test_result_base': None}
[0.784s] Level 5:colcon.colcon_core.verb:set package 'go2_description' build argument 'cmake_args' from command line to 'None'
[0.784s] Level 5:colcon.colcon_core.verb:set package 'go2_description' build argument 'cmake_target' from command line to 'None'
[0.784s] Level 5:colcon.colcon_core.verb:set package 'go2_description' build argument 'cmake_target_skip_unavailable' from command line to 'False'
[0.784s] Level 5:colcon.colcon_core.verb:set package 'go2_description' build argument 'cmake_clean_cache' from command line to 'False'
[0.784s] Level 5:colcon.colcon_core.verb:set package 'go2_description' build argument 'cmake_clean_first' from command line to 'False'
[0.784s] Level 5:colcon.colcon_core.verb:set package 'go2_description' build argument 'cmake_force_configure' from command line to 'False'
[0.784s] Level 5:colcon.colcon_core.verb:set package 'go2_description' build argument 'ament_cmake_args' from command line to 'None'
[0.784s] Level 5:colcon.colcon_core.verb:set package 'go2_description' build argument 'catkin_cmake_args' from command line to 'None'
[0.784s] Level 5:colcon.colcon_core.verb:set package 'go2_description' build argument 'catkin_skip_building_tests' from command line to 'False'
[0.784s] DEBUG:colcon.colcon_core.verb:Building package 'go2_description' with the following arguments: {'ament_cmake_args': None, 'build_base': '/home/dwduong74/yahboom_src/build/go2_description', 'catkin_cmake_args': None, 'catkin_skip_building_tests': False, 'cmake_args': None, 'cmake_clean_cache': False, 'cmake_clean_first': False, 'cmake_force_configure': False, 'cmake_target': None, 'cmake_target_skip_unavailable': False, 'install_base': '/home/dwduong74/yahboom_src/install/go2_description', 'merge_install': False, 'path': '/home/dwduong74/yahboom_src/src/unitree-go2-ros2/robots/descriptions/go2_description', 'symlink_install': False, 'test_result_base': None}
[0.784s] Level 5:colcon.colcon_core.verb:set package 'image_color_lab' build argument 'cmake_args' from command line to 'None'
[0.784s] Level 5:colcon.colcon_core.verb:set package 'image_color_lab' build argument 'cmake_target' from command line to 'None'
[0.784s] Level 5:colcon.colcon_core.verb:set package 'image_color_lab' build argument 'cmake_target_skip_unavailable' from command line to 'False'
[0.784s] Level 5:colcon.colcon_core.verb:set package 'image_color_lab' build argument 'cmake_clean_cache' from command line to 'False'
[0.784s] Level 5:colcon.colcon_core.verb:set package 'image_color_lab' build argument 'cmake_clean_first' from command line to 'False'
[0.785s] Level 5:colcon.colcon_core.verb:set package 'image_color_lab' build argument 'cmake_force_configure' from command line to 'False'
[0.785s] Level 5:colcon.colcon_core.verb:set package 'image_color_lab' build argument 'ament_cmake_args' from command line to 'None'
[0.785s] Level 5:colcon.colcon_core.verb:set package 'image_color_lab' build argument 'catkin_cmake_args' from command line to 'None'
[0.785s] Level 5:colcon.colcon_core.verb:set package 'image_color_lab' build argument 'catkin_skip_building_tests' from command line to 'False'
[0.785s] DEBUG:colcon.colcon_core.verb:Building package 'image_color_lab' with the following arguments: {'ament_cmake_args': None, 'build_base': '/home/dwduong74/yahboom_src/build/image_color_lab', 'catkin_cmake_args': None, 'catkin_skip_building_tests': False, 'cmake_args': None, 'cmake_clean_cache': False, 'cmake_clean_first': False, 'cmake_force_configure': False, 'cmake_target': None, 'cmake_target_skip_unavailable': False, 'install_base': '/home/dwduong74/yahboom_src/install/image_color_lab', 'merge_install': False, 'path': '/home/dwduong74/yahboom_src/src/image_color_lab', 'symlink_install': False, 'test_result_base': None}
[0.785s] Level 5:colcon.colcon_core.verb:set package 'oradar_lidar' build argument 'cmake_args' from command line to 'None'
[0.785s] Level 5:colcon.colcon_core.verb:set package 'oradar_lidar' build argument 'cmake_target' from command line to 'None'
[0.785s] Level 5:colcon.colcon_core.verb:set package 'oradar_lidar' build argument 'cmake_target_skip_unavailable' from command line to 'False'
[0.785s] Level 5:colcon.colcon_core.verb:set package 'oradar_lidar' build argument 'cmake_clean_cache' from command line to 'False'
[0.785s] Level 5:colcon.colcon_core.verb:set package 'oradar_lidar' build argument 'cmake_clean_first' from command line to 'False'
[0.785s] Level 5:colcon.colcon_core.verb:set package 'oradar_lidar' build argument 'cmake_force_configure' from command line to 'False'
[0.785s] Level 5:colcon.colcon_core.verb:set package 'oradar_lidar' build argument 'ament_cmake_args' from command line to 'None'
[0.785s] Level 5:colcon.colcon_core.verb:set package 'oradar_lidar' build argument 'catkin_cmake_args' from command line to 'None'
[0.785s] Level 5:colcon.colcon_core.verb:set package 'oradar_lidar' build argument 'catkin_skip_building_tests' from command line to 'False'
[0.785s] DEBUG:colcon.colcon_core.verb:Building package 'oradar_lidar' with the following arguments: {'ament_cmake_args': None, 'build_base': '/home/dwduong74/yahboom_src/build/oradar_lidar', 'catkin_cmake_args': None, 'catkin_skip_building_tests': False, 'cmake_args': None, 'cmake_clean_cache': False, 'cmake_clean_first': False, 'cmake_force_configure': False, 'cmake_target': None, 'cmake_target_skip_unavailable': False, 'install_base': '/home/dwduong74/yahboom_src/install/oradar_lidar', 'merge_install': False, 'path': '/home/dwduong74/yahboom_src/src/oradar_lidar', 'symlink_install': False, 'test_result_base': None}
[0.786s] Level 5:colcon.colcon_core.verb:set package 'tf_publisher' build argument 'cmake_args' from command line to 'None'
[0.786s] Level 5:colcon.colcon_core.verb:set package 'tf_publisher' build argument 'cmake_target' from command line to 'None'
[0.786s] Level 5:colcon.colcon_core.verb:set package 'tf_publisher' build argument 'cmake_target_skip_unavailable' from command line to 'False'
[0.786s] Level 5:colcon.colcon_core.verb:set package 'tf_publisher' build argument 'cmake_clean_cache' from command line to 'False'
[0.786s] Level 5:colcon.colcon_core.verb:set package 'tf_publisher' build argument 'cmake_clean_first' from command line to 'False'
[0.786s] Level 5:colcon.colcon_core.verb:set package 'tf_publisher' build argument 'cmake_force_configure' from command line to 'False'
[0.786s] Level 5:colcon.colcon_core.verb:set package 'tf_publisher' build argument 'ament_cmake_args' from command line to 'None'
[0.786s] Level 5:colcon.colcon_core.verb:set package 'tf_publisher' build argument 'catkin_cmake_args' from command line to 'None'
[0.786s] Level 5:colcon.colcon_core.verb:set package 'tf_publisher' build argument 'catkin_skip_building_tests' from command line to 'False'
[0.786s] DEBUG:colcon.colcon_core.verb:Building package 'tf_publisher' with the following arguments: {'ament_cmake_args': None, 'build_base': '/home/dwduong74/yahboom_src/build/tf_publisher', 'catkin_cmake_args': None, 'catkin_skip_building_tests': False, 'cmake_args': None, 'cmake_clean_cache': False, 'cmake_clean_first': False, 'cmake_force_configure': False, 'cmake_target': None, 'cmake_target_skip_unavailable': False, 'install_base': '/home/dwduong74/yahboom_src/install/tf_publisher', 'merge_install': False, 'path': '/home/dwduong74/yahboom_src/src/tf_publisher', 'symlink_install': False, 'test_result_base': None}
[0.787s] Level 5:colcon.colcon_core.verb:set package 'velodyne_gazebo_plugins' build argument 'cmake_args' from command line to 'None'
[0.787s] Level 5:colcon.colcon_core.verb:set package 'velodyne_gazebo_plugins' build argument 'cmake_target' from command line to 'None'
[0.787s] Level 5:colcon.colcon_core.verb:set package 'velodyne_gazebo_plugins' build argument 'cmake_target_skip_unavailable' from command line to 'False'
[0.787s] Level 5:colcon.colcon_core.verb:set package 'velodyne_gazebo_plugins' build argument 'cmake_clean_cache' from command line to 'False'
[0.787s] Level 5:colcon.colcon_core.verb:set package 'velodyne_gazebo_plugins' build argument 'cmake_clean_first' from command line to 'False'
[0.787s] Level 5:colcon.colcon_core.verb:set package 'velodyne_gazebo_plugins' build argument 'cmake_force_configure' from command line to 'False'
[0.787s] Level 5:colcon.colcon_core.verb:set package 'velodyne_gazebo_plugins' build argument 'ament_cmake_args' from command line to 'None'
[0.787s] Level 5:colcon.colcon_core.verb:set package 'velodyne_gazebo_plugins' build argument 'catkin_cmake_args' from command line to 'None'
[0.787s] Level 5:colcon.colcon_core.verb:set package 'velodyne_gazebo_plugins' build argument 'catkin_skip_building_tests' from command line to 'False'
[0.787s] DEBUG:colcon.colcon_core.verb:Building package 'velodyne_gazebo_plugins' with the following arguments: {'ament_cmake_args': None, 'build_base': '/home/dwduong74/yahboom_src/build/velodyne_gazebo_plugins', 'catkin_cmake_args': None, 'catkin_skip_building_tests': False, 'cmake_args': None, 'cmake_clean_cache': False, 'cmake_clean_first': False, 'cmake_force_configure': False, 'cmake_target': None, 'cmake_target_skip_unavailable': False, 'install_base': '/home/dwduong74/yahboom_src/install/velodyne_gazebo_plugins', 'merge_install': False, 'path': '/home/dwduong74/yahboom_src/src/unitree-go2-ros2/velodyne/velodyne_gazebo_plugins', 'symlink_install': False, 'test_result_base': None}
[0.788s] Level 5:colcon.colcon_core.verb:set package 'yahboom_app_save_map' build argument 'cmake_args' from command line to 'None'
[0.788s] Level 5:colcon.colcon_core.verb:set package 'yahboom_app_save_map' build argument 'cmake_target' from command line to 'None'
[0.788s] Level 5:colcon.colcon_core.verb:set package 'yahboom_app_save_map' build argument 'cmake_target_skip_unavailable' from command line to 'False'
[0.789s] Level 5:colcon.colcon_core.verb:set package 'yahboom_app_save_map' build argument 'cmake_clean_cache' from command line to 'False'
[0.789s] Level 5:colcon.colcon_core.verb:set package 'yahboom_app_save_map' build argument 'cmake_clean_first' from command line to 'False'
[0.789s] Level 5:colcon.colcon_core.verb:set package 'yahboom_app_save_map' build argument 'cmake_force_configure' from command line to 'False'
[0.789s] Level 5:colcon.colcon_core.verb:set package 'yahboom_app_save_map' build argument 'ament_cmake_args' from command line to 'None'
[0.789s] Level 5:colcon.colcon_core.verb:set package 'yahboom_app_save_map' build argument 'catkin_cmake_args' from command line to 'None'
[0.789s] Level 5:colcon.colcon_core.verb:set package 'yahboom_app_save_map' build argument 'catkin_skip_building_tests' from command line to 'False'
[0.789s] DEBUG:colcon.colcon_core.verb:Building package 'yahboom_app_save_map' with the following arguments: {'ament_cmake_args': None, 'build_base': '/home/dwduong74/yahboom_src/build/yahboom_app_save_map', 'catkin_cmake_args': None, 'catkin_skip_building_tests': False, 'cmake_args': None, 'cmake_clean_cache': False, 'cmake_clean_first': False, 'cmake_force_configure': False, 'cmake_target': None, 'cmake_target_skip_unavailable': False, 'install_base': '/home/dwduong74/yahboom_src/install/yahboom_app_save_map', 'merge_install': False, 'path': '/home/dwduong74/yahboom_src/src/yahboom_app_save_map', 'symlink_install': False, 'test_result_base': None}
[0.790s] Level 5:colcon.colcon_core.verb:set package 'yahboom_base' build argument 'cmake_args' from command line to 'None'
[0.790s] Level 5:colcon.colcon_core.verb:set package 'yahboom_base' build argument 'cmake_target' from command line to 'None'
[0.790s] Level 5:colcon.colcon_core.verb:set package 'yahboom_base' build argument 'cmake_target_skip_unavailable' from command line to 'False'
[0.790s] Level 5:colcon.colcon_core.verb:set package 'yahboom_base' build argument 'cmake_clean_cache' from command line to 'False'
[0.790s] Level 5:colcon.colcon_core.verb:set package 'yahboom_base' build argument 'cmake_clean_first' from command line to 'False'
[0.790s] Level 5:colcon.colcon_core.verb:set package 'yahboom_base' build argument 'cmake_force_configure' from command line to 'False'
[0.790s] Level 5:colcon.colcon_core.verb:set package 'yahboom_base' build argument 'ament_cmake_args' from command line to 'None'
[0.790s] Level 5:colcon.colcon_core.verb:set package 'yahboom_base' build argument 'catkin_cmake_args' from command line to 'None'
[0.790s] Level 5:colcon.colcon_core.verb:set package 'yahboom_base' build argument 'catkin_skip_building_tests' from command line to 'False'
[0.790s] DEBUG:colcon.colcon_core.verb:Building package 'yahboom_base' with the following arguments: {'ament_cmake_args': None, 'build_base': '/home/dwduong74/yahboom_src/build/yahboom_base', 'catkin_cmake_args': None, 'catkin_skip_building_tests': False, 'cmake_args': None, 'cmake_clean_cache': False, 'cmake_clean_first': False, 'cmake_force_configure': False, 'cmake_target': None, 'cmake_target_skip_unavailable': False, 'install_base': '/home/dwduong74/yahboom_src/install/yahboom_base', 'merge_install': False, 'path': '/home/dwduong74/yahboom_src/src/yahboom_base', 'symlink_install': False, 'test_result_base': None}
[0.790s] Level 5:colcon.colcon_core.verb:set package 'yahboom_bringup' build argument 'cmake_args' from command line to 'None'
[0.790s] Level 5:colcon.colcon_core.verb:set package 'yahboom_bringup' build argument 'cmake_target' from command line to 'None'
[0.791s] Level 5:colcon.colcon_core.verb:set package 'yahboom_bringup' build argument 'cmake_target_skip_unavailable' from command line to 'False'
[0.791s] Level 5:colcon.colcon_core.verb:set package 'yahboom_bringup' build argument 'cmake_clean_cache' from command line to 'False'
[0.791s] Level 5:colcon.colcon_core.verb:set package 'yahboom_bringup' build argument 'cmake_clean_first' from command line to 'False'
[0.791s] Level 5:colcon.colcon_core.verb:set package 'yahboom_bringup' build argument 'cmake_force_configure' from command line to 'False'
[0.791s] Level 5:colcon.colcon_core.verb:set package 'yahboom_bringup' build argument 'ament_cmake_args' from command line to 'None'
[0.791s] Level 5:colcon.colcon_core.verb:set package 'yahboom_bringup' build argument 'catkin_cmake_args' from command line to 'None'
[0.791s] Level 5:colcon.colcon_core.verb:set package 'yahboom_bringup' build argument 'catkin_skip_building_tests' from command line to 'False'
[0.791s] DEBUG:colcon.colcon_core.verb:Building package 'yahboom_bringup' with the following arguments: {'ament_cmake_args': None, 'build_base': '/home/dwduong74/yahboom_src/build/yahboom_bringup', 'catkin_cmake_args': None, 'catkin_skip_building_tests': False, 'cmake_args': None, 'cmake_clean_cache': False, 'cmake_clean_first': False, 'cmake_force_configure': False, 'cmake_target': None, 'cmake_target_skip_unavailable': False, 'install_base': '/home/dwduong74/yahboom_src/install/yahboom_bringup', 'merge_install': False, 'path': '/home/dwduong74/yahboom_src/src/yahboom_bringup', 'symlink_install': False, 'test_result_base': None}
[0.791s] Level 5:colcon.colcon_core.verb:set package 'yahboom_description' build argument 'cmake_args' from command line to 'None'
[0.791s] Level 5:colcon.colcon_core.verb:set package 'yahboom_description' build argument 'cmake_target' from command line to 'None'
[0.792s] Level 5:colcon.colcon_core.verb:set package 'yahboom_description' build argument 'cmake_target_skip_unavailable' from command line to 'False'
[0.792s] Level 5:colcon.colcon_core.verb:set package 'yahboom_description' build argument 'cmake_clean_cache' from command line to 'False'
[0.792s] Level 5:colcon.colcon_core.verb:set package 'yahboom_description' build argument 'cmake_clean_first' from command line to 'False'
[0.792s] Level 5:colcon.colcon_core.verb:set package 'yahboom_description' build argument 'cmake_force_configure' from command line to 'False'
[0.792s] Level 5:colcon.colcon_core.verb:set package 'yahboom_description' build argument 'ament_cmake_args' from command line to 'None'
[0.792s] Level 5:colcon.colcon_core.verb:set package 'yahboom_description' build argument 'catkin_cmake_args' from command line to 'None'
[0.792s] Level 5:colcon.colcon_core.verb:set package 'yahboom_description' build argument 'catkin_skip_building_tests' from command line to 'False'
[0.792s] DEBUG:colcon.colcon_core.verb:Building package 'yahboom_description' with the following arguments: {'ament_cmake_args': None, 'build_base': '/home/dwduong74/yahboom_src/build/yahboom_description', 'catkin_cmake_args': None, 'catkin_skip_building_tests': False, 'cmake_args': None, 'cmake_clean_cache': False, 'cmake_clean_first': False, 'cmake_force_configure': False, 'cmake_target': None, 'cmake_target_skip_unavailable': False, 'install_base': '/home/dwduong74/yahboom_src/install/yahboom_description', 'merge_install': False, 'path': '/home/dwduong74/yahboom_src/src/yahboom_description', 'symlink_install': False, 'test_result_base': None}
[0.792s] Level 5:colcon.colcon_core.verb:set package 'yahboom_dog_joint_state' build argument 'cmake_args' from command line to 'None'
[0.792s] Level 5:colcon.colcon_core.verb:set package 'yahboom_dog_joint_state' build argument 'cmake_target' from command line to 'None'
[0.792s] Level 5:colcon.colcon_core.verb:set package 'yahboom_dog_joint_state' build argument 'cmake_target_skip_unavailable' from command line to 'False'
[0.792s] Level 5:colcon.colcon_core.verb:set package 'yahboom_dog_joint_state' build argument 'cmake_clean_cache' from command line to 'False'
[0.792s] Level 5:colcon.colcon_core.verb:set package 'yahboom_dog_joint_state' build argument 'cmake_clean_first' from command line to 'False'
[0.792s] Level 5:colcon.colcon_core.verb:set package 'yahboom_dog_joint_state' build argument 'cmake_force_configure' from command line to 'False'
[0.792s] Level 5:colcon.colcon_core.verb:set package 'yahboom_dog_joint_state' build argument 'ament_cmake_args' from command line to 'None'
[0.793s] Level 5:colcon.colcon_core.verb:set package 'yahboom_dog_joint_state' build argument 'catkin_cmake_args' from command line to 'None'
[0.793s] Level 5:colcon.colcon_core.verb:set package 'yahboom_dog_joint_state' build argument 'catkin_skip_building_tests' from command line to 'False'
[0.793s] DEBUG:colcon.colcon_core.verb:Building package 'yahboom_dog_joint_state' with the following arguments: {'ament_cmake_args': None, 'build_base': '/home/dwduong74/yahboom_src/build/yahboom_dog_joint_state', 'catkin_cmake_args': None, 'catkin_skip_building_tests': False, 'cmake_args': None, 'cmake_clean_cache': False, 'cmake_clean_first': False, 'cmake_force_configure': False, 'cmake_target': None, 'cmake_target_skip_unavailable': False, 'install_base': '/home/dwduong74/yahboom_src/install/yahboom_dog_joint_state', 'merge_install': False, 'path': '/home/dwduong74/yahboom_src/src/yahboom_dog_joint_state', 'symlink_install': False, 'test_result_base': None}
[0.793s] Level 5:colcon.colcon_core.verb:set package 'yahboom_gait' build argument 'cmake_args' from command line to 'None'
[0.793s] Level 5:colcon.colcon_core.verb:set package 'yahboom_gait' build argument 'cmake_target' from command line to 'None'
[0.793s] Level 5:colcon.colcon_core.verb:set package 'yahboom_gait' build argument 'cmake_target_skip_unavailable' from command line to 'False'
[0.793s] Level 5:colcon.colcon_core.verb:set package 'yahboom_gait' build argument 'cmake_clean_cache' from command line to 'False'
[0.793s] Level 5:colcon.colcon_core.verb:set package 'yahboom_gait' build argument 'cmake_clean_first' from command line to 'False'
[0.793s] Level 5:colcon.colcon_core.verb:set package 'yahboom_gait' build argument 'cmake_force_configure' from command line to 'False'
[0.793s] Level 5:colcon.colcon_core.verb:set package 'yahboom_gait' build argument 'ament_cmake_args' from command line to 'None'
[0.793s] Level 5:colcon.colcon_core.verb:set package 'yahboom_gait' build argument 'catkin_cmake_args' from command line to 'None'
[0.793s] Level 5:colcon.colcon_core.verb:set package 'yahboom_gait' build argument 'catkin_skip_building_tests' from command line to 'False'
[0.794s] DEBUG:colcon.colcon_core.verb:Building package 'yahboom_gait' with the following arguments: {'ament_cmake_args': None, 'build_base': '/home/dwduong74/yahboom_src/build/yahboom_gait', 'catkin_cmake_args': None, 'catkin_skip_building_tests': False, 'cmake_args': None, 'cmake_clean_cache': False, 'cmake_clean_first': False, 'cmake_force_configure': False, 'cmake_target': None, 'cmake_target_skip_unavailable': False, 'install_base': '/home/dwduong74/yahboom_src/install/yahboom_gait', 'merge_install': False, 'path': '/home/dwduong74/yahboom_src/src/yahboom_gait', 'symlink_install': False, 'test_result_base': None}
[0.794s] Level 5:colcon.colcon_core.verb:set package 'yahboom_mediapipe' build argument 'cmake_args' from command line to 'None'
[0.794s] Level 5:colcon.colcon_core.verb:set package 'yahboom_mediapipe' build argument 'cmake_target' from command line to 'None'
[0.794s] Level 5:colcon.colcon_core.verb:set package 'yahboom_mediapipe' build argument 'cmake_target_skip_unavailable' from command line to 'False'
[0.794s] Level 5:colcon.colcon_core.verb:set package 'yahboom_mediapipe' build argument 'cmake_clean_cache' from command line to 'False'
[0.794s] Level 5:colcon.colcon_core.verb:set package 'yahboom_mediapipe' build argument 'cmake_clean_first' from command line to 'False'
[0.794s] Level 5:colcon.colcon_core.verb:set package 'yahboom_mediapipe' build argument 'cmake_force_configure' from command line to 'False'
[0.794s] Level 5:colcon.colcon_core.verb:set package 'yahboom_mediapipe' build argument 'ament_cmake_args' from command line to 'None'
[0.794s] Level 5:colcon.colcon_core.verb:set package 'yahboom_mediapipe' build argument 'catkin_cmake_args' from command line to 'None'
[0.794s] Level 5:colcon.colcon_core.verb:set package 'yahboom_mediapipe' build argument 'catkin_skip_building_tests' from command line to 'False'
[0.794s] DEBUG:colcon.colcon_core.verb:Building package 'yahboom_mediapipe' with the following arguments: {'ament_cmake_args': None, 'build_base': '/home/dwduong74/yahboom_src/build/yahboom_mediapipe', 'catkin_cmake_args': None, 'catkin_skip_building_tests': False, 'cmake_args': None, 'cmake_clean_cache': False, 'cmake_clean_first': False, 'cmake_force_configure': False, 'cmake_target': None, 'cmake_target_skip_unavailable': False, 'install_base': '/home/dwduong74/yahboom_src/install/yahboom_mediapipe', 'merge_install': False, 'path': '/home/dwduong74/yahboom_src/src/yahboom_mediapipe', 'symlink_install': False, 'test_result_base': None}
[0.795s] Level 5:colcon.colcon_core.verb:set package 'yahboom_msgs' build argument 'cmake_args' from command line to 'None'
[0.795s] Level 5:colcon.colcon_core.verb:set package 'yahboom_msgs' build argument 'cmake_target' from command line to 'None'
[0.795s] Level 5:colcon.colcon_core.verb:set package 'yahboom_msgs' build argument 'cmake_target_skip_unavailable' from command line to 'False'
[0.795s] Level 5:colcon.colcon_core.verb:set package 'yahboom_msgs' build argument 'cmake_clean_cache' from command line to 'False'
[0.795s] Level 5:colcon.colcon_core.verb:set package 'yahboom_msgs' build argument 'cmake_clean_first' from command line to 'False'
[0.795s] Level 5:colcon.colcon_core.verb:set package 'yahboom_msgs' build argument 'cmake_force_configure' from command line to 'False'
[0.795s] Level 5:colcon.colcon_core.verb:set package 'yahboom_msgs' build argument 'ament_cmake_args' from command line to 'None'
[0.795s] Level 5:colcon.colcon_core.verb:set package 'yahboom_msgs' build argument 'catkin_cmake_args' from command line to 'None'
[0.795s] Level 5:colcon.colcon_core.verb:set package 'yahboom_msgs' build argument 'catkin_skip_building_tests' from command line to 'False'
[0.796s] DEBUG:colcon.colcon_core.verb:Building package 'yahboom_msgs' with the following arguments: {'ament_cmake_args': None, 'build_base': '/home/dwduong74/yahboom_src/build/yahboom_msgs', 'catkin_cmake_args': None, 'catkin_skip_building_tests': False, 'cmake_args': None, 'cmake_clean_cache': False, 'cmake_clean_first': False, 'cmake_force_configure': False, 'cmake_target': None, 'cmake_target_skip_unavailable': False, 'install_base': '/home/dwduong74/yahboom_src/install/yahboom_msgs', 'merge_install': False, 'path': '/home/dwduong74/yahboom_src/src/yahboom_msgs', 'symlink_install': False, 'test_result_base': None}
[0.796s] Level 5:colcon.colcon_core.verb:set package 'yahboom_set_height' build argument 'cmake_args' from command line to 'None'
[0.796s] Level 5:colcon.colcon_core.verb:set package 'yahboom_set_height' build argument 'cmake_target' from command line to 'None'
[0.796s] Level 5:colcon.colcon_core.verb:set package 'yahboom_set_height' build argument 'cmake_target_skip_unavailable' from command line to 'False'
[0.796s] Level 5:colcon.colcon_core.verb:set package 'yahboom_set_height' build argument 'cmake_clean_cache' from command line to 'False'
[0.796s] Level 5:colcon.colcon_core.verb:set package 'yahboom_set_height' build argument 'cmake_clean_first' from command line to 'False'
[0.796s] Level 5:colcon.colcon_core.verb:set package 'yahboom_set_height' build argument 'cmake_force_configure' from command line to 'False'
[0.796s] Level 5:colcon.colcon_core.verb:set package 'yahboom_set_height' build argument 'ament_cmake_args' from command line to 'None'
[0.796s] Level 5:colcon.colcon_core.verb:set package 'yahboom_set_height' build argument 'catkin_cmake_args' from command line to 'None'
[0.796s] Level 5:colcon.colcon_core.verb:set package 'yahboom_set_height' build argument 'catkin_skip_building_tests' from command line to 'False'
[0.796s] DEBUG:colcon.colcon_core.verb:Building package 'yahboom_set_height' with the following arguments: {'ament_cmake_args': None, 'build_base': '/home/dwduong74/yahboom_src/build/yahboom_set_height', 'catkin_cmake_args': None, 'catkin_skip_building_tests': False, 'cmake_args': None, 'cmake_clean_cache': False, 'cmake_clean_first': False, 'cmake_force_configure': False, 'cmake_target': None, 'cmake_target_skip_unavailable': False, 'install_base': '/home/dwduong74/yahboom_src/install/yahboom_set_height', 'merge_install': False, 'path': '/home/dwduong74/yahboom_src/src/yahboom_set_height', 'symlink_install': False, 'test_result_base': None}
[0.797s] Level 5:colcon.colcon_core.verb:set package 'champ_base' build argument 'cmake_args' from command line to 'None'
[0.797s] Level 5:colcon.colcon_core.verb:set package 'champ_base' build argument 'cmake_target' from command line to 'None'
[0.797s] Level 5:colcon.colcon_core.verb:set package 'champ_base' build argument 'cmake_target_skip_unavailable' from command line to 'False'
[0.797s] Level 5:colcon.colcon_core.verb:set package 'champ_base' build argument 'cmake_clean_cache' from command line to 'False'
[0.797s] Level 5:colcon.colcon_core.verb:set package 'champ_base' build argument 'cmake_clean_first' from command line to 'False'
[0.797s] Level 5:colcon.colcon_core.verb:set package 'champ_base' build argument 'cmake_force_configure' from command line to 'False'
[0.797s] Level 5:colcon.colcon_core.verb:set package 'champ_base' build argument 'ament_cmake_args' from command line to 'None'
[0.797s] Level 5:colcon.colcon_core.verb:set package 'champ_base' build argument 'catkin_cmake_args' from command line to 'None'
[0.797s] Level 5:colcon.colcon_core.verb:set package 'champ_base' build argument 'catkin_skip_building_tests' from command line to 'False'
[0.798s] DEBUG:colcon.colcon_core.verb:Building package 'champ_base' with the following arguments: {'ament_cmake_args': None, 'build_base': '/home/dwduong74/yahboom_src/build/champ_base', 'catkin_cmake_args': None, 'catkin_skip_building_tests': False, 'cmake_args': None, 'cmake_clean_cache': False, 'cmake_clean_first': False, 'cmake_force_configure': False, 'cmake_target': None, 'cmake_target_skip_unavailable': False, 'install_base': '/home/dwduong74/yahboom_src/install/champ_base', 'merge_install': False, 'path': '/home/dwduong74/yahboom_src/src/unitree-go2-ros2/champ/champ_base', 'symlink_install': False, 'test_result_base': None}
[0.798s] Level 5:colcon.colcon_core.verb:set package 'champ_description' build argument 'cmake_args' from command line to 'None'
[0.798s] Level 5:colcon.colcon_core.verb:set package 'champ_description' build argument 'cmake_target' from command line to 'None'
[0.798s] Level 5:colcon.colcon_core.verb:set package 'champ_description' build argument 'cmake_target_skip_unavailable' from command line to 'False'
[0.798s] Level 5:colcon.colcon_core.verb:set package 'champ_description' build argument 'cmake_clean_cache' from command line to 'False'
[0.798s] Level 5:colcon.colcon_core.verb:set package 'champ_description' build argument 'cmake_clean_first' from command line to 'False'
[0.798s] Level 5:colcon.colcon_core.verb:set package 'champ_description' build argument 'cmake_force_configure' from command line to 'False'
[0.798s] Level 5:colcon.colcon_core.verb:set package 'champ_description' build argument 'ament_cmake_args' from command line to 'None'
[0.798s] Level 5:colcon.colcon_core.verb:set package 'champ_description' build argument 'catkin_cmake_args' from command line to 'None'
[0.798s] Level 5:colcon.colcon_core.verb:set package 'champ_description' build argument 'catkin_skip_building_tests' from command line to 'False'
[0.799s] DEBUG:colcon.colcon_core.verb:Building package 'champ_description' with the following arguments: {'ament_cmake_args': None, 'build_base': '/home/dwduong74/yahboom_src/build/champ_description', 'catkin_cmake_args': None, 'catkin_skip_building_tests': False, 'cmake_args': None, 'cmake_clean_cache': False, 'cmake_clean_first': False, 'cmake_force_configure': False, 'cmake_target': None, 'cmake_target_skip_unavailable': False, 'install_base': '/home/dwduong74/yahboom_src/install/champ_description', 'merge_install': False, 'path': '/home/dwduong74/yahboom_src/src/unitree-go2-ros2/champ/champ_description', 'symlink_install': False, 'test_result_base': None}
[0.799s] Level 5:colcon.colcon_core.verb:set package 'champ_gazebo' build argument 'cmake_args' from command line to 'None'
[0.799s] Level 5:colcon.colcon_core.verb:set package 'champ_gazebo' build argument 'cmake_target' from command line to 'None'
[0.799s] Level 5:colcon.colcon_core.verb:set package 'champ_gazebo' build argument 'cmake_target_skip_unavailable' from command line to 'False'
[0.799s] Level 5:colcon.colcon_core.verb:set package 'champ_gazebo' build argument 'cmake_clean_cache' from command line to 'False'
[0.799s] Level 5:colcon.colcon_core.verb:set package 'champ_gazebo' build argument 'cmake_clean_first' from command line to 'False'
[0.799s] Level 5:colcon.colcon_core.verb:set package 'champ_gazebo' build argument 'cmake_force_configure' from command line to 'False'
[0.799s] Level 5:colcon.colcon_core.verb:set package 'champ_gazebo' build argument 'ament_cmake_args' from command line to 'None'
[0.799s] Level 5:colcon.colcon_core.verb:set package 'champ_gazebo' build argument 'catkin_cmake_args' from command line to 'None'
[0.799s] Level 5:colcon.colcon_core.verb:set package 'champ_gazebo' build argument 'catkin_skip_building_tests' from command line to 'False'
[0.799s] DEBUG:colcon.colcon_core.verb:Building package 'champ_gazebo' with the following arguments: {'ament_cmake_args': None, 'build_base': '/home/dwduong74/yahboom_src/build/champ_gazebo', 'catkin_cmake_args': None, 'catkin_skip_building_tests': False, 'cmake_args': None, 'cmake_clean_cache': False, 'cmake_clean_first': False, 'cmake_force_configure': False, 'cmake_target': None, 'cmake_target_skip_unavailable': False, 'install_base': '/home/dwduong74/yahboom_src/install/champ_gazebo', 'merge_install': False, 'path': '/home/dwduong74/yahboom_src/src/unitree-go2-ros2/champ/champ_gazebo', 'symlink_install': False, 'test_result_base': None}
[0.800s] Level 5:colcon.colcon_core.verb:set package 'velodyne_description' build argument 'cmake_args' from command line to 'None'
[0.800s] Level 5:colcon.colcon_core.verb:set package 'velodyne_description' build argument 'cmake_target' from command line to 'None'
[0.800s] Level 5:colcon.colcon_core.verb:set package 'velodyne_description' build argument 'cmake_target_skip_unavailable' from command line to 'False'
[0.800s] Level 5:colcon.colcon_core.verb:set package 'velodyne_description' build argument 'cmake_clean_cache' from command line to 'False'
[0.800s] Level 5:colcon.colcon_core.verb:set package 'velodyne_description' build argument 'cmake_clean_first' from command line to 'False'
[0.800s] Level 5:colcon.colcon_core.verb:set package 'velodyne_description' build argument 'cmake_force_configure' from command line to 'False'
[0.800s] Level 5:colcon.colcon_core.verb:set package 'velodyne_description' build argument 'ament_cmake_args' from command line to 'None'
[0.800s] Level 5:colcon.colcon_core.verb:set package 'velodyne_description' build argument 'catkin_cmake_args' from command line to 'None'
[0.800s] Level 5:colcon.colcon_core.verb:set package 'velodyne_description' build argument 'catkin_skip_building_tests' from command line to 'False'
[0.800s] DEBUG:colcon.colcon_core.verb:Building package 'velodyne_description' with the following arguments: {'ament_cmake_args': None, 'build_base': '/home/dwduong74/yahboom_src/build/velodyne_description', 'catkin_cmake_args': None, 'catkin_skip_building_tests': False, 'cmake_args': None, 'cmake_clean_cache': False, 'cmake_clean_first': False, 'cmake_force_configure': False, 'cmake_target': None, 'cmake_target_skip_unavailable': False, 'install_base': '/home/dwduong74/yahboom_src/install/velodyne_description', 'merge_install': False, 'path': '/home/dwduong74/yahboom_src/src/unitree-go2-ros2/velodyne/velodyne_description', 'symlink_install': False, 'test_result_base': None}
[0.801s] Level 5:colcon.colcon_core.verb:set package 'champ_bringup' build argument 'cmake_args' from command line to 'None'
[0.801s] Level 5:colcon.colcon_core.verb:set package 'champ_bringup' build argument 'cmake_target' from command line to 'None'
[0.801s] Level 5:colcon.colcon_core.verb:set package 'champ_bringup' build argument 'cmake_target_skip_unavailable' from command line to 'False'
[0.801s] Level 5:colcon.colcon_core.verb:set package 'champ_bringup' build argument 'cmake_clean_cache' from command line to 'False'
[0.801s] Level 5:colcon.colcon_core.verb:set package 'champ_bringup' build argument 'cmake_clean_first' from command line to 'False'
[0.801s] Level 5:colcon.colcon_core.verb:set package 'champ_bringup' build argument 'cmake_force_configure' from command line to 'False'
[0.801s] Level 5:colcon.colcon_core.verb:set package 'champ_bringup' build argument 'ament_cmake_args' from command line to 'None'
[0.801s] Level 5:colcon.colcon_core.verb:set package 'champ_bringup' build argument 'catkin_cmake_args' from command line to 'None'
[0.801s] Level 5:colcon.colcon_core.verb:set package 'champ_bringup' build argument 'catkin_skip_building_tests' from command line to 'False'
[0.801s] DEBUG:colcon.colcon_core.verb:Building package 'champ_bringup' with the following arguments: {'ament_cmake_args': None, 'build_base': '/home/dwduong74/yahboom_src/build/champ_bringup', 'catkin_cmake_args': None, 'catkin_skip_building_tests': False, 'cmake_args': None, 'cmake_clean_cache': False, 'cmake_clean_first': False, 'cmake_force_configure': False, 'cmake_target': None, 'cmake_target_skip_unavailable': False, 'install_base': '/home/dwduong74/yahboom_src/install/champ_bringup', 'merge_install': False, 'path': '/home/dwduong74/yahboom_src/src/unitree-go2-ros2/champ/champ_bringup', 'symlink_install': False, 'test_result_base': None}
[0.801s] Level 5:colcon.colcon_core.verb:set package 'velodyne_simulator' build argument 'cmake_args' from command line to 'None'
[0.802s] Level 5:colcon.colcon_core.verb:set package 'velodyne_simulator' build argument 'cmake_target' from command line to 'None'
[0.802s] Level 5:colcon.colcon_core.verb:set package 'velodyne_simulator' build argument 'cmake_target_skip_unavailable' from command line to 'False'
[0.802s] Level 5:colcon.colcon_core.verb:set package 'velodyne_simulator' build argument 'cmake_clean_cache' from command line to 'False'
[0.802s] Level 5:colcon.colcon_core.verb:set package 'velodyne_simulator' build argument 'cmake_clean_first' from command line to 'False'
[0.802s] Level 5:colcon.colcon_core.verb:set package 'velodyne_simulator' build argument 'cmake_force_configure' from command line to 'False'
[0.802s] Level 5:colcon.colcon_core.verb:set package 'velodyne_simulator' build argument 'ament_cmake_args' from command line to 'None'
[0.802s] Level 5:colcon.colcon_core.verb:set package 'velodyne_simulator' build argument 'catkin_cmake_args' from command line to 'None'
[0.802s] Level 5:colcon.colcon_core.verb:set package 'velodyne_simulator' build argument 'catkin_skip_building_tests' from command line to 'False'
[0.802s] DEBUG:colcon.colcon_core.verb:Building package 'velodyne_simulator' with the following arguments: {'ament_cmake_args': None, 'build_base': '/home/dwduong74/yahboom_src/build/velodyne_simulator', 'catkin_cmake_args': None, 'catkin_skip_building_tests': False, 'cmake_args': None, 'cmake_clean_cache': False, 'cmake_clean_first': False, 'cmake_force_configure': False, 'cmake_target': None, 'cmake_target_skip_unavailable': False, 'install_base': '/home/dwduong74/yahboom_src/install/velodyne_simulator', 'merge_install': False, 'path': '/home/dwduong74/yahboom_src/src/unitree-go2-ros2/velodyne/velodyne_simulator', 'symlink_install': False, 'test_result_base': None}
[0.802s] INFO:colcon.colcon_core.executor:Executing jobs using 'parallel' executor
[0.803s] DEBUG:colcon.colcon_parallel_executor.executor.parallel:run_until_complete
[0.804s] INFO:colcon.colcon_ros.task.ament_cmake.build:Building ROS package in '/home/dwduong74/yahboom_src/src/unitree-go2-ros2/velodyne/velodyne_gazebo_plugins' with build type 'ament_cmake'
[0.804s] INFO:colcon.colcon_cmake.task.cmake.build:Building CMake package in '/home/dwduong74/yahboom_src/src/unitree-go2-ros2/velodyne/velodyne_gazebo_plugins'
[0.808s] INFO:colcon.colcon_core.plugin_system:Skipping extension 'colcon_core.shell.bat': Not used on non-Windows systems
[0.808s] INFO:colcon.colcon_core.shell:Skip shell extension 'powershell' for command environment: Not usable outside of PowerShell
[0.808s] DEBUG:colcon.colcon_core.shell:Skip shell extension 'dsv' for command environment
[0.818s] INFO:colcon.colcon_ros.task.ament_cmake.build:Building ROS package in '/home/dwduong74/yahboom_src/src/unitree-go2-ros2/champ/champ' with build type 'ament_cmake'
[0.819s] INFO:colcon.colcon_cmake.task.cmake.build:Building CMake package in '/home/dwduong74/yahboom_src/src/unitree-go2-ros2/champ/champ'
[0.819s] INFO:colcon.colcon_core.shell:Skip shell extension 'powershell' for command environment: Not usable outside of PowerShell
[0.819s] DEBUG:colcon.colcon_core.shell:Skip shell extension 'dsv' for command environment
[0.828s] INFO:colcon.colcon_ros.task.ament_cmake.build:Building ROS package in '/home/dwduong74/yahboom_src/src/unitree-go2-ros2/champ/champ_msgs' with build type 'ament_cmake'
[0.828s] INFO:colcon.colcon_cmake.task.cmake.build:Building CMake package in '/home/dwduong74/yahboom_src/src/unitree-go2-ros2/champ/champ_msgs'
[0.828s] INFO:colcon.colcon_core.shell:Skip shell extension 'powershell' for command environment: Not usable outside of PowerShell
[0.828s] DEBUG:colcon.colcon_core.shell:Skip shell extension 'dsv' for command environment
[0.839s] INFO:colcon.colcon_ros.task.ament_python.build:Building ROS package in '/home/dwduong74/yahboom_src/src/bringup' with build type 'ament_python'
[0.839s] Level 1:colcon.colcon_core.shell:create_environment_hook('bringup', 'ament_prefix_path')
[0.840s] INFO:colcon.colcon_core.shell:Creating environment hook '/home/dwduong74/yahboom_src/install/bringup/share/bringup/hook/ament_prefix_path.ps1'
[0.841s] INFO:colcon.colcon_core.shell:Creating environment descriptor '/home/dwduong74/yahboom_src/install/bringup/share/bringup/hook/ament_prefix_path.dsv'
[0.842s] INFO:colcon.colcon_core.shell:Creating environment hook '/home/dwduong74/yahboom_src/install/bringup/share/bringup/hook/ament_prefix_path.sh'
[0.844s] INFO:colcon.colcon_core.shell:Skip shell extension 'powershell' for command environment: Not usable outside of PowerShell
[0.844s] DEBUG:colcon.colcon_core.shell:Skip shell extension 'dsv' for command environment
[0.852s] INFO:colcon.colcon_ros.task.ament_cmake.build:Building ROS package in '/home/dwduong74/yahboom_src/src/unitree-go2-ros2/champ/champ_config' with build type 'ament_cmake'
[0.853s] INFO:colcon.colcon_cmake.task.cmake.build:Building CMake package in '/home/dwduong74/yahboom_src/src/unitree-go2-ros2/champ/champ_config'
[0.853s] INFO:colcon.colcon_core.shell:Skip shell extension 'powershell' for command environment: Not usable outside of PowerShell
[0.853s] DEBUG:colcon.colcon_core.shell:Skip shell extension 'dsv' for command environment
[0.860s] INFO:colcon.colcon_ros.task.ament_cmake.build:Building ROS package in '/home/dwduong74/yahboom_src/src/unitree-go2-ros2/champ/champ_navigation' with build type 'ament_cmake'
[0.861s] INFO:colcon.colcon_cmake.task.cmake.build:Building CMake package in '/home/dwduong74/yahboom_src/src/unitree-go2-ros2/champ/champ_navigation'
[0.861s] INFO:colcon.colcon_core.shell:Skip shell extension 'powershell' for command environment: Not usable outside of PowerShell
[0.861s] DEBUG:colcon.colcon_core.shell:Skip shell extension 'dsv' for command environment
[0.869s] INFO:colcon.colcon_ros.task.ament_cmake.build:Building ROS package in '/home/dwduong74/yahboom_src/src/unitree-go2-ros2/champ_teleop' with build type 'ament_cmake'
[0.870s] INFO:colcon.colcon_cmake.task.cmake.build:Building CMake package in '/home/dwduong74/yahboom_src/src/unitree-go2-ros2/champ_teleop'
[0.870s] INFO:colcon.colcon_core.shell:Skip shell extension 'powershell' for command environment: Not usable outside of PowerShell
[0.870s] DEBUG:colcon.colcon_core.shell:Skip shell extension 'dsv' for command environment
[0.878s] INFO:colcon.colcon_ros.task.ament_cmake.build:Building ROS package in '/home/dwduong74/yahboom_src/src/dogzilla_sim/robots/configs/dogzilla_config' with build type 'ament_cmake'
[0.879s] INFO:colcon.colcon_cmake.task.cmake.build:Building CMake package in '/home/dwduong74/yahboom_src/src/dogzilla_sim/robots/configs/dogzilla_config'
[0.879s] INFO:colcon.colcon_core.shell:Skip shell extension 'powershell' for command environment: Not usable outside of PowerShell
[0.879s] DEBUG:colcon.colcon_core.shell:Skip shell extension 'dsv' for command environment
[0.896s] DEBUG:colcon.colcon_core.event_handler.log_command:Invoking command in '/home/dwduong74/yahboom_src/build/velodyne_gazebo_plugins': CMAKE_PREFIX_PATH=${CMAKE_PREFIX_PATH}:/home/dwduong74/yahboom_src/install/yahboom_set_height:/home/dwduong74/yahboom_src/install/yahboom_mediapipe:/home/dwduong74/yahboom_src/install/yahboom_gait:/home/dwduong74/yahboom_src/install/yahboom_dog_joint_state:/home/dwduong74/yahboom_src/install/yahboom_description:/home/dwduong74/yahboom_src/install/yahboom_bringup:/home/dwduong74/yahboom_src/install/yahboom_base:/home/dwduong74/yahboom_src/install/yahboom_app_save_map:/home/dwduong74/yahboom_src/install/tf_publisher:/home/dwduong74/yahboom_src/install/bringup:/home/dwduong74/LUMI_ws/install/custom_explorer:/opt/ros/humble /usr/bin/cmake --build /home/dwduong74/yahboom_src/build/velodyne_gazebo_plugins -- -j8 -l8
[0.903s] DEBUG:colcon.colcon_core.event_handler.log_command:Invoking command in '/home/dwduong74/yahboom_src/build/champ': CMAKE_PREFIX_PATH=${CMAKE_PREFIX_PATH}:/home/dwduong74/yahboom_src/install/yahboom_set_height:/home/dwduong74/yahboom_src/install/yahboom_mediapipe:/home/dwduong74/yahboom_src/install/yahboom_gait:/home/dwduong74/yahboom_src/install/yahboom_dog_joint_state:/home/dwduong74/yahboom_src/install/yahboom_description:/home/dwduong74/yahboom_src/install/yahboom_bringup:/home/dwduong74/yahboom_src/install/yahboom_base:/home/dwduong74/yahboom_src/install/yahboom_app_save_map:/home/dwduong74/yahboom_src/install/tf_publisher:/home/dwduong74/yahboom_src/install/bringup:/home/dwduong74/LUMI_ws/install/custom_explorer:/opt/ros/humble /usr/bin/cmake --build /home/dwduong74/yahboom_src/build/champ -- -j8 -l8
[0.909s] DEBUG:colcon.colcon_core.event_handler.log_command:Invoking command in '/home/dwduong74/yahboom_src/build/champ_msgs': CMAKE_PREFIX_PATH=${CMAKE_PREFIX_PATH}:/home/dwduong74/yahboom_src/install/yahboom_set_height:/home/dwduong74/yahboom_src/install/yahboom_mediapipe:/home/dwduong74/yahboom_src/install/yahboom_gait:/home/dwduong74/yahboom_src/install/yahboom_dog_joint_state:/home/dwduong74/yahboom_src/install/yahboom_description:/home/dwduong74/yahboom_src/install/yahboom_bringup:/home/dwduong74/yahboom_src/install/yahboom_base:/home/dwduong74/yahboom_src/install/yahboom_app_save_map:/home/dwduong74/yahboom_src/install/tf_publisher:/home/dwduong74/yahboom_src/install/bringup:/home/dwduong74/LUMI_ws/install/custom_explorer:/opt/ros/humble /usr/bin/cmake --build /home/dwduong74/yahboom_src/build/champ_msgs -- -j8 -l8
[1.574s] INFO:colcon.colcon_core.task.python.build:Building Python package in '/home/dwduong74/yahboom_src/src/bringup'
[1.574s] INFO:colcon.colcon_core.shell:Skip shell extension 'powershell' for command environment: Not usable outside of PowerShell
[1.574s] DEBUG:colcon.colcon_core.shell:Skip shell extension 'dsv' for command environment
[1.588s] DEBUG:colcon.colcon_core.event_handler.log_command:Invoking command in '/home/dwduong74/yahboom_src/build/champ_config': CMAKE_PREFIX_PATH=${CMAKE_PREFIX_PATH}:/home/dwduong74/yahboom_src/install/yahboom_set_height:/home/dwduong74/yahboom_src/install/yahboom_mediapipe:/home/dwduong74/yahboom_src/install/yahboom_gait:/home/dwduong74/yahboom_src/install/yahboom_dog_joint_state:/home/dwduong74/yahboom_src/install/yahboom_description:/home/dwduong74/yahboom_src/install/yahboom_bringup:/home/dwduong74/yahboom_src/install/yahboom_base:/home/dwduong74/yahboom_src/install/yahboom_app_save_map:/home/dwduong74/yahboom_src/install/tf_publisher:/home/dwduong74/yahboom_src/install/bringup:/home/dwduong74/LUMI_ws/install/custom_explorer:/opt/ros/humble /usr/bin/cmake --build /home/dwduong74/yahboom_src/build/champ_config -- -j8 -l8
[1.595s] DEBUG:colcon.colcon_core.event_handler.log_command:Invoking command in '/home/dwduong74/yahboom_src/build/champ_navigation': CMAKE_PREFIX_PATH=${CMAKE_PREFIX_PATH}:/home/dwduong74/yahboom_src/install/yahboom_set_height:/home/dwduong74/yahboom_src/install/yahboom_mediapipe:/home/dwduong74/yahboom_src/install/yahboom_gait:/home/dwduong74/yahboom_src/install/yahboom_dog_joint_state:/home/dwduong74/yahboom_src/install/yahboom_description:/home/dwduong74/yahboom_src/install/yahboom_bringup:/home/dwduong74/yahboom_src/install/yahboom_base:/home/dwduong74/yahboom_src/install/yahboom_app_save_map:/home/dwduong74/yahboom_src/install/tf_publisher:/home/dwduong74/yahboom_src/install/bringup:/home/dwduong74/LUMI_ws/install/custom_explorer:/opt/ros/humble /usr/bin/cmake --build /home/dwduong74/yahboom_src/build/champ_navigation -- -j8 -l8
[1.599s] DEBUG:colcon.colcon_core.event_handler.log_command:Invoking command in '/home/dwduong74/yahboom_src/build/champ_teleop': CMAKE_PREFIX_PATH=${CMAKE_PREFIX_PATH}:/home/dwduong74/yahboom_src/install/yahboom_set_height:/home/dwduong74/yahboom_src/install/yahboom_mediapipe:/home/dwduong74/yahboom_src/install/yahboom_gait:/home/dwduong74/yahboom_src/install/yahboom_dog_joint_state:/home/dwduong74/yahboom_src/install/yahboom_description:/home/dwduong74/yahboom_src/install/yahboom_bringup:/home/dwduong74/yahboom_src/install/yahboom_base:/home/dwduong74/yahboom_src/install/yahboom_app_save_map:/home/dwduong74/yahboom_src/install/tf_publisher:/home/dwduong74/yahboom_src/install/bringup:/home/dwduong74/LUMI_ws/install/custom_explorer:/opt/ros/humble /usr/bin/cmake --build /home/dwduong74/yahboom_src/build/champ_teleop -- -j8 -l8
[1.612s] DEBUG:colcon.colcon_core.event_handler.log_command:Invoking command in '/home/dwduong74/yahboom_src/build/dogzilla_config': CMAKE_PREFIX_PATH=${CMAKE_PREFIX_PATH}:/home/dwduong74/yahboom_src/install/yahboom_set_height:/home/dwduong74/yahboom_src/install/yahboom_mediapipe:/home/dwduong74/yahboom_src/install/yahboom_gait:/home/dwduong74/yahboom_src/install/yahboom_dog_joint_state:/home/dwduong74/yahboom_src/install/yahboom_description:/home/dwduong74/yahboom_src/install/yahboom_bringup:/home/dwduong74/yahboom_src/install/yahboom_base:/home/dwduong74/yahboom_src/install/yahboom_app_save_map:/home/dwduong74/yahboom_src/install/tf_publisher:/home/dwduong74/yahboom_src/install/bringup:/home/dwduong74/LUMI_ws/install/custom_explorer:/opt/ros/humble /usr/bin/cmake --build /home/dwduong74/yahboom_src/build/dogzilla_config -- -j8 -l8
[1.615s] DEBUG:colcon.colcon_core.event_handler.log_command:Invoked command in '/home/dwduong74/yahboom_src/build/champ' returned '0': CMAKE_PREFIX_PATH=${CMAKE_PREFIX_PATH}:/home/dwduong74/yahboom_src/install/yahboom_set_height:/home/dwduong74/yahboom_src/install/yahboom_mediapipe:/home/dwduong74/yahboom_src/install/yahboom_gait:/home/dwduong74/yahboom_src/install/yahboom_dog_joint_state:/home/dwduong74/yahboom_src/install/yahboom_description:/home/dwduong74/yahboom_src/install/yahboom_bringup:/home/dwduong74/yahboom_src/install/yahboom_base:/home/dwduong74/yahboom_src/install/yahboom_app_save_map:/home/dwduong74/yahboom_src/install/tf_publisher:/home/dwduong74/yahboom_src/install/bringup:/home/dwduong74/LUMI_ws/install/custom_explorer:/opt/ros/humble /usr/bin/cmake --build /home/dwduong74/yahboom_src/build/champ -- -j8 -l8
[1.629s] DEBUG:colcon.colcon_core.event_handler.log_command:Invoking command in '/home/dwduong74/yahboom_src/build/champ': CMAKE_PREFIX_PATH=${CMAKE_PREFIX_PATH}:/home/dwduong74/yahboom_src/install/yahboom_set_height:/home/dwduong74/yahboom_src/install/yahboom_mediapipe:/home/dwduong74/yahboom_src/install/yahboom_gait:/home/dwduong74/yahboom_src/install/yahboom_dog_joint_state:/home/dwduong74/yahboom_src/install/yahboom_description:/home/dwduong74/yahboom_src/install/yahboom_bringup:/home/dwduong74/yahboom_src/install/yahboom_base:/home/dwduong74/yahboom_src/install/yahboom_app_save_map:/home/dwduong74/yahboom_src/install/tf_publisher:/home/dwduong74/yahboom_src/install/bringup:/home/dwduong74/LUMI_ws/install/custom_explorer:/opt/ros/humble /usr/bin/cmake --install /home/dwduong74/yahboom_src/build/champ
[1.644s] DEBUG:colcon.colcon_core.event_handler.log_command:Invoked command in '/home/dwduong74/yahboom_src/build/velodyne_gazebo_plugins' returned '0': CMAKE_PREFIX_PATH=${CMAKE_PREFIX_PATH}:/home/dwduong74/yahboom_src/install/yahboom_set_height:/home/dwduong74/yahboom_src/install/yahboom_mediapipe:/home/dwduong74/yahboom_src/install/yahboom_gait:/home/dwduong74/yahboom_src/install/yahboom_dog_joint_state:/home/dwduong74/yahboom_src/install/yahboom_description:/home/dwduong74/yahboom_src/install/yahboom_bringup:/home/dwduong74/yahboom_src/install/yahboom_base:/home/dwduong74/yahboom_src/install/yahboom_app_save_map:/home/dwduong74/yahboom_src/install/tf_publisher:/home/dwduong74/yahboom_src/install/bringup:/home/dwduong74/LUMI_ws/install/custom_explorer:/opt/ros/humble /usr/bin/cmake --build /home/dwduong74/yahboom_src/build/velodyne_gazebo_plugins -- -j8 -l8
[1.648s] DEBUG:colcon.colcon_core.event_handler.log_command:Invoking command in '/home/dwduong74/yahboom_src/build/velodyne_gazebo_plugins': CMAKE_PREFIX_PATH=${CMAKE_PREFIX_PATH}:/home/dwduong74/yahboom_src/install/yahboom_set_height:/home/dwduong74/yahboom_src/install/yahboom_mediapipe:/home/dwduong74/yahboom_src/install/yahboom_gait:/home/dwduong74/yahboom_src/install/yahboom_dog_joint_state:/home/dwduong74/yahboom_src/install/yahboom_description:/home/dwduong74/yahboom_src/install/yahboom_bringup:/home/dwduong74/yahboom_src/install/yahboom_base:/home/dwduong74/yahboom_src/install/yahboom_app_save_map:/home/dwduong74/yahboom_src/install/tf_publisher:/home/dwduong74/yahboom_src/install/bringup:/home/dwduong74/LUMI_ws/install/custom_explorer:/opt/ros/humble /usr/bin/cmake --install /home/dwduong74/yahboom_src/build/velodyne_gazebo_plugins
[1.655s] Level 1:colcon.colcon_core.environment:create_environment_scripts_only(champ)
[1.665s] Level 1:colcon.colcon_core.environment:checking '/home/dwduong74/yahboom_src/install/champ' for CMake module files
[1.666s] Level 1:colcon.colcon_core.environment:checking '/home/dwduong74/yahboom_src/install/champ' for CMake config files
[1.670s] DEBUG:colcon.colcon_core.event_handler.log_command:Invoked command in '/home/dwduong74/yahboom_src/build/champ' returned '0': CMAKE_PREFIX_PATH=${CMAKE_PREFIX_PATH}:/home/dwduong74/yahboom_src/install/yahboom_set_height:/home/dwduong74/yahboom_src/install/yahboom_mediapipe:/home/dwduong74/yahboom_src/install/yahboom_gait:/home/dwduong74/yahboom_src/install/yahboom_dog_joint_state:/home/dwduong74/yahboom_src/install/yahboom_description:/home/dwduong74/yahboom_src/install/yahboom_bringup:/home/dwduong74/yahboom_src/install/yahboom_base:/home/dwduong74/yahboom_src/install/yahboom_app_save_map:/home/dwduong74/yahboom_src/install/tf_publisher:/home/dwduong74/yahboom_src/install/bringup:/home/dwduong74/LUMI_ws/install/custom_explorer:/opt/ros/humble /usr/bin/cmake --install /home/dwduong74/yahboom_src/build/champ
[1.671s] Level 1:colcon.colcon_core.shell:create_environment_hook('champ', 'cmake_prefix_path')
[1.672s] INFO:colcon.colcon_core.shell:Creating environment hook '/home/dwduong74/yahboom_src/install/champ/share/champ/hook/cmake_prefix_path.ps1'
[1.673s] INFO:colcon.colcon_core.shell:Creating environment descriptor '/home/dwduong74/yahboom_src/install/champ/share/champ/hook/cmake_prefix_path.dsv'
[1.674s] INFO:colcon.colcon_core.shell:Creating environment hook '/home/dwduong74/yahboom_src/install/champ/share/champ/hook/cmake_prefix_path.sh'
[1.680s] Level 1:colcon.colcon_core.environment:checking '/home/dwduong74/yahboom_src/install/champ/bin'
[1.681s] Level 1:colcon.colcon_core.environment:checking '/home/dwduong74/yahboom_src/install/champ/lib/pkgconfig/champ.pc'
[1.681s] Level 1:colcon.colcon_core.environment:checking '/home/dwduong74/yahboom_src/install/champ/lib/python3.10/site-packages'
[1.682s] Level 1:colcon.colcon_core.environment:checking '/home/dwduong74/yahboom_src/install/champ/bin'
[1.683s] INFO:colcon.colcon_core.shell:Creating package script '/home/dwduong74/yahboom_src/install/champ/share/champ/package.ps1'
[1.687s] INFO:colcon.colcon_core.shell:Creating package descriptor '/home/dwduong74/yahboom_src/install/champ/share/champ/package.dsv'
[1.688s] INFO:colcon.colcon_core.shell:Creating package script '/home/dwduong74/yahboom_src/install/champ/share/champ/package.sh'
[1.690s] INFO:colcon.colcon_core.shell:Creating package script '/home/dwduong74/yahboom_src/install/champ/share/champ/package.bash'
[1.692s] INFO:colcon.colcon_core.shell:Creating package script '/home/dwduong74/yahboom_src/install/champ/share/champ/package.zsh'
[1.695s] Level 1:colcon.colcon_core.environment:create_file_with_runtime_dependencies(/home/dwduong74/yahboom_src/install/champ/share/colcon-core/packages/champ)
[1.698s] Level 1:colcon.colcon_core.environment:create_environment_scripts_only(champ)
[1.698s] Level 1:colcon.colcon_core.environment:checking '/home/dwduong74/yahboom_src/install/champ' for CMake module files
[1.699s] Level 1:colcon.colcon_core.environment:checking '/home/dwduong74/yahboom_src/install/champ' for CMake config files
[1.700s] Level 1:colcon.colcon_core.shell:create_environment_hook('champ', 'cmake_prefix_path')
[1.700s] INFO:colcon.colcon_core.shell:Creating environment hook '/home/dwduong74/yahboom_src/install/champ/share/champ/hook/cmake_prefix_path.ps1'
[1.701s] INFO:colcon.colcon_core.shell:Creating environment descriptor '/home/dwduong74/yahboom_src/install/champ/share/champ/hook/cmake_prefix_path.dsv'
[1.702s] INFO:colcon.colcon_core.shell:Creating environment hook '/home/dwduong74/yahboom_src/install/champ/share/champ/hook/cmake_prefix_path.sh'
[1.703s] Level 1:colcon.colcon_core.environment:checking '/home/dwduong74/yahboom_src/install/champ/bin'
[1.703s] Level 1:colcon.colcon_core.environment:checking '/home/dwduong74/yahboom_src/install/champ/lib/pkgconfig/champ.pc'
[1.703s] Level 1:colcon.colcon_core.environment:checking '/home/dwduong74/yahboom_src/install/champ/lib/python3.10/site-packages'
[1.704s] Level 1:colcon.colcon_core.environment:checking '/home/dwduong74/yahboom_src/install/champ/bin'
[1.704s] INFO:colcon.colcon_core.shell:Creating package script '/home/dwduong74/yahboom_src/install/champ/share/champ/package.ps1'
[1.705s] INFO:colcon.colcon_core.shell:Creating package descriptor '/home/dwduong74/yahboom_src/install/champ/share/champ/package.dsv'
[1.706s] INFO:colcon.colcon_core.shell:Creating package script '/home/dwduong74/yahboom_src/install/champ/share/champ/package.sh'
[1.706s] INFO:colcon.colcon_core.shell:Creating package script '/home/dwduong74/yahboom_src/install/champ/share/champ/package.bash'
[1.707s] INFO:colcon.colcon_core.shell:Creating package script '/home/dwduong74/yahboom_src/install/champ/share/champ/package.zsh'
[1.708s] Level 1:colcon.colcon_core.environment:create_file_with_runtime_dependencies(/home/dwduong74/yahboom_src/install/champ/share/colcon-core/packages/champ)
[1.709s] INFO:colcon.colcon_ros.task.ament_cmake.build:Building ROS package in '/home/dwduong74/yahboom_src/src/dogzilla_sim/robots/descriptions/dogzilla_description' with build type 'ament_cmake'
[1.709s] INFO:colcon.colcon_cmake.task.cmake.build:Building CMake package in '/home/dwduong74/yahboom_src/src/dogzilla_sim/robots/descriptions/dogzilla_description'
[1.709s] INFO:colcon.colcon_core.shell:Skip shell extension 'powershell' for command environment: Not usable outside of PowerShell
[1.709s] DEBUG:colcon.colcon_core.shell:Skip shell extension 'dsv' for command environment
[1.723s] DEBUG:colcon.colcon_core.event_handler.log_command:Invoked command in '/home/dwduong74/yahboom_src/build/champ_config' returned '0': CMAKE_PREFIX_PATH=${CMAKE_PREFIX_PATH}:/home/dwduong74/yahboom_src/install/yahboom_set_height:/home/dwduong74/yahboom_src/install/yahboom_mediapipe:/home/dwduong74/yahboom_src/install/yahboom_gait:/home/dwduong74/yahboom_src/install/yahboom_dog_joint_state:/home/dwduong74/yahboom_src/install/yahboom_description:/home/dwduong74/yahboom_src/install/yahboom_bringup:/home/dwduong74/yahboom_src/install/yahboom_base:/home/dwduong74/yahboom_src/install/yahboom_app_save_map:/home/dwduong74/yahboom_src/install/tf_publisher:/home/dwduong74/yahboom_src/install/bringup:/home/dwduong74/LUMI_ws/install/custom_explorer:/opt/ros/humble /usr/bin/cmake --build /home/dwduong74/yahboom_src/build/champ_config -- -j8 -l8
[1.725s] DEBUG:colcon.colcon_core.event_handler.log_command:Invoking command in '/home/dwduong74/yahboom_src/build/champ_config': CMAKE_PREFIX_PATH=${CMAKE_PREFIX_PATH}:/home/dwduong74/yahboom_src/install/yahboom_set_height:/home/dwduong74/yahboom_src/install/yahboom_mediapipe:/home/dwduong74/yahboom_src/install/yahboom_gait:/home/dwduong74/yahboom_src/install/yahboom_dog_joint_state:/home/dwduong74/yahboom_src/install/yahboom_description:/home/dwduong74/yahboom_src/install/yahboom_bringup:/home/dwduong74/yahboom_src/install/yahboom_base:/home/dwduong74/yahboom_src/install/yahboom_app_save_map:/home/dwduong74/yahboom_src/install/tf_publisher:/home/dwduong74/yahboom_src/install/bringup:/home/dwduong74/LUMI_ws/install/custom_explorer:/opt/ros/humble /usr/bin/cmake --install /home/dwduong74/yahboom_src/build/champ_config
[1.726s] DEBUG:colcon.colcon_core.event_handler.log_command:Invoked command in '/home/dwduong74/yahboom_src/build/champ_navigation' returned '0': CMAKE_PREFIX_PATH=${CMAKE_PREFIX_PATH}:/home/dwduong74/yahboom_src/install/yahboom_set_height:/home/dwduong74/yahboom_src/install/yahboom_mediapipe:/home/dwduong74/yahboom_src/install/yahboom_gait:/home/dwduong74/yahboom_src/install/yahboom_dog_joint_state:/home/dwduong74/yahboom_src/install/yahboom_description:/home/dwduong74/yahboom_src/install/yahboom_bringup:/home/dwduong74/yahboom_src/install/yahboom_base:/home/dwduong74/yahboom_src/install/yahboom_app_save_map:/home/dwduong74/yahboom_src/install/tf_publisher:/home/dwduong74/yahboom_src/install/bringup:/home/dwduong74/LUMI_ws/install/custom_explorer:/opt/ros/humble /usr/bin/cmake --build /home/dwduong74/yahboom_src/build/champ_navigation -- -j8 -l8
[1.729s] Level 1:colcon.colcon_core.environment:create_environment_scripts_only(velodyne_gazebo_plugins)
[1.730s] Level 1:colcon.colcon_core.environment:checking '/home/dwduong74/yahboom_src/install/velodyne_gazebo_plugins' for CMake module files
[1.732s] DEBUG:colcon.colcon_core.event_handler.log_command:Invoking command in '/home/dwduong74/yahboom_src/build/champ_navigation': CMAKE_PREFIX_PATH=${CMAKE_PREFIX_PATH}:/home/dwduong74/yahboom_src/install/yahboom_set_height:/home/dwduong74/yahboom_src/install/yahboom_mediapipe:/home/dwduong74/yahboom_src/install/yahboom_gait:/home/dwduong74/yahboom_src/install/yahboom_dog_joint_state:/home/dwduong74/yahboom_src/install/yahboom_description:/home/dwduong74/yahboom_src/install/yahboom_bringup:/home/dwduong74/yahboom_src/install/yahboom_base:/home/dwduong74/yahboom_src/install/yahboom_app_save_map:/home/dwduong74/yahboom_src/install/tf_publisher:/home/dwduong74/yahboom_src/install/bringup:/home/dwduong74/LUMI_ws/install/custom_explorer:/opt/ros/humble /usr/bin/cmake --install /home/dwduong74/yahboom_src/build/champ_navigation
[1.733s] Level 1:colcon.colcon_core.environment:checking '/home/dwduong74/yahboom_src/install/velodyne_gazebo_plugins' for CMake config files
[1.733s] Level 1:colcon.colcon_core.shell:create_environment_hook('velodyne_gazebo_plugins', 'cmake_prefix_path')
[1.734s] INFO:colcon.colcon_core.shell:Creating environment hook '/home/dwduong74/yahboom_src/install/velodyne_gazebo_plugins/share/velodyne_gazebo_plugins/hook/cmake_prefix_path.ps1'
[1.735s] INFO:colcon.colcon_core.shell:Creating environment descriptor '/home/dwduong74/yahboom_src/install/velodyne_gazebo_plugins/share/velodyne_gazebo_plugins/hook/cmake_prefix_path.dsv'
[1.735s] DEBUG:colcon.colcon_core.event_handler.log_command:Invoked command in '/home/dwduong74/yahboom_src/build/velodyne_gazebo_plugins' returned '0': CMAKE_PREFIX_PATH=${CMAKE_PREFIX_PATH}:/home/dwduong74/yahboom_src/install/yahboom_set_height:/home/dwduong74/yahboom_src/install/yahboom_mediapipe:/home/dwduong74/yahboom_src/install/yahboom_gait:/home/dwduong74/yahboom_src/install/yahboom_dog_joint_state:/home/dwduong74/yahboom_src/install/yahboom_description:/home/dwduong74/yahboom_src/install/yahboom_bringup:/home/dwduong74/yahboom_src/install/yahboom_base:/home/dwduong74/yahboom_src/install/yahboom_app_save_map:/home/dwduong74/yahboom_src/install/tf_publisher:/home/dwduong74/yahboom_src/install/bringup:/home/dwduong74/LUMI_ws/install/custom_explorer:/opt/ros/humble /usr/bin/cmake --install /home/dwduong74/yahboom_src/build/velodyne_gazebo_plugins
[1.736s] INFO:colcon.colcon_core.shell:Creating environment hook '/home/dwduong74/yahboom_src/install/velodyne_gazebo_plugins/share/velodyne_gazebo_plugins/hook/cmake_prefix_path.sh'
[1.737s] Level 1:colcon.colcon_core.environment:checking '/home/dwduong74/yahboom_src/install/velodyne_gazebo_plugins/lib'
[1.737s] Level 1:colcon.colcon_core.shell:create_environment_hook('velodyne_gazebo_plugins', 'ld_library_path_lib')
[1.737s] INFO:colcon.colcon_core.shell:Creating environment hook '/home/dwduong74/yahboom_src/install/velodyne_gazebo_plugins/share/velodyne_gazebo_plugins/hook/ld_library_path_lib.ps1'
[1.738s] INFO:colcon.colcon_core.shell:Creating environment descriptor '/home/dwduong74/yahboom_src/install/velodyne_gazebo_plugins/share/velodyne_gazebo_plugins/hook/ld_library_path_lib.dsv'
[1.739s] INFO:colcon.colcon_core.shell:Creating environment hook '/home/dwduong74/yahboom_src/install/velodyne_gazebo_plugins/share/velodyne_gazebo_plugins/hook/ld_library_path_lib.sh'
[1.739s] Level 1:colcon.colcon_core.environment:checking '/home/dwduong74/yahboom_src/install/velodyne_gazebo_plugins/bin'
[1.739s] Level 1:colcon.colcon_core.environment:checking '/home/dwduong74/yahboom_src/install/velodyne_gazebo_plugins/lib/pkgconfig/velodyne_gazebo_plugins.pc'
[1.740s] Level 1:colcon.colcon_core.environment:checking '/home/dwduong74/yahboom_src/install/velodyne_gazebo_plugins/lib/python3.10/site-packages'
[1.740s] Level 1:colcon.colcon_core.environment:checking '/home/dwduong74/yahboom_src/install/velodyne_gazebo_plugins/bin'
[1.741s] INFO:colcon.colcon_core.shell:Creating package script '/home/dwduong74/yahboom_src/install/velodyne_gazebo_plugins/share/velodyne_gazebo_plugins/package.ps1'
[1.742s] INFO:colcon.colcon_core.shell:Creating package descriptor '/home/dwduong74/yahboom_src/install/velodyne_gazebo_plugins/share/velodyne_gazebo_plugins/package.dsv'
[1.743s] INFO:colcon.colcon_core.shell:Creating package script '/home/dwduong74/yahboom_src/install/velodyne_gazebo_plugins/share/velodyne_gazebo_plugins/package.sh'
[1.744s] INFO:colcon.colcon_core.shell:Creating package script '/home/dwduong74/yahboom_src/install/velodyne_gazebo_plugins/share/velodyne_gazebo_plugins/package.bash'
[1.744s] INFO:colcon.colcon_core.shell:Creating package script '/home/dwduong74/yahboom_src/install/velodyne_gazebo_plugins/share/velodyne_gazebo_plugins/package.zsh'
[1.745s] Level 1:colcon.colcon_core.environment:create_file_with_runtime_dependencies(/home/dwduong74/yahboom_src/install/velodyne_gazebo_plugins/share/colcon-core/packages/velodyne_gazebo_plugins)
[1.746s] Level 1:colcon.colcon_core.environment:create_environment_scripts_only(velodyne_gazebo_plugins)
[1.746s] Level 1:colcon.colcon_core.environment:checking '/home/dwduong74/yahboom_src/install/velodyne_gazebo_plugins' for CMake module files
[1.747s] Level 1:colcon.colcon_core.environment:checking '/home/dwduong74/yahboom_src/install/velodyne_gazebo_plugins' for CMake config files
[1.748s] Level 1:colcon.colcon_core.shell:create_environment_hook('velodyne_gazebo_plugins', 'cmake_prefix_path')
[1.748s] INFO:colcon.colcon_core.shell:Creating environment hook '/home/dwduong74/yahboom_src/install/velodyne_gazebo_plugins/share/velodyne_gazebo_plugins/hook/cmake_prefix_path.ps1'
[1.749s] INFO:colcon.colcon_core.shell:Creating environment descriptor '/home/dwduong74/yahboom_src/install/velodyne_gazebo_plugins/share/velodyne_gazebo_plugins/hook/cmake_prefix_path.dsv'
[1.749s] INFO:colcon.colcon_core.shell:Creating environment hook '/home/dwduong74/yahboom_src/install/velodyne_gazebo_plugins/share/velodyne_gazebo_plugins/hook/cmake_prefix_path.sh'
[1.750s] Level 1:colcon.colcon_core.environment:checking '/home/dwduong74/yahboom_src/install/velodyne_gazebo_plugins/lib'
[1.750s] Level 1:colcon.colcon_core.shell:create_environment_hook('velodyne_gazebo_plugins', 'ld_library_path_lib')
[1.751s] INFO:colcon.colcon_core.shell:Creating environment hook '/home/dwduong74/yahboom_src/install/velodyne_gazebo_plugins/share/velodyne_gazebo_plugins/hook/ld_library_path_lib.ps1'
[1.751s] INFO:colcon.colcon_core.shell:Creating environment descriptor '/home/dwduong74/yahboom_src/install/velodyne_gazebo_plugins/share/velodyne_gazebo_plugins/hook/ld_library_path_lib.dsv'
[1.752s] INFO:colcon.colcon_core.shell:Creating environment hook '/home/dwduong74/yahboom_src/install/velodyne_gazebo_plugins/share/velodyne_gazebo_plugins/hook/ld_library_path_lib.sh'
[1.752s] Level 1:colcon.colcon_core.environment:checking '/home/dwduong74/yahboom_src/install/velodyne_gazebo_plugins/bin'
[1.752s] Level 1:colcon.colcon_core.environment:checking '/home/dwduong74/yahboom_src/install/velodyne_gazebo_plugins/lib/pkgconfig/velodyne_gazebo_plugins.pc'
[1.753s] Level 1:colcon.colcon_core.environment:checking '/home/dwduong74/yahboom_src/install/velodyne_gazebo_plugins/lib/python3.10/site-packages'
[1.753s] Level 1:colcon.colcon_core.environment:checking '/home/dwduong74/yahboom_src/install/velodyne_gazebo_plugins/bin'
[1.754s] INFO:colcon.colcon_core.shell:Creating package script '/home/dwduong74/yahboom_src/install/velodyne_gazebo_plugins/share/velodyne_gazebo_plugins/package.ps1'
[1.754s] INFO:colcon.colcon_core.shell:Creating package descriptor '/home/dwduong74/yahboom_src/install/velodyne_gazebo_plugins/share/velodyne_gazebo_plugins/package.dsv'
[1.755s] INFO:colcon.colcon_core.shell:Creating package script '/home/dwduong74/yahboom_src/install/velodyne_gazebo_plugins/share/velodyne_gazebo_plugins/package.sh'
[1.756s] INFO:colcon.colcon_core.shell:Creating package script '/home/dwduong74/yahboom_src/install/velodyne_gazebo_plugins/share/velodyne_gazebo_plugins/package.bash'
[1.757s] INFO:colcon.colcon_core.shell:Creating package script '/home/dwduong74/yahboom_src/install/velodyne_gazebo_plugins/share/velodyne_gazebo_plugins/package.zsh'
[1.759s] Level 1:colcon.colcon_core.environment:create_file_with_runtime_dependencies(/home/dwduong74/yahboom_src/install/velodyne_gazebo_plugins/share/colcon-core/packages/velodyne_gazebo_plugins)
[1.763s] DEBUG:colcon.colcon_core.event_handler.log_command:Invoked command in '/home/dwduong74/yahboom_src/build/champ_teleop' returned '0': CMAKE_PREFIX_PATH=${CMAKE_PREFIX_PATH}:/home/dwduong74/yahboom_src/install/yahboom_set_height:/home/dwduong74/yahboom_src/install/yahboom_mediapipe:/home/dwduong74/yahboom_src/install/yahboom_gait:/home/dwduong74/yahboom_src/install/yahboom_dog_joint_state:/home/dwduong74/yahboom_src/install/yahboom_description:/home/dwduong74/yahboom_src/install/yahboom_bringup:/home/dwduong74/yahboom_src/install/yahboom_base:/home/dwduong74/yahboom_src/install/yahboom_app_save_map:/home/dwduong74/yahboom_src/install/tf_publisher:/home/dwduong74/yahboom_src/install/bringup:/home/dwduong74/LUMI_ws/install/custom_explorer:/opt/ros/humble /usr/bin/cmake --build /home/dwduong74/yahboom_src/build/champ_teleop -- -j8 -l8
[1.766s] DEBUG:colcon.colcon_core.event_handler.log_command:Invoking command in '/home/dwduong74/yahboom_src/build/champ_teleop': CMAKE_PREFIX_PATH=${CMAKE_PREFIX_PATH}:/home/dwduong74/yahboom_src/install/yahboom_set_height:/home/dwduong74/yahboom_src/install/yahboom_mediapipe:/home/dwduong74/yahboom_src/install/yahboom_gait:/home/dwduong74/yahboom_src/install/yahboom_dog_joint_state:/home/dwduong74/yahboom_src/install/yahboom_description:/home/dwduong74/yahboom_src/install/yahboom_bringup:/home/dwduong74/yahboom_src/install/yahboom_base:/home/dwduong74/yahboom_src/install/yahboom_app_save_map:/home/dwduong74/yahboom_src/install/tf_publisher:/home/dwduong74/yahboom_src/install/bringup:/home/dwduong74/LUMI_ws/install/custom_explorer:/opt/ros/humble /usr/bin/cmake --install /home/dwduong74/yahboom_src/build/champ_teleop
[1.767s] DEBUG:colcon.colcon_core.event_handler.log_command:Invoked command in '/home/dwduong74/yahboom_src/build/dogzilla_config' returned '0': CMAKE_PREFIX_PATH=${CMAKE_PREFIX_PATH}:/home/dwduong74/yahboom_src/install/yahboom_set_height:/home/dwduong74/yahboom_src/install/yahboom_mediapipe:/home/dwduong74/yahboom_src/install/yahboom_gait:/home/dwduong74/yahboom_src/install/yahboom_dog_joint_state:/home/dwduong74/yahboom_src/install/yahboom_description:/home/dwduong74/yahboom_src/install/yahboom_bringup:/home/dwduong74/yahboom_src/install/yahboom_base:/home/dwduong74/yahboom_src/install/yahboom_app_save_map:/home/dwduong74/yahboom_src/install/tf_publisher:/home/dwduong74/yahboom_src/install/bringup:/home/dwduong74/LUMI_ws/install/custom_explorer:/opt/ros/humble /usr/bin/cmake --build /home/dwduong74/yahboom_src/build/dogzilla_config -- -j8 -l8
[1.772s] DEBUG:colcon.colcon_core.event_handler.log_command:Invoking command in '/home/dwduong74/yahboom_src/build/dogzilla_config': CMAKE_PREFIX_PATH=${CMAKE_PREFIX_PATH}:/home/dwduong74/yahboom_src/install/yahboom_set_height:/home/dwduong74/yahboom_src/install/yahboom_mediapipe:/home/dwduong74/yahboom_src/install/yahboom_gait:/home/dwduong74/yahboom_src/install/yahboom_dog_joint_state:/home/dwduong74/yahboom_src/install/yahboom_description:/home/dwduong74/yahboom_src/install/yahboom_bringup:/home/dwduong74/yahboom_src/install/yahboom_base:/home/dwduong74/yahboom_src/install/yahboom_app_save_map:/home/dwduong74/yahboom_src/install/tf_publisher:/home/dwduong74/yahboom_src/install/bringup:/home/dwduong74/LUMI_ws/install/custom_explorer:/opt/ros/humble /usr/bin/cmake --install /home/dwduong74/yahboom_src/build/dogzilla_config
[1.772s] INFO:colcon.colcon_ros.task.ament_cmake.build:Building ROS package in '/home/dwduong74/yahboom_src/src/unitree-go2-ros2/champ/champ_description' with build type 'ament_cmake'
[1.776s] INFO:colcon.colcon_cmake.task.cmake.build:Building CMake package in '/home/dwduong74/yahboom_src/src/unitree-go2-ros2/champ/champ_description'
[1.776s] INFO:colcon.colcon_core.shell:Skip shell extension 'powershell' for command environment: Not usable outside of PowerShell
[1.777s] DEBUG:colcon.colcon_core.shell:Skip shell extension 'dsv' for command environment
[1.820s] Level 1:colcon.colcon_core.environment:create_environment_scripts_only(champ_config)
[1.820s] Level 1:colcon.colcon_core.environment:checking '/home/dwduong74/yahboom_src/install/champ_config' for CMake module files
[1.821s] Level 1:colcon.colcon_core.environment:checking '/home/dwduong74/yahboom_src/install/champ_config' for CMake config files
[1.821s] Level 1:colcon.colcon_core.shell:create_environment_hook('champ_config', 'cmake_prefix_path')
[1.822s] INFO:colcon.colcon_core.shell:Creating environment hook '/home/dwduong74/yahboom_src/install/champ_config/share/champ_config/hook/cmake_prefix_path.ps1'
[1.825s] INFO:colcon.colcon_core.shell:Creating environment descriptor '/home/dwduong74/yahboom_src/install/champ_config/share/champ_config/hook/cmake_prefix_path.dsv'
[1.827s] INFO:colcon.colcon_core.shell:Creating environment hook '/home/dwduong74/yahboom_src/install/champ_config/share/champ_config/hook/cmake_prefix_path.sh'
[1.828s] DEBUG:colcon.colcon_core.event_handler.log_command:Invoking command in '/home/dwduong74/yahboom_src/build/dogzilla_description': CMAKE_PREFIX_PATH=${CMAKE_PREFIX_PATH}:/home/dwduong74/yahboom_src/install/yahboom_set_height:/home/dwduong74/yahboom_src/install/yahboom_mediapipe:/home/dwduong74/yahboom_src/install/yahboom_gait:/home/dwduong74/yahboom_src/install/yahboom_dog_joint_state:/home/dwduong74/yahboom_src/install/yahboom_description:/home/dwduong74/yahboom_src/install/yahboom_bringup:/home/dwduong74/yahboom_src/install/yahboom_base:/home/dwduong74/yahboom_src/install/yahboom_app_save_map:/home/dwduong74/yahboom_src/install/tf_publisher:/home/dwduong74/yahboom_src/install/bringup:/home/dwduong74/LUMI_ws/install/custom_explorer:/opt/ros/humble /usr/bin/cmake --build /home/dwduong74/yahboom_src/build/dogzilla_description -- -j8 -l8
[1.829s] Level 1:colcon.colcon_core.environment:checking '/home/dwduong74/yahboom_src/install/champ_config/bin'
[1.830s] Level 1:colcon.colcon_core.environment:checking '/home/dwduong74/yahboom_src/install/champ_config/lib/pkgconfig/champ_config.pc'
[1.830s] Level 1:colcon.colcon_core.environment:checking '/home/dwduong74/yahboom_src/install/champ_config/lib/python3.10/site-packages'
[1.831s] DEBUG:colcon.colcon_core.event_handler.log_command:Invoked command in '/home/dwduong74/yahboom_src/build/champ_msgs' returned '0': CMAKE_PREFIX_PATH=${CMAKE_PREFIX_PATH}:/home/dwduong74/yahboom_src/install/yahboom_set_height:/home/dwduong74/yahboom_src/install/yahboom_mediapipe:/home/dwduong74/yahboom_src/install/yahboom_gait:/home/dwduong74/yahboom_src/install/yahboom_dog_joint_state:/home/dwduong74/yahboom_src/install/yahboom_description:/home/dwduong74/yahboom_src/install/yahboom_bringup:/home/dwduong74/yahboom_src/install/yahboom_base:/home/dwduong74/yahboom_src/install/yahboom_app_save_map:/home/dwduong74/yahboom_src/install/tf_publisher:/home/dwduong74/yahboom_src/install/bringup:/home/dwduong74/LUMI_ws/install/custom_explorer:/opt/ros/humble /usr/bin/cmake --build /home/dwduong74/yahboom_src/build/champ_msgs -- -j8 -l8
[1.833s] DEBUG:colcon.colcon_core.event_handler.log_command:Invoking command in '/home/dwduong74/yahboom_src/build/champ_msgs': CMAKE_PREFIX_PATH=${CMAKE_PREFIX_PATH}:/home/dwduong74/yahboom_src/install/yahboom_set_height:/home/dwduong74/yahboom_src/install/yahboom_mediapipe:/home/dwduong74/yahboom_src/install/yahboom_gait:/home/dwduong74/yahboom_src/install/yahboom_dog_joint_state:/home/dwduong74/yahboom_src/install/yahboom_description:/home/dwduong74/yahboom_src/install/yahboom_bringup:/home/dwduong74/yahboom_src/install/yahboom_base:/home/dwduong74/yahboom_src/install/yahboom_app_save_map:/home/dwduong74/yahboom_src/install/tf_publisher:/home/dwduong74/yahboom_src/install/bringup:/home/dwduong74/LUMI_ws/install/custom_explorer:/opt/ros/humble /usr/bin/cmake --install /home/dwduong74/yahboom_src/build/champ_msgs
[1.832s] Level 1:colcon.colcon_core.environment:checking '/home/dwduong74/yahboom_src/install/champ_config/bin'
[1.835s] INFO:colcon.colcon_core.shell:Creating package script '/home/dwduong74/yahboom_src/install/champ_config/share/champ_config/package.ps1'
[1.835s] DEBUG:colcon.colcon_core.event_handler.log_command:Invoked command in '/home/dwduong74/yahboom_src/build/champ_config' returned '0': CMAKE_PREFIX_PATH=${CMAKE_PREFIX_PATH}:/home/dwduong74/yahboom_src/install/yahboom_set_height:/home/dwduong74/yahboom_src/install/yahboom_mediapipe:/home/dwduong74/yahboom_src/install/yahboom_gait:/home/dwduong74/yahboom_src/install/yahboom_dog_joint_state:/home/dwduong74/yahboom_src/install/yahboom_description:/home/dwduong74/yahboom_src/install/yahboom_bringup:/home/dwduong74/yahboom_src/install/yahboom_base:/home/dwduong74/yahboom_src/install/yahboom_app_save_map:/home/dwduong74/yahboom_src/install/tf_publisher:/home/dwduong74/yahboom_src/install/bringup:/home/dwduong74/LUMI_ws/install/custom_explorer:/opt/ros/humble /usr/bin/cmake --install /home/dwduong74/yahboom_src/build/champ_config
[1.836s] INFO:colcon.colcon_core.shell:Creating package descriptor '/home/dwduong74/yahboom_src/install/champ_config/share/champ_config/package.dsv'
[1.837s] INFO:colcon.colcon_core.shell:Creating package script '/home/dwduong74/yahboom_src/install/champ_config/share/champ_config/package.sh'
[1.837s] INFO:colcon.colcon_core.shell:Creating package script '/home/dwduong74/yahboom_src/install/champ_config/share/champ_config/package.bash'
[1.838s] INFO:colcon.colcon_core.shell:Creating package script '/home/dwduong74/yahboom_src/install/champ_config/share/champ_config/package.zsh'
[1.839s] Level 1:colcon.colcon_core.environment:create_file_with_runtime_dependencies(/home/dwduong74/yahboom_src/install/champ_config/share/colcon-core/packages/champ_config)
[1.840s] Level 1:colcon.colcon_core.environment:create_environment_scripts_only(champ_config)
[1.841s] Level 1:colcon.colcon_core.environment:checking '/home/dwduong74/yahboom_src/install/champ_config' for CMake module files
[1.842s] Level 1:colcon.colcon_core.environment:checking '/home/dwduong74/yahboom_src/install/champ_config' for CMake config files
[1.843s] Level 1:colcon.colcon_core.shell:create_environment_hook('champ_config', 'cmake_prefix_path')
[1.843s] INFO:colcon.colcon_core.shell:Creating environment hook '/home/dwduong74/yahboom_src/install/champ_config/share/champ_config/hook/cmake_prefix_path.ps1'
[1.844s] INFO:colcon.colcon_core.shell:Creating environment descriptor '/home/dwduong74/yahboom_src/install/champ_config/share/champ_config/hook/cmake_prefix_path.dsv'
[1.845s] INFO:colcon.colcon_core.shell:Creating environment hook '/home/dwduong74/yahboom_src/install/champ_config/share/champ_config/hook/cmake_prefix_path.sh'
[1.846s] Level 1:colcon.colcon_core.environment:checking '/home/dwduong74/yahboom_src/install/champ_config/bin'
[1.846s] Level 1:colcon.colcon_core.environment:checking '/home/dwduong74/yahboom_src/install/champ_config/lib/pkgconfig/champ_config.pc'
[1.846s] Level 1:colcon.colcon_core.environment:checking '/home/dwduong74/yahboom_src/install/champ_config/lib/python3.10/site-packages'
[1.847s] Level 1:colcon.colcon_core.environment:checking '/home/dwduong74/yahboom_src/install/champ_config/bin'
[1.848s] INFO:colcon.colcon_core.shell:Creating package script '/home/dwduong74/yahboom_src/install/champ_config/share/champ_config/package.ps1'
[1.849s] INFO:colcon.colcon_core.shell:Creating package descriptor '/home/dwduong74/yahboom_src/install/champ_config/share/champ_config/package.dsv'
[1.850s] INFO:colcon.colcon_core.shell:Creating package script '/home/dwduong74/yahboom_src/install/champ_config/share/champ_config/package.sh'
[1.851s] INFO:colcon.colcon_core.shell:Creating package script '/home/dwduong74/yahboom_src/install/champ_config/share/champ_config/package.bash'
[1.852s] INFO:colcon.colcon_core.shell:Creating package script '/home/dwduong74/yahboom_src/install/champ_config/share/champ_config/package.zsh'
[1.853s] Level 1:colcon.colcon_core.environment:create_file_with_runtime_dependencies(/home/dwduong74/yahboom_src/install/champ_config/share/colcon-core/packages/champ_config)
[1.853s] Level 1:colcon.colcon_core.environment:create_environment_scripts_only(champ_navigation)
[1.854s] Level 1:colcon.colcon_core.environment:checking '/home/dwduong74/yahboom_src/install/champ_navigation' for CMake module files
[1.856s] DEBUG:colcon.colcon_core.event_handler.log_command:Invoked command in '/home/dwduong74/yahboom_src/build/champ_navigation' returned '0': CMAKE_PREFIX_PATH=${CMAKE_PREFIX_PATH}:/home/dwduong74/yahboom_src/install/yahboom_set_height:/home/dwduong74/yahboom_src/install/yahboom_mediapipe:/home/dwduong74/yahboom_src/install/yahboom_gait:/home/dwduong74/yahboom_src/install/yahboom_dog_joint_state:/home/dwduong74/yahboom_src/install/yahboom_description:/home/dwduong74/yahboom_src/install/yahboom_bringup:/home/dwduong74/yahboom_src/install/yahboom_base:/home/dwduong74/yahboom_src/install/yahboom_app_save_map:/home/dwduong74/yahboom_src/install/tf_publisher:/home/dwduong74/yahboom_src/install/bringup:/home/dwduong74/LUMI_ws/install/custom_explorer:/opt/ros/humble /usr/bin/cmake --install /home/dwduong74/yahboom_src/build/champ_navigation
[1.856s] Level 1:colcon.colcon_core.environment:checking '/home/dwduong74/yahboom_src/install/champ_navigation' for CMake config files
[1.856s] Level 1:colcon.colcon_core.shell:create_environment_hook('champ_navigation', 'cmake_prefix_path')
[1.857s] INFO:colcon.colcon_core.shell:Creating environment hook '/home/dwduong74/yahboom_src/install/champ_navigation/share/champ_navigation/hook/cmake_prefix_path.ps1'
[1.858s] INFO:colcon.colcon_core.shell:Creating environment descriptor '/home/dwduong74/yahboom_src/install/champ_navigation/share/champ_navigation/hook/cmake_prefix_path.dsv'
[1.859s] INFO:colcon.colcon_core.shell:Creating environment hook '/home/dwduong74/yahboom_src/install/champ_navigation/share/champ_navigation/hook/cmake_prefix_path.sh'
[1.860s] Level 1:colcon.colcon_core.environment:checking '/home/dwduong74/yahboom_src/install/champ_navigation/bin'
[1.860s] Level 1:colcon.colcon_core.environment:checking '/home/dwduong74/yahboom_src/install/champ_navigation/lib/pkgconfig/champ_navigation.pc'
[1.861s] Level 1:colcon.colcon_core.environment:checking '/home/dwduong74/yahboom_src/install/champ_navigation/lib/python3.10/site-packages'
[1.862s] Level 1:colcon.colcon_core.environment:checking '/home/dwduong74/yahboom_src/install/champ_navigation/bin'
[1.862s] INFO:colcon.colcon_core.shell:Creating package script '/home/dwduong74/yahboom_src/install/champ_navigation/share/champ_navigation/package.ps1'
[1.863s] INFO:colcon.colcon_core.shell:Creating package descriptor '/home/dwduong74/yahboom_src/install/champ_navigation/share/champ_navigation/package.dsv'
[1.863s] INFO:colcon.colcon_core.shell:Creating package script '/home/dwduong74/yahboom_src/install/champ_navigation/share/champ_navigation/package.sh'
[1.864s] INFO:colcon.colcon_core.shell:Creating package script '/home/dwduong74/yahboom_src/install/champ_navigation/share/champ_navigation/package.bash'
[1.864s] INFO:colcon.colcon_core.shell:Creating package script '/home/dwduong74/yahboom_src/install/champ_navigation/share/champ_navigation/package.zsh'
[1.865s] Level 1:colcon.colcon_core.environment:create_file_with_runtime_dependencies(/home/dwduong74/yahboom_src/install/champ_navigation/share/colcon-core/packages/champ_navigation)
[1.866s] Level 1:colcon.colcon_core.environment:create_environment_scripts_only(champ_navigation)
[1.866s] Level 1:colcon.colcon_core.environment:checking '/home/dwduong74/yahboom_src/install/champ_navigation' for CMake module files
[1.867s] Level 1:colcon.colcon_core.environment:checking '/home/dwduong74/yahboom_src/install/champ_navigation' for CMake config files
[1.867s] Level 1:colcon.colcon_core.shell:create_environment_hook('champ_navigation', 'cmake_prefix_path')
[1.867s] INFO:colcon.colcon_core.shell:Creating environment hook '/home/dwduong74/yahboom_src/install/champ_navigation/share/champ_navigation/hook/cmake_prefix_path.ps1'
[1.868s] INFO:colcon.colcon_core.shell:Creating environment descriptor '/home/dwduong74/yahboom_src/install/champ_navigation/share/champ_navigation/hook/cmake_prefix_path.dsv'
[1.868s] INFO:colcon.colcon_core.shell:Creating environment hook '/home/dwduong74/yahboom_src/install/champ_navigation/share/champ_navigation/hook/cmake_prefix_path.sh'
[1.869s] Level 1:colcon.colcon_core.environment:checking '/home/dwduong74/yahboom_src/install/champ_navigation/bin'
[1.869s] Level 1:colcon.colcon_core.environment:checking '/home/dwduong74/yahboom_src/install/champ_navigation/lib/pkgconfig/champ_navigation.pc'
[1.869s] Level 1:colcon.colcon_core.environment:checking '/home/dwduong74/yahboom_src/install/champ_navigation/lib/python3.10/site-packages'
[1.869s] Level 1:colcon.colcon_core.environment:checking '/home/dwduong74/yahboom_src/install/champ_navigation/bin'
[1.870s] INFO:colcon.colcon_core.shell:Creating package script '/home/dwduong74/yahboom_src/install/champ_navigation/share/champ_navigation/package.ps1'
[1.870s] INFO:colcon.colcon_core.shell:Creating package descriptor '/home/dwduong74/yahboom_src/install/champ_navigation/share/champ_navigation/package.dsv'
[1.871s] INFO:colcon.colcon_core.shell:Creating package script '/home/dwduong74/yahboom_src/install/champ_navigation/share/champ_navigation/package.sh'
[1.871s] INFO:colcon.colcon_core.shell:Creating package script '/home/dwduong74/yahboom_src/install/champ_navigation/share/champ_navigation/package.bash'
[1.872s] INFO:colcon.colcon_core.shell:Creating package script '/home/dwduong74/yahboom_src/install/champ_navigation/share/champ_navigation/package.zsh'
[1.872s] Level 1:colcon.colcon_core.environment:create_file_with_runtime_dependencies(/home/dwduong74/yahboom_src/install/champ_navigation/share/colcon-core/packages/champ_navigation)
[1.874s] INFO:colcon.colcon_ros.task.ament_cmake.build:Building ROS package in '/home/dwduong74/yahboom_src/src/unitree-go2-ros2/velodyne/velodyne_description' with build type 'ament_cmake'
[1.874s] INFO:colcon.colcon_cmake.task.cmake.build:Building CMake package in '/home/dwduong74/yahboom_src/src/unitree-go2-ros2/velodyne/velodyne_description'
[1.875s] INFO:colcon.colcon_core.shell:Skip shell extension 'powershell' for command environment: Not usable outside of PowerShell
[1.875s] DEBUG:colcon.colcon_core.shell:Skip shell extension 'dsv' for command environment
[1.924s] INFO:colcon.colcon_ros.task.ament_cmake.build:Building ROS package in '/home/dwduong74/yahboom_src/src/unitree-go2-ros2/robots/configs/go2_config' with build type 'ament_cmake'
[1.924s] INFO:colcon.colcon_cmake.task.cmake.build:Building CMake package in '/home/dwduong74/yahboom_src/src/unitree-go2-ros2/robots/configs/go2_config'
[1.925s] INFO:colcon.colcon_core.shell:Skip shell extension 'powershell' for command environment: Not usable outside of PowerShell
[1.925s] DEBUG:colcon.colcon_core.shell:Skip shell extension 'dsv' for command environment
[1.949s] Level 1:colcon.colcon_core.environment:create_environment_scripts_only(dogzilla_config)
[1.950s] Level 1:colcon.colcon_core.environment:checking '/home/dwduong74/yahboom_src/install/dogzilla_config' for CMake module files
[1.951s] Level 1:colcon.colcon_core.environment:checking '/home/dwduong74/yahboom_src/install/dogzilla_config' for CMake config files
[1.952s] Level 1:colcon.colcon_core.shell:create_environment_hook('dogzilla_config', 'cmake_prefix_path')
[1.952s] INFO:colcon.colcon_core.shell:Creating environment hook '/home/dwduong74/yahboom_src/install/dogzilla_config/share/dogzilla_config/hook/cmake_prefix_path.ps1'
[1.953s] DEBUG:colcon.colcon_core.event_handler.log_command:Invoked command in '/home/dwduong74/yahboom_src/build/dogzilla_config' returned '0': CMAKE_PREFIX_PATH=${CMAKE_PREFIX_PATH}:/home/dwduong74/yahboom_src/install/yahboom_set_height:/home/dwduong74/yahboom_src/install/yahboom_mediapipe:/home/dwduong74/yahboom_src/install/yahboom_gait:/home/dwduong74/yahboom_src/install/yahboom_dog_joint_state:/home/dwduong74/yahboom_src/install/yahboom_description:/home/dwduong74/yahboom_src/install/yahboom_bringup:/home/dwduong74/yahboom_src/install/yahboom_base:/home/dwduong74/yahboom_src/install/yahboom_app_save_map:/home/dwduong74/yahboom_src/install/tf_publisher:/home/dwduong74/yahboom_src/install/bringup:/home/dwduong74/LUMI_ws/install/custom_explorer:/opt/ros/humble /usr/bin/cmake --install /home/dwduong74/yahboom_src/build/dogzilla_config
[1.953s] INFO:colcon.colcon_core.shell:Creating environment descriptor '/home/dwduong74/yahboom_src/install/dogzilla_config/share/dogzilla_config/hook/cmake_prefix_path.dsv'
[1.954s] INFO:colcon.colcon_core.shell:Creating environment hook '/home/dwduong74/yahboom_src/install/dogzilla_config/share/dogzilla_config/hook/cmake_prefix_path.sh'
[1.955s] Level 1:colcon.colcon_core.environment:checking '/home/dwduong74/yahboom_src/install/dogzilla_config/bin'
[1.955s] Level 1:colcon.colcon_core.environment:checking '/home/dwduong74/yahboom_src/install/dogzilla_config/lib/pkgconfig/dogzilla_config.pc'
[1.955s] Level 1:colcon.colcon_core.environment:checking '/home/dwduong74/yahboom_src/install/dogzilla_config/lib/python3.10/site-packages'
[1.956s] Level 1:colcon.colcon_core.environment:checking '/home/dwduong74/yahboom_src/install/dogzilla_config/bin'
[1.956s] INFO:colcon.colcon_core.shell:Creating package script '/home/dwduong74/yahboom_src/install/dogzilla_config/share/dogzilla_config/package.ps1'
[1.957s] INFO:colcon.colcon_core.shell:Creating package descriptor '/home/dwduong74/yahboom_src/install/dogzilla_config/share/dogzilla_config/package.dsv'
[1.958s] INFO:colcon.colcon_core.shell:Creating package script '/home/dwduong74/yahboom_src/install/dogzilla_config/share/dogzilla_config/package.sh'
[1.959s] INFO:colcon.colcon_core.shell:Creating package script '/home/dwduong74/yahboom_src/install/dogzilla_config/share/dogzilla_config/package.bash'
[1.959s] INFO:colcon.colcon_core.shell:Creating package script '/home/dwduong74/yahboom_src/install/dogzilla_config/share/dogzilla_config/package.zsh'
[1.960s] Level 1:colcon.colcon_core.environment:create_file_with_runtime_dependencies(/home/dwduong74/yahboom_src/install/dogzilla_config/share/colcon-core/packages/dogzilla_config)
[1.961s] Level 1:colcon.colcon_core.environment:create_environment_scripts_only(dogzilla_config)
[1.961s] Level 1:colcon.colcon_core.environment:checking '/home/dwduong74/yahboom_src/install/dogzilla_config' for CMake module files
[1.962s] Level 1:colcon.colcon_core.environment:checking '/home/dwduong74/yahboom_src/install/dogzilla_config' for CMake config files
[1.962s] Level 1:colcon.colcon_core.shell:create_environment_hook('dogzilla_config', 'cmake_prefix_path')
[1.962s] INFO:colcon.colcon_core.shell:Creating environment hook '/home/dwduong74/yahboom_src/install/dogzilla_config/share/dogzilla_config/hook/cmake_prefix_path.ps1'
[1.963s] INFO:colcon.colcon_core.shell:Creating environment descriptor '/home/dwduong74/yahboom_src/install/dogzilla_config/share/dogzilla_config/hook/cmake_prefix_path.dsv'
[1.963s] INFO:colcon.colcon_core.shell:Creating environment hook '/home/dwduong74/yahboom_src/install/dogzilla_config/share/dogzilla_config/hook/cmake_prefix_path.sh'
[1.964s] Level 1:colcon.colcon_core.environment:checking '/home/dwduong74/yahboom_src/install/dogzilla_config/bin'
[1.964s] Level 1:colcon.colcon_core.environment:checking '/home/dwduong74/yahboom_src/install/dogzilla_config/lib/pkgconfig/dogzilla_config.pc'
[1.964s] Level 1:colcon.colcon_core.environment:checking '/home/dwduong74/yahboom_src/install/dogzilla_config/lib/python3.10/site-packages'
[1.965s] Level 1:colcon.colcon_core.environment:checking '/home/dwduong74/yahboom_src/install/dogzilla_config/bin'
[1.965s] INFO:colcon.colcon_core.shell:Creating package script '/home/dwduong74/yahboom_src/install/dogzilla_config/share/dogzilla_config/package.ps1'
[1.966s] INFO:colcon.colcon_core.shell:Creating package descriptor '/home/dwduong74/yahboom_src/install/dogzilla_config/share/dogzilla_config/package.dsv'
[1.966s] INFO:colcon.colcon_core.shell:Creating package script '/home/dwduong74/yahboom_src/install/dogzilla_config/share/dogzilla_config/package.sh'
[1.967s] INFO:colcon.colcon_core.shell:Creating package script '/home/dwduong74/yahboom_src/install/dogzilla_config/share/dogzilla_config/package.bash'
[1.967s] INFO:colcon.colcon_core.shell:Creating package script '/home/dwduong74/yahboom_src/install/dogzilla_config/share/dogzilla_config/package.zsh'
[1.968s] Level 1:colcon.colcon_core.environment:create_file_with_runtime_dependencies(/home/dwduong74/yahboom_src/install/dogzilla_config/share/colcon-core/packages/dogzilla_config)
[1.968s] Level 1:colcon.colcon_core.environment:create_environment_scripts_only(champ_teleop)
[1.969s] Level 1:colcon.colcon_core.environment:checking '/home/dwduong74/yahboom_src/install/champ_teleop' for CMake module files
[1.971s] Level 1:colcon.colcon_core.environment:checking '/home/dwduong74/yahboom_src/install/champ_teleop' for CMake config files
[1.971s] DEBUG:colcon.colcon_core.event_handler.log_command:Invoked command in '/home/dwduong74/yahboom_src/build/champ_teleop' returned '0': CMAKE_PREFIX_PATH=${CMAKE_PREFIX_PATH}:/home/dwduong74/yahboom_src/install/yahboom_set_height:/home/dwduong74/yahboom_src/install/yahboom_mediapipe:/home/dwduong74/yahboom_src/install/yahboom_gait:/home/dwduong74/yahboom_src/install/yahboom_dog_joint_state:/home/dwduong74/yahboom_src/install/yahboom_description:/home/dwduong74/yahboom_src/install/yahboom_bringup:/home/dwduong74/yahboom_src/install/yahboom_base:/home/dwduong74/yahboom_src/install/yahboom_app_save_map:/home/dwduong74/yahboom_src/install/tf_publisher:/home/dwduong74/yahboom_src/install/bringup:/home/dwduong74/LUMI_ws/install/custom_explorer:/opt/ros/humble /usr/bin/cmake --install /home/dwduong74/yahboom_src/build/champ_teleop
[1.972s] Level 1:colcon.colcon_core.shell:create_environment_hook('champ_teleop', 'cmake_prefix_path')
[1.972s] INFO:colcon.colcon_core.shell:Creating environment hook '/home/dwduong74/yahboom_src/install/champ_teleop/share/champ_teleop/hook/cmake_prefix_path.ps1'
[1.973s] INFO:colcon.colcon_core.shell:Creating environment descriptor '/home/dwduong74/yahboom_src/install/champ_teleop/share/champ_teleop/hook/cmake_prefix_path.dsv'
[1.973s] INFO:colcon.colcon_core.shell:Creating environment hook '/home/dwduong74/yahboom_src/install/champ_teleop/share/champ_teleop/hook/cmake_prefix_path.sh'
[1.974s] Level 1:colcon.colcon_core.environment:checking '/home/dwduong74/yahboom_src/install/champ_teleop/lib'
[1.974s] Level 1:colcon.colcon_core.environment:checking '/home/dwduong74/yahboom_src/install/champ_teleop/bin'
[1.975s] Level 1:colcon.colcon_core.environment:checking '/home/dwduong74/yahboom_src/install/champ_teleop/lib/pkgconfig/champ_teleop.pc'
[1.975s] Level 1:colcon.colcon_core.environment:checking '/home/dwduong74/yahboom_src/install/champ_teleop/lib/python3.10/site-packages'
[1.975s] Level 1:colcon.colcon_core.environment:checking '/home/dwduong74/yahboom_src/install/champ_teleop/bin'
[1.976s] INFO:colcon.colcon_core.shell:Creating package script '/home/dwduong74/yahboom_src/install/champ_teleop/share/champ_teleop/package.ps1'
[1.977s] INFO:colcon.colcon_core.shell:Creating package descriptor '/home/dwduong74/yahboom_src/install/champ_teleop/share/champ_teleop/package.dsv'
[1.977s] INFO:colcon.colcon_core.shell:Creating package script '/home/dwduong74/yahboom_src/install/champ_teleop/share/champ_teleop/package.sh'
[1.978s] INFO:colcon.colcon_core.shell:Creating package script '/home/dwduong74/yahboom_src/install/champ_teleop/share/champ_teleop/package.bash'
[1.978s] INFO:colcon.colcon_core.shell:Creating package script '/home/dwduong74/yahboom_src/install/champ_teleop/share/champ_teleop/package.zsh'
[1.979s] Level 1:colcon.colcon_core.environment:create_file_with_runtime_dependencies(/home/dwduong74/yahboom_src/install/champ_teleop/share/colcon-core/packages/champ_teleop)
[1.981s] Level 1:colcon.colcon_core.environment:create_environment_scripts_only(champ_teleop)
[1.981s] Level 1:colcon.colcon_core.environment:checking '/home/dwduong74/yahboom_src/install/champ_teleop' for CMake module files
[1.991s] Level 1:colcon.colcon_core.environment:checking '/home/dwduong74/yahboom_src/install/champ_teleop' for CMake config files
[1.991s] Level 1:colcon.colcon_core.shell:create_environment_hook('champ_teleop', 'cmake_prefix_path')
[1.992s] INFO:colcon.colcon_core.shell:Creating environment hook '/home/dwduong74/yahboom_src/install/champ_teleop/share/champ_teleop/hook/cmake_prefix_path.ps1'
[1.992s] INFO:colcon.colcon_core.shell:Creating environment descriptor '/home/dwduong74/yahboom_src/install/champ_teleop/share/champ_teleop/hook/cmake_prefix_path.dsv'
[1.993s] INFO:colcon.colcon_core.shell:Creating environment hook '/home/dwduong74/yahboom_src/install/champ_teleop/share/champ_teleop/hook/cmake_prefix_path.sh'
[1.994s] Level 1:colcon.colcon_core.environment:checking '/home/dwduong74/yahboom_src/install/champ_teleop/lib'
[1.994s] Level 1:colcon.colcon_core.environment:checking '/home/dwduong74/yahboom_src/install/champ_teleop/bin'
[1.994s] Level 1:colcon.colcon_core.environment:checking '/home/dwduong74/yahboom_src/install/champ_teleop/lib/pkgconfig/champ_teleop.pc'
[1.994s] Level 1:colcon.colcon_core.environment:checking '/home/dwduong74/yahboom_src/install/champ_teleop/lib/python3.10/site-packages'
[1.994s] Level 1:colcon.colcon_core.environment:checking '/home/dwduong74/yahboom_src/install/champ_teleop/bin'
[1.995s] INFO:colcon.colcon_core.shell:Creating package script '/home/dwduong74/yahboom_src/install/champ_teleop/share/champ_teleop/package.ps1'
[1.996s] INFO:colcon.colcon_core.shell:Creating package descriptor '/home/dwduong74/yahboom_src/install/champ_teleop/share/champ_teleop/package.dsv'
[1.997s] INFO:colcon.colcon_core.shell:Creating package script '/home/dwduong74/yahboom_src/install/champ_teleop/share/champ_teleop/package.sh'
[1.997s] INFO:colcon.colcon_core.shell:Creating package script '/home/dwduong74/yahboom_src/install/champ_teleop/share/champ_teleop/package.bash'
[1.998s] INFO:colcon.colcon_core.shell:Creating package script '/home/dwduong74/yahboom_src/install/champ_teleop/share/champ_teleop/package.zsh'
[1.999s] Level 1:colcon.colcon_core.environment:create_file_with_runtime_dependencies(/home/dwduong74/yahboom_src/install/champ_teleop/share/colcon-core/packages/champ_teleop)
[2.000s] INFO:colcon.colcon_ros.task.ament_cmake.build:Building ROS package in '/home/dwduong74/yahboom_src/src/unitree-go2-ros2/robots/descriptions/go2_description' with build type 'ament_cmake'
[2.000s] INFO:colcon.colcon_cmake.task.cmake.build:Building CMake package in '/home/dwduong74/yahboom_src/src/unitree-go2-ros2/robots/descriptions/go2_description'
[2.002s] INFO:colcon.colcon_core.shell:Skip shell extension 'powershell' for command environment: Not usable outside of PowerShell
[2.002s] DEBUG:colcon.colcon_core.shell:Skip shell extension 'dsv' for command environment
[2.032s] INFO:colcon.colcon_ros.task.ament_cmake.build:Building ROS package in '/home/dwduong74/yahboom_src/src/image_color_lab' with build type 'ament_cmake'
[2.032s] INFO:colcon.colcon_cmake.task.cmake.build:Building CMake package in '/home/dwduong74/yahboom_src/src/image_color_lab'
[2.033s] INFO:colcon.colcon_core.shell:Skip shell extension 'powershell' for command environment: Not usable outside of PowerShell
[2.033s] DEBUG:colcon.colcon_core.shell:Skip shell extension 'dsv' for command environment
[2.066s] DEBUG:colcon.colcon_core.event_handler.log_command:Invoking command in '/home/dwduong74/yahboom_src/build/champ_description': CMAKE_PREFIX_PATH=/home/dwduong74/yahboom_src/install/velodyne_gazebo_plugins:/home/dwduong74/yahboom_src/install/yahboom_msgs:/home/dwduong74/yahboom_src/install/velodyne_simulator:/home/dwduong74/yahboom_src/install/velodyne_description:/home/dwduong74/yahboom_src/install/champ_bringup:/home/dwduong74/yahboom_src/install/champ_description:/home/dwduong74/yahboom_src/install/oradar_lidar:/home/dwduong74/yahboom_src/install/image_color_lab:/home/dwduong74/yahboom_src/install/go2_description:/home/dwduong74/yahboom_src/install/go2_config:/home/dwduong74/yahboom_src/install/dogzilla_description:/home/dwduong74/yahboom_src/install/dogzilla_config:/home/dwduong74/yahboom_src/install/champ_teleop:/home/dwduong74/yahboom_src/install/champ_navigation:/home/dwduong74/yahboom_src/install/champ_gazebo:/home/dwduong74/yahboom_src/install/champ_base:/home/dwduong74/yahboom_src/install/champ_msgs:/home/dwduong74/yahboom_src/install/champ_config:/home/dwduong74/yahboom_src/install/champ:/home/dwduong74/LUMI_ws/install/turtlebot3_manipulation_gazebo:/home/dwduong74/LUMI_ws/install/champ:/home/dwduong74/LUMI_ws/install/rf2o_laser_odometry:/home/dwduong74/yahboom_src/install/yahboom_set_height:/home/dwduong74/yahboom_src/install/yahboom_mediapipe:/home/dwduong74/yahboom_src/install/yahboom_gait:/home/dwduong74/yahboom_src/install/yahboom_dog_joint_state:/home/dwduong74/yahboom_src/install/yahboom_description:/home/dwduong74/yahboom_src/install/yahboom_bringup:/home/dwduong74/yahboom_src/install/yahboom_base:/home/dwduong74/yahboom_src/install/yahboom_app_save_map:/home/dwduong74/yahboom_src/install/tf_publisher:/home/dwduong74/yahboom_src/install/bringup:/home/dwduong74/LUMI_ws/install/custom_explorer:/opt/ros/humble LD_LIBRARY_PATH=/home/dwduong74/yahboom_src/install/velodyne_gazebo_plugins/lib:/home/dwduong74/yahboom_src/install/yahboom_msgs/lib:/home/dwduong74/yahboom_src/install/image_color_lab/lib:/home/dwduong74/yahboom_src/install/champ_base/lib:/home/dwduong74/yahboom_src/install/champ_msgs/lib:/usr/lib/x86_64-linux-gnu/gazebo-11/plugins:/opt/ros/humble/opt/rviz_ogre_vendor/lib:/opt/ros/humble/lib/x86_64-linux-gnu:/opt/ros/humble/lib /usr/bin/cmake --build /home/dwduong74/yahboom_src/build/champ_description -- -j8 -l8
[2.081s] DEBUG:colcon.colcon_core.event_handler.log_command:Invoked command in '/home/dwduong74/yahboom_src/build/dogzilla_description' returned '0': CMAKE_PREFIX_PATH=${CMAKE_PREFIX_PATH}:/home/dwduong74/yahboom_src/install/yahboom_set_height:/home/dwduong74/yahboom_src/install/yahboom_mediapipe:/home/dwduong74/yahboom_src/install/yahboom_gait:/home/dwduong74/yahboom_src/install/yahboom_dog_joint_state:/home/dwduong74/yahboom_src/install/yahboom_description:/home/dwduong74/yahboom_src/install/yahboom_bringup:/home/dwduong74/yahboom_src/install/yahboom_base:/home/dwduong74/yahboom_src/install/yahboom_app_save_map:/home/dwduong74/yahboom_src/install/tf_publisher:/home/dwduong74/yahboom_src/install/bringup:/home/dwduong74/LUMI_ws/install/custom_explorer:/opt/ros/humble /usr/bin/cmake --build /home/dwduong74/yahboom_src/build/dogzilla_description -- -j8 -l8
[2.083s] DEBUG:colcon.colcon_core.event_handler.log_command:Invoking command in '/home/dwduong74/yahboom_src/build/dogzilla_description': CMAKE_PREFIX_PATH=${CMAKE_PREFIX_PATH}:/home/dwduong74/yahboom_src/install/yahboom_set_height:/home/dwduong74/yahboom_src/install/yahboom_mediapipe:/home/dwduong74/yahboom_src/install/yahboom_gait:/home/dwduong74/yahboom_src/install/yahboom_dog_joint_state:/home/dwduong74/yahboom_src/install/yahboom_description:/home/dwduong74/yahboom_src/install/yahboom_bringup:/home/dwduong74/yahboom_src/install/yahboom_base:/home/dwduong74/yahboom_src/install/yahboom_app_save_map:/home/dwduong74/yahboom_src/install/tf_publisher:/home/dwduong74/yahboom_src/install/bringup:/home/dwduong74/LUMI_ws/install/custom_explorer:/opt/ros/humble /usr/bin/cmake --install /home/dwduong74/yahboom_src/build/dogzilla_description
[2.088s] Level 1:colcon.colcon_core.environment:create_environment_scripts_only(champ_msgs)
[2.089s] Level 1:colcon.colcon_core.environment:checking '/home/dwduong74/yahboom_src/install/champ_msgs' for CMake module files
[2.090s] Level 1:colcon.colcon_core.environment:checking '/home/dwduong74/yahboom_src/install/champ_msgs' for CMake config files
[2.090s] Level 1:colcon.colcon_core.shell:create_environment_hook('champ_msgs', 'cmake_prefix_path')
[2.091s] INFO:colcon.colcon_core.shell:Creating environment hook '/home/dwduong74/yahboom_src/install/champ_msgs/share/champ_msgs/hook/cmake_prefix_path.ps1'
[2.092s] INFO:colcon.colcon_core.shell:Creating environment descriptor '/home/dwduong74/yahboom_src/install/champ_msgs/share/champ_msgs/hook/cmake_prefix_path.dsv'
[2.092s] INFO:colcon.colcon_core.shell:Creating environment hook '/home/dwduong74/yahboom_src/install/champ_msgs/share/champ_msgs/hook/cmake_prefix_path.sh'
[2.093s] DEBUG:colcon.colcon_core.event_handler.log_command:Invoked command in '/home/dwduong74/yahboom_src/build/champ_msgs' returned '0': CMAKE_PREFIX_PATH=${CMAKE_PREFIX_PATH}:/home/dwduong74/yahboom_src/install/yahboom_set_height:/home/dwduong74/yahboom_src/install/yahboom_mediapipe:/home/dwduong74/yahboom_src/install/yahboom_gait:/home/dwduong74/yahboom_src/install/yahboom_dog_joint_state:/home/dwduong74/yahboom_src/install/yahboom_description:/home/dwduong74/yahboom_src/install/yahboom_bringup:/home/dwduong74/yahboom_src/install/yahboom_base:/home/dwduong74/yahboom_src/install/yahboom_app_save_map:/home/dwduong74/yahboom_src/install/tf_publisher:/home/dwduong74/yahboom_src/install/bringup:/home/dwduong74/LUMI_ws/install/custom_explorer:/opt/ros/humble /usr/bin/cmake --install /home/dwduong74/yahboom_src/build/champ_msgs
[2.095s] Level 1:colcon.colcon_core.environment:checking '/home/dwduong74/yahboom_src/install/champ_msgs/lib'
[2.096s] Level 1:colcon.colcon_core.shell:create_environment_hook('champ_msgs', 'ld_library_path_lib')
[2.097s] INFO:colcon.colcon_core.shell:Creating environment hook '/home/dwduong74/yahboom_src/install/champ_msgs/share/champ_msgs/hook/ld_library_path_lib.ps1'
[2.099s] INFO:colcon.colcon_core.shell:Creating environment descriptor '/home/dwduong74/yahboom_src/install/champ_msgs/share/champ_msgs/hook/ld_library_path_lib.dsv'
[2.100s] INFO:colcon.colcon_core.shell:Creating environment hook '/home/dwduong74/yahboom_src/install/champ_msgs/share/champ_msgs/hook/ld_library_path_lib.sh'
[2.101s] Level 1:colcon.colcon_core.environment:checking '/home/dwduong74/yahboom_src/install/champ_msgs/bin'
[2.101s] Level 1:colcon.colcon_core.environment:checking '/home/dwduong74/yahboom_src/install/champ_msgs/lib/pkgconfig/champ_msgs.pc'
[2.102s] Level 1:colcon.colcon_core.environment:checking '/home/dwduong74/yahboom_src/install/champ_msgs/lib/python3.10/site-packages'
[2.102s] Level 1:colcon.colcon_core.environment:checking '/home/dwduong74/yahboom_src/install/champ_msgs/bin'
[2.103s] INFO:colcon.colcon_core.shell:Creating package script '/home/dwduong74/yahboom_src/install/champ_msgs/share/champ_msgs/package.ps1'
[2.105s] INFO:colcon.colcon_core.shell:Creating package descriptor '/home/dwduong74/yahboom_src/install/champ_msgs/share/champ_msgs/package.dsv'
[2.106s] INFO:colcon.colcon_core.shell:Creating package script '/home/dwduong74/yahboom_src/install/champ_msgs/share/champ_msgs/package.sh'
[2.107s] INFO:colcon.colcon_core.shell:Creating package script '/home/dwduong74/yahboom_src/install/champ_msgs/share/champ_msgs/package.bash'
[2.108s] INFO:colcon.colcon_core.shell:Creating package script '/home/dwduong74/yahboom_src/install/champ_msgs/share/champ_msgs/package.zsh'
[2.109s] Level 1:colcon.colcon_core.environment:create_file_with_runtime_dependencies(/home/dwduong74/yahboom_src/install/champ_msgs/share/colcon-core/packages/champ_msgs)
[2.110s] Level 1:colcon.colcon_core.environment:create_environment_scripts_only(champ_msgs)
[2.111s] Level 1:colcon.colcon_core.environment:checking '/home/dwduong74/yahboom_src/install/champ_msgs' for CMake module files
[2.113s] Level 1:colcon.colcon_core.environment:checking '/home/dwduong74/yahboom_src/install/champ_msgs' for CMake config files
[2.113s] Level 1:colcon.colcon_core.shell:create_environment_hook('champ_msgs', 'cmake_prefix_path')
[2.114s] INFO:colcon.colcon_core.shell:Creating environment hook '/home/dwduong74/yahboom_src/install/champ_msgs/share/champ_msgs/hook/cmake_prefix_path.ps1'
[2.115s] INFO:colcon.colcon_core.shell:Creating environment descriptor '/home/dwduong74/yahboom_src/install/champ_msgs/share/champ_msgs/hook/cmake_prefix_path.dsv'
[2.116s] INFO:colcon.colcon_core.shell:Creating environment hook '/home/dwduong74/yahboom_src/install/champ_msgs/share/champ_msgs/hook/cmake_prefix_path.sh'
[2.118s] Level 1:colcon.colcon_core.environment:checking '/home/dwduong74/yahboom_src/install/champ_msgs/lib'
[2.118s] Level 1:colcon.colcon_core.shell:create_environment_hook('champ_msgs', 'ld_library_path_lib')
[2.118s] INFO:colcon.colcon_core.shell:Creating environment hook '/home/dwduong74/yahboom_src/install/champ_msgs/share/champ_msgs/hook/ld_library_path_lib.ps1'
[2.119s] INFO:colcon.colcon_core.shell:Creating environment descriptor '/home/dwduong74/yahboom_src/install/champ_msgs/share/champ_msgs/hook/ld_library_path_lib.dsv'
[2.120s] INFO:colcon.colcon_core.shell:Creating environment hook '/home/dwduong74/yahboom_src/install/champ_msgs/share/champ_msgs/hook/ld_library_path_lib.sh'
[2.121s] Level 1:colcon.colcon_core.environment:checking '/home/dwduong74/yahboom_src/install/champ_msgs/bin'
[2.121s] Level 1:colcon.colcon_core.environment:checking '/home/dwduong74/yahboom_src/install/champ_msgs/lib/pkgconfig/champ_msgs.pc'
[2.122s] Level 1:colcon.colcon_core.environment:checking '/home/dwduong74/yahboom_src/install/champ_msgs/lib/python3.10/site-packages'
[2.122s] Level 1:colcon.colcon_core.environment:checking '/home/dwduong74/yahboom_src/install/champ_msgs/bin'
[2.123s] INFO:colcon.colcon_core.shell:Creating package script '/home/dwduong74/yahboom_src/install/champ_msgs/share/champ_msgs/package.ps1'
[2.127s] INFO:colcon.colcon_core.shell:Creating package descriptor '/home/dwduong74/yahboom_src/install/champ_msgs/share/champ_msgs/package.dsv'
[2.128s] INFO:colcon.colcon_core.shell:Creating package script '/home/dwduong74/yahboom_src/install/champ_msgs/share/champ_msgs/package.sh'
[2.129s] INFO:colcon.colcon_core.shell:Creating package script '/home/dwduong74/yahboom_src/install/champ_msgs/share/champ_msgs/package.bash'
[2.131s] INFO:colcon.colcon_core.shell:Creating package script '/home/dwduong74/yahboom_src/install/champ_msgs/share/champ_msgs/package.zsh'
[2.131s] Level 1:colcon.colcon_core.environment:create_file_with_runtime_dependencies(/home/dwduong74/yahboom_src/install/champ_msgs/share/colcon-core/packages/champ_msgs)
[2.143s] DEBUG:colcon.colcon_core.event_handler.log_command:Invoking command in '/home/dwduong74/yahboom_src/build/velodyne_description': CMAKE_PREFIX_PATH=/home/dwduong74/yahboom_src/install/velodyne_gazebo_plugins:/home/dwduong74/yahboom_src/install/yahboom_msgs:/home/dwduong74/yahboom_src/install/velodyne_simulator:/home/dwduong74/yahboom_src/install/velodyne_description:/home/dwduong74/yahboom_src/install/champ_bringup:/home/dwduong74/yahboom_src/install/champ_description:/home/dwduong74/yahboom_src/install/oradar_lidar:/home/dwduong74/yahboom_src/install/image_color_lab:/home/dwduong74/yahboom_src/install/go2_description:/home/dwduong74/yahboom_src/install/go2_config:/home/dwduong74/yahboom_src/install/dogzilla_description:/home/dwduong74/yahboom_src/install/dogzilla_config:/home/dwduong74/yahboom_src/install/champ_teleop:/home/dwduong74/yahboom_src/install/champ_navigation:/home/dwduong74/yahboom_src/install/champ_gazebo:/home/dwduong74/yahboom_src/install/champ_base:/home/dwduong74/yahboom_src/install/champ_msgs:/home/dwduong74/yahboom_src/install/champ_config:/home/dwduong74/yahboom_src/install/champ:/home/dwduong74/LUMI_ws/install/turtlebot3_manipulation_gazebo:/home/dwduong74/LUMI_ws/install/champ:/home/dwduong74/LUMI_ws/install/rf2o_laser_odometry:/home/dwduong74/yahboom_src/install/yahboom_set_height:/home/dwduong74/yahboom_src/install/yahboom_mediapipe:/home/dwduong74/yahboom_src/install/yahboom_gait:/home/dwduong74/yahboom_src/install/yahboom_dog_joint_state:/home/dwduong74/yahboom_src/install/yahboom_description:/home/dwduong74/yahboom_src/install/yahboom_bringup:/home/dwduong74/yahboom_src/install/yahboom_base:/home/dwduong74/yahboom_src/install/yahboom_app_save_map:/home/dwduong74/yahboom_src/install/tf_publisher:/home/dwduong74/yahboom_src/install/bringup:/home/dwduong74/LUMI_ws/install/custom_explorer:/opt/ros/humble LD_LIBRARY_PATH=/home/dwduong74/yahboom_src/install/velodyne_gazebo_plugins/lib:/home/dwduong74/yahboom_src/install/yahboom_msgs/lib:/home/dwduong74/yahboom_src/install/image_color_lab/lib:/home/dwduong74/yahboom_src/install/champ_base/lib:/home/dwduong74/yahboom_src/install/champ_msgs/lib:/usr/lib/x86_64-linux-gnu/gazebo-11/plugins:/opt/ros/humble/opt/rviz_ogre_vendor/lib:/opt/ros/humble/lib/x86_64-linux-gnu:/opt/ros/humble/lib /usr/bin/cmake --build /home/dwduong74/yahboom_src/build/velodyne_description -- -j8 -l8
[2.144s] DEBUG:colcon.colcon_core.event_handler.log_command:Invoking command in '/home/dwduong74/yahboom_src/build/go2_config': CMAKE_PREFIX_PATH=${CMAKE_PREFIX_PATH}:/home/dwduong74/yahboom_src/install/yahboom_set_height:/home/dwduong74/yahboom_src/install/yahboom_mediapipe:/home/dwduong74/yahboom_src/install/yahboom_gait:/home/dwduong74/yahboom_src/install/yahboom_dog_joint_state:/home/dwduong74/yahboom_src/install/yahboom_description:/home/dwduong74/yahboom_src/install/yahboom_bringup:/home/dwduong74/yahboom_src/install/yahboom_base:/home/dwduong74/yahboom_src/install/yahboom_app_save_map:/home/dwduong74/yahboom_src/install/tf_publisher:/home/dwduong74/yahboom_src/install/bringup:/home/dwduong74/LUMI_ws/install/custom_explorer:/opt/ros/humble /usr/bin/cmake --build /home/dwduong74/yahboom_src/build/go2_config -- -j8 -l8
[2.146s] INFO:colcon.colcon_ros.task.ament_cmake.build:Building ROS package in '/home/dwduong74/yahboom_src/src/unitree-go2-ros2/champ/champ_base' with build type 'ament_cmake'
[2.147s] INFO:colcon.colcon_cmake.task.cmake.build:Building CMake package in '/home/dwduong74/yahboom_src/src/unitree-go2-ros2/champ/champ_base'
[2.147s] INFO:colcon.colcon_core.shell:Skip shell extension 'powershell' for command environment: Not usable outside of PowerShell
[2.147s] DEBUG:colcon.colcon_core.shell:Skip shell extension 'dsv' for command environment
[2.190s] DEBUG:colcon.colcon_core.event_handler.log_command:Invoking command in '/home/dwduong74/yahboom_src/build/go2_description': CMAKE_PREFIX_PATH=${CMAKE_PREFIX_PATH}:/home/dwduong74/yahboom_src/install/yahboom_set_height:/home/dwduong74/yahboom_src/install/yahboom_mediapipe:/home/dwduong74/yahboom_src/install/yahboom_gait:/home/dwduong74/yahboom_src/install/yahboom_dog_joint_state:/home/dwduong74/yahboom_src/install/yahboom_description:/home/dwduong74/yahboom_src/install/yahboom_bringup:/home/dwduong74/yahboom_src/install/yahboom_base:/home/dwduong74/yahboom_src/install/yahboom_app_save_map:/home/dwduong74/yahboom_src/install/tf_publisher:/home/dwduong74/yahboom_src/install/bringup:/home/dwduong74/LUMI_ws/install/custom_explorer:/opt/ros/humble /usr/bin/cmake --build /home/dwduong74/yahboom_src/build/go2_description -- -j8 -l8
[2.195s] DEBUG:colcon.colcon_core.event_handler.log_command:Invoking command in '/home/dwduong74/yahboom_src/build/image_color_lab': CMAKE_PREFIX_PATH=${CMAKE_PREFIX_PATH}:/home/dwduong74/yahboom_src/install/yahboom_set_height:/home/dwduong74/yahboom_src/install/yahboom_mediapipe:/home/dwduong74/yahboom_src/install/yahboom_gait:/home/dwduong74/yahboom_src/install/yahboom_dog_joint_state:/home/dwduong74/yahboom_src/install/yahboom_description:/home/dwduong74/yahboom_src/install/yahboom_bringup:/home/dwduong74/yahboom_src/install/yahboom_base:/home/dwduong74/yahboom_src/install/yahboom_app_save_map:/home/dwduong74/yahboom_src/install/tf_publisher:/home/dwduong74/yahboom_src/install/bringup:/home/dwduong74/LUMI_ws/install/custom_explorer:/opt/ros/humble /usr/bin/cmake --build /home/dwduong74/yahboom_src/build/image_color_lab -- -j8 -l8
[2.197s] Level 1:colcon.colcon_core.environment:create_environment_scripts_only(dogzilla_description)
[2.197s] DEBUG:colcon.colcon_core.event_handler.log_command:Invoked command in '/home/dwduong74/yahboom_src/build/dogzilla_description' returned '0': CMAKE_PREFIX_PATH=${CMAKE_PREFIX_PATH}:/home/dwduong74/yahboom_src/install/yahboom_set_height:/home/dwduong74/yahboom_src/install/yahboom_mediapipe:/home/dwduong74/yahboom_src/install/yahboom_gait:/home/dwduong74/yahboom_src/install/yahboom_dog_joint_state:/home/dwduong74/yahboom_src/install/yahboom_description:/home/dwduong74/yahboom_src/install/yahboom_bringup:/home/dwduong74/yahboom_src/install/yahboom_base:/home/dwduong74/yahboom_src/install/yahboom_app_save_map:/home/dwduong74/yahboom_src/install/tf_publisher:/home/dwduong74/yahboom_src/install/bringup:/home/dwduong74/LUMI_ws/install/custom_explorer:/opt/ros/humble /usr/bin/cmake --install /home/dwduong74/yahboom_src/build/dogzilla_description
[2.198s] Level 1:colcon.colcon_core.environment:checking '/home/dwduong74/yahboom_src/install/dogzilla_description' for CMake module files
[2.199s] Level 1:colcon.colcon_core.environment:checking '/home/dwduong74/yahboom_src/install/dogzilla_description' for CMake config files
[2.200s] Level 1:colcon.colcon_core.shell:create_environment_hook('dogzilla_description', 'cmake_prefix_path')
[2.201s] INFO:colcon.colcon_core.shell:Creating environment hook '/home/dwduong74/yahboom_src/install/dogzilla_description/share/dogzilla_description/hook/cmake_prefix_path.ps1'
[2.201s] INFO:colcon.colcon_core.shell:Creating environment descriptor '/home/dwduong74/yahboom_src/install/dogzilla_description/share/dogzilla_description/hook/cmake_prefix_path.dsv'
[2.202s] INFO:colcon.colcon_core.shell:Creating environment hook '/home/dwduong74/yahboom_src/install/dogzilla_description/share/dogzilla_description/hook/cmake_prefix_path.sh'
[2.203s] Level 1:colcon.colcon_core.environment:checking '/home/dwduong74/yahboom_src/install/dogzilla_description/bin'
[2.203s] Level 1:colcon.colcon_core.environment:checking '/home/dwduong74/yahboom_src/install/dogzilla_description/lib/pkgconfig/dogzilla_description.pc'
[2.204s] Level 1:colcon.colcon_core.environment:checking '/home/dwduong74/yahboom_src/install/dogzilla_description/lib/python3.10/site-packages'
[2.204s] Level 1:colcon.colcon_core.environment:checking '/home/dwduong74/yahboom_src/install/dogzilla_description/bin'
[2.205s] INFO:colcon.colcon_core.shell:Creating package script '/home/dwduong74/yahboom_src/install/dogzilla_description/share/dogzilla_description/package.ps1'
[2.206s] INFO:colcon.colcon_core.shell:Creating package descriptor '/home/dwduong74/yahboom_src/install/dogzilla_description/share/dogzilla_description/package.dsv'
[2.208s] INFO:colcon.colcon_core.shell:Creating package script '/home/dwduong74/yahboom_src/install/dogzilla_description/share/dogzilla_description/package.sh'
[2.209s] INFO:colcon.colcon_core.shell:Creating package script '/home/dwduong74/yahboom_src/install/dogzilla_description/share/dogzilla_description/package.bash'
[2.210s] INFO:colcon.colcon_core.shell:Creating package script '/home/dwduong74/yahboom_src/install/dogzilla_description/share/dogzilla_description/package.zsh'
[2.211s] Level 1:colcon.colcon_core.environment:create_file_with_runtime_dependencies(/home/dwduong74/yahboom_src/install/dogzilla_description/share/colcon-core/packages/dogzilla_description)
[2.212s] Level 1:colcon.colcon_core.environment:create_environment_scripts_only(dogzilla_description)
[2.213s] Level 1:colcon.colcon_core.environment:checking '/home/dwduong74/yahboom_src/install/dogzilla_description' for CMake module files
[2.214s] Level 1:colcon.colcon_core.environment:checking '/home/dwduong74/yahboom_src/install/dogzilla_description' for CMake config files
[2.214s] Level 1:colcon.colcon_core.shell:create_environment_hook('dogzilla_description', 'cmake_prefix_path')
[2.215s] INFO:colcon.colcon_core.shell:Creating environment hook '/home/dwduong74/yahboom_src/install/dogzilla_description/share/dogzilla_description/hook/cmake_prefix_path.ps1'
[2.216s] INFO:colcon.colcon_core.shell:Creating environment descriptor '/home/dwduong74/yahboom_src/install/dogzilla_description/share/dogzilla_description/hook/cmake_prefix_path.dsv'
[2.216s] INFO:colcon.colcon_core.shell:Creating environment hook '/home/dwduong74/yahboom_src/install/dogzilla_description/share/dogzilla_description/hook/cmake_prefix_path.sh'
[2.217s] Level 1:colcon.colcon_core.environment:checking '/home/dwduong74/yahboom_src/install/dogzilla_description/bin'
[2.218s] Level 1:colcon.colcon_core.environment:checking '/home/dwduong74/yahboom_src/install/dogzilla_description/lib/pkgconfig/dogzilla_description.pc'
[2.218s] Level 1:colcon.colcon_core.environment:checking '/home/dwduong74/yahboom_src/install/dogzilla_description/lib/python3.10/site-packages'
[2.219s] Level 1:colcon.colcon_core.environment:checking '/home/dwduong74/yahboom_src/install/dogzilla_description/bin'
[2.219s] INFO:colcon.colcon_core.shell:Creating package script '/home/dwduong74/yahboom_src/install/dogzilla_description/share/dogzilla_description/package.ps1'
[2.220s] INFO:colcon.colcon_core.shell:Creating package descriptor '/home/dwduong74/yahboom_src/install/dogzilla_description/share/dogzilla_description/package.dsv'
[2.224s] INFO:colcon.colcon_core.shell:Creating package script '/home/dwduong74/yahboom_src/install/dogzilla_description/share/dogzilla_description/package.sh'
[2.225s] INFO:colcon.colcon_core.shell:Creating package script '/home/dwduong74/yahboom_src/install/dogzilla_description/share/dogzilla_description/package.bash'
[2.226s] INFO:colcon.colcon_core.shell:Creating package script '/home/dwduong74/yahboom_src/install/dogzilla_description/share/dogzilla_description/package.zsh'
[2.227s] Level 1:colcon.colcon_core.environment:create_file_with_runtime_dependencies(/home/dwduong74/yahboom_src/install/dogzilla_description/share/colcon-core/packages/dogzilla_description)
[2.229s] INFO:colcon.colcon_ros.task.ament_cmake.build:Building ROS package in '/home/dwduong74/yahboom_src/src/oradar_lidar' with build type 'ament_cmake'
[2.229s] INFO:colcon.colcon_cmake.task.cmake.build:Building CMake package in '/home/dwduong74/yahboom_src/src/oradar_lidar'
[2.230s] INFO:colcon.colcon_core.shell:Skip shell extension 'powershell' for command environment: Not usable outside of PowerShell
[2.230s] DEBUG:colcon.colcon_core.shell:Skip shell extension 'dsv' for command environment
[2.246s] DEBUG:colcon.colcon_core.event_handler.log_command:Invoked command in '/home/dwduong74/yahboom_src/build/champ_description' returned '0': CMAKE_PREFIX_PATH=/home/dwduong74/yahboom_src/install/velodyne_gazebo_plugins:/home/dwduong74/yahboom_src/install/yahboom_msgs:/home/dwduong74/yahboom_src/install/velodyne_simulator:/home/dwduong74/yahboom_src/install/velodyne_description:/home/dwduong74/yahboom_src/install/champ_bringup:/home/dwduong74/yahboom_src/install/champ_description:/home/dwduong74/yahboom_src/install/oradar_lidar:/home/dwduong74/yahboom_src/install/image_color_lab:/home/dwduong74/yahboom_src/install/go2_description:/home/dwduong74/yahboom_src/install/go2_config:/home/dwduong74/yahboom_src/install/dogzilla_description:/home/dwduong74/yahboom_src/install/dogzilla_config:/home/dwduong74/yahboom_src/install/champ_teleop:/home/dwduong74/yahboom_src/install/champ_navigation:/home/dwduong74/yahboom_src/install/champ_gazebo:/home/dwduong74/yahboom_src/install/champ_base:/home/dwduong74/yahboom_src/install/champ_msgs:/home/dwduong74/yahboom_src/install/champ_config:/home/dwduong74/yahboom_src/install/champ:/home/dwduong74/LUMI_ws/install/turtlebot3_manipulation_gazebo:/home/dwduong74/LUMI_ws/install/champ:/home/dwduong74/LUMI_ws/install/rf2o_laser_odometry:/home/dwduong74/yahboom_src/install/yahboom_set_height:/home/dwduong74/yahboom_src/install/yahboom_mediapipe:/home/dwduong74/yahboom_src/install/yahboom_gait:/home/dwduong74/yahboom_src/install/yahboom_dog_joint_state:/home/dwduong74/yahboom_src/install/yahboom_description:/home/dwduong74/yahboom_src/install/yahboom_bringup:/home/dwduong74/yahboom_src/install/yahboom_base:/home/dwduong74/yahboom_src/install/yahboom_app_save_map:/home/dwduong74/yahboom_src/install/tf_publisher:/home/dwduong74/yahboom_src/install/bringup:/home/dwduong74/LUMI_ws/install/custom_explorer:/opt/ros/humble LD_LIBRARY_PATH=/home/dwduong74/yahboom_src/install/velodyne_gazebo_plugins/lib:/home/dwduong74/yahboom_src/install/yahboom_msgs/lib:/home/dwduong74/yahboom_src/install/image_color_lab/lib:/home/dwduong74/yahboom_src/install/champ_base/lib:/home/dwduong74/yahboom_src/install/champ_msgs/lib:/usr/lib/x86_64-linux-gnu/gazebo-11/plugins:/opt/ros/humble/opt/rviz_ogre_vendor/lib:/opt/ros/humble/lib/x86_64-linux-gnu:/opt/ros/humble/lib /usr/bin/cmake --build /home/dwduong74/yahboom_src/build/champ_description -- -j8 -l8
[2.249s] DEBUG:colcon.colcon_core.event_handler.log_command:Invoking command in '/home/dwduong74/yahboom_src/build/champ_description': CMAKE_PREFIX_PATH=/home/dwduong74/yahboom_src/install/velodyne_gazebo_plugins:/home/dwduong74/yahboom_src/install/yahboom_msgs:/home/dwduong74/yahboom_src/install/velodyne_simulator:/home/dwduong74/yahboom_src/install/velodyne_description:/home/dwduong74/yahboom_src/install/champ_bringup:/home/dwduong74/yahboom_src/install/champ_description:/home/dwduong74/yahboom_src/install/oradar_lidar:/home/dwduong74/yahboom_src/install/image_color_lab:/home/dwduong74/yahboom_src/install/go2_description:/home/dwduong74/yahboom_src/install/go2_config:/home/dwduong74/yahboom_src/install/dogzilla_description:/home/dwduong74/yahboom_src/install/dogzilla_config:/home/dwduong74/yahboom_src/install/champ_teleop:/home/dwduong74/yahboom_src/install/champ_navigation:/home/dwduong74/yahboom_src/install/champ_gazebo:/home/dwduong74/yahboom_src/install/champ_base:/home/dwduong74/yahboom_src/install/champ_msgs:/home/dwduong74/yahboom_src/install/champ_config:/home/dwduong74/yahboom_src/install/champ:/home/dwduong74/LUMI_ws/install/turtlebot3_manipulation_gazebo:/home/dwduong74/LUMI_ws/install/champ:/home/dwduong74/LUMI_ws/install/rf2o_laser_odometry:/home/dwduong74/yahboom_src/install/yahboom_set_height:/home/dwduong74/yahboom_src/install/yahboom_mediapipe:/home/dwduong74/yahboom_src/install/yahboom_gait:/home/dwduong74/yahboom_src/install/yahboom_dog_joint_state:/home/dwduong74/yahboom_src/install/yahboom_description:/home/dwduong74/yahboom_src/install/yahboom_bringup:/home/dwduong74/yahboom_src/install/yahboom_base:/home/dwduong74/yahboom_src/install/yahboom_app_save_map:/home/dwduong74/yahboom_src/install/tf_publisher:/home/dwduong74/yahboom_src/install/bringup:/home/dwduong74/LUMI_ws/install/custom_explorer:/opt/ros/humble LD_LIBRARY_PATH=/home/dwduong74/yahboom_src/install/velodyne_gazebo_plugins/lib:/home/dwduong74/yahboom_src/install/yahboom_msgs/lib:/home/dwduong74/yahboom_src/install/image_color_lab/lib:/home/dwduong74/yahboom_src/install/champ_base/lib:/home/dwduong74/yahboom_src/install/champ_msgs/lib:/usr/lib/x86_64-linux-gnu/gazebo-11/plugins:/opt/ros/humble/opt/rviz_ogre_vendor/lib:/opt/ros/humble/lib/x86_64-linux-gnu:/opt/ros/humble/lib /usr/bin/cmake --install /home/dwduong74/yahboom_src/build/champ_description
[2.255s] DEBUG:colcon.colcon_core.event_handler.log_command:Invoking command in '/home/dwduong74/yahboom_src/build/champ_base': CMAKE_PREFIX_PATH=/home/dwduong74/yahboom_src/install/champ_msgs:/home/dwduong74/yahboom_src/install/champ:/home/dwduong74/yahboom_src/install/yahboom_msgs:/home/dwduong74/yahboom_src/install/velodyne_simulator:/home/dwduong74/yahboom_src/install/velodyne_description:/home/dwduong74/yahboom_src/install/champ_bringup:/home/dwduong74/yahboom_src/install/champ_description:/home/dwduong74/yahboom_src/install/velodyne_gazebo_plugins:/home/dwduong74/yahboom_src/install/oradar_lidar:/home/dwduong74/yahboom_src/install/image_color_lab:/home/dwduong74/yahboom_src/install/go2_description:/home/dwduong74/yahboom_src/install/go2_config:/home/dwduong74/yahboom_src/install/dogzilla_description:/home/dwduong74/yahboom_src/install/dogzilla_config:/home/dwduong74/yahboom_src/install/champ_teleop:/home/dwduong74/yahboom_src/install/champ_navigation:/home/dwduong74/yahboom_src/install/champ_gazebo:/home/dwduong74/yahboom_src/install/champ_base:/home/dwduong74/yahboom_src/install/champ_config:/home/dwduong74/LUMI_ws/install/turtlebot3_manipulation_gazebo:/home/dwduong74/LUMI_ws/install/champ:/home/dwduong74/LUMI_ws/install/rf2o_laser_odometry:/home/dwduong74/yahboom_src/install/yahboom_set_height:/home/dwduong74/yahboom_src/install/yahboom_mediapipe:/home/dwduong74/yahboom_src/install/yahboom_gait:/home/dwduong74/yahboom_src/install/yahboom_dog_joint_state:/home/dwduong74/yahboom_src/install/yahboom_description:/home/dwduong74/yahboom_src/install/yahboom_bringup:/home/dwduong74/yahboom_src/install/yahboom_base:/home/dwduong74/yahboom_src/install/yahboom_app_save_map:/home/dwduong74/yahboom_src/install/tf_publisher:/home/dwduong74/yahboom_src/install/bringup:/home/dwduong74/LUMI_ws/install/custom_explorer:/opt/ros/humble LD_LIBRARY_PATH=/home/dwduong74/yahboom_src/install/champ_msgs/lib:/home/dwduong74/yahboom_src/install/yahboom_msgs/lib:/home/dwduong74/yahboom_src/install/velodyne_gazebo_plugins/lib:/home/dwduong74/yahboom_src/install/image_color_lab/lib:/home/dwduong74/yahboom_src/install/champ_base/lib:/usr/lib/x86_64-linux-gnu/gazebo-11/plugins:/opt/ros/humble/opt/rviz_ogre_vendor/lib:/opt/ros/humble/lib/x86_64-linux-gnu:/opt/ros/humble/lib /usr/bin/cmake --build /home/dwduong74/yahboom_src/build/champ_base -- -j8 -l8
[2.260s] DEBUG:colcon.colcon_core.event_handler.log_command:Invoked command in '/home/dwduong74/yahboom_src/build/velodyne_description' returned '0': CMAKE_PREFIX_PATH=/home/dwduong74/yahboom_src/install/velodyne_gazebo_plugins:/home/dwduong74/yahboom_src/install/yahboom_msgs:/home/dwduong74/yahboom_src/install/velodyne_simulator:/home/dwduong74/yahboom_src/install/velodyne_description:/home/dwduong74/yahboom_src/install/champ_bringup:/home/dwduong74/yahboom_src/install/champ_description:/home/dwduong74/yahboom_src/install/oradar_lidar:/home/dwduong74/yahboom_src/install/image_color_lab:/home/dwduong74/yahboom_src/install/go2_description:/home/dwduong74/yahboom_src/install/go2_config:/home/dwduong74/yahboom_src/install/dogzilla_description:/home/dwduong74/yahboom_src/install/dogzilla_config:/home/dwduong74/yahboom_src/install/champ_teleop:/home/dwduong74/yahboom_src/install/champ_navigation:/home/dwduong74/yahboom_src/install/champ_gazebo:/home/dwduong74/yahboom_src/install/champ_base:/home/dwduong74/yahboom_src/install/champ_msgs:/home/dwduong74/yahboom_src/install/champ_config:/home/dwduong74/yahboom_src/install/champ:/home/dwduong74/LUMI_ws/install/turtlebot3_manipulation_gazebo:/home/dwduong74/LUMI_ws/install/champ:/home/dwduong74/LUMI_ws/install/rf2o_laser_odometry:/home/dwduong74/yahboom_src/install/yahboom_set_height:/home/dwduong74/yahboom_src/install/yahboom_mediapipe:/home/dwduong74/yahboom_src/install/yahboom_gait:/home/dwduong74/yahboom_src/install/yahboom_dog_joint_state:/home/dwduong74/yahboom_src/install/yahboom_description:/home/dwduong74/yahboom_src/install/yahboom_bringup:/home/dwduong74/yahboom_src/install/yahboom_base:/home/dwduong74/yahboom_src/install/yahboom_app_save_map:/home/dwduong74/yahboom_src/install/tf_publisher:/home/dwduong74/yahboom_src/install/bringup:/home/dwduong74/LUMI_ws/install/custom_explorer:/opt/ros/humble LD_LIBRARY_PATH=/home/dwduong74/yahboom_src/install/velodyne_gazebo_plugins/lib:/home/dwduong74/yahboom_src/install/yahboom_msgs/lib:/home/dwduong74/yahboom_src/install/image_color_lab/lib:/home/dwduong74/yahboom_src/install/champ_base/lib:/home/dwduong74/yahboom_src/install/champ_msgs/lib:/usr/lib/x86_64-linux-gnu/gazebo-11/plugins:/opt/ros/humble/opt/rviz_ogre_vendor/lib:/opt/ros/humble/lib/x86_64-linux-gnu:/opt/ros/humble/lib /usr/bin/cmake --build /home/dwduong74/yahboom_src/build/velodyne_description -- -j8 -l8
[2.261s] DEBUG:colcon.colcon_core.event_handler.log_command:Invoking command in '/home/dwduong74/yahboom_src/build/velodyne_description': CMAKE_PREFIX_PATH=/home/dwduong74/yahboom_src/install/velodyne_gazebo_plugins:/home/dwduong74/yahboom_src/install/yahboom_msgs:/home/dwduong74/yahboom_src/install/velodyne_simulator:/home/dwduong74/yahboom_src/install/velodyne_description:/home/dwduong74/yahboom_src/install/champ_bringup:/home/dwduong74/yahboom_src/install/champ_description:/home/dwduong74/yahboom_src/install/oradar_lidar:/home/dwduong74/yahboom_src/install/image_color_lab:/home/dwduong74/yahboom_src/install/go2_description:/home/dwduong74/yahboom_src/install/go2_config:/home/dwduong74/yahboom_src/install/dogzilla_description:/home/dwduong74/yahboom_src/install/dogzilla_config:/home/dwduong74/yahboom_src/install/champ_teleop:/home/dwduong74/yahboom_src/install/champ_navigation:/home/dwduong74/yahboom_src/install/champ_gazebo:/home/dwduong74/yahboom_src/install/champ_base:/home/dwduong74/yahboom_src/install/champ_msgs:/home/dwduong74/yahboom_src/install/champ_config:/home/dwduong74/yahboom_src/install/champ:/home/dwduong74/LUMI_ws/install/turtlebot3_manipulation_gazebo:/home/dwduong74/LUMI_ws/install/champ:/home/dwduong74/LUMI_ws/install/rf2o_laser_odometry:/home/dwduong74/yahboom_src/install/yahboom_set_height:/home/dwduong74/yahboom_src/install/yahboom_mediapipe:/home/dwduong74/yahboom_src/install/yahboom_gait:/home/dwduong74/yahboom_src/install/yahboom_dog_joint_state:/home/dwduong74/yahboom_src/install/yahboom_description:/home/dwduong74/yahboom_src/install/yahboom_bringup:/home/dwduong74/yahboom_src/install/yahboom_base:/home/dwduong74/yahboom_src/install/yahboom_app_save_map:/home/dwduong74/yahboom_src/install/tf_publisher:/home/dwduong74/yahboom_src/install/bringup:/home/dwduong74/LUMI_ws/install/custom_explorer:/opt/ros/humble LD_LIBRARY_PATH=/home/dwduong74/yahboom_src/install/velodyne_gazebo_plugins/lib:/home/dwduong74/yahboom_src/install/yahboom_msgs/lib:/home/dwduong74/yahboom_src/install/image_color_lab/lib:/home/dwduong74/yahboom_src/install/champ_base/lib:/home/dwduong74/yahboom_src/install/champ_msgs/lib:/usr/lib/x86_64-linux-gnu/gazebo-11/plugins:/opt/ros/humble/opt/rviz_ogre_vendor/lib:/opt/ros/humble/lib/x86_64-linux-gnu:/opt/ros/humble/lib /usr/bin/cmake --install /home/dwduong74/yahboom_src/build/velodyne_description
[2.286s] DEBUG:colcon.colcon_core.event_handler.log_command:Invoked command in '/home/dwduong74/yahboom_src/build/go2_config' returned '0': CMAKE_PREFIX_PATH=${CMAKE_PREFIX_PATH}:/home/dwduong74/yahboom_src/install/yahboom_set_height:/home/dwduong74/yahboom_src/install/yahboom_mediapipe:/home/dwduong74/yahboom_src/install/yahboom_gait:/home/dwduong74/yahboom_src/install/yahboom_dog_joint_state:/home/dwduong74/yahboom_src/install/yahboom_description:/home/dwduong74/yahboom_src/install/yahboom_bringup:/home/dwduong74/yahboom_src/install/yahboom_base:/home/dwduong74/yahboom_src/install/yahboom_app_save_map:/home/dwduong74/yahboom_src/install/tf_publisher:/home/dwduong74/yahboom_src/install/bringup:/home/dwduong74/LUMI_ws/install/custom_explorer:/opt/ros/humble /usr/bin/cmake --build /home/dwduong74/yahboom_src/build/go2_config -- -j8 -l8
[2.295s] DEBUG:colcon.colcon_core.event_handler.log_command:Invoking command in '/home/dwduong74/yahboom_src/build/go2_config': CMAKE_PREFIX_PATH=${CMAKE_PREFIX_PATH}:/home/dwduong74/yahboom_src/install/yahboom_set_height:/home/dwduong74/yahboom_src/install/yahboom_mediapipe:/home/dwduong74/yahboom_src/install/yahboom_gait:/home/dwduong74/yahboom_src/install/yahboom_dog_joint_state:/home/dwduong74/yahboom_src/install/yahboom_description:/home/dwduong74/yahboom_src/install/yahboom_bringup:/home/dwduong74/yahboom_src/install/yahboom_base:/home/dwduong74/yahboom_src/install/yahboom_app_save_map:/home/dwduong74/yahboom_src/install/tf_publisher:/home/dwduong74/yahboom_src/install/bringup:/home/dwduong74/LUMI_ws/install/custom_explorer:/opt/ros/humble /usr/bin/cmake --install /home/dwduong74/yahboom_src/build/go2_config
[2.297s] DEBUG:colcon.colcon_core.event_handler.log_command:Invoking command in '/home/dwduong74/yahboom_src/build/oradar_lidar': CMAKE_PREFIX_PATH=${CMAKE_PREFIX_PATH}:/home/dwduong74/yahboom_src/install/yahboom_set_height:/home/dwduong74/yahboom_src/install/yahboom_mediapipe:/home/dwduong74/yahboom_src/install/yahboom_gait:/home/dwduong74/yahboom_src/install/yahboom_dog_joint_state:/home/dwduong74/yahboom_src/install/yahboom_description:/home/dwduong74/yahboom_src/install/yahboom_bringup:/home/dwduong74/yahboom_src/install/yahboom_base:/home/dwduong74/yahboom_src/install/yahboom_app_save_map:/home/dwduong74/yahboom_src/install/tf_publisher:/home/dwduong74/yahboom_src/install/bringup:/home/dwduong74/LUMI_ws/install/custom_explorer:/opt/ros/humble /usr/bin/cmake --build /home/dwduong74/yahboom_src/build/oradar_lidar -- -j8 -l8
[2.322s] Level 1:colcon.colcon_core.environment:create_environment_scripts_only(velodyne_description)
[2.322s] Level 1:colcon.colcon_core.environment:checking '/home/dwduong74/yahboom_src/install/velodyne_description' for CMake module files
[2.327s] Level 1:colcon.colcon_core.environment:checking '/home/dwduong74/yahboom_src/install/velodyne_description' for CMake config files
[2.328s] Level 1:colcon.colcon_core.shell:create_environment_hook('velodyne_description', 'cmake_prefix_path')
[2.328s] INFO:colcon.colcon_core.shell:Creating environment hook '/home/dwduong74/yahboom_src/install/velodyne_description/share/velodyne_description/hook/cmake_prefix_path.ps1'
[2.329s] INFO:colcon.colcon_core.shell:Creating environment descriptor '/home/dwduong74/yahboom_src/install/velodyne_description/share/velodyne_description/hook/cmake_prefix_path.dsv'
[2.330s] INFO:colcon.colcon_core.shell:Creating environment hook '/home/dwduong74/yahboom_src/install/velodyne_description/share/velodyne_description/hook/cmake_prefix_path.sh'
[2.334s] DEBUG:colcon.colcon_core.event_handler.log_command:Invoked command in '/home/dwduong74/yahboom_src/build/go2_description' returned '0': CMAKE_PREFIX_PATH=${CMAKE_PREFIX_PATH}:/home/dwduong74/yahboom_src/install/yahboom_set_height:/home/dwduong74/yahboom_src/install/yahboom_mediapipe:/home/dwduong74/yahboom_src/install/yahboom_gait:/home/dwduong74/yahboom_src/install/yahboom_dog_joint_state:/home/dwduong74/yahboom_src/install/yahboom_description:/home/dwduong74/yahboom_src/install/yahboom_bringup:/home/dwduong74/yahboom_src/install/yahboom_base:/home/dwduong74/yahboom_src/install/yahboom_app_save_map:/home/dwduong74/yahboom_src/install/tf_publisher:/home/dwduong74/yahboom_src/install/bringup:/home/dwduong74/LUMI_ws/install/custom_explorer:/opt/ros/humble /usr/bin/cmake --build /home/dwduong74/yahboom_src/build/go2_description -- -j8 -l8
[2.334s] Level 1:colcon.colcon_core.environment:checking '/home/dwduong74/yahboom_src/install/velodyne_description/bin'
[2.335s] Level 1:colcon.colcon_core.environment:checking '/home/dwduong74/yahboom_src/install/velodyne_description/lib/pkgconfig/velodyne_description.pc'
[2.335s] Level 1:colcon.colcon_core.environment:checking '/home/dwduong74/yahboom_src/install/velodyne_description/lib/python3.10/site-packages'
[2.336s] Level 1:colcon.colcon_core.environment:checking '/home/dwduong74/yahboom_src/install/velodyne_description/bin'
[2.336s] INFO:colcon.colcon_core.shell:Creating package script '/home/dwduong74/yahboom_src/install/velodyne_description/share/velodyne_description/package.ps1'
[2.338s] INFO:colcon.colcon_core.shell:Creating package descriptor '/home/dwduong74/yahboom_src/install/velodyne_description/share/velodyne_description/package.dsv'
[2.339s] DEBUG:colcon.colcon_core.event_handler.log_command:Invoking command in '/home/dwduong74/yahboom_src/build/go2_description': CMAKE_PREFIX_PATH=${CMAKE_PREFIX_PATH}:/home/dwduong74/yahboom_src/install/yahboom_set_height:/home/dwduong74/yahboom_src/install/yahboom_mediapipe:/home/dwduong74/yahboom_src/install/yahboom_gait:/home/dwduong74/yahboom_src/install/yahboom_dog_joint_state:/home/dwduong74/yahboom_src/install/yahboom_description:/home/dwduong74/yahboom_src/install/yahboom_bringup:/home/dwduong74/yahboom_src/install/yahboom_base:/home/dwduong74/yahboom_src/install/yahboom_app_save_map:/home/dwduong74/yahboom_src/install/tf_publisher:/home/dwduong74/yahboom_src/install/bringup:/home/dwduong74/LUMI_ws/install/custom_explorer:/opt/ros/humble /usr/bin/cmake --install /home/dwduong74/yahboom_src/build/go2_description
[2.345s] DEBUG:colcon.colcon_core.event_handler.log_command:Invoked command in '/home/dwduong74/yahboom_src/build/velodyne_description' returned '0': CMAKE_PREFIX_PATH=/home/dwduong74/yahboom_src/install/velodyne_gazebo_plugins:/home/dwduong74/yahboom_src/install/yahboom_msgs:/home/dwduong74/yahboom_src/install/velodyne_simulator:/home/dwduong74/yahboom_src/install/velodyne_description:/home/dwduong74/yahboom_src/install/champ_bringup:/home/dwduong74/yahboom_src/install/champ_description:/home/dwduong74/yahboom_src/install/oradar_lidar:/home/dwduong74/yahboom_src/install/image_color_lab:/home/dwduong74/yahboom_src/install/go2_description:/home/dwduong74/yahboom_src/install/go2_config:/home/dwduong74/yahboom_src/install/dogzilla_description:/home/dwduong74/yahboom_src/install/dogzilla_config:/home/dwduong74/yahboom_src/install/champ_teleop:/home/dwduong74/yahboom_src/install/champ_navigation:/home/dwduong74/yahboom_src/install/champ_gazebo:/home/dwduong74/yahboom_src/install/champ_base:/home/dwduong74/yahboom_src/install/champ_msgs:/home/dwduong74/yahboom_src/install/champ_config:/home/dwduong74/yahboom_src/install/champ:/home/dwduong74/LUMI_ws/install/turtlebot3_manipulation_gazebo:/home/dwduong74/LUMI_ws/install/champ:/home/dwduong74/LUMI_ws/install/rf2o_laser_odometry:/home/dwduong74/yahboom_src/install/yahboom_set_height:/home/dwduong74/yahboom_src/install/yahboom_mediapipe:/home/dwduong74/yahboom_src/install/yahboom_gait:/home/dwduong74/yahboom_src/install/yahboom_dog_joint_state:/home/dwduong74/yahboom_src/install/yahboom_description:/home/dwduong74/yahboom_src/install/yahboom_bringup:/home/dwduong74/yahboom_src/install/yahboom_base:/home/dwduong74/yahboom_src/install/yahboom_app_save_map:/home/dwduong74/yahboom_src/install/tf_publisher:/home/dwduong74/yahboom_src/install/bringup:/home/dwduong74/LUMI_ws/install/custom_explorer:/opt/ros/humble LD_LIBRARY_PATH=/home/dwduong74/yahboom_src/install/velodyne_gazebo_plugins/lib:/home/dwduong74/yahboom_src/install/yahboom_msgs/lib:/home/dwduong74/yahboom_src/install/image_color_lab/lib:/home/dwduong74/yahboom_src/install/champ_base/lib:/home/dwduong74/yahboom_src/install/champ_msgs/lib:/usr/lib/x86_64-linux-gnu/gazebo-11/plugins:/opt/ros/humble/opt/rviz_ogre_vendor/lib:/opt/ros/humble/lib/x86_64-linux-gnu:/opt/ros/humble/lib /usr/bin/cmake --install /home/dwduong74/yahboom_src/build/velodyne_description
[2.344s] INFO:colcon.colcon_core.shell:Creating package script '/home/dwduong74/yahboom_src/install/velodyne_description/share/velodyne_description/package.sh'
[2.346s] INFO:colcon.colcon_core.shell:Creating package script '/home/dwduong74/yahboom_src/install/velodyne_description/share/velodyne_description/package.bash'
[2.347s] INFO:colcon.colcon_core.shell:Creating package script '/home/dwduong74/yahboom_src/install/velodyne_description/share/velodyne_description/package.zsh'
[2.348s] Level 1:colcon.colcon_core.environment:create_file_with_runtime_dependencies(/home/dwduong74/yahboom_src/install/velodyne_description/share/colcon-core/packages/velodyne_description)
[2.348s] Level 1:colcon.colcon_core.environment:create_environment_scripts_only(velodyne_description)
[2.356s] Level 1:colcon.colcon_core.environment:checking '/home/dwduong74/yahboom_src/install/velodyne_description' for CMake module files
[2.357s] Level 1:colcon.colcon_core.environment:checking '/home/dwduong74/yahboom_src/install/velodyne_description' for CMake config files
[2.358s] Level 1:colcon.colcon_core.shell:create_environment_hook('velodyne_description', 'cmake_prefix_path')
[2.359s] INFO:colcon.colcon_core.shell:Creating environment hook '/home/dwduong74/yahboom_src/install/velodyne_description/share/velodyne_description/hook/cmake_prefix_path.ps1'
[2.368s] INFO:colcon.colcon_core.shell:Creating environment descriptor '/home/dwduong74/yahboom_src/install/velodyne_description/share/velodyne_description/hook/cmake_prefix_path.dsv'
[2.368s] INFO:colcon.colcon_core.shell:Creating environment hook '/home/dwduong74/yahboom_src/install/velodyne_description/share/velodyne_description/hook/cmake_prefix_path.sh'
[2.369s] Level 1:colcon.colcon_core.environment:checking '/home/dwduong74/yahboom_src/install/velodyne_description/bin'
[2.370s] Level 1:colcon.colcon_core.environment:checking '/home/dwduong74/yahboom_src/install/velodyne_description/lib/pkgconfig/velodyne_description.pc'
[2.370s] Level 1:colcon.colcon_core.environment:checking '/home/dwduong74/yahboom_src/install/velodyne_description/lib/python3.10/site-packages'
[2.378s] Level 1:colcon.colcon_core.environment:checking '/home/dwduong74/yahboom_src/install/velodyne_description/bin'
[2.379s] INFO:colcon.colcon_core.shell:Creating package script '/home/dwduong74/yahboom_src/install/velodyne_description/share/velodyne_description/package.ps1'
[2.380s] INFO:colcon.colcon_core.shell:Creating package descriptor '/home/dwduong74/yahboom_src/install/velodyne_description/share/velodyne_description/package.dsv'
[2.382s] INFO:colcon.colcon_core.shell:Creating package script '/home/dwduong74/yahboom_src/install/velodyne_description/share/velodyne_description/package.sh'
[2.383s] INFO:colcon.colcon_core.shell:Creating package script '/home/dwduong74/yahboom_src/install/velodyne_description/share/velodyne_description/package.bash'
[2.384s] INFO:colcon.colcon_core.shell:Creating package script '/home/dwduong74/yahboom_src/install/velodyne_description/share/velodyne_description/package.zsh'
[2.384s] Level 1:colcon.colcon_core.environment:create_file_with_runtime_dependencies(/home/dwduong74/yahboom_src/install/velodyne_description/share/colcon-core/packages/velodyne_description)
[2.385s] Level 1:colcon.colcon_core.environment:create_environment_scripts_only(champ_description)
[2.387s] Level 1:colcon.colcon_core.environment:checking '/home/dwduong74/yahboom_src/install/champ_description' for CMake module files
[2.392s] Level 1:colcon.colcon_core.environment:checking '/home/dwduong74/yahboom_src/install/champ_description' for CMake config files
[2.392s] Level 1:colcon.colcon_core.shell:create_environment_hook('champ_description', 'cmake_prefix_path')
[2.386s] DEBUG:colcon.colcon_core.event_handler.log_command:Invoked command in '/home/dwduong74/yahboom_src/build/champ_description' returned '0': CMAKE_PREFIX_PATH=/home/dwduong74/yahboom_src/install/velodyne_gazebo_plugins:/home/dwduong74/yahboom_src/install/yahboom_msgs:/home/dwduong74/yahboom_src/install/velodyne_simulator:/home/dwduong74/yahboom_src/install/velodyne_description:/home/dwduong74/yahboom_src/install/champ_bringup:/home/dwduong74/yahboom_src/install/champ_description:/home/dwduong74/yahboom_src/install/oradar_lidar:/home/dwduong74/yahboom_src/install/image_color_lab:/home/dwduong74/yahboom_src/install/go2_description:/home/dwduong74/yahboom_src/install/go2_config:/home/dwduong74/yahboom_src/install/dogzilla_description:/home/dwduong74/yahboom_src/install/dogzilla_config:/home/dwduong74/yahboom_src/install/champ_teleop:/home/dwduong74/yahboom_src/install/champ_navigation:/home/dwduong74/yahboom_src/install/champ_gazebo:/home/dwduong74/yahboom_src/install/champ_base:/home/dwduong74/yahboom_src/install/champ_msgs:/home/dwduong74/yahboom_src/install/champ_config:/home/dwduong74/yahboom_src/install/champ:/home/dwduong74/LUMI_ws/install/turtlebot3_manipulation_gazebo:/home/dwduong74/LUMI_ws/install/champ:/home/dwduong74/LUMI_ws/install/rf2o_laser_odometry:/home/dwduong74/yahboom_src/install/yahboom_set_height:/home/dwduong74/yahboom_src/install/yahboom_mediapipe:/home/dwduong74/yahboom_src/install/yahboom_gait:/home/dwduong74/yahboom_src/install/yahboom_dog_joint_state:/home/dwduong74/yahboom_src/install/yahboom_description:/home/dwduong74/yahboom_src/install/yahboom_bringup:/home/dwduong74/yahboom_src/install/yahboom_base:/home/dwduong74/yahboom_src/install/yahboom_app_save_map:/home/dwduong74/yahboom_src/install/tf_publisher:/home/dwduong74/yahboom_src/install/bringup:/home/dwduong74/LUMI_ws/install/custom_explorer:/opt/ros/humble LD_LIBRARY_PATH=/home/dwduong74/yahboom_src/install/velodyne_gazebo_plugins/lib:/home/dwduong74/yahboom_src/install/yahboom_msgs/lib:/home/dwduong74/yahboom_src/install/image_color_lab/lib:/home/dwduong74/yahboom_src/install/champ_base/lib:/home/dwduong74/yahboom_src/install/champ_msgs/lib:/usr/lib/x86_64-linux-gnu/gazebo-11/plugins:/opt/ros/humble/opt/rviz_ogre_vendor/lib:/opt/ros/humble/lib/x86_64-linux-gnu:/opt/ros/humble/lib /usr/bin/cmake --install /home/dwduong74/yahboom_src/build/champ_description
[2.393s] INFO:colcon.colcon_core.shell:Creating environment hook '/home/dwduong74/yahboom_src/install/champ_description/share/champ_description/hook/cmake_prefix_path.ps1'
[2.394s] INFO:colcon.colcon_core.shell:Creating environment descriptor '/home/dwduong74/yahboom_src/install/champ_description/share/champ_description/hook/cmake_prefix_path.dsv'
[2.395s] INFO:colcon.colcon_core.shell:Creating environment hook '/home/dwduong74/yahboom_src/install/champ_description/share/champ_description/hook/cmake_prefix_path.sh'
[2.396s] Level 1:colcon.colcon_core.environment:checking '/home/dwduong74/yahboom_src/install/champ_description/bin'
[2.396s] Level 1:colcon.colcon_core.environment:checking '/home/dwduong74/yahboom_src/install/champ_description/lib/pkgconfig/champ_description.pc'
[2.396s] Level 1:colcon.colcon_core.environment:checking '/home/dwduong74/yahboom_src/install/champ_description/lib/python3.10/site-packages'
[2.402s] Level 1:colcon.colcon_core.environment:checking '/home/dwduong74/yahboom_src/install/champ_description/bin'
[2.403s] INFO:colcon.colcon_core.shell:Creating package script '/home/dwduong74/yahboom_src/install/champ_description/share/champ_description/package.ps1'
[2.406s] INFO:colcon.colcon_core.shell:Creating package descriptor '/home/dwduong74/yahboom_src/install/champ_description/share/champ_description/package.dsv'
[2.410s] INFO:colcon.colcon_core.shell:Creating package script '/home/dwduong74/yahboom_src/install/champ_description/share/champ_description/package.sh'
[2.411s] INFO:colcon.colcon_core.shell:Creating package script '/home/dwduong74/yahboom_src/install/champ_description/share/champ_description/package.bash'
[2.412s] INFO:colcon.colcon_core.shell:Creating package script '/home/dwduong74/yahboom_src/install/champ_description/share/champ_description/package.zsh'
[2.412s] Level 1:colcon.colcon_core.environment:create_file_with_runtime_dependencies(/home/dwduong74/yahboom_src/install/champ_description/share/colcon-core/packages/champ_description)
[2.420s] Level 1:colcon.colcon_core.environment:create_environment_scripts_only(champ_description)
[2.420s] Level 1:colcon.colcon_core.environment:checking '/home/dwduong74/yahboom_src/install/champ_description' for CMake module files
[2.421s] Level 1:colcon.colcon_core.environment:checking '/home/dwduong74/yahboom_src/install/champ_description' for CMake config files
[2.422s] Level 1:colcon.colcon_core.shell:create_environment_hook('champ_description', 'cmake_prefix_path')
[2.428s] INFO:colcon.colcon_core.shell:Creating environment hook '/home/dwduong74/yahboom_src/install/champ_description/share/champ_description/hook/cmake_prefix_path.ps1'
[2.429s] INFO:colcon.colcon_core.shell:Creating environment descriptor '/home/dwduong74/yahboom_src/install/champ_description/share/champ_description/hook/cmake_prefix_path.dsv'
[2.430s] INFO:colcon.colcon_core.shell:Creating environment hook '/home/dwduong74/yahboom_src/install/champ_description/share/champ_description/hook/cmake_prefix_path.sh'
[2.431s] Level 1:colcon.colcon_core.environment:checking '/home/dwduong74/yahboom_src/install/champ_description/bin'
[2.431s] Level 1:colcon.colcon_core.environment:checking '/home/dwduong74/yahboom_src/install/champ_description/lib/pkgconfig/champ_description.pc'
[2.432s] Level 1:colcon.colcon_core.environment:checking '/home/dwduong74/yahboom_src/install/champ_description/lib/python3.10/site-packages'
[2.436s] Level 1:colcon.colcon_core.environment:checking '/home/dwduong74/yahboom_src/install/champ_description/bin'
[2.437s] INFO:colcon.colcon_core.shell:Creating package script '/home/dwduong74/yahboom_src/install/champ_description/share/champ_description/package.ps1'
[2.442s] INFO:colcon.colcon_core.shell:Creating package descriptor '/home/dwduong74/yahboom_src/install/champ_description/share/champ_description/package.dsv'
[2.443s] INFO:colcon.colcon_core.shell:Creating package script '/home/dwduong74/yahboom_src/install/champ_description/share/champ_description/package.sh'
[2.443s] INFO:colcon.colcon_core.shell:Creating package script '/home/dwduong74/yahboom_src/install/champ_description/share/champ_description/package.bash'
[2.444s] INFO:colcon.colcon_core.shell:Creating package script '/home/dwduong74/yahboom_src/install/champ_description/share/champ_description/package.zsh'
[2.449s] Level 1:colcon.colcon_core.environment:create_file_with_runtime_dependencies(/home/dwduong74/yahboom_src/install/champ_description/share/colcon-core/packages/champ_description)
[2.452s] INFO:colcon.colcon_ros.task.ament_python.build:Building ROS package in '/home/dwduong74/yahboom_src/src/tf_publisher' with build type 'ament_python'
[2.452s] Level 1:colcon.colcon_core.shell:create_environment_hook('tf_publisher', 'ament_prefix_path')
[2.469s] INFO:colcon.colcon_core.shell:Creating environment hook '/home/dwduong74/yahboom_src/install/tf_publisher/share/tf_publisher/hook/ament_prefix_path.ps1'
[2.470s] INFO:colcon.colcon_core.shell:Creating environment descriptor '/home/dwduong74/yahboom_src/install/tf_publisher/share/tf_publisher/hook/ament_prefix_path.dsv'
[2.471s] INFO:colcon.colcon_core.shell:Creating environment hook '/home/dwduong74/yahboom_src/install/tf_publisher/share/tf_publisher/hook/ament_prefix_path.sh'
[2.472s] INFO:colcon.colcon_core.shell:Skip shell extension 'powershell' for command environment: Not usable outside of PowerShell
[2.472s] DEBUG:colcon.colcon_core.shell:Skip shell extension 'dsv' for command environment
[2.517s] INFO:colcon.colcon_ros.task.ament_python.build:Building ROS package in '/home/dwduong74/yahboom_src/src/yahboom_app_save_map' with build type 'ament_python'
[2.517s] Level 1:colcon.colcon_core.shell:create_environment_hook('yahboom_app_save_map', 'ament_prefix_path')
[2.518s] INFO:colcon.colcon_core.shell:Creating environment hook '/home/dwduong74/yahboom_src/install/yahboom_app_save_map/share/yahboom_app_save_map/hook/ament_prefix_path.ps1'
[2.519s] INFO:colcon.colcon_core.shell:Creating environment descriptor '/home/dwduong74/yahboom_src/install/yahboom_app_save_map/share/yahboom_app_save_map/hook/ament_prefix_path.dsv'
[2.519s] INFO:colcon.colcon_core.shell:Creating environment hook '/home/dwduong74/yahboom_src/install/yahboom_app_save_map/share/yahboom_app_save_map/hook/ament_prefix_path.sh'
[2.528s] INFO:colcon.colcon_core.shell:Skip shell extension 'powershell' for command environment: Not usable outside of PowerShell
[2.528s] DEBUG:colcon.colcon_core.shell:Skip shell extension 'dsv' for command environment
[2.577s] Level 1:colcon.colcon_core.environment:create_environment_scripts_only(go2_config)
[2.581s] Level 1:colcon.colcon_core.environment:checking '/home/dwduong74/yahboom_src/install/go2_config' for CMake module files
[2.583s] DEBUG:colcon.colcon_core.event_handler.log_command:Invoked command in '/home/dwduong74/yahboom_src/build/go2_config' returned '0': CMAKE_PREFIX_PATH=${CMAKE_PREFIX_PATH}:/home/dwduong74/yahboom_src/install/yahboom_set_height:/home/dwduong74/yahboom_src/install/yahboom_mediapipe:/home/dwduong74/yahboom_src/install/yahboom_gait:/home/dwduong74/yahboom_src/install/yahboom_dog_joint_state:/home/dwduong74/yahboom_src/install/yahboom_description:/home/dwduong74/yahboom_src/install/yahboom_bringup:/home/dwduong74/yahboom_src/install/yahboom_base:/home/dwduong74/yahboom_src/install/yahboom_app_save_map:/home/dwduong74/yahboom_src/install/tf_publisher:/home/dwduong74/yahboom_src/install/bringup:/home/dwduong74/LUMI_ws/install/custom_explorer:/opt/ros/humble /usr/bin/cmake --install /home/dwduong74/yahboom_src/build/go2_config
[2.584s] Level 1:colcon.colcon_core.environment:checking '/home/dwduong74/yahboom_src/install/go2_config' for CMake config files
[2.585s] Level 1:colcon.colcon_core.shell:create_environment_hook('go2_config', 'cmake_prefix_path')
[2.585s] INFO:colcon.colcon_core.shell:Creating environment hook '/home/dwduong74/yahboom_src/install/go2_config/share/go2_config/hook/cmake_prefix_path.ps1'
[2.589s] INFO:colcon.colcon_core.shell:Creating environment descriptor '/home/dwduong74/yahboom_src/install/go2_config/share/go2_config/hook/cmake_prefix_path.dsv'
[2.591s] INFO:colcon.colcon_core.shell:Creating environment hook '/home/dwduong74/yahboom_src/install/go2_config/share/go2_config/hook/cmake_prefix_path.sh'
[2.592s] Level 1:colcon.colcon_core.environment:checking '/home/dwduong74/yahboom_src/install/go2_config/bin'
[2.592s] Level 1:colcon.colcon_core.environment:checking '/home/dwduong74/yahboom_src/install/go2_config/lib/pkgconfig/go2_config.pc'
[2.593s] Level 1:colcon.colcon_core.environment:checking '/home/dwduong74/yahboom_src/install/go2_config/lib/python3.10/site-packages'
[2.594s] Level 1:colcon.colcon_core.environment:checking '/home/dwduong74/yahboom_src/install/go2_config/bin'
[2.595s] INFO:colcon.colcon_core.shell:Creating package script '/home/dwduong74/yahboom_src/install/go2_config/share/go2_config/package.ps1'
[2.599s] INFO:colcon.colcon_core.shell:Creating package descriptor '/home/dwduong74/yahboom_src/install/go2_config/share/go2_config/package.dsv'
[2.600s] INFO:colcon.colcon_core.shell:Creating package script '/home/dwduong74/yahboom_src/install/go2_config/share/go2_config/package.sh'
[2.601s] INFO:colcon.colcon_core.shell:Creating package script '/home/dwduong74/yahboom_src/install/go2_config/share/go2_config/package.bash'
[2.602s] INFO:colcon.colcon_core.shell:Creating package script '/home/dwduong74/yahboom_src/install/go2_config/share/go2_config/package.zsh'
[2.603s] Level 1:colcon.colcon_core.environment:create_file_with_runtime_dependencies(/home/dwduong74/yahboom_src/install/go2_config/share/colcon-core/packages/go2_config)
[2.605s] Level 1:colcon.colcon_core.environment:create_environment_scripts_only(go2_config)
[2.606s] Level 1:colcon.colcon_core.environment:checking '/home/dwduong74/yahboom_src/install/go2_config' for CMake module files
[2.607s] Level 1:colcon.colcon_core.environment:checking '/home/dwduong74/yahboom_src/install/go2_config' for CMake config files
[2.608s] Level 1:colcon.colcon_core.shell:create_environment_hook('go2_config', 'cmake_prefix_path')
[2.609s] INFO:colcon.colcon_core.shell:Creating environment hook '/home/dwduong74/yahboom_src/install/go2_config/share/go2_config/hook/cmake_prefix_path.ps1'
[2.609s] INFO:colcon.colcon_core.shell:Creating environment descriptor '/home/dwduong74/yahboom_src/install/go2_config/share/go2_config/hook/cmake_prefix_path.dsv'
[2.611s] INFO:colcon.colcon_core.shell:Creating environment hook '/home/dwduong74/yahboom_src/install/go2_config/share/go2_config/hook/cmake_prefix_path.sh'
[2.613s] Level 1:colcon.colcon_core.environment:checking '/home/dwduong74/yahboom_src/install/go2_config/bin'
[2.613s] Level 1:colcon.colcon_core.environment:checking '/home/dwduong74/yahboom_src/install/go2_config/lib/pkgconfig/go2_config.pc'
[2.613s] Level 1:colcon.colcon_core.environment:checking '/home/dwduong74/yahboom_src/install/go2_config/lib/python3.10/site-packages'
[2.614s] Level 1:colcon.colcon_core.environment:checking '/home/dwduong74/yahboom_src/install/go2_config/bin'
[2.615s] INFO:colcon.colcon_core.shell:Creating package script '/home/dwduong74/yahboom_src/install/go2_config/share/go2_config/package.ps1'
[2.616s] INFO:colcon.colcon_core.shell:Creating package descriptor '/home/dwduong74/yahboom_src/install/go2_config/share/go2_config/package.dsv'
[2.616s] INFO:colcon.colcon_core.shell:Creating package script '/home/dwduong74/yahboom_src/install/go2_config/share/go2_config/package.sh'
[2.617s] INFO:colcon.colcon_core.shell:Creating package script '/home/dwduong74/yahboom_src/install/go2_config/share/go2_config/package.bash'
[2.618s] INFO:colcon.colcon_core.shell:Creating package script '/home/dwduong74/yahboom_src/install/go2_config/share/go2_config/package.zsh'
[2.619s] Level 1:colcon.colcon_core.environment:create_file_with_runtime_dependencies(/home/dwduong74/yahboom_src/install/go2_config/share/colcon-core/packages/go2_config)
[2.620s] INFO:colcon.colcon_ros.task.ament_python.build:Building ROS package in '/home/dwduong74/yahboom_src/src/yahboom_base' with build type 'ament_python'
[2.621s] Level 1:colcon.colcon_core.shell:create_environment_hook('yahboom_base', 'ament_prefix_path')
[2.621s] INFO:colcon.colcon_core.shell:Creating environment hook '/home/dwduong74/yahboom_src/install/yahboom_base/share/yahboom_base/hook/ament_prefix_path.ps1'
[2.623s] INFO:colcon.colcon_core.shell:Creating environment descriptor '/home/dwduong74/yahboom_src/install/yahboom_base/share/yahboom_base/hook/ament_prefix_path.dsv'
[2.624s] INFO:colcon.colcon_core.shell:Creating environment hook '/home/dwduong74/yahboom_src/install/yahboom_base/share/yahboom_base/hook/ament_prefix_path.sh'
[2.625s] INFO:colcon.colcon_core.shell:Skip shell extension 'powershell' for command environment: Not usable outside of PowerShell
[2.625s] DEBUG:colcon.colcon_core.shell:Skip shell extension 'dsv' for command environment
[2.640s] Level 1:colcon.colcon_core.environment:create_environment_scripts_only(go2_description)
[2.641s] Level 1:colcon.colcon_core.environment:checking '/home/dwduong74/yahboom_src/install/go2_description' for CMake module files
[2.643s] Level 1:colcon.colcon_core.environment:checking '/home/dwduong74/yahboom_src/install/go2_description' for CMake config files
[2.642s] DEBUG:colcon.colcon_core.event_handler.log_command:Invoked command in '/home/dwduong74/yahboom_src/build/go2_description' returned '0': CMAKE_PREFIX_PATH=${CMAKE_PREFIX_PATH}:/home/dwduong74/yahboom_src/install/yahboom_set_height:/home/dwduong74/yahboom_src/install/yahboom_mediapipe:/home/dwduong74/yahboom_src/install/yahboom_gait:/home/dwduong74/yahboom_src/install/yahboom_dog_joint_state:/home/dwduong74/yahboom_src/install/yahboom_description:/home/dwduong74/yahboom_src/install/yahboom_bringup:/home/dwduong74/yahboom_src/install/yahboom_base:/home/dwduong74/yahboom_src/install/yahboom_app_save_map:/home/dwduong74/yahboom_src/install/tf_publisher:/home/dwduong74/yahboom_src/install/bringup:/home/dwduong74/LUMI_ws/install/custom_explorer:/opt/ros/humble /usr/bin/cmake --install /home/dwduong74/yahboom_src/build/go2_description
[2.643s] Level 1:colcon.colcon_core.shell:create_environment_hook('go2_description', 'cmake_prefix_path')
[2.644s] INFO:colcon.colcon_core.shell:Creating environment hook '/home/dwduong74/yahboom_src/install/go2_description/share/go2_description/hook/cmake_prefix_path.ps1'
[2.644s] INFO:colcon.colcon_core.shell:Creating environment descriptor '/home/dwduong74/yahboom_src/install/go2_description/share/go2_description/hook/cmake_prefix_path.dsv'
[2.645s] INFO:colcon.colcon_core.shell:Creating environment hook '/home/dwduong74/yahboom_src/install/go2_description/share/go2_description/hook/cmake_prefix_path.sh'
[2.645s] Level 1:colcon.colcon_core.environment:checking '/home/dwduong74/yahboom_src/install/go2_description/bin'
[2.646s] Level 1:colcon.colcon_core.environment:checking '/home/dwduong74/yahboom_src/install/go2_description/lib/pkgconfig/go2_description.pc'
[2.646s] Level 1:colcon.colcon_core.environment:checking '/home/dwduong74/yahboom_src/install/go2_description/lib/python3.10/site-packages'
[2.646s] Level 1:colcon.colcon_core.environment:checking '/home/dwduong74/yahboom_src/install/go2_description/bin'
[2.647s] INFO:colcon.colcon_core.shell:Creating package script '/home/dwduong74/yahboom_src/install/go2_description/share/go2_description/package.ps1'
[2.648s] INFO:colcon.colcon_core.shell:Creating package descriptor '/home/dwduong74/yahboom_src/install/go2_description/share/go2_description/package.dsv'
[2.649s] INFO:colcon.colcon_core.shell:Creating package script '/home/dwduong74/yahboom_src/install/go2_description/share/go2_description/package.sh'
[2.649s] INFO:colcon.colcon_core.shell:Creating package script '/home/dwduong74/yahboom_src/install/go2_description/share/go2_description/package.bash'
[2.650s] INFO:colcon.colcon_core.shell:Creating package script '/home/dwduong74/yahboom_src/install/go2_description/share/go2_description/package.zsh'
[2.651s] Level 1:colcon.colcon_core.environment:create_file_with_runtime_dependencies(/home/dwduong74/yahboom_src/install/go2_description/share/colcon-core/packages/go2_description)
[2.651s] Level 1:colcon.colcon_core.environment:create_environment_scripts_only(go2_description)
[2.652s] Level 1:colcon.colcon_core.environment:checking '/home/dwduong74/yahboom_src/install/go2_description' for CMake module files
[2.652s] Level 1:colcon.colcon_core.environment:checking '/home/dwduong74/yahboom_src/install/go2_description' for CMake config files
[2.653s] Level 1:colcon.colcon_core.shell:create_environment_hook('go2_description', 'cmake_prefix_path')
[2.653s] INFO:colcon.colcon_core.shell:Creating environment hook '/home/dwduong74/yahboom_src/install/go2_description/share/go2_description/hook/cmake_prefix_path.ps1'
[2.654s] INFO:colcon.colcon_core.shell:Creating environment descriptor '/home/dwduong74/yahboom_src/install/go2_description/share/go2_description/hook/cmake_prefix_path.dsv'
[2.655s] INFO:colcon.colcon_core.shell:Creating environment hook '/home/dwduong74/yahboom_src/install/go2_description/share/go2_description/hook/cmake_prefix_path.sh'
[2.656s] Level 1:colcon.colcon_core.environment:checking '/home/dwduong74/yahboom_src/install/go2_description/bin'
[2.657s] Level 1:colcon.colcon_core.environment:checking '/home/dwduong74/yahboom_src/install/go2_description/lib/pkgconfig/go2_description.pc'
[2.657s] Level 1:colcon.colcon_core.environment:checking '/home/dwduong74/yahboom_src/install/go2_description/lib/python3.10/site-packages'
[2.658s] Level 1:colcon.colcon_core.environment:checking '/home/dwduong74/yahboom_src/install/go2_description/bin'
[2.659s] INFO:colcon.colcon_core.shell:Creating package script '/home/dwduong74/yahboom_src/install/go2_description/share/go2_description/package.ps1'
[2.660s] INFO:colcon.colcon_core.shell:Creating package descriptor '/home/dwduong74/yahboom_src/install/go2_description/share/go2_description/package.dsv'
[2.661s] INFO:colcon.colcon_core.shell:Creating package script '/home/dwduong74/yahboom_src/install/go2_description/share/go2_description/package.sh'
[2.662s] INFO:colcon.colcon_core.shell:Creating package script '/home/dwduong74/yahboom_src/install/go2_description/share/go2_description/package.bash'
[2.663s] INFO:colcon.colcon_core.shell:Creating package script '/home/dwduong74/yahboom_src/install/go2_description/share/go2_description/package.zsh'
[2.664s] Level 1:colcon.colcon_core.environment:create_file_with_runtime_dependencies(/home/dwduong74/yahboom_src/install/go2_description/share/colcon-core/packages/go2_description)
[2.667s] INFO:colcon.colcon_ros.task.ament_python.build:Building ROS package in '/home/dwduong74/yahboom_src/src/yahboom_bringup' with build type 'ament_python'
[2.668s] Level 1:colcon.colcon_core.shell:create_environment_hook('yahboom_bringup', 'ament_prefix_path')
[2.668s] INFO:colcon.colcon_core.shell:Creating environment hook '/home/dwduong74/yahboom_src/install/yahboom_bringup/share/yahboom_bringup/hook/ament_prefix_path.ps1'
[2.669s] INFO:colcon.colcon_core.shell:Creating environment descriptor '/home/dwduong74/yahboom_src/install/yahboom_bringup/share/yahboom_bringup/hook/ament_prefix_path.dsv'
[2.670s] INFO:colcon.colcon_core.shell:Creating environment hook '/home/dwduong74/yahboom_src/install/yahboom_bringup/share/yahboom_bringup/hook/ament_prefix_path.sh'
[2.672s] INFO:colcon.colcon_core.shell:Skip shell extension 'powershell' for command environment: Not usable outside of PowerShell
[2.672s] DEBUG:colcon.colcon_core.shell:Skip shell extension 'dsv' for command environment
[2.695s] DEBUG:colcon.colcon_core.event_handler.log_command:Invoked command in '/home/dwduong74/yahboom_src/build/champ_base' returned '0': CMAKE_PREFIX_PATH=/home/dwduong74/yahboom_src/install/champ_msgs:/home/dwduong74/yahboom_src/install/champ:/home/dwduong74/yahboom_src/install/yahboom_msgs:/home/dwduong74/yahboom_src/install/velodyne_simulator:/home/dwduong74/yahboom_src/install/velodyne_description:/home/dwduong74/yahboom_src/install/champ_bringup:/home/dwduong74/yahboom_src/install/champ_description:/home/dwduong74/yahboom_src/install/velodyne_gazebo_plugins:/home/dwduong74/yahboom_src/install/oradar_lidar:/home/dwduong74/yahboom_src/install/image_color_lab:/home/dwduong74/yahboom_src/install/go2_description:/home/dwduong74/yahboom_src/install/go2_config:/home/dwduong74/yahboom_src/install/dogzilla_description:/home/dwduong74/yahboom_src/install/dogzilla_config:/home/dwduong74/yahboom_src/install/champ_teleop:/home/dwduong74/yahboom_src/install/champ_navigation:/home/dwduong74/yahboom_src/install/champ_gazebo:/home/dwduong74/yahboom_src/install/champ_base:/home/dwduong74/yahboom_src/install/champ_config:/home/dwduong74/LUMI_ws/install/turtlebot3_manipulation_gazebo:/home/dwduong74/LUMI_ws/install/champ:/home/dwduong74/LUMI_ws/install/rf2o_laser_odometry:/home/dwduong74/yahboom_src/install/yahboom_set_height:/home/dwduong74/yahboom_src/install/yahboom_mediapipe:/home/dwduong74/yahboom_src/install/yahboom_gait:/home/dwduong74/yahboom_src/install/yahboom_dog_joint_state:/home/dwduong74/yahboom_src/install/yahboom_description:/home/dwduong74/yahboom_src/install/yahboom_bringup:/home/dwduong74/yahboom_src/install/yahboom_base:/home/dwduong74/yahboom_src/install/yahboom_app_save_map:/home/dwduong74/yahboom_src/install/tf_publisher:/home/dwduong74/yahboom_src/install/bringup:/home/dwduong74/LUMI_ws/install/custom_explorer:/opt/ros/humble LD_LIBRARY_PATH=/home/dwduong74/yahboom_src/install/champ_msgs/lib:/home/dwduong74/yahboom_src/install/yahboom_msgs/lib:/home/dwduong74/yahboom_src/install/velodyne_gazebo_plugins/lib:/home/dwduong74/yahboom_src/install/image_color_lab/lib:/home/dwduong74/yahboom_src/install/champ_base/lib:/usr/lib/x86_64-linux-gnu/gazebo-11/plugins:/opt/ros/humble/opt/rviz_ogre_vendor/lib:/opt/ros/humble/lib/x86_64-linux-gnu:/opt/ros/humble/lib /usr/bin/cmake --build /home/dwduong74/yahboom_src/build/champ_base -- -j8 -l8
[2.696s] DEBUG:colcon.colcon_core.event_handler.log_command:Invoking command in '/home/dwduong74/yahboom_src/build/champ_base': CMAKE_PREFIX_PATH=/home/dwduong74/yahboom_src/install/champ_msgs:/home/dwduong74/yahboom_src/install/champ:/home/dwduong74/yahboom_src/install/yahboom_msgs:/home/dwduong74/yahboom_src/install/velodyne_simulator:/home/dwduong74/yahboom_src/install/velodyne_description:/home/dwduong74/yahboom_src/install/champ_bringup:/home/dwduong74/yahboom_src/install/champ_description:/home/dwduong74/yahboom_src/install/velodyne_gazebo_plugins:/home/dwduong74/yahboom_src/install/oradar_lidar:/home/dwduong74/yahboom_src/install/image_color_lab:/home/dwduong74/yahboom_src/install/go2_description:/home/dwduong74/yahboom_src/install/go2_config:/home/dwduong74/yahboom_src/install/dogzilla_description:/home/dwduong74/yahboom_src/install/dogzilla_config:/home/dwduong74/yahboom_src/install/champ_teleop:/home/dwduong74/yahboom_src/install/champ_navigation:/home/dwduong74/yahboom_src/install/champ_gazebo:/home/dwduong74/yahboom_src/install/champ_base:/home/dwduong74/yahboom_src/install/champ_config:/home/dwduong74/LUMI_ws/install/turtlebot3_manipulation_gazebo:/home/dwduong74/LUMI_ws/install/champ:/home/dwduong74/LUMI_ws/install/rf2o_laser_odometry:/home/dwduong74/yahboom_src/install/yahboom_set_height:/home/dwduong74/yahboom_src/install/yahboom_mediapipe:/home/dwduong74/yahboom_src/install/yahboom_gait:/home/dwduong74/yahboom_src/install/yahboom_dog_joint_state:/home/dwduong74/yahboom_src/install/yahboom_description:/home/dwduong74/yahboom_src/install/yahboom_bringup:/home/dwduong74/yahboom_src/install/yahboom_base:/home/dwduong74/yahboom_src/install/yahboom_app_save_map:/home/dwduong74/yahboom_src/install/tf_publisher:/home/dwduong74/yahboom_src/install/bringup:/home/dwduong74/LUMI_ws/install/custom_explorer:/opt/ros/humble LD_LIBRARY_PATH=/home/dwduong74/yahboom_src/install/champ_msgs/lib:/home/dwduong74/yahboom_src/install/yahboom_msgs/lib:/home/dwduong74/yahboom_src/install/velodyne_gazebo_plugins/lib:/home/dwduong74/yahboom_src/install/image_color_lab/lib:/home/dwduong74/yahboom_src/install/champ_base/lib:/usr/lib/x86_64-linux-gnu/gazebo-11/plugins:/opt/ros/humble/opt/rviz_ogre_vendor/lib:/opt/ros/humble/lib/x86_64-linux-gnu:/opt/ros/humble/lib /usr/bin/cmake --install /home/dwduong74/yahboom_src/build/champ_base
[3.392s] INFO:colcon.colcon_core.task.python.build:Building Python package in '/home/dwduong74/yahboom_src/src/tf_publisher'
[3.393s] INFO:colcon.colcon_core.shell:Skip shell extension 'powershell' for command environment: Not usable outside of PowerShell
[3.393s] DEBUG:colcon.colcon_core.shell:Skip shell extension 'dsv' for command environment
[3.966s] INFO:colcon.colcon_core.task.python.build:Building Python package in '/home/dwduong74/yahboom_src/src/yahboom_app_save_map'
[3.966s] INFO:colcon.colcon_core.shell:Skip shell extension 'powershell' for command environment: Not usable outside of PowerShell
[3.966s] DEBUG:colcon.colcon_core.shell:Skip shell extension 'dsv' for command environment
[3.974s] DEBUG:colcon.colcon_core.event_handler.log_command:Invoked command in '/home/dwduong74/yahboom_src/build/oradar_lidar' returned '0': CMAKE_PREFIX_PATH=${CMAKE_PREFIX_PATH}:/home/dwduong74/yahboom_src/install/yahboom_set_height:/home/dwduong74/yahboom_src/install/yahboom_mediapipe:/home/dwduong74/yahboom_src/install/yahboom_gait:/home/dwduong74/yahboom_src/install/yahboom_dog_joint_state:/home/dwduong74/yahboom_src/install/yahboom_description:/home/dwduong74/yahboom_src/install/yahboom_bringup:/home/dwduong74/yahboom_src/install/yahboom_base:/home/dwduong74/yahboom_src/install/yahboom_app_save_map:/home/dwduong74/yahboom_src/install/tf_publisher:/home/dwduong74/yahboom_src/install/bringup:/home/dwduong74/LUMI_ws/install/custom_explorer:/opt/ros/humble /usr/bin/cmake --build /home/dwduong74/yahboom_src/build/oradar_lidar -- -j8 -l8
[3.978s] DEBUG:colcon.colcon_core.event_handler.log_command:Invoking command in '/home/dwduong74/yahboom_src/build/oradar_lidar': CMAKE_PREFIX_PATH=${CMAKE_PREFIX_PATH}:/home/dwduong74/yahboom_src/install/yahboom_set_height:/home/dwduong74/yahboom_src/install/yahboom_mediapipe:/home/dwduong74/yahboom_src/install/yahboom_gait:/home/dwduong74/yahboom_src/install/yahboom_dog_joint_state:/home/dwduong74/yahboom_src/install/yahboom_description:/home/dwduong74/yahboom_src/install/yahboom_bringup:/home/dwduong74/yahboom_src/install/yahboom_base:/home/dwduong74/yahboom_src/install/yahboom_app_save_map:/home/dwduong74/yahboom_src/install/tf_publisher:/home/dwduong74/yahboom_src/install/bringup:/home/dwduong74/LUMI_ws/install/custom_explorer:/opt/ros/humble /usr/bin/cmake --install /home/dwduong74/yahboom_src/build/oradar_lidar
[4.552s] INFO:colcon.colcon_core.task.python.build:Building Python package in '/home/dwduong74/yahboom_src/src/yahboom_base'
[4.553s] INFO:colcon.colcon_core.shell:Skip shell extension 'powershell' for command environment: Not usable outside of PowerShell
[4.553s] DEBUG:colcon.colcon_core.shell:Skip shell extension 'dsv' for command environment
[4.565s] DEBUG:colcon.colcon_core.event_handler.log_command:Invoking command in '/home/dwduong74/yahboom_src/src/bringup': PYTHONPATH=/home/dwduong74/yahboom_src/build/bringup/prefix_override:/usr/lib/python3/dist-packages/colcon_core/task/python/colcon_distutils_commands:/home/dwduong74/yahboom_src/install/bringup/lib/python3.10/site-packages:${PYTHONPATH} /usr/bin/python3 -W ignore:setup.py install is deprecated -W ignore:easy_install command is deprecated setup.py egg_info --egg-base ../../build/bringup build --build-base /home/dwduong74/yahboom_src/build/bringup/build install --record /home/dwduong74/yahboom_src/build/bringup/install.log --single-version-externally-managed install_data
[4.567s] DEBUG:colcon.colcon_core.event_handler.log_command:Invoked command in '/home/dwduong74/yahboom_src/build/image_color_lab' returned '0': CMAKE_PREFIX_PATH=${CMAKE_PREFIX_PATH}:/home/dwduong74/yahboom_src/install/yahboom_set_height:/home/dwduong74/yahboom_src/install/yahboom_mediapipe:/home/dwduong74/yahboom_src/install/yahboom_gait:/home/dwduong74/yahboom_src/install/yahboom_dog_joint_state:/home/dwduong74/yahboom_src/install/yahboom_description:/home/dwduong74/yahboom_src/install/yahboom_bringup:/home/dwduong74/yahboom_src/install/yahboom_base:/home/dwduong74/yahboom_src/install/yahboom_app_save_map:/home/dwduong74/yahboom_src/install/tf_publisher:/home/dwduong74/yahboom_src/install/bringup:/home/dwduong74/LUMI_ws/install/custom_explorer:/opt/ros/humble /usr/bin/cmake --build /home/dwduong74/yahboom_src/build/image_color_lab -- -j8 -l8
[4.569s] DEBUG:colcon.colcon_core.event_handler.log_command:Invoking command in '/home/dwduong74/yahboom_src/build/image_color_lab': CMAKE_PREFIX_PATH=${CMAKE_PREFIX_PATH}:/home/dwduong74/yahboom_src/install/yahboom_set_height:/home/dwduong74/yahboom_src/install/yahboom_mediapipe:/home/dwduong74/yahboom_src/install/yahboom_gait:/home/dwduong74/yahboom_src/install/yahboom_dog_joint_state:/home/dwduong74/yahboom_src/install/yahboom_description:/home/dwduong74/yahboom_src/install/yahboom_bringup:/home/dwduong74/yahboom_src/install/yahboom_base:/home/dwduong74/yahboom_src/install/yahboom_app_save_map:/home/dwduong74/yahboom_src/install/tf_publisher:/home/dwduong74/yahboom_src/install/bringup:/home/dwduong74/LUMI_ws/install/custom_explorer:/opt/ros/humble /usr/bin/cmake --install /home/dwduong74/yahboom_src/build/image_color_lab
[5.174s] INFO:colcon.colcon_core.task.python.build:Building Python package in '/home/dwduong74/yahboom_src/src/yahboom_bringup'
[5.175s] INFO:colcon.colcon_core.shell:Skip shell extension 'powershell' for command environment: Not usable outside of PowerShell
[5.175s] DEBUG:colcon.colcon_core.shell:Skip shell extension 'dsv' for command environment
[5.183s] Level 1:colcon.colcon_core.environment:create_environment_scripts_only(champ_base)
[5.184s] Level 1:colcon.colcon_core.environment:checking '/home/dwduong74/yahboom_src/install/champ_base' for CMake module files
[5.185s] DEBUG:colcon.colcon_core.event_handler.log_command:Invoked command in '/home/dwduong74/yahboom_src/build/champ_base' returned '0': CMAKE_PREFIX_PATH=/home/dwduong74/yahboom_src/install/champ_msgs:/home/dwduong74/yahboom_src/install/champ:/home/dwduong74/yahboom_src/install/yahboom_msgs:/home/dwduong74/yahboom_src/install/velodyne_simulator:/home/dwduong74/yahboom_src/install/velodyne_description:/home/dwduong74/yahboom_src/install/champ_bringup:/home/dwduong74/yahboom_src/install/champ_description:/home/dwduong74/yahboom_src/install/velodyne_gazebo_plugins:/home/dwduong74/yahboom_src/install/oradar_lidar:/home/dwduong74/yahboom_src/install/image_color_lab:/home/dwduong74/yahboom_src/install/go2_description:/home/dwduong74/yahboom_src/install/go2_config:/home/dwduong74/yahboom_src/install/dogzilla_description:/home/dwduong74/yahboom_src/install/dogzilla_config:/home/dwduong74/yahboom_src/install/champ_teleop:/home/dwduong74/yahboom_src/install/champ_navigation:/home/dwduong74/yahboom_src/install/champ_gazebo:/home/dwduong74/yahboom_src/install/champ_base:/home/dwduong74/yahboom_src/install/champ_config:/home/dwduong74/LUMI_ws/install/turtlebot3_manipulation_gazebo:/home/dwduong74/LUMI_ws/install/champ:/home/dwduong74/LUMI_ws/install/rf2o_laser_odometry:/home/dwduong74/yahboom_src/install/yahboom_set_height:/home/dwduong74/yahboom_src/install/yahboom_mediapipe:/home/dwduong74/yahboom_src/install/yahboom_gait:/home/dwduong74/yahboom_src/install/yahboom_dog_joint_state:/home/dwduong74/yahboom_src/install/yahboom_description:/home/dwduong74/yahboom_src/install/yahboom_bringup:/home/dwduong74/yahboom_src/install/yahboom_base:/home/dwduong74/yahboom_src/install/yahboom_app_save_map:/home/dwduong74/yahboom_src/install/tf_publisher:/home/dwduong74/yahboom_src/install/bringup:/home/dwduong74/LUMI_ws/install/custom_explorer:/opt/ros/humble LD_LIBRARY_PATH=/home/dwduong74/yahboom_src/install/champ_msgs/lib:/home/dwduong74/yahboom_src/install/yahboom_msgs/lib:/home/dwduong74/yahboom_src/install/velodyne_gazebo_plugins/lib:/home/dwduong74/yahboom_src/install/image_color_lab/lib:/home/dwduong74/yahboom_src/install/champ_base/lib:/usr/lib/x86_64-linux-gnu/gazebo-11/plugins:/opt/ros/humble/opt/rviz_ogre_vendor/lib:/opt/ros/humble/lib/x86_64-linux-gnu:/opt/ros/humble/lib /usr/bin/cmake --install /home/dwduong74/yahboom_src/build/champ_base
[5.186s] Level 1:colcon.colcon_core.environment:checking '/home/dwduong74/yahboom_src/install/champ_base' for CMake config files
[5.187s] Level 1:colcon.colcon_core.shell:create_environment_hook('champ_base', 'cmake_prefix_path')
[5.187s] INFO:colcon.colcon_core.shell:Creating environment hook '/home/dwduong74/yahboom_src/install/champ_base/share/champ_base/hook/cmake_prefix_path.ps1'
[5.188s] INFO:colcon.colcon_core.shell:Creating environment descriptor '/home/dwduong74/yahboom_src/install/champ_base/share/champ_base/hook/cmake_prefix_path.dsv'
[5.189s] INFO:colcon.colcon_core.shell:Creating environment hook '/home/dwduong74/yahboom_src/install/champ_base/share/champ_base/hook/cmake_prefix_path.sh'
[5.190s] Level 1:colcon.colcon_core.environment:checking '/home/dwduong74/yahboom_src/install/champ_base/lib'
[5.190s] Level 1:colcon.colcon_core.shell:create_environment_hook('champ_base', 'ld_library_path_lib')
[5.190s] INFO:colcon.colcon_core.shell:Creating environment hook '/home/dwduong74/yahboom_src/install/champ_base/share/champ_base/hook/ld_library_path_lib.ps1'
[5.191s] INFO:colcon.colcon_core.shell:Creating environment descriptor '/home/dwduong74/yahboom_src/install/champ_base/share/champ_base/hook/ld_library_path_lib.dsv'
[5.192s] INFO:colcon.colcon_core.shell:Creating environment hook '/home/dwduong74/yahboom_src/install/champ_base/share/champ_base/hook/ld_library_path_lib.sh'
[5.192s] Level 1:colcon.colcon_core.environment:checking '/home/dwduong74/yahboom_src/install/champ_base/bin'
[5.193s] Level 1:colcon.colcon_core.shell:create_environment_hook('champ_base', 'path')
[5.193s] INFO:colcon.colcon_core.shell:Creating environment hook '/home/dwduong74/yahboom_src/install/champ_base/share/champ_base/hook/path.ps1'
[5.194s] INFO:colcon.colcon_core.shell:Creating environment descriptor '/home/dwduong74/yahboom_src/install/champ_base/share/champ_base/hook/path.dsv'
[5.195s] INFO:colcon.colcon_core.shell:Creating environment hook '/home/dwduong74/yahboom_src/install/champ_base/share/champ_base/hook/path.sh'
[5.196s] Level 1:colcon.colcon_core.environment:checking '/home/dwduong74/yahboom_src/install/champ_base/lib/pkgconfig/champ_base.pc'
[5.197s] Level 1:colcon.colcon_core.environment:checking '/home/dwduong74/yahboom_src/install/champ_base/lib/python3.10/site-packages'
[5.197s] Level 1:colcon.colcon_core.environment:checking '/home/dwduong74/yahboom_src/install/champ_base/bin'
[5.197s] Level 1:colcon.colcon_core.shell:create_environment_hook('champ_base', 'pythonscriptspath')
[5.198s] INFO:colcon.colcon_core.shell:Creating environment hook '/home/dwduong74/yahboom_src/install/champ_base/share/champ_base/hook/pythonscriptspath.ps1'
[5.199s] INFO:colcon.colcon_core.shell:Creating environment descriptor '/home/dwduong74/yahboom_src/install/champ_base/share/champ_base/hook/pythonscriptspath.dsv'
[5.199s] INFO:colcon.colcon_core.shell:Creating environment hook '/home/dwduong74/yahboom_src/install/champ_base/share/champ_base/hook/pythonscriptspath.sh'
[5.201s] INFO:colcon.colcon_core.shell:Creating package script '/home/dwduong74/yahboom_src/install/champ_base/share/champ_base/package.ps1'
[5.202s] INFO:colcon.colcon_core.shell:Creating package descriptor '/home/dwduong74/yahboom_src/install/champ_base/share/champ_base/package.dsv'
[5.203s] INFO:colcon.colcon_core.shell:Creating package script '/home/dwduong74/yahboom_src/install/champ_base/share/champ_base/package.sh'
[5.204s] INFO:colcon.colcon_core.shell:Creating package script '/home/dwduong74/yahboom_src/install/champ_base/share/champ_base/package.bash'
[5.205s] INFO:colcon.colcon_core.shell:Creating package script '/home/dwduong74/yahboom_src/install/champ_base/share/champ_base/package.zsh'
[5.206s] Level 1:colcon.colcon_core.environment:create_file_with_runtime_dependencies(/home/dwduong74/yahboom_src/install/champ_base/share/colcon-core/packages/champ_base)
[5.207s] Level 1:colcon.colcon_core.environment:create_environment_scripts_only(champ_base)
[5.207s] Level 1:colcon.colcon_core.environment:checking '/home/dwduong74/yahboom_src/install/champ_base' for CMake module files
[5.208s] Level 1:colcon.colcon_core.environment:checking '/home/dwduong74/yahboom_src/install/champ_base' for CMake config files
[5.208s] Level 1:colcon.colcon_core.shell:create_environment_hook('champ_base', 'cmake_prefix_path')
[5.209s] INFO:colcon.colcon_core.shell:Creating environment hook '/home/dwduong74/yahboom_src/install/champ_base/share/champ_base/hook/cmake_prefix_path.ps1'
[5.211s] INFO:colcon.colcon_core.shell:Creating environment descriptor '/home/dwduong74/yahboom_src/install/champ_base/share/champ_base/hook/cmake_prefix_path.dsv'
[5.212s] INFO:colcon.colcon_core.shell:Creating environment hook '/home/dwduong74/yahboom_src/install/champ_base/share/champ_base/hook/cmake_prefix_path.sh'
[5.213s] Level 1:colcon.colcon_core.environment:checking '/home/dwduong74/yahboom_src/install/champ_base/lib'
[5.213s] Level 1:colcon.colcon_core.shell:create_environment_hook('champ_base', 'ld_library_path_lib')
[5.214s] INFO:colcon.colcon_core.shell:Creating environment hook '/home/dwduong74/yahboom_src/install/champ_base/share/champ_base/hook/ld_library_path_lib.ps1'
[5.214s] INFO:colcon.colcon_core.shell:Creating environment descriptor '/home/dwduong74/yahboom_src/install/champ_base/share/champ_base/hook/ld_library_path_lib.dsv'
[5.215s] INFO:colcon.colcon_core.shell:Creating environment hook '/home/dwduong74/yahboom_src/install/champ_base/share/champ_base/hook/ld_library_path_lib.sh'
[5.216s] Level 1:colcon.colcon_core.environment:checking '/home/dwduong74/yahboom_src/install/champ_base/bin'
[5.216s] Level 1:colcon.colcon_core.shell:create_environment_hook('champ_base', 'path')
[5.217s] INFO:colcon.colcon_core.shell:Creating environment hook '/home/dwduong74/yahboom_src/install/champ_base/share/champ_base/hook/path.ps1'
[5.218s] INFO:colcon.colcon_core.shell:Creating environment descriptor '/home/dwduong74/yahboom_src/install/champ_base/share/champ_base/hook/path.dsv'
[5.218s] INFO:colcon.colcon_core.shell:Creating environment hook '/home/dwduong74/yahboom_src/install/champ_base/share/champ_base/hook/path.sh'
[5.219s] Level 1:colcon.colcon_core.environment:checking '/home/dwduong74/yahboom_src/install/champ_base/lib/pkgconfig/champ_base.pc'
[5.219s] Level 1:colcon.colcon_core.environment:checking '/home/dwduong74/yahboom_src/install/champ_base/lib/python3.10/site-packages'
[5.220s] Level 1:colcon.colcon_core.environment:checking '/home/dwduong74/yahboom_src/install/champ_base/bin'
[5.220s] Level 1:colcon.colcon_core.shell:create_environment_hook('champ_base', 'pythonscriptspath')
[5.221s] INFO:colcon.colcon_core.shell:Creating environment hook '/home/dwduong74/yahboom_src/install/champ_base/share/champ_base/hook/pythonscriptspath.ps1'
[5.222s] INFO:colcon.colcon_core.shell:Creating environment descriptor '/home/dwduong74/yahboom_src/install/champ_base/share/champ_base/hook/pythonscriptspath.dsv'
[5.222s] INFO:colcon.colcon_core.shell:Creating environment hook '/home/dwduong74/yahboom_src/install/champ_base/share/champ_base/hook/pythonscriptspath.sh'
[5.224s] INFO:colcon.colcon_core.shell:Creating package script '/home/dwduong74/yahboom_src/install/champ_base/share/champ_base/package.ps1'
[5.225s] INFO:colcon.colcon_core.shell:Creating package descriptor '/home/dwduong74/yahboom_src/install/champ_base/share/champ_base/package.dsv'
[5.226s] INFO:colcon.colcon_core.shell:Creating package script '/home/dwduong74/yahboom_src/install/champ_base/share/champ_base/package.sh'
[5.227s] INFO:colcon.colcon_core.shell:Creating package script '/home/dwduong74/yahboom_src/install/champ_base/share/champ_base/package.bash'
[5.228s] INFO:colcon.colcon_core.shell:Creating package script '/home/dwduong74/yahboom_src/install/champ_base/share/champ_base/package.zsh'
[5.228s] Level 1:colcon.colcon_core.environment:create_file_with_runtime_dependencies(/home/dwduong74/yahboom_src/install/champ_base/share/colcon-core/packages/champ_base)
[5.235s] INFO:colcon.colcon_ros.task.ament_python.build:Building ROS package in '/home/dwduong74/yahboom_src/src/yahboom_description' with build type 'ament_python'
[5.236s] Level 1:colcon.colcon_core.shell:create_environment_hook('yahboom_description', 'ament_prefix_path')
[5.236s] INFO:colcon.colcon_core.shell:Creating environment hook '/home/dwduong74/yahboom_src/install/yahboom_description/share/yahboom_description/hook/ament_prefix_path.ps1'
[5.238s] INFO:colcon.colcon_core.shell:Creating environment descriptor '/home/dwduong74/yahboom_src/install/yahboom_description/share/yahboom_description/hook/ament_prefix_path.dsv'
[5.240s] INFO:colcon.colcon_core.shell:Creating environment hook '/home/dwduong74/yahboom_src/install/yahboom_description/share/yahboom_description/hook/ament_prefix_path.sh'
[5.242s] INFO:colcon.colcon_core.shell:Skip shell extension 'powershell' for command environment: Not usable outside of PowerShell
[5.243s] DEBUG:colcon.colcon_core.shell:Skip shell extension 'dsv' for command environment
[5.268s] Level 1:colcon.colcon_core.environment:create_environment_scripts_only(oradar_lidar)
[5.269s] Level 1:colcon.colcon_core.environment:checking '/home/dwduong74/yahboom_src/install/oradar_lidar' for CMake module files
[5.270s] DEBUG:colcon.colcon_core.event_handler.log_command:Invoked command in '/home/dwduong74/yahboom_src/build/oradar_lidar' returned '0': CMAKE_PREFIX_PATH=${CMAKE_PREFIX_PATH}:/home/dwduong74/yahboom_src/install/yahboom_set_height:/home/dwduong74/yahboom_src/install/yahboom_mediapipe:/home/dwduong74/yahboom_src/install/yahboom_gait:/home/dwduong74/yahboom_src/install/yahboom_dog_joint_state:/home/dwduong74/yahboom_src/install/yahboom_description:/home/dwduong74/yahboom_src/install/yahboom_bringup:/home/dwduong74/yahboom_src/install/yahboom_base:/home/dwduong74/yahboom_src/install/yahboom_app_save_map:/home/dwduong74/yahboom_src/install/tf_publisher:/home/dwduong74/yahboom_src/install/bringup:/home/dwduong74/LUMI_ws/install/custom_explorer:/opt/ros/humble /usr/bin/cmake --install /home/dwduong74/yahboom_src/build/oradar_lidar
[5.271s] Level 1:colcon.colcon_core.environment:checking '/home/dwduong74/yahboom_src/install/oradar_lidar' for CMake config files
[5.271s] Level 1:colcon.colcon_core.shell:create_environment_hook('oradar_lidar', 'cmake_prefix_path')
[5.272s] INFO:colcon.colcon_core.shell:Creating environment hook '/home/dwduong74/yahboom_src/install/oradar_lidar/share/oradar_lidar/hook/cmake_prefix_path.ps1'
[5.272s] INFO:colcon.colcon_core.shell:Creating environment descriptor '/home/dwduong74/yahboom_src/install/oradar_lidar/share/oradar_lidar/hook/cmake_prefix_path.dsv'
[5.273s] INFO:colcon.colcon_core.shell:Creating environment hook '/home/dwduong74/yahboom_src/install/oradar_lidar/share/oradar_lidar/hook/cmake_prefix_path.sh'
[5.273s] Level 1:colcon.colcon_core.environment:checking '/home/dwduong74/yahboom_src/install/oradar_lidar/lib'
[5.273s] Level 1:colcon.colcon_core.environment:checking '/home/dwduong74/yahboom_src/install/oradar_lidar/bin'
[5.273s] Level 1:colcon.colcon_core.shell:create_environment_hook('oradar_lidar', 'path')
[5.274s] INFO:colcon.colcon_core.shell:Creating environment hook '/home/dwduong74/yahboom_src/install/oradar_lidar/share/oradar_lidar/hook/path.ps1'
[5.274s] INFO:colcon.colcon_core.shell:Creating environment descriptor '/home/dwduong74/yahboom_src/install/oradar_lidar/share/oradar_lidar/hook/path.dsv'
[5.275s] INFO:colcon.colcon_core.shell:Creating environment hook '/home/dwduong74/yahboom_src/install/oradar_lidar/share/oradar_lidar/hook/path.sh'
[5.275s] Level 1:colcon.colcon_core.environment:checking '/home/dwduong74/yahboom_src/install/oradar_lidar/lib/pkgconfig/oradar_lidar.pc'
[5.276s] Level 1:colcon.colcon_core.environment:checking '/home/dwduong74/yahboom_src/install/oradar_lidar/lib/python3.10/site-packages'
[5.277s] Level 1:colcon.colcon_core.environment:checking '/home/dwduong74/yahboom_src/install/oradar_lidar/bin'
[5.277s] Level 1:colcon.colcon_core.shell:create_environment_hook('oradar_lidar', 'pythonscriptspath')
[5.277s] INFO:colcon.colcon_core.shell:Creating environment hook '/home/dwduong74/yahboom_src/install/oradar_lidar/share/oradar_lidar/hook/pythonscriptspath.ps1'
[5.278s] INFO:colcon.colcon_core.shell:Creating environment descriptor '/home/dwduong74/yahboom_src/install/oradar_lidar/share/oradar_lidar/hook/pythonscriptspath.dsv'
[5.279s] INFO:colcon.colcon_core.shell:Creating environment hook '/home/dwduong74/yahboom_src/install/oradar_lidar/share/oradar_lidar/hook/pythonscriptspath.sh'
[5.280s] INFO:colcon.colcon_core.shell:Creating package script '/home/dwduong74/yahboom_src/install/oradar_lidar/share/oradar_lidar/package.ps1'
[5.281s] INFO:colcon.colcon_core.shell:Creating package descriptor '/home/dwduong74/yahboom_src/install/oradar_lidar/share/oradar_lidar/package.dsv'
[5.282s] INFO:colcon.colcon_core.shell:Creating package script '/home/dwduong74/yahboom_src/install/oradar_lidar/share/oradar_lidar/package.sh'
[5.283s] INFO:colcon.colcon_core.shell:Creating package script '/home/dwduong74/yahboom_src/install/oradar_lidar/share/oradar_lidar/package.bash'
[5.283s] INFO:colcon.colcon_core.shell:Creating package script '/home/dwduong74/yahboom_src/install/oradar_lidar/share/oradar_lidar/package.zsh'
[5.283s] Level 1:colcon.colcon_core.environment:create_file_with_runtime_dependencies(/home/dwduong74/yahboom_src/install/oradar_lidar/share/colcon-core/packages/oradar_lidar)
[5.284s] Level 1:colcon.colcon_core.environment:create_environment_scripts_only(oradar_lidar)
[5.284s] Level 1:colcon.colcon_core.environment:checking '/home/dwduong74/yahboom_src/install/oradar_lidar' for CMake module files
[5.285s] Level 1:colcon.colcon_core.environment:checking '/home/dwduong74/yahboom_src/install/oradar_lidar' for CMake config files
[5.285s] Level 1:colcon.colcon_core.shell:create_environment_hook('oradar_lidar', 'cmake_prefix_path')
[5.285s] INFO:colcon.colcon_core.shell:Creating environment hook '/home/dwduong74/yahboom_src/install/oradar_lidar/share/oradar_lidar/hook/cmake_prefix_path.ps1'
[5.286s] INFO:colcon.colcon_core.shell:Creating environment descriptor '/home/dwduong74/yahboom_src/install/oradar_lidar/share/oradar_lidar/hook/cmake_prefix_path.dsv'
[5.286s] INFO:colcon.colcon_core.shell:Creating environment hook '/home/dwduong74/yahboom_src/install/oradar_lidar/share/oradar_lidar/hook/cmake_prefix_path.sh'
[5.287s] Level 1:colcon.colcon_core.environment:checking '/home/dwduong74/yahboom_src/install/oradar_lidar/lib'
[5.287s] Level 1:colcon.colcon_core.environment:checking '/home/dwduong74/yahboom_src/install/oradar_lidar/bin'
[5.287s] Level 1:colcon.colcon_core.shell:create_environment_hook('oradar_lidar', 'path')
[5.288s] INFO:colcon.colcon_core.shell:Creating environment hook '/home/dwduong74/yahboom_src/install/oradar_lidar/share/oradar_lidar/hook/path.ps1'
[5.288s] INFO:colcon.colcon_core.shell:Creating environment descriptor '/home/dwduong74/yahboom_src/install/oradar_lidar/share/oradar_lidar/hook/path.dsv'
[5.288s] INFO:colcon.colcon_core.shell:Creating environment hook '/home/dwduong74/yahboom_src/install/oradar_lidar/share/oradar_lidar/hook/path.sh'
[5.289s] Level 1:colcon.colcon_core.environment:checking '/home/dwduong74/yahboom_src/install/oradar_lidar/lib/pkgconfig/oradar_lidar.pc'
[5.289s] Level 1:colcon.colcon_core.environment:checking '/home/dwduong74/yahboom_src/install/oradar_lidar/lib/python3.10/site-packages'
[5.290s] Level 1:colcon.colcon_core.environment:checking '/home/dwduong74/yahboom_src/install/oradar_lidar/bin'
[5.290s] Level 1:colcon.colcon_core.shell:create_environment_hook('oradar_lidar', 'pythonscriptspath')
[5.291s] INFO:colcon.colcon_core.shell:Creating environment hook '/home/dwduong74/yahboom_src/install/oradar_lidar/share/oradar_lidar/hook/pythonscriptspath.ps1'
[5.291s] INFO:colcon.colcon_core.shell:Creating environment descriptor '/home/dwduong74/yahboom_src/install/oradar_lidar/share/oradar_lidar/hook/pythonscriptspath.dsv'
[5.292s] INFO:colcon.colcon_core.shell:Creating environment hook '/home/dwduong74/yahboom_src/install/oradar_lidar/share/oradar_lidar/hook/pythonscriptspath.sh'
[5.293s] INFO:colcon.colcon_core.shell:Creating package script '/home/dwduong74/yahboom_src/install/oradar_lidar/share/oradar_lidar/package.ps1'
[5.293s] INFO:colcon.colcon_core.shell:Creating package descriptor '/home/dwduong74/yahboom_src/install/oradar_lidar/share/oradar_lidar/package.dsv'
[5.294s] INFO:colcon.colcon_core.shell:Creating package script '/home/dwduong74/yahboom_src/install/oradar_lidar/share/oradar_lidar/package.sh'
[5.295s] INFO:colcon.colcon_core.shell:Creating package script '/home/dwduong74/yahboom_src/install/oradar_lidar/share/oradar_lidar/package.bash'
[5.296s] INFO:colcon.colcon_core.shell:Creating package script '/home/dwduong74/yahboom_src/install/oradar_lidar/share/oradar_lidar/package.zsh'
[5.296s] Level 1:colcon.colcon_core.environment:create_file_with_runtime_dependencies(/home/dwduong74/yahboom_src/install/oradar_lidar/share/colcon-core/packages/oradar_lidar)
[5.301s] INFO:colcon.colcon_ros.task.ament_python.build:Building ROS package in '/home/dwduong74/yahboom_src/src/yahboom_dog_joint_state' with build type 'ament_python'
[5.302s] Level 1:colcon.colcon_core.shell:create_environment_hook('yahboom_dog_joint_state', 'ament_prefix_path')
[5.302s] INFO:colcon.colcon_core.shell:Creating environment hook '/home/dwduong74/yahboom_src/install/yahboom_dog_joint_state/share/yahboom_dog_joint_state/hook/ament_prefix_path.ps1'
[5.303s] INFO:colcon.colcon_core.shell:Creating environment descriptor '/home/dwduong74/yahboom_src/install/yahboom_dog_joint_state/share/yahboom_dog_joint_state/hook/ament_prefix_path.dsv'
[5.304s] INFO:colcon.colcon_core.shell:Creating environment hook '/home/dwduong74/yahboom_src/install/yahboom_dog_joint_state/share/yahboom_dog_joint_state/hook/ament_prefix_path.sh'
[5.305s] INFO:colcon.colcon_core.shell:Skip shell extension 'powershell' for command environment: Not usable outside of PowerShell
[5.305s] DEBUG:colcon.colcon_core.shell:Skip shell extension 'dsv' for command environment
[5.319s] Level 1:colcon.colcon_core.environment:checking '/home/dwduong74/yahboom_src/install/bringup' for CMake module files
[5.321s] DEBUG:colcon.colcon_core.event_handler.log_command:Invoked command in '/home/dwduong74/yahboom_src/src/bringup' returned '0': PYTHONPATH=/home/dwduong74/yahboom_src/build/bringup/prefix_override:/usr/lib/python3/dist-packages/colcon_core/task/python/colcon_distutils_commands:/home/dwduong74/yahboom_src/install/bringup/lib/python3.10/site-packages:${PYTHONPATH} /usr/bin/python3 -W ignore:setup.py install is deprecated -W ignore:easy_install command is deprecated setup.py egg_info --egg-base ../../build/bringup build --build-base /home/dwduong74/yahboom_src/build/bringup/build install --record /home/dwduong74/yahboom_src/build/bringup/install.log --single-version-externally-managed install_data
[5.321s] Level 1:colcon.colcon_core.environment:checking '/home/dwduong74/yahboom_src/install/bringup' for CMake config files
[5.322s] Level 1:colcon.colcon_core.environment:checking '/home/dwduong74/yahboom_src/install/bringup/lib'
[5.322s] Level 1:colcon.colcon_core.environment:checking '/home/dwduong74/yahboom_src/install/bringup/bin'
[5.322s] Level 1:colcon.colcon_core.environment:checking '/home/dwduong74/yahboom_src/install/bringup/lib/pkgconfig/bringup.pc'
[5.323s] Level 1:colcon.colcon_core.environment:checking '/home/dwduong74/yahboom_src/install/bringup/lib/python3.10/site-packages'
[5.323s] Level 1:colcon.colcon_core.shell:create_environment_hook('bringup', 'pythonpath')
[5.323s] INFO:colcon.colcon_core.shell:Creating environment hook '/home/dwduong74/yahboom_src/install/bringup/share/bringup/hook/pythonpath.ps1'
[5.324s] INFO:colcon.colcon_core.shell:Creating environment descriptor '/home/dwduong74/yahboom_src/install/bringup/share/bringup/hook/pythonpath.dsv'
[5.324s] INFO:colcon.colcon_core.shell:Creating environment hook '/home/dwduong74/yahboom_src/install/bringup/share/bringup/hook/pythonpath.sh'
[5.326s] Level 1:colcon.colcon_core.environment:checking '/home/dwduong74/yahboom_src/install/bringup/bin'
[5.326s] Level 1:colcon.colcon_core.environment:create_environment_scripts_only(bringup)
[5.327s] INFO:colcon.colcon_core.shell:Creating package script '/home/dwduong74/yahboom_src/install/bringup/share/bringup/package.ps1'
[5.328s] INFO:colcon.colcon_core.shell:Creating package descriptor '/home/dwduong74/yahboom_src/install/bringup/share/bringup/package.dsv'
[5.329s] INFO:colcon.colcon_core.shell:Creating package script '/home/dwduong74/yahboom_src/install/bringup/share/bringup/package.sh'
[5.330s] INFO:colcon.colcon_core.shell:Creating package script '/home/dwduong74/yahboom_src/install/bringup/share/bringup/package.bash'
[5.331s] INFO:colcon.colcon_core.shell:Creating package script '/home/dwduong74/yahboom_src/install/bringup/share/bringup/package.zsh'
[5.331s] Level 1:colcon.colcon_core.environment:create_file_with_runtime_dependencies(/home/dwduong74/yahboom_src/install/bringup/share/colcon-core/packages/bringup)
[5.333s] INFO:colcon.colcon_ros.task.ament_python.build:Building ROS package in '/home/dwduong74/yahboom_src/src/yahboom_gait' with build type 'ament_python'
[5.333s] Level 1:colcon.colcon_core.shell:create_environment_hook('yahboom_gait', 'ament_prefix_path')
[5.334s] INFO:colcon.colcon_core.shell:Creating environment hook '/home/dwduong74/yahboom_src/install/yahboom_gait/share/yahboom_gait/hook/ament_prefix_path.ps1'
[5.335s] INFO:colcon.colcon_core.shell:Creating environment descriptor '/home/dwduong74/yahboom_src/install/yahboom_gait/share/yahboom_gait/hook/ament_prefix_path.dsv'
[5.335s] INFO:colcon.colcon_core.shell:Creating environment hook '/home/dwduong74/yahboom_src/install/yahboom_gait/share/yahboom_gait/hook/ament_prefix_path.sh'
[5.336s] INFO:colcon.colcon_core.shell:Skip shell extension 'powershell' for command environment: Not usable outside of PowerShell
[5.336s] DEBUG:colcon.colcon_core.shell:Skip shell extension 'dsv' for command environment
[5.351s] Level 1:colcon.colcon_core.environment:create_environment_scripts_only(image_color_lab)
[5.352s] Level 1:colcon.colcon_core.environment:checking '/home/dwduong74/yahboom_src/install/image_color_lab' for CMake module files
[5.353s] DEBUG:colcon.colcon_core.event_handler.log_command:Invoked command in '/home/dwduong74/yahboom_src/build/image_color_lab' returned '0': CMAKE_PREFIX_PATH=${CMAKE_PREFIX_PATH}:/home/dwduong74/yahboom_src/install/yahboom_set_height:/home/dwduong74/yahboom_src/install/yahboom_mediapipe:/home/dwduong74/yahboom_src/install/yahboom_gait:/home/dwduong74/yahboom_src/install/yahboom_dog_joint_state:/home/dwduong74/yahboom_src/install/yahboom_description:/home/dwduong74/yahboom_src/install/yahboom_bringup:/home/dwduong74/yahboom_src/install/yahboom_base:/home/dwduong74/yahboom_src/install/yahboom_app_save_map:/home/dwduong74/yahboom_src/install/tf_publisher:/home/dwduong74/yahboom_src/install/bringup:/home/dwduong74/LUMI_ws/install/custom_explorer:/opt/ros/humble /usr/bin/cmake --install /home/dwduong74/yahboom_src/build/image_color_lab
[5.354s] Level 1:colcon.colcon_core.environment:checking '/home/dwduong74/yahboom_src/install/image_color_lab' for CMake config files
[5.354s] Level 1:colcon.colcon_core.shell:create_environment_hook('image_color_lab', 'cmake_prefix_path')
[5.355s] INFO:colcon.colcon_core.shell:Creating environment hook '/home/dwduong74/yahboom_src/install/image_color_lab/share/image_color_lab/hook/cmake_prefix_path.ps1'
[5.356s] INFO:colcon.colcon_core.shell:Creating environment descriptor '/home/dwduong74/yahboom_src/install/image_color_lab/share/image_color_lab/hook/cmake_prefix_path.dsv'
[5.356s] INFO:colcon.colcon_core.shell:Creating environment hook '/home/dwduong74/yahboom_src/install/image_color_lab/share/image_color_lab/hook/cmake_prefix_path.sh'
[5.357s] Level 1:colcon.colcon_core.environment:checking '/home/dwduong74/yahboom_src/install/image_color_lab/lib'
[5.358s] Level 1:colcon.colcon_core.shell:create_environment_hook('image_color_lab', 'ld_library_path_lib')
[5.358s] INFO:colcon.colcon_core.shell:Creating environment hook '/home/dwduong74/yahboom_src/install/image_color_lab/share/image_color_lab/hook/ld_library_path_lib.ps1'
[5.359s] INFO:colcon.colcon_core.shell:Creating environment descriptor '/home/dwduong74/yahboom_src/install/image_color_lab/share/image_color_lab/hook/ld_library_path_lib.dsv'
[5.360s] INFO:colcon.colcon_core.shell:Creating environment hook '/home/dwduong74/yahboom_src/install/image_color_lab/share/image_color_lab/hook/ld_library_path_lib.sh'
[5.361s] Level 1:colcon.colcon_core.environment:checking '/home/dwduong74/yahboom_src/install/image_color_lab/bin'
[5.361s] Level 1:colcon.colcon_core.environment:checking '/home/dwduong74/yahboom_src/install/image_color_lab/lib/pkgconfig/image_color_lab.pc'
[5.362s] Level 1:colcon.colcon_core.environment:checking '/home/dwduong74/yahboom_src/install/image_color_lab/lib/python3.10/site-packages'
[5.363s] Level 1:colcon.colcon_core.environment:checking '/home/dwduong74/yahboom_src/install/image_color_lab/bin'
[5.363s] INFO:colcon.colcon_core.shell:Creating package script '/home/dwduong74/yahboom_src/install/image_color_lab/share/image_color_lab/package.ps1'
[5.364s] INFO:colcon.colcon_core.shell:Creating package descriptor '/home/dwduong74/yahboom_src/install/image_color_lab/share/image_color_lab/package.dsv'
[5.365s] INFO:colcon.colcon_core.shell:Creating package script '/home/dwduong74/yahboom_src/install/image_color_lab/share/image_color_lab/package.sh'
[5.366s] INFO:colcon.colcon_core.shell:Creating package script '/home/dwduong74/yahboom_src/install/image_color_lab/share/image_color_lab/package.bash'
[5.368s] INFO:colcon.colcon_core.shell:Creating package script '/home/dwduong74/yahboom_src/install/image_color_lab/share/image_color_lab/package.zsh'
[5.369s] Level 1:colcon.colcon_core.environment:create_file_with_runtime_dependencies(/home/dwduong74/yahboom_src/install/image_color_lab/share/colcon-core/packages/image_color_lab)
[5.371s] Level 1:colcon.colcon_core.environment:create_environment_scripts_only(image_color_lab)
[5.371s] Level 1:colcon.colcon_core.environment:checking '/home/dwduong74/yahboom_src/install/image_color_lab' for CMake module files
[5.373s] Level 1:colcon.colcon_core.environment:checking '/home/dwduong74/yahboom_src/install/image_color_lab' for CMake config files
[5.373s] Level 1:colcon.colcon_core.shell:create_environment_hook('image_color_lab', 'cmake_prefix_path')
[5.374s] INFO:colcon.colcon_core.shell:Creating environment hook '/home/dwduong74/yahboom_src/install/image_color_lab/share/image_color_lab/hook/cmake_prefix_path.ps1'
[5.374s] INFO:colcon.colcon_core.shell:Creating environment descriptor '/home/dwduong74/yahboom_src/install/image_color_lab/share/image_color_lab/hook/cmake_prefix_path.dsv'
[5.375s] INFO:colcon.colcon_core.shell:Creating environment hook '/home/dwduong74/yahboom_src/install/image_color_lab/share/image_color_lab/hook/cmake_prefix_path.sh'
[5.377s] Level 1:colcon.colcon_core.environment:checking '/home/dwduong74/yahboom_src/install/image_color_lab/lib'
[5.377s] Level 1:colcon.colcon_core.shell:create_environment_hook('image_color_lab', 'ld_library_path_lib')
[5.378s] INFO:colcon.colcon_core.shell:Creating environment hook '/home/dwduong74/yahboom_src/install/image_color_lab/share/image_color_lab/hook/ld_library_path_lib.ps1'
[5.379s] INFO:colcon.colcon_core.shell:Creating environment descriptor '/home/dwduong74/yahboom_src/install/image_color_lab/share/image_color_lab/hook/ld_library_path_lib.dsv'
[5.380s] INFO:colcon.colcon_core.shell:Creating environment hook '/home/dwduong74/yahboom_src/install/image_color_lab/share/image_color_lab/hook/ld_library_path_lib.sh'
[5.381s] Level 1:colcon.colcon_core.environment:checking '/home/dwduong74/yahboom_src/install/image_color_lab/bin'
[5.381s] Level 1:colcon.colcon_core.environment:checking '/home/dwduong74/yahboom_src/install/image_color_lab/lib/pkgconfig/image_color_lab.pc'
[5.382s] Level 1:colcon.colcon_core.environment:checking '/home/dwduong74/yahboom_src/install/image_color_lab/lib/python3.10/site-packages'
[5.383s] Level 1:colcon.colcon_core.environment:checking '/home/dwduong74/yahboom_src/install/image_color_lab/bin'
[5.383s] INFO:colcon.colcon_core.shell:Creating package script '/home/dwduong74/yahboom_src/install/image_color_lab/share/image_color_lab/package.ps1'
[5.384s] INFO:colcon.colcon_core.shell:Creating package descriptor '/home/dwduong74/yahboom_src/install/image_color_lab/share/image_color_lab/package.dsv'
[5.385s] INFO:colcon.colcon_core.shell:Creating package script '/home/dwduong74/yahboom_src/install/image_color_lab/share/image_color_lab/package.sh'
[5.386s] INFO:colcon.colcon_core.shell:Creating package script '/home/dwduong74/yahboom_src/install/image_color_lab/share/image_color_lab/package.bash'
[5.387s] INFO:colcon.colcon_core.shell:Creating package script '/home/dwduong74/yahboom_src/install/image_color_lab/share/image_color_lab/package.zsh'
[5.388s] Level 1:colcon.colcon_core.environment:create_file_with_runtime_dependencies(/home/dwduong74/yahboom_src/install/image_color_lab/share/colcon-core/packages/image_color_lab)
[6.361s] INFO:colcon.colcon_core.task.python.build:Building Python package in '/home/dwduong74/yahboom_src/src/yahboom_description'
[6.361s] INFO:colcon.colcon_core.shell:Skip shell extension 'powershell' for command environment: Not usable outside of PowerShell
[6.361s] DEBUG:colcon.colcon_core.shell:Skip shell extension 'dsv' for command environment
[6.371s] INFO:colcon.colcon_ros.task.ament_python.build:Building ROS package in '/home/dwduong74/yahboom_src/src/yahboom_mediapipe' with build type 'ament_python'
[6.372s] Level 1:colcon.colcon_core.shell:create_environment_hook('yahboom_mediapipe', 'ament_prefix_path')
[6.372s] INFO:colcon.colcon_core.shell:Creating environment hook '/home/dwduong74/yahboom_src/install/yahboom_mediapipe/share/yahboom_mediapipe/hook/ament_prefix_path.ps1'
[6.373s] INFO:colcon.colcon_core.shell:Creating environment descriptor '/home/dwduong74/yahboom_src/install/yahboom_mediapipe/share/yahboom_mediapipe/hook/ament_prefix_path.dsv'
[6.374s] INFO:colcon.colcon_core.shell:Creating environment hook '/home/dwduong74/yahboom_src/install/yahboom_mediapipe/share/yahboom_mediapipe/hook/ament_prefix_path.sh'
[6.375s] INFO:colcon.colcon_core.shell:Skip shell extension 'powershell' for command environment: Not usable outside of PowerShell
[6.375s] DEBUG:colcon.colcon_core.shell:Skip shell extension 'dsv' for command environment
[7.017s] INFO:colcon.colcon_core.task.python.build:Building Python package in '/home/dwduong74/yahboom_src/src/yahboom_dog_joint_state'
[7.018s] INFO:colcon.colcon_core.shell:Skip shell extension 'powershell' for command environment: Not usable outside of PowerShell
[7.018s] DEBUG:colcon.colcon_core.shell:Skip shell extension 'dsv' for command environment
[7.603s] INFO:colcon.colcon_core.task.python.build:Building Python package in '/home/dwduong74/yahboom_src/src/yahboom_gait'
[7.603s] INFO:colcon.colcon_core.shell:Skip shell extension 'powershell' for command environment: Not usable outside of PowerShell
[7.603s] DEBUG:colcon.colcon_core.shell:Skip shell extension 'dsv' for command environment
[7.616s] DEBUG:colcon.colcon_core.event_handler.log_command:Invoking command in '/home/dwduong74/yahboom_src/src/tf_publisher': PYTHONPATH=/home/dwduong74/yahboom_src/build/tf_publisher/prefix_override:/usr/lib/python3/dist-packages/colcon_core/task/python/colcon_distutils_commands:/home/dwduong74/yahboom_src/install/tf_publisher/lib/python3.10/site-packages:${PYTHONPATH} /usr/bin/python3 -W ignore:setup.py install is deprecated -W ignore:easy_install command is deprecated setup.py egg_info --egg-base ../../build/tf_publisher build --build-base /home/dwduong74/yahboom_src/build/tf_publisher/build install --record /home/dwduong74/yahboom_src/build/tf_publisher/install.log --single-version-externally-managed install_data
[8.305s] INFO:colcon.colcon_core.task.python.build:Building Python package in '/home/dwduong74/yahboom_src/src/yahboom_mediapipe'
[8.306s] INFO:colcon.colcon_core.shell:Skip shell extension 'powershell' for command environment: Not usable outside of PowerShell
[8.306s] DEBUG:colcon.colcon_core.shell:Skip shell extension 'dsv' for command environment
[8.319s] DEBUG:colcon.colcon_core.event_handler.log_command:Invoking command in '/home/dwduong74/yahboom_src/src/yahboom_base': PYTHONPATH=/home/dwduong74/yahboom_src/build/yahboom_base/prefix_override:/usr/lib/python3/dist-packages/colcon_core/task/python/colcon_distutils_commands:/home/dwduong74/yahboom_src/install/yahboom_base/lib/python3.10/site-packages:${PYTHONPATH} /usr/bin/python3 -W ignore:setup.py install is deprecated -W ignore:easy_install command is deprecated setup.py egg_info --egg-base ../../build/yahboom_base build --build-base /home/dwduong74/yahboom_src/build/yahboom_base/build install --record /home/dwduong74/yahboom_src/build/yahboom_base/install.log --single-version-externally-managed install_data
[8.324s] DEBUG:colcon.colcon_core.event_handler.log_command:Invoking command in '/home/dwduong74/yahboom_src/src/yahboom_app_save_map': PYTHONPATH=/home/dwduong74/yahboom_src/build/yahboom_app_save_map/prefix_override:/usr/lib/python3/dist-packages/colcon_core/task/python/colcon_distutils_commands:/home/dwduong74/yahboom_src/install/yahboom_app_save_map/lib/python3.10/site-packages:${PYTHONPATH} /usr/bin/python3 -W ignore:setup.py install is deprecated -W ignore:easy_install command is deprecated setup.py egg_info --egg-base ../../build/yahboom_app_save_map build --build-base /home/dwduong74/yahboom_src/build/yahboom_app_save_map/build install --record /home/dwduong74/yahboom_src/build/yahboom_app_save_map/install.log --single-version-externally-managed install_data
[8.325s] DEBUG:colcon.colcon_core.event_handler.log_command:Invoking command in '/home/dwduong74/yahboom_src/src/yahboom_bringup': PYTHONPATH=/home/dwduong74/yahboom_src/build/yahboom_bringup/prefix_override:/usr/lib/python3/dist-packages/colcon_core/task/python/colcon_distutils_commands:/home/dwduong74/yahboom_src/install/yahboom_bringup/lib/python3.10/site-packages:${PYTHONPATH} /usr/bin/python3 -W ignore:setup.py install is deprecated -W ignore:easy_install command is deprecated setup.py egg_info --egg-base ../../build/yahboom_bringup build --build-base /home/dwduong74/yahboom_src/build/yahboom_bringup/build install --record /home/dwduong74/yahboom_src/build/yahboom_bringup/install.log --single-version-externally-managed install_data
[8.334s] Level 1:colcon.colcon_core.environment:checking '/home/dwduong74/yahboom_src/install/tf_publisher' for CMake module files
[8.334s] Level 1:colcon.colcon_core.environment:checking '/home/dwduong74/yahboom_src/install/tf_publisher' for CMake config files
[8.335s] Level 1:colcon.colcon_core.environment:checking '/home/dwduong74/yahboom_src/install/tf_publisher/lib'
[8.336s] Level 1:colcon.colcon_core.environment:checking '/home/dwduong74/yahboom_src/install/tf_publisher/bin'
[8.336s] Level 1:colcon.colcon_core.environment:checking '/home/dwduong74/yahboom_src/install/tf_publisher/lib/pkgconfig/tf_publisher.pc'
[8.337s] Level 1:colcon.colcon_core.environment:checking '/home/dwduong74/yahboom_src/install/tf_publisher/lib/python3.10/site-packages'
[8.338s] Level 1:colcon.colcon_core.shell:create_environment_hook('tf_publisher', 'pythonpath')
[8.339s] INFO:colcon.colcon_core.shell:Creating environment hook '/home/dwduong74/yahboom_src/install/tf_publisher/share/tf_publisher/hook/pythonpath.ps1'
[8.338s] DEBUG:colcon.colcon_core.event_handler.log_command:Invoked command in '/home/dwduong74/yahboom_src/src/tf_publisher' returned '0': PYTHONPATH=/home/dwduong74/yahboom_src/build/tf_publisher/prefix_override:/usr/lib/python3/dist-packages/colcon_core/task/python/colcon_distutils_commands:/home/dwduong74/yahboom_src/install/tf_publisher/lib/python3.10/site-packages:${PYTHONPATH} /usr/bin/python3 -W ignore:setup.py install is deprecated -W ignore:easy_install command is deprecated setup.py egg_info --egg-base ../../build/tf_publisher build --build-base /home/dwduong74/yahboom_src/build/tf_publisher/build install --record /home/dwduong74/yahboom_src/build/tf_publisher/install.log --single-version-externally-managed install_data
[8.340s] INFO:colcon.colcon_core.shell:Creating environment descriptor '/home/dwduong74/yahboom_src/install/tf_publisher/share/tf_publisher/hook/pythonpath.dsv'
[8.342s] INFO:colcon.colcon_core.shell:Creating environment hook '/home/dwduong74/yahboom_src/install/tf_publisher/share/tf_publisher/hook/pythonpath.sh'
[8.344s] Level 1:colcon.colcon_core.environment:checking '/home/dwduong74/yahboom_src/install/tf_publisher/bin'
[8.344s] Level 1:colcon.colcon_core.environment:create_environment_scripts_only(tf_publisher)
[8.345s] INFO:colcon.colcon_core.shell:Creating package script '/home/dwduong74/yahboom_src/install/tf_publisher/share/tf_publisher/package.ps1'
[8.346s] INFO:colcon.colcon_core.shell:Creating package descriptor '/home/dwduong74/yahboom_src/install/tf_publisher/share/tf_publisher/package.dsv'
[8.348s] INFO:colcon.colcon_core.shell:Creating package script '/home/dwduong74/yahboom_src/install/tf_publisher/share/tf_publisher/package.sh'
[8.350s] INFO:colcon.colcon_core.shell:Creating package script '/home/dwduong74/yahboom_src/install/tf_publisher/share/tf_publisher/package.bash'
[8.351s] INFO:colcon.colcon_core.shell:Creating package script '/home/dwduong74/yahboom_src/install/tf_publisher/share/tf_publisher/package.zsh'
[8.352s] Level 1:colcon.colcon_core.environment:create_file_with_runtime_dependencies(/home/dwduong74/yahboom_src/install/tf_publisher/share/colcon-core/packages/tf_publisher)
[8.364s] INFO:colcon.colcon_ros.task.ament_cmake.build:Building ROS package in '/home/dwduong74/yahboom_src/src/yahboom_msgs' with build type 'ament_cmake'
[8.364s] INFO:colcon.colcon_cmake.task.cmake.build:Building CMake package in '/home/dwduong74/yahboom_src/src/yahboom_msgs'
[8.365s] INFO:colcon.colcon_core.shell:Skip shell extension 'powershell' for command environment: Not usable outside of PowerShell
[8.365s] DEBUG:colcon.colcon_core.shell:Skip shell extension 'dsv' for command environment
[8.433s] DEBUG:colcon.colcon_core.event_handler.log_command:Invoking command in '/home/dwduong74/yahboom_src/build/yahboom_msgs': CMAKE_PREFIX_PATH=${CMAKE_PREFIX_PATH}:/home/dwduong74/yahboom_src/install/yahboom_set_height:/home/dwduong74/yahboom_src/install/yahboom_mediapipe:/home/dwduong74/yahboom_src/install/yahboom_gait:/home/dwduong74/yahboom_src/install/yahboom_dog_joint_state:/home/dwduong74/yahboom_src/install/yahboom_description:/home/dwduong74/yahboom_src/install/yahboom_bringup:/home/dwduong74/yahboom_src/install/yahboom_base:/home/dwduong74/yahboom_src/install/yahboom_app_save_map:/home/dwduong74/yahboom_src/install/tf_publisher:/home/dwduong74/yahboom_src/install/bringup:/home/dwduong74/LUMI_ws/install/custom_explorer:/opt/ros/humble /usr/bin/cmake --build /home/dwduong74/yahboom_src/build/yahboom_msgs -- -j8 -l8
[8.813s] DEBUG:colcon.colcon_core.event_handler.log_command:Invoking command in '/home/dwduong74/yahboom_src/src/yahboom_description': PYTHONPATH=/home/dwduong74/yahboom_src/build/yahboom_description/prefix_override:/usr/lib/python3/dist-packages/colcon_core/task/python/colcon_distutils_commands:/home/dwduong74/yahboom_src/install/yahboom_description/lib/python3.10/site-packages:${PYTHONPATH} /usr/bin/python3 -W ignore:setup.py install is deprecated -W ignore:easy_install command is deprecated setup.py egg_info --egg-base ../../build/yahboom_description build --build-base /home/dwduong74/yahboom_src/build/yahboom_description/build install --record /home/dwduong74/yahboom_src/build/yahboom_description/install.log --single-version-externally-managed install_data
[9.491s] Level 1:colcon.colcon_core.environment:checking '/home/dwduong74/yahboom_src/install/yahboom_bringup' for CMake module files
[9.492s] Level 1:colcon.colcon_core.environment:checking '/home/dwduong74/yahboom_src/install/yahboom_bringup' for CMake config files
[9.492s] DEBUG:colcon.colcon_core.event_handler.log_command:Invoked command in '/home/dwduong74/yahboom_src/src/yahboom_bringup' returned '0': PYTHONPATH=/home/dwduong74/yahboom_src/build/yahboom_bringup/prefix_override:/usr/lib/python3/dist-packages/colcon_core/task/python/colcon_distutils_commands:/home/dwduong74/yahboom_src/install/yahboom_bringup/lib/python3.10/site-packages:${PYTHONPATH} /usr/bin/python3 -W ignore:setup.py install is deprecated -W ignore:easy_install command is deprecated setup.py egg_info --egg-base ../../build/yahboom_bringup build --build-base /home/dwduong74/yahboom_src/build/yahboom_bringup/build install --record /home/dwduong74/yahboom_src/build/yahboom_bringup/install.log --single-version-externally-managed install_data
[9.495s] Level 1:colcon.colcon_core.environment:checking '/home/dwduong74/yahboom_src/install/yahboom_bringup/lib'
[9.495s] Level 1:colcon.colcon_core.environment:checking '/home/dwduong74/yahboom_src/install/yahboom_bringup/bin'
[9.495s] Level 1:colcon.colcon_core.environment:checking '/home/dwduong74/yahboom_src/install/yahboom_bringup/lib/pkgconfig/yahboom_bringup.pc'
[9.500s] Level 1:colcon.colcon_core.environment:checking '/home/dwduong74/yahboom_src/install/yahboom_bringup/lib/python3.10/site-packages'
[9.500s] Level 1:colcon.colcon_core.shell:create_environment_hook('yahboom_bringup', 'pythonpath')
[9.500s] INFO:colcon.colcon_core.shell:Creating environment hook '/home/dwduong74/yahboom_src/install/yahboom_bringup/share/yahboom_bringup/hook/pythonpath.ps1'
[9.501s] INFO:colcon.colcon_core.shell:Creating environment descriptor '/home/dwduong74/yahboom_src/install/yahboom_bringup/share/yahboom_bringup/hook/pythonpath.dsv'
[9.502s] INFO:colcon.colcon_core.shell:Creating environment hook '/home/dwduong74/yahboom_src/install/yahboom_bringup/share/yahboom_bringup/hook/pythonpath.sh'
[9.504s] Level 1:colcon.colcon_core.environment:checking '/home/dwduong74/yahboom_src/install/yahboom_bringup/bin'
[9.504s] Level 1:colcon.colcon_core.environment:create_environment_scripts_only(yahboom_bringup)
[9.505s] INFO:colcon.colcon_core.shell:Creating package script '/home/dwduong74/yahboom_src/install/yahboom_bringup/share/yahboom_bringup/package.ps1'
[9.510s] INFO:colcon.colcon_core.shell:Creating package descriptor '/home/dwduong74/yahboom_src/install/yahboom_bringup/share/yahboom_bringup/package.dsv'
[9.516s] INFO:colcon.colcon_core.shell:Creating package script '/home/dwduong74/yahboom_src/install/yahboom_bringup/share/yahboom_bringup/package.sh'
[9.517s] INFO:colcon.colcon_core.shell:Creating package script '/home/dwduong74/yahboom_src/install/yahboom_bringup/share/yahboom_bringup/package.bash'
[9.518s] INFO:colcon.colcon_core.shell:Creating package script '/home/dwduong74/yahboom_src/install/yahboom_bringup/share/yahboom_bringup/package.zsh'
[9.519s] Level 1:colcon.colcon_core.environment:create_file_with_runtime_dependencies(/home/dwduong74/yahboom_src/install/yahboom_bringup/share/colcon-core/packages/yahboom_bringup)
[9.520s] INFO:colcon.colcon_ros.task.ament_python.build:Building ROS package in '/home/dwduong74/yahboom_src/src/yahboom_set_height' with build type 'ament_python'
[9.521s] Level 1:colcon.colcon_core.shell:create_environment_hook('yahboom_set_height', 'ament_prefix_path')
[9.521s] INFO:colcon.colcon_core.shell:Creating environment hook '/home/dwduong74/yahboom_src/install/yahboom_set_height/share/yahboom_set_height/hook/ament_prefix_path.ps1'
[9.522s] INFO:colcon.colcon_core.shell:Creating environment descriptor '/home/dwduong74/yahboom_src/install/yahboom_set_height/share/yahboom_set_height/hook/ament_prefix_path.dsv'
[9.523s] INFO:colcon.colcon_core.shell:Creating environment hook '/home/dwduong74/yahboom_src/install/yahboom_set_height/share/yahboom_set_height/hook/ament_prefix_path.sh'
[9.528s] INFO:colcon.colcon_core.shell:Skip shell extension 'powershell' for command environment: Not usable outside of PowerShell
[9.528s] DEBUG:colcon.colcon_core.shell:Skip shell extension 'dsv' for command environment
[10.447s] INFO:colcon.colcon_core.task.python.build:Building Python package in '/home/dwduong74/yahboom_src/src/yahboom_set_height'
[10.448s] INFO:colcon.colcon_core.shell:Skip shell extension 'powershell' for command environment: Not usable outside of PowerShell
[10.448s] DEBUG:colcon.colcon_core.shell:Skip shell extension 'dsv' for command environment
[10.458s] Level 1:colcon.colcon_core.environment:checking '/home/dwduong74/yahboom_src/install/yahboom_base' for CMake module files
[10.460s] DEBUG:colcon.colcon_core.event_handler.log_command:Invoked command in '/home/dwduong74/yahboom_src/src/yahboom_base' returned '0': PYTHONPATH=/home/dwduong74/yahboom_src/build/yahboom_base/prefix_override:/usr/lib/python3/dist-packages/colcon_core/task/python/colcon_distutils_commands:/home/dwduong74/yahboom_src/install/yahboom_base/lib/python3.10/site-packages:${PYTHONPATH} /usr/bin/python3 -W ignore:setup.py install is deprecated -W ignore:easy_install command is deprecated setup.py egg_info --egg-base ../../build/yahboom_base build --build-base /home/dwduong74/yahboom_src/build/yahboom_base/build install --record /home/dwduong74/yahboom_src/build/yahboom_base/install.log --single-version-externally-managed install_data
[10.460s] Level 1:colcon.colcon_core.environment:checking '/home/dwduong74/yahboom_src/install/yahboom_base' for CMake config files
[10.461s] Level 1:colcon.colcon_core.environment:checking '/home/dwduong74/yahboom_src/install/yahboom_base/lib'
[10.461s] Level 1:colcon.colcon_core.environment:checking '/home/dwduong74/yahboom_src/install/yahboom_base/bin'
[10.461s] Level 1:colcon.colcon_core.environment:checking '/home/dwduong74/yahboom_src/install/yahboom_base/lib/pkgconfig/yahboom_base.pc'
[10.462s] Level 1:colcon.colcon_core.environment:checking '/home/dwduong74/yahboom_src/install/yahboom_base/lib/python3.10/site-packages'
[10.462s] Level 1:colcon.colcon_core.shell:create_environment_hook('yahboom_base', 'pythonpath')
[10.462s] INFO:colcon.colcon_core.shell:Creating environment hook '/home/dwduong74/yahboom_src/install/yahboom_base/share/yahboom_base/hook/pythonpath.ps1'
[10.463s] INFO:colcon.colcon_core.shell:Creating environment descriptor '/home/dwduong74/yahboom_src/install/yahboom_base/share/yahboom_base/hook/pythonpath.dsv'
[10.463s] INFO:colcon.colcon_core.shell:Creating environment hook '/home/dwduong74/yahboom_src/install/yahboom_base/share/yahboom_base/hook/pythonpath.sh'
[10.464s] Level 1:colcon.colcon_core.environment:checking '/home/dwduong74/yahboom_src/install/yahboom_base/bin'
[10.465s] Level 1:colcon.colcon_core.environment:create_environment_scripts_only(yahboom_base)
[10.465s] INFO:colcon.colcon_core.shell:Creating package script '/home/dwduong74/yahboom_src/install/yahboom_base/share/yahboom_base/package.ps1'
[10.466s] INFO:colcon.colcon_core.shell:Creating package descriptor '/home/dwduong74/yahboom_src/install/yahboom_base/share/yahboom_base/package.dsv'
[10.466s] INFO:colcon.colcon_core.shell:Creating package script '/home/dwduong74/yahboom_src/install/yahboom_base/share/yahboom_base/package.sh'
[10.467s] INFO:colcon.colcon_core.shell:Creating package script '/home/dwduong74/yahboom_src/install/yahboom_base/share/yahboom_base/package.bash'
[10.468s] INFO:colcon.colcon_core.shell:Creating package script '/home/dwduong74/yahboom_src/install/yahboom_base/share/yahboom_base/package.zsh'
[10.468s] Level 1:colcon.colcon_core.environment:create_file_with_runtime_dependencies(/home/dwduong74/yahboom_src/install/yahboom_base/share/colcon-core/packages/yahboom_base)
[10.469s] Level 1:colcon.colcon_core.environment:checking '/home/dwduong74/yahboom_src/install/yahboom_app_save_map' for CMake module files
[10.469s] Level 1:colcon.colcon_core.environment:checking '/home/dwduong74/yahboom_src/install/yahboom_app_save_map' for CMake config files
[10.470s] DEBUG:colcon.colcon_core.event_handler.log_command:Invoked command in '/home/dwduong74/yahboom_src/src/yahboom_app_save_map' returned '0': PYTHONPATH=/home/dwduong74/yahboom_src/build/yahboom_app_save_map/prefix_override:/usr/lib/python3/dist-packages/colcon_core/task/python/colcon_distutils_commands:/home/dwduong74/yahboom_src/install/yahboom_app_save_map/lib/python3.10/site-packages:${PYTHONPATH} /usr/bin/python3 -W ignore:setup.py install is deprecated -W ignore:easy_install command is deprecated setup.py egg_info --egg-base ../../build/yahboom_app_save_map build --build-base /home/dwduong74/yahboom_src/build/yahboom_app_save_map/build install --record /home/dwduong74/yahboom_src/build/yahboom_app_save_map/install.log --single-version-externally-managed install_data
[10.470s] Level 1:colcon.colcon_core.environment:checking '/home/dwduong74/yahboom_src/install/yahboom_app_save_map/lib'
[10.471s] Level 1:colcon.colcon_core.environment:checking '/home/dwduong74/yahboom_src/install/yahboom_app_save_map/bin'
[10.471s] Level 1:colcon.colcon_core.environment:checking '/home/dwduong74/yahboom_src/install/yahboom_app_save_map/lib/pkgconfig/yahboom_app_save_map.pc'
[10.471s] Level 1:colcon.colcon_core.environment:checking '/home/dwduong74/yahboom_src/install/yahboom_app_save_map/lib/python3.10/site-packages'
[10.471s] Level 1:colcon.colcon_core.shell:create_environment_hook('yahboom_app_save_map', 'pythonpath')
[10.471s] INFO:colcon.colcon_core.shell:Creating environment hook '/home/dwduong74/yahboom_src/install/yahboom_app_save_map/share/yahboom_app_save_map/hook/pythonpath.ps1'
[10.472s] INFO:colcon.colcon_core.shell:Creating environment descriptor '/home/dwduong74/yahboom_src/install/yahboom_app_save_map/share/yahboom_app_save_map/hook/pythonpath.dsv'
[10.472s] INFO:colcon.colcon_core.shell:Creating environment hook '/home/dwduong74/yahboom_src/install/yahboom_app_save_map/share/yahboom_app_save_map/hook/pythonpath.sh'
[10.473s] Level 1:colcon.colcon_core.environment:checking '/home/dwduong74/yahboom_src/install/yahboom_app_save_map/bin'
[10.473s] Level 1:colcon.colcon_core.environment:create_environment_scripts_only(yahboom_app_save_map)
[10.474s] INFO:colcon.colcon_core.shell:Creating package script '/home/dwduong74/yahboom_src/install/yahboom_app_save_map/share/yahboom_app_save_map/package.ps1'
[10.475s] INFO:colcon.colcon_core.shell:Creating package descriptor '/home/dwduong74/yahboom_src/install/yahboom_app_save_map/share/yahboom_app_save_map/package.dsv'
[10.476s] INFO:colcon.colcon_core.shell:Creating package script '/home/dwduong74/yahboom_src/install/yahboom_app_save_map/share/yahboom_app_save_map/package.sh'
[10.477s] INFO:colcon.colcon_core.shell:Creating package script '/home/dwduong74/yahboom_src/install/yahboom_app_save_map/share/yahboom_app_save_map/package.bash'
[10.478s] INFO:colcon.colcon_core.shell:Creating package script '/home/dwduong74/yahboom_src/install/yahboom_app_save_map/share/yahboom_app_save_map/package.zsh'
[10.479s] Level 1:colcon.colcon_core.environment:create_file_with_runtime_dependencies(/home/dwduong74/yahboom_src/install/yahboom_app_save_map/share/colcon-core/packages/yahboom_app_save_map)
[10.484s] DEBUG:colcon.colcon_core.event_handler.log_command:Invoking command in '/home/dwduong74/yahboom_src/src/yahboom_gait': PYTHONPATH=/home/dwduong74/yahboom_src/build/yahboom_gait/prefix_override:/usr/lib/python3/dist-packages/colcon_core/task/python/colcon_distutils_commands:/home/dwduong74/yahboom_src/install/yahboom_gait/lib/python3.10/site-packages:${PYTHONPATH} /usr/bin/python3 -W ignore:setup.py install is deprecated -W ignore:easy_install command is deprecated setup.py egg_info --egg-base ../../build/yahboom_gait build --build-base /home/dwduong74/yahboom_src/build/yahboom_gait/build install --record /home/dwduong74/yahboom_src/build/yahboom_gait/install.log --single-version-externally-managed install_data
[10.487s] INFO:colcon.colcon_ros.task.ament_cmake.build:Building ROS package in '/home/dwduong74/yahboom_src/src/unitree-go2-ros2/champ/champ_gazebo' with build type 'ament_cmake'
[10.487s] INFO:colcon.colcon_cmake.task.cmake.build:Building CMake package in '/home/dwduong74/yahboom_src/src/unitree-go2-ros2/champ/champ_gazebo'
[10.488s] INFO:colcon.colcon_core.shell:Skip shell extension 'powershell' for command environment: Not usable outside of PowerShell
[10.488s] DEBUG:colcon.colcon_core.shell:Skip shell extension 'dsv' for command environment
[10.488s] DEBUG:colcon.colcon_core.event_handler.log_command:Invoking command in '/home/dwduong74/yahboom_src/src/yahboom_dog_joint_state': PYTHONPATH=/home/dwduong74/yahboom_src/build/yahboom_dog_joint_state/prefix_override:/usr/lib/python3/dist-packages/colcon_core/task/python/colcon_distutils_commands:/home/dwduong74/yahboom_src/install/yahboom_dog_joint_state/lib/python3.10/site-packages:${PYTHONPATH} /usr/bin/python3 -W ignore:setup.py install is deprecated -W ignore:easy_install command is deprecated setup.py egg_info --egg-base ../../build/yahboom_dog_joint_state build --build-base /home/dwduong74/yahboom_src/build/yahboom_dog_joint_state/build install --record /home/dwduong74/yahboom_src/build/yahboom_dog_joint_state/install.log --single-version-externally-managed install_data
[10.490s] DEBUG:colcon.colcon_core.event_handler.log_command:Invoking command in '/home/dwduong74/yahboom_src/src/yahboom_mediapipe': PYTHONPATH=/home/dwduong74/yahboom_src/build/yahboom_mediapipe/prefix_override:/usr/lib/python3/dist-packages/colcon_core/task/python/colcon_distutils_commands:/home/dwduong74/yahboom_src/install/yahboom_mediapipe/lib/python3.10/site-packages:${PYTHONPATH} /usr/bin/python3 -W ignore:setup.py install is deprecated -W ignore:easy_install command is deprecated setup.py egg_info --egg-base ../../build/yahboom_mediapipe build --build-base /home/dwduong74/yahboom_src/build/yahboom_mediapipe/build install --record /home/dwduong74/yahboom_src/build/yahboom_mediapipe/install.log --single-version-externally-managed install_data
[10.503s] INFO:colcon.colcon_ros.task.ament_cmake.build:Building ROS package in '/home/dwduong74/yahboom_src/src/unitree-go2-ros2/champ/champ_bringup' with build type 'ament_cmake'
[10.503s] INFO:colcon.colcon_cmake.task.cmake.build:Building CMake package in '/home/dwduong74/yahboom_src/src/unitree-go2-ros2/champ/champ_bringup'
[10.504s] INFO:colcon.colcon_core.shell:Skip shell extension 'powershell' for command environment: Not usable outside of PowerShell
[10.504s] DEBUG:colcon.colcon_core.shell:Skip shell extension 'dsv' for command environment
[10.518s] Level 1:colcon.colcon_core.environment:checking '/home/dwduong74/yahboom_src/install/yahboom_description' for CMake module files
[10.519s] DEBUG:colcon.colcon_core.event_handler.log_command:Invoked command in '/home/dwduong74/yahboom_src/src/yahboom_description' returned '0': PYTHONPATH=/home/dwduong74/yahboom_src/build/yahboom_description/prefix_override:/usr/lib/python3/dist-packages/colcon_core/task/python/colcon_distutils_commands:/home/dwduong74/yahboom_src/install/yahboom_description/lib/python3.10/site-packages:${PYTHONPATH} /usr/bin/python3 -W ignore:setup.py install is deprecated -W ignore:easy_install command is deprecated setup.py egg_info --egg-base ../../build/yahboom_description build --build-base /home/dwduong74/yahboom_src/build/yahboom_description/build install --record /home/dwduong74/yahboom_src/build/yahboom_description/install.log --single-version-externally-managed install_data
[10.520s] Level 1:colcon.colcon_core.environment:checking '/home/dwduong74/yahboom_src/install/yahboom_description' for CMake config files
[10.521s] Level 1:colcon.colcon_core.environment:checking '/home/dwduong74/yahboom_src/install/yahboom_description/lib'
[10.521s] Level 1:colcon.colcon_core.environment:checking '/home/dwduong74/yahboom_src/install/yahboom_description/bin'
[10.521s] Level 1:colcon.colcon_core.environment:checking '/home/dwduong74/yahboom_src/install/yahboom_description/lib/pkgconfig/yahboom_description.pc'
[10.521s] Level 1:colcon.colcon_core.environment:checking '/home/dwduong74/yahboom_src/install/yahboom_description/lib/python3.10/site-packages'
[10.521s] Level 1:colcon.colcon_core.shell:create_environment_hook('yahboom_description', 'pythonpath')
[10.522s] INFO:colcon.colcon_core.shell:Creating environment hook '/home/dwduong74/yahboom_src/install/yahboom_description/share/yahboom_description/hook/pythonpath.ps1'
[10.523s] INFO:colcon.colcon_core.shell:Creating environment descriptor '/home/dwduong74/yahboom_src/install/yahboom_description/share/yahboom_description/hook/pythonpath.dsv'
[10.523s] INFO:colcon.colcon_core.shell:Creating environment hook '/home/dwduong74/yahboom_src/install/yahboom_description/share/yahboom_description/hook/pythonpath.sh'
[10.525s] Level 1:colcon.colcon_core.environment:checking '/home/dwduong74/yahboom_src/install/yahboom_description/bin'
[10.525s] Level 1:colcon.colcon_core.environment:create_environment_scripts_only(yahboom_description)
[10.526s] INFO:colcon.colcon_core.shell:Creating package script '/home/dwduong74/yahboom_src/install/yahboom_description/share/yahboom_description/package.ps1'
[10.528s] INFO:colcon.colcon_core.shell:Creating package descriptor '/home/dwduong74/yahboom_src/install/yahboom_description/share/yahboom_description/package.dsv'
[10.529s] INFO:colcon.colcon_core.shell:Creating package script '/home/dwduong74/yahboom_src/install/yahboom_description/share/yahboom_description/package.sh'
[10.530s] INFO:colcon.colcon_core.shell:Creating package script '/home/dwduong74/yahboom_src/install/yahboom_description/share/yahboom_description/package.bash'
[10.531s] INFO:colcon.colcon_core.shell:Creating package script '/home/dwduong74/yahboom_src/install/yahboom_description/share/yahboom_description/package.zsh'
[10.532s] Level 1:colcon.colcon_core.environment:create_file_with_runtime_dependencies(/home/dwduong74/yahboom_src/install/yahboom_description/share/colcon-core/packages/yahboom_description)
[10.535s] DEBUG:colcon.colcon_core.event_handler.log_command:Invoked command in '/home/dwduong74/yahboom_src/build/yahboom_msgs' returned '0': CMAKE_PREFIX_PATH=${CMAKE_PREFIX_PATH}:/home/dwduong74/yahboom_src/install/yahboom_set_height:/home/dwduong74/yahboom_src/install/yahboom_mediapipe:/home/dwduong74/yahboom_src/install/yahboom_gait:/home/dwduong74/yahboom_src/install/yahboom_dog_joint_state:/home/dwduong74/yahboom_src/install/yahboom_description:/home/dwduong74/yahboom_src/install/yahboom_bringup:/home/dwduong74/yahboom_src/install/yahboom_base:/home/dwduong74/yahboom_src/install/yahboom_app_save_map:/home/dwduong74/yahboom_src/install/tf_publisher:/home/dwduong74/yahboom_src/install/bringup:/home/dwduong74/LUMI_ws/install/custom_explorer:/opt/ros/humble /usr/bin/cmake --build /home/dwduong74/yahboom_src/build/yahboom_msgs -- -j8 -l8
[10.538s] DEBUG:colcon.colcon_core.event_handler.log_command:Invoking command in '/home/dwduong74/yahboom_src/build/yahboom_msgs': CMAKE_PREFIX_PATH=${CMAKE_PREFIX_PATH}:/home/dwduong74/yahboom_src/install/yahboom_set_height:/home/dwduong74/yahboom_src/install/yahboom_mediapipe:/home/dwduong74/yahboom_src/install/yahboom_gait:/home/dwduong74/yahboom_src/install/yahboom_dog_joint_state:/home/dwduong74/yahboom_src/install/yahboom_description:/home/dwduong74/yahboom_src/install/yahboom_bringup:/home/dwduong74/yahboom_src/install/yahboom_base:/home/dwduong74/yahboom_src/install/yahboom_app_save_map:/home/dwduong74/yahboom_src/install/tf_publisher:/home/dwduong74/yahboom_src/install/bringup:/home/dwduong74/LUMI_ws/install/custom_explorer:/opt/ros/humble /usr/bin/cmake --install /home/dwduong74/yahboom_src/build/yahboom_msgs
[10.538s] INFO:colcon.colcon_ros.task.ament_cmake.build:Building ROS package in '/home/dwduong74/yahboom_src/src/unitree-go2-ros2/velodyne/velodyne_simulator' with build type 'ament_cmake'
[10.539s] INFO:colcon.colcon_cmake.task.cmake.build:Building CMake package in '/home/dwduong74/yahboom_src/src/unitree-go2-ros2/velodyne/velodyne_simulator'
[10.540s] INFO:colcon.colcon_core.shell:Skip shell extension 'powershell' for command environment: Not usable outside of PowerShell
[10.540s] DEBUG:colcon.colcon_core.shell:Skip shell extension 'dsv' for command environment
[10.610s] DEBUG:colcon.colcon_core.event_handler.log_command:Invoking command in '/home/dwduong74/yahboom_src/build/champ_gazebo': CMAKE_PREFIX_PATH=/home/dwduong74/yahboom_src/install/champ_msgs:/home/dwduong74/yahboom_src/install/champ:/home/dwduong74/yahboom_src/install/yahboom_msgs:/home/dwduong74/yahboom_src/install/velodyne_simulator:/home/dwduong74/yahboom_src/install/velodyne_description:/home/dwduong74/yahboom_src/install/champ_bringup:/home/dwduong74/yahboom_src/install/champ_description:/home/dwduong74/yahboom_src/install/velodyne_gazebo_plugins:/home/dwduong74/yahboom_src/install/oradar_lidar:/home/dwduong74/yahboom_src/install/image_color_lab:/home/dwduong74/yahboom_src/install/go2_description:/home/dwduong74/yahboom_src/install/go2_config:/home/dwduong74/yahboom_src/install/dogzilla_description:/home/dwduong74/yahboom_src/install/dogzilla_config:/home/dwduong74/yahboom_src/install/champ_teleop:/home/dwduong74/yahboom_src/install/champ_navigation:/home/dwduong74/yahboom_src/install/champ_gazebo:/home/dwduong74/yahboom_src/install/champ_base:/home/dwduong74/yahboom_src/install/champ_config:/home/dwduong74/LUMI_ws/install/turtlebot3_manipulation_gazebo:/home/dwduong74/LUMI_ws/install/champ:/home/dwduong74/LUMI_ws/install/rf2o_laser_odometry:/home/dwduong74/yahboom_src/install/yahboom_set_height:/home/dwduong74/yahboom_src/install/yahboom_mediapipe:/home/dwduong74/yahboom_src/install/yahboom_gait:/home/dwduong74/yahboom_src/install/yahboom_dog_joint_state:/home/dwduong74/yahboom_src/install/yahboom_description:/home/dwduong74/yahboom_src/install/yahboom_bringup:/home/dwduong74/yahboom_src/install/yahboom_base:/home/dwduong74/yahboom_src/install/yahboom_app_save_map:/home/dwduong74/yahboom_src/install/tf_publisher:/home/dwduong74/yahboom_src/install/bringup:/home/dwduong74/LUMI_ws/install/custom_explorer:/opt/ros/humble LD_LIBRARY_PATH=/home/dwduong74/yahboom_src/install/champ_msgs/lib:/home/dwduong74/yahboom_src/install/yahboom_msgs/lib:/home/dwduong74/yahboom_src/install/velodyne_gazebo_plugins/lib:/home/dwduong74/yahboom_src/install/image_color_lab/lib:/home/dwduong74/yahboom_src/install/champ_base/lib:/usr/lib/x86_64-linux-gnu/gazebo-11/plugins:/opt/ros/humble/opt/rviz_ogre_vendor/lib:/opt/ros/humble/lib/x86_64-linux-gnu:/opt/ros/humble/lib /usr/bin/cmake --build /home/dwduong74/yahboom_src/build/champ_gazebo -- -j8 -l8
[10.612s] DEBUG:colcon.colcon_core.event_handler.log_command:Invoking command in '/home/dwduong74/yahboom_src/build/champ_bringup': CMAKE_PREFIX_PATH=/home/dwduong74/yahboom_src/install/champ_description:/home/dwduong74/yahboom_src/install/champ_base:/home/dwduong74/yahboom_src/install/velodyne_gazebo_plugins:/home/dwduong74/yahboom_src/install/champ_msgs:/home/dwduong74/yahboom_src/install/champ:/home/dwduong74/yahboom_src/install/yahboom_msgs:/home/dwduong74/yahboom_src/install/velodyne_simulator:/home/dwduong74/yahboom_src/install/velodyne_description:/home/dwduong74/yahboom_src/install/champ_bringup:/home/dwduong74/yahboom_src/install/oradar_lidar:/home/dwduong74/yahboom_src/install/image_color_lab:/home/dwduong74/yahboom_src/install/go2_description:/home/dwduong74/yahboom_src/install/go2_config:/home/dwduong74/yahboom_src/install/dogzilla_description:/home/dwduong74/yahboom_src/install/dogzilla_config:/home/dwduong74/yahboom_src/install/champ_teleop:/home/dwduong74/yahboom_src/install/champ_navigation:/home/dwduong74/yahboom_src/install/champ_gazebo:/home/dwduong74/yahboom_src/install/champ_config:/home/dwduong74/LUMI_ws/install/turtlebot3_manipulation_gazebo:/home/dwduong74/LUMI_ws/install/champ:/home/dwduong74/LUMI_ws/install/rf2o_laser_odometry:/home/dwduong74/yahboom_src/install/yahboom_set_height:/home/dwduong74/yahboom_src/install/yahboom_mediapipe:/home/dwduong74/yahboom_src/install/yahboom_gait:/home/dwduong74/yahboom_src/install/yahboom_dog_joint_state:/home/dwduong74/yahboom_src/install/yahboom_description:/home/dwduong74/yahboom_src/install/yahboom_bringup:/home/dwduong74/yahboom_src/install/yahboom_base:/home/dwduong74/yahboom_src/install/yahboom_app_save_map:/home/dwduong74/yahboom_src/install/tf_publisher:/home/dwduong74/yahboom_src/install/bringup:/home/dwduong74/LUMI_ws/install/custom_explorer:/opt/ros/humble LD_LIBRARY_PATH=/home/dwduong74/yahboom_src/install/champ_base/lib:/home/dwduong74/yahboom_src/install/velodyne_gazebo_plugins/lib:/home/dwduong74/yahboom_src/install/champ_msgs/lib:/home/dwduong74/yahboom_src/install/yahboom_msgs/lib:/home/dwduong74/yahboom_src/install/image_color_lab/lib:/usr/lib/x86_64-linux-gnu/gazebo-11/plugins:/opt/ros/humble/opt/rviz_ogre_vendor/lib:/opt/ros/humble/lib/x86_64-linux-gnu:/opt/ros/humble/lib PATH=/home/dwduong74/yahboom_src/install/champ_base/bin:/home/dwduong74/yahboom_src/install/oradar_lidar/bin:/home/dwduong74/yahboom_src/install/champ_gazebo/bin:/usr/bin:/home/dwduong74/.local/bin:/home/dwduong74/.local/bin:/opt/ros/humble/bin:/usr/local/sbin:/usr/local/bin:/usr/sbin:/usr/bin:/sbin:/bin:/usr/games:/usr/local/games:/snap/bin /usr/bin/cmake --build /home/dwduong74/yahboom_src/build/champ_bringup -- -j8 -l8
[10.625s] DEBUG:colcon.colcon_core.event_handler.log_command:Invoking command in '/home/dwduong74/yahboom_src/build/velodyne_simulator': CMAKE_PREFIX_PATH=/home/dwduong74/yahboom_src/install/velodyne_description:/home/dwduong74/yahboom_src/install/velodyne_gazebo_plugins:/home/dwduong74/yahboom_src/install/yahboom_msgs:/home/dwduong74/yahboom_src/install/velodyne_simulator:/home/dwduong74/yahboom_src/install/champ_bringup:/home/dwduong74/yahboom_src/install/champ_description:/home/dwduong74/yahboom_src/install/oradar_lidar:/home/dwduong74/yahboom_src/install/image_color_lab:/home/dwduong74/yahboom_src/install/go2_description:/home/dwduong74/yahboom_src/install/go2_config:/home/dwduong74/yahboom_src/install/dogzilla_description:/home/dwduong74/yahboom_src/install/dogzilla_config:/home/dwduong74/yahboom_src/install/champ_teleop:/home/dwduong74/yahboom_src/install/champ_navigation:/home/dwduong74/yahboom_src/install/champ_gazebo:/home/dwduong74/yahboom_src/install/champ_base:/home/dwduong74/yahboom_src/install/champ_msgs:/home/dwduong74/yahboom_src/install/champ_config:/home/dwduong74/yahboom_src/install/champ:/home/dwduong74/LUMI_ws/install/turtlebot3_manipulation_gazebo:/home/dwduong74/LUMI_ws/install/champ:/home/dwduong74/LUMI_ws/install/rf2o_laser_odometry:/home/dwduong74/yahboom_src/install/yahboom_set_height:/home/dwduong74/yahboom_src/install/yahboom_mediapipe:/home/dwduong74/yahboom_src/install/yahboom_gait:/home/dwduong74/yahboom_src/install/yahboom_dog_joint_state:/home/dwduong74/yahboom_src/install/yahboom_description:/home/dwduong74/yahboom_src/install/yahboom_bringup:/home/dwduong74/yahboom_src/install/yahboom_base:/home/dwduong74/yahboom_src/install/yahboom_app_save_map:/home/dwduong74/yahboom_src/install/tf_publisher:/home/dwduong74/yahboom_src/install/bringup:/home/dwduong74/LUMI_ws/install/custom_explorer:/opt/ros/humble LD_LIBRARY_PATH=/home/dwduong74/yahboom_src/install/velodyne_gazebo_plugins/lib:/home/dwduong74/yahboom_src/install/yahboom_msgs/lib:/home/dwduong74/yahboom_src/install/image_color_lab/lib:/home/dwduong74/yahboom_src/install/champ_base/lib:/home/dwduong74/yahboom_src/install/champ_msgs/lib:/usr/lib/x86_64-linux-gnu/gazebo-11/plugins:/opt/ros/humble/opt/rviz_ogre_vendor/lib:/opt/ros/humble/lib/x86_64-linux-gnu:/opt/ros/humble/lib /usr/bin/cmake --build /home/dwduong74/yahboom_src/build/velodyne_simulator -- -j8 -l8
[10.710s] DEBUG:colcon.colcon_core.event_handler.log_command:Invoked command in '/home/dwduong74/yahboom_src/build/champ_gazebo' returned '0': CMAKE_PREFIX_PATH=/home/dwduong74/yahboom_src/install/champ_msgs:/home/dwduong74/yahboom_src/install/champ:/home/dwduong74/yahboom_src/install/yahboom_msgs:/home/dwduong74/yahboom_src/install/velodyne_simulator:/home/dwduong74/yahboom_src/install/velodyne_description:/home/dwduong74/yahboom_src/install/champ_bringup:/home/dwduong74/yahboom_src/install/champ_description:/home/dwduong74/yahboom_src/install/velodyne_gazebo_plugins:/home/dwduong74/yahboom_src/install/oradar_lidar:/home/dwduong74/yahboom_src/install/image_color_lab:/home/dwduong74/yahboom_src/install/go2_description:/home/dwduong74/yahboom_src/install/go2_config:/home/dwduong74/yahboom_src/install/dogzilla_description:/home/dwduong74/yahboom_src/install/dogzilla_config:/home/dwduong74/yahboom_src/install/champ_teleop:/home/dwduong74/yahboom_src/install/champ_navigation:/home/dwduong74/yahboom_src/install/champ_gazebo:/home/dwduong74/yahboom_src/install/champ_base:/home/dwduong74/yahboom_src/install/champ_config:/home/dwduong74/LUMI_ws/install/turtlebot3_manipulation_gazebo:/home/dwduong74/LUMI_ws/install/champ:/home/dwduong74/LUMI_ws/install/rf2o_laser_odometry:/home/dwduong74/yahboom_src/install/yahboom_set_height:/home/dwduong74/yahboom_src/install/yahboom_mediapipe:/home/dwduong74/yahboom_src/install/yahboom_gait:/home/dwduong74/yahboom_src/install/yahboom_dog_joint_state:/home/dwduong74/yahboom_src/install/yahboom_description:/home/dwduong74/yahboom_src/install/yahboom_bringup:/home/dwduong74/yahboom_src/install/yahboom_base:/home/dwduong74/yahboom_src/install/yahboom_app_save_map:/home/dwduong74/yahboom_src/install/tf_publisher:/home/dwduong74/yahboom_src/install/bringup:/home/dwduong74/LUMI_ws/install/custom_explorer:/opt/ros/humble LD_LIBRARY_PATH=/home/dwduong74/yahboom_src/install/champ_msgs/lib:/home/dwduong74/yahboom_src/install/yahboom_msgs/lib:/home/dwduong74/yahboom_src/install/velodyne_gazebo_plugins/lib:/home/dwduong74/yahboom_src/install/image_color_lab/lib:/home/dwduong74/yahboom_src/install/champ_base/lib:/usr/lib/x86_64-linux-gnu/gazebo-11/plugins:/opt/ros/humble/opt/rviz_ogre_vendor/lib:/opt/ros/humble/lib/x86_64-linux-gnu:/opt/ros/humble/lib /usr/bin/cmake --build /home/dwduong74/yahboom_src/build/champ_gazebo -- -j8 -l8
[10.718s] DEBUG:colcon.colcon_core.event_handler.log_command:Invoking command in '/home/dwduong74/yahboom_src/build/champ_gazebo': CMAKE_PREFIX_PATH=/home/dwduong74/yahboom_src/install/champ_msgs:/home/dwduong74/yahboom_src/install/champ:/home/dwduong74/yahboom_src/install/yahboom_msgs:/home/dwduong74/yahboom_src/install/velodyne_simulator:/home/dwduong74/yahboom_src/install/velodyne_description:/home/dwduong74/yahboom_src/install/champ_bringup:/home/dwduong74/yahboom_src/install/champ_description:/home/dwduong74/yahboom_src/install/velodyne_gazebo_plugins:/home/dwduong74/yahboom_src/install/oradar_lidar:/home/dwduong74/yahboom_src/install/image_color_lab:/home/dwduong74/yahboom_src/install/go2_description:/home/dwduong74/yahboom_src/install/go2_config:/home/dwduong74/yahboom_src/install/dogzilla_description:/home/dwduong74/yahboom_src/install/dogzilla_config:/home/dwduong74/yahboom_src/install/champ_teleop:/home/dwduong74/yahboom_src/install/champ_navigation:/home/dwduong74/yahboom_src/install/champ_gazebo:/home/dwduong74/yahboom_src/install/champ_base:/home/dwduong74/yahboom_src/install/champ_config:/home/dwduong74/LUMI_ws/install/turtlebot3_manipulation_gazebo:/home/dwduong74/LUMI_ws/install/champ:/home/dwduong74/LUMI_ws/install/rf2o_laser_odometry:/home/dwduong74/yahboom_src/install/yahboom_set_height:/home/dwduong74/yahboom_src/install/yahboom_mediapipe:/home/dwduong74/yahboom_src/install/yahboom_gait:/home/dwduong74/yahboom_src/install/yahboom_dog_joint_state:/home/dwduong74/yahboom_src/install/yahboom_description:/home/dwduong74/yahboom_src/install/yahboom_bringup:/home/dwduong74/yahboom_src/install/yahboom_base:/home/dwduong74/yahboom_src/install/yahboom_app_save_map:/home/dwduong74/yahboom_src/install/tf_publisher:/home/dwduong74/yahboom_src/install/bringup:/home/dwduong74/LUMI_ws/install/custom_explorer:/opt/ros/humble LD_LIBRARY_PATH=/home/dwduong74/yahboom_src/install/champ_msgs/lib:/home/dwduong74/yahboom_src/install/yahboom_msgs/lib:/home/dwduong74/yahboom_src/install/velodyne_gazebo_plugins/lib:/home/dwduong74/yahboom_src/install/image_color_lab/lib:/home/dwduong74/yahboom_src/install/champ_base/lib:/usr/lib/x86_64-linux-gnu/gazebo-11/plugins:/opt/ros/humble/opt/rviz_ogre_vendor/lib:/opt/ros/humble/lib/x86_64-linux-gnu:/opt/ros/humble/lib /usr/bin/cmake --install /home/dwduong74/yahboom_src/build/champ_gazebo
[10.755s] Level 1:colcon.colcon_core.environment:create_environment_scripts_only(champ_gazebo)
[10.756s] Level 1:colcon.colcon_core.environment:checking '/home/dwduong74/yahboom_src/install/champ_gazebo' for CMake module files
[10.762s] Level 1:colcon.colcon_core.environment:checking '/home/dwduong74/yahboom_src/install/champ_gazebo' for CMake config files
[10.763s] Level 1:colcon.colcon_core.shell:create_environment_hook('champ_gazebo', 'cmake_prefix_path')
[10.763s] INFO:colcon.colcon_core.shell:Creating environment hook '/home/dwduong74/yahboom_src/install/champ_gazebo/share/champ_gazebo/hook/cmake_prefix_path.ps1'
[10.764s] INFO:colcon.colcon_core.shell:Creating environment descriptor '/home/dwduong74/yahboom_src/install/champ_gazebo/share/champ_gazebo/hook/cmake_prefix_path.dsv'
[10.781s] DEBUG:colcon.colcon_core.event_handler.log_command:Invoked command in '/home/dwduong74/yahboom_src/build/velodyne_simulator' returned '0': CMAKE_PREFIX_PATH=/home/dwduong74/yahboom_src/install/velodyne_description:/home/dwduong74/yahboom_src/install/velodyne_gazebo_plugins:/home/dwduong74/yahboom_src/install/yahboom_msgs:/home/dwduong74/yahboom_src/install/velodyne_simulator:/home/dwduong74/yahboom_src/install/champ_bringup:/home/dwduong74/yahboom_src/install/champ_description:/home/dwduong74/yahboom_src/install/oradar_lidar:/home/dwduong74/yahboom_src/install/image_color_lab:/home/dwduong74/yahboom_src/install/go2_description:/home/dwduong74/yahboom_src/install/go2_config:/home/dwduong74/yahboom_src/install/dogzilla_description:/home/dwduong74/yahboom_src/install/dogzilla_config:/home/dwduong74/yahboom_src/install/champ_teleop:/home/dwduong74/yahboom_src/install/champ_navigation:/home/dwduong74/yahboom_src/install/champ_gazebo:/home/dwduong74/yahboom_src/install/champ_base:/home/dwduong74/yahboom_src/install/champ_msgs:/home/dwduong74/yahboom_src/install/champ_config:/home/dwduong74/yahboom_src/install/champ:/home/dwduong74/LUMI_ws/install/turtlebot3_manipulation_gazebo:/home/dwduong74/LUMI_ws/install/champ:/home/dwduong74/LUMI_ws/install/rf2o_laser_odometry:/home/dwduong74/yahboom_src/install/yahboom_set_height:/home/dwduong74/yahboom_src/install/yahboom_mediapipe:/home/dwduong74/yahboom_src/install/yahboom_gait:/home/dwduong74/yahboom_src/install/yahboom_dog_joint_state:/home/dwduong74/yahboom_src/install/yahboom_description:/home/dwduong74/yahboom_src/install/yahboom_bringup:/home/dwduong74/yahboom_src/install/yahboom_base:/home/dwduong74/yahboom_src/install/yahboom_app_save_map:/home/dwduong74/yahboom_src/install/tf_publisher:/home/dwduong74/yahboom_src/install/bringup:/home/dwduong74/LUMI_ws/install/custom_explorer:/opt/ros/humble LD_LIBRARY_PATH=/home/dwduong74/yahboom_src/install/velodyne_gazebo_plugins/lib:/home/dwduong74/yahboom_src/install/yahboom_msgs/lib:/home/dwduong74/yahboom_src/install/image_color_lab/lib:/home/dwduong74/yahboom_src/install/champ_base/lib:/home/dwduong74/yahboom_src/install/champ_msgs/lib:/usr/lib/x86_64-linux-gnu/gazebo-11/plugins:/opt/ros/humble/opt/rviz_ogre_vendor/lib:/opt/ros/humble/lib/x86_64-linux-gnu:/opt/ros/humble/lib /usr/bin/cmake --build /home/dwduong74/yahboom_src/build/velodyne_simulator -- -j8 -l8
[10.788s] INFO:colcon.colcon_core.shell:Creating environment hook '/home/dwduong74/yahboom_src/install/champ_gazebo/share/champ_gazebo/hook/cmake_prefix_path.sh'
[10.789s] Level 1:colcon.colcon_core.environment:checking '/home/dwduong74/yahboom_src/install/champ_gazebo/bin'
[10.790s] Level 1:colcon.colcon_core.shell:create_environment_hook('champ_gazebo', 'path')
[10.790s] INFO:colcon.colcon_core.shell:Creating environment hook '/home/dwduong74/yahboom_src/install/champ_gazebo/share/champ_gazebo/hook/path.ps1'
[10.792s] INFO:colcon.colcon_core.shell:Creating environment descriptor '/home/dwduong74/yahboom_src/install/champ_gazebo/share/champ_gazebo/hook/path.dsv'
[10.793s] INFO:colcon.colcon_core.shell:Creating environment hook '/home/dwduong74/yahboom_src/install/champ_gazebo/share/champ_gazebo/hook/path.sh'
[10.794s] Level 1:colcon.colcon_core.environment:checking '/home/dwduong74/yahboom_src/install/champ_gazebo/lib/pkgconfig/champ_gazebo.pc'
[10.799s] Level 1:colcon.colcon_core.environment:checking '/home/dwduong74/yahboom_src/install/champ_gazebo/lib/python3.10/site-packages'
[10.800s] Level 1:colcon.colcon_core.environment:checking '/home/dwduong74/yahboom_src/install/champ_gazebo/bin'
[10.800s] Level 1:colcon.colcon_core.shell:create_environment_hook('champ_gazebo', 'pythonscriptspath')
[10.800s] INFO:colcon.colcon_core.shell:Creating environment hook '/home/dwduong74/yahboom_src/install/champ_gazebo/share/champ_gazebo/hook/pythonscriptspath.ps1'
[10.803s] INFO:colcon.colcon_core.shell:Creating environment descriptor '/home/dwduong74/yahboom_src/install/champ_gazebo/share/champ_gazebo/hook/pythonscriptspath.dsv'
[10.804s] DEBUG:colcon.colcon_core.event_handler.log_command:Invoking command in '/home/dwduong74/yahboom_src/build/velodyne_simulator': CMAKE_PREFIX_PATH=/home/dwduong74/yahboom_src/install/velodyne_description:/home/dwduong74/yahboom_src/install/velodyne_gazebo_plugins:/home/dwduong74/yahboom_src/install/yahboom_msgs:/home/dwduong74/yahboom_src/install/velodyne_simulator:/home/dwduong74/yahboom_src/install/champ_bringup:/home/dwduong74/yahboom_src/install/champ_description:/home/dwduong74/yahboom_src/install/oradar_lidar:/home/dwduong74/yahboom_src/install/image_color_lab:/home/dwduong74/yahboom_src/install/go2_description:/home/dwduong74/yahboom_src/install/go2_config:/home/dwduong74/yahboom_src/install/dogzilla_description:/home/dwduong74/yahboom_src/install/dogzilla_config:/home/dwduong74/yahboom_src/install/champ_teleop:/home/dwduong74/yahboom_src/install/champ_navigation:/home/dwduong74/yahboom_src/install/champ_gazebo:/home/dwduong74/yahboom_src/install/champ_base:/home/dwduong74/yahboom_src/install/champ_msgs:/home/dwduong74/yahboom_src/install/champ_config:/home/dwduong74/yahboom_src/install/champ:/home/dwduong74/LUMI_ws/install/turtlebot3_manipulation_gazebo:/home/dwduong74/LUMI_ws/install/champ:/home/dwduong74/LUMI_ws/install/rf2o_laser_odometry:/home/dwduong74/yahboom_src/install/yahboom_set_height:/home/dwduong74/yahboom_src/install/yahboom_mediapipe:/home/dwduong74/yahboom_src/install/yahboom_gait:/home/dwduong74/yahboom_src/install/yahboom_dog_joint_state:/home/dwduong74/yahboom_src/install/yahboom_description:/home/dwduong74/yahboom_src/install/yahboom_bringup:/home/dwduong74/yahboom_src/install/yahboom_base:/home/dwduong74/yahboom_src/install/yahboom_app_save_map:/home/dwduong74/yahboom_src/install/tf_publisher:/home/dwduong74/yahboom_src/install/bringup:/home/dwduong74/LUMI_ws/install/custom_explorer:/opt/ros/humble LD_LIBRARY_PATH=/home/dwduong74/yahboom_src/install/velodyne_gazebo_plugins/lib:/home/dwduong74/yahboom_src/install/yahboom_msgs/lib:/home/dwduong74/yahboom_src/install/image_color_lab/lib:/home/dwduong74/yahboom_src/install/champ_base/lib:/home/dwduong74/yahboom_src/install/champ_msgs/lib:/usr/lib/x86_64-linux-gnu/gazebo-11/plugins:/opt/ros/humble/opt/rviz_ogre_vendor/lib:/opt/ros/humble/lib/x86_64-linux-gnu:/opt/ros/humble/lib /usr/bin/cmake --install /home/dwduong74/yahboom_src/build/velodyne_simulator
[10.812s] INFO:colcon.colcon_core.shell:Creating environment hook '/home/dwduong74/yahboom_src/install/champ_gazebo/share/champ_gazebo/hook/pythonscriptspath.sh'
[10.814s] INFO:colcon.colcon_core.shell:Creating package script '/home/dwduong74/yahboom_src/install/champ_gazebo/share/champ_gazebo/package.ps1'
[10.817s] DEBUG:colcon.colcon_core.event_handler.log_command:Invoked command in '/home/dwduong74/yahboom_src/build/champ_gazebo' returned '0': CMAKE_PREFIX_PATH=/home/dwduong74/yahboom_src/install/champ_msgs:/home/dwduong74/yahboom_src/install/champ:/home/dwduong74/yahboom_src/install/yahboom_msgs:/home/dwduong74/yahboom_src/install/velodyne_simulator:/home/dwduong74/yahboom_src/install/velodyne_description:/home/dwduong74/yahboom_src/install/champ_bringup:/home/dwduong74/yahboom_src/install/champ_description:/home/dwduong74/yahboom_src/install/velodyne_gazebo_plugins:/home/dwduong74/yahboom_src/install/oradar_lidar:/home/dwduong74/yahboom_src/install/image_color_lab:/home/dwduong74/yahboom_src/install/go2_description:/home/dwduong74/yahboom_src/install/go2_config:/home/dwduong74/yahboom_src/install/dogzilla_description:/home/dwduong74/yahboom_src/install/dogzilla_config:/home/dwduong74/yahboom_src/install/champ_teleop:/home/dwduong74/yahboom_src/install/champ_navigation:/home/dwduong74/yahboom_src/install/champ_gazebo:/home/dwduong74/yahboom_src/install/champ_base:/home/dwduong74/yahboom_src/install/champ_config:/home/dwduong74/LUMI_ws/install/turtlebot3_manipulation_gazebo:/home/dwduong74/LUMI_ws/install/champ:/home/dwduong74/LUMI_ws/install/rf2o_laser_odometry:/home/dwduong74/yahboom_src/install/yahboom_set_height:/home/dwduong74/yahboom_src/install/yahboom_mediapipe:/home/dwduong74/yahboom_src/install/yahboom_gait:/home/dwduong74/yahboom_src/install/yahboom_dog_joint_state:/home/dwduong74/yahboom_src/install/yahboom_description:/home/dwduong74/yahboom_src/install/yahboom_bringup:/home/dwduong74/yahboom_src/install/yahboom_base:/home/dwduong74/yahboom_src/install/yahboom_app_save_map:/home/dwduong74/yahboom_src/install/tf_publisher:/home/dwduong74/yahboom_src/install/bringup:/home/dwduong74/LUMI_ws/install/custom_explorer:/opt/ros/humble LD_LIBRARY_PATH=/home/dwduong74/yahboom_src/install/champ_msgs/lib:/home/dwduong74/yahboom_src/install/yahboom_msgs/lib:/home/dwduong74/yahboom_src/install/velodyne_gazebo_plugins/lib:/home/dwduong74/yahboom_src/install/image_color_lab/lib:/home/dwduong74/yahboom_src/install/champ_base/lib:/usr/lib/x86_64-linux-gnu/gazebo-11/plugins:/opt/ros/humble/opt/rviz_ogre_vendor/lib:/opt/ros/humble/lib/x86_64-linux-gnu:/opt/ros/humble/lib /usr/bin/cmake --install /home/dwduong74/yahboom_src/build/champ_gazebo
[10.823s] INFO:colcon.colcon_core.shell:Creating package descriptor '/home/dwduong74/yahboom_src/install/champ_gazebo/share/champ_gazebo/package.dsv'
[10.824s] INFO:colcon.colcon_core.shell:Creating package script '/home/dwduong74/yahboom_src/install/champ_gazebo/share/champ_gazebo/package.sh'
[10.828s] INFO:colcon.colcon_core.shell:Creating package script '/home/dwduong74/yahboom_src/install/champ_gazebo/share/champ_gazebo/package.bash'
[10.829s] INFO:colcon.colcon_core.shell:Creating package script '/home/dwduong74/yahboom_src/install/champ_gazebo/share/champ_gazebo/package.zsh'
[10.829s] Level 1:colcon.colcon_core.environment:create_file_with_runtime_dependencies(/home/dwduong74/yahboom_src/install/champ_gazebo/share/colcon-core/packages/champ_gazebo)
[10.830s] Level 1:colcon.colcon_core.environment:create_environment_scripts_only(champ_gazebo)
[10.845s] Level 1:colcon.colcon_core.environment:checking '/home/dwduong74/yahboom_src/install/champ_gazebo' for CMake module files
[10.846s] Level 1:colcon.colcon_core.environment:checking '/home/dwduong74/yahboom_src/install/champ_gazebo' for CMake config files
[10.847s] Level 1:colcon.colcon_core.shell:create_environment_hook('champ_gazebo', 'cmake_prefix_path')
[10.847s] INFO:colcon.colcon_core.shell:Creating environment hook '/home/dwduong74/yahboom_src/install/champ_gazebo/share/champ_gazebo/hook/cmake_prefix_path.ps1'
[10.849s] INFO:colcon.colcon_core.shell:Creating environment descriptor '/home/dwduong74/yahboom_src/install/champ_gazebo/share/champ_gazebo/hook/cmake_prefix_path.dsv'
[10.852s] INFO:colcon.colcon_core.shell:Creating environment hook '/home/dwduong74/yahboom_src/install/champ_gazebo/share/champ_gazebo/hook/cmake_prefix_path.sh'
[10.853s] Level 1:colcon.colcon_core.environment:checking '/home/dwduong74/yahboom_src/install/champ_gazebo/bin'
[10.853s] Level 1:colcon.colcon_core.shell:create_environment_hook('champ_gazebo', 'path')
[10.854s] INFO:colcon.colcon_core.shell:Creating environment hook '/home/dwduong74/yahboom_src/install/champ_gazebo/share/champ_gazebo/hook/path.ps1'
[10.854s] INFO:colcon.colcon_core.shell:Creating environment descriptor '/home/dwduong74/yahboom_src/install/champ_gazebo/share/champ_gazebo/hook/path.dsv'
[10.861s] INFO:colcon.colcon_core.shell:Creating environment hook '/home/dwduong74/yahboom_src/install/champ_gazebo/share/champ_gazebo/hook/path.sh'
[10.866s] Level 1:colcon.colcon_core.environment:checking '/home/dwduong74/yahboom_src/install/champ_gazebo/lib/pkgconfig/champ_gazebo.pc'
[10.867s] Level 1:colcon.colcon_core.environment:checking '/home/dwduong74/yahboom_src/install/champ_gazebo/lib/python3.10/site-packages'
[10.868s] Level 1:colcon.colcon_core.environment:checking '/home/dwduong74/yahboom_src/install/champ_gazebo/bin'
[10.868s] Level 1:colcon.colcon_core.shell:create_environment_hook('champ_gazebo', 'pythonscriptspath')
[10.868s] INFO:colcon.colcon_core.shell:Creating environment hook '/home/dwduong74/yahboom_src/install/champ_gazebo/share/champ_gazebo/hook/pythonscriptspath.ps1'
[10.877s] INFO:colcon.colcon_core.shell:Creating environment descriptor '/home/dwduong74/yahboom_src/install/champ_gazebo/share/champ_gazebo/hook/pythonscriptspath.dsv'
[10.878s] INFO:colcon.colcon_core.shell:Creating environment hook '/home/dwduong74/yahboom_src/install/champ_gazebo/share/champ_gazebo/hook/pythonscriptspath.sh'
[10.880s] INFO:colcon.colcon_core.shell:Creating package script '/home/dwduong74/yahboom_src/install/champ_gazebo/share/champ_gazebo/package.ps1'
[10.886s] INFO:colcon.colcon_core.shell:Creating package descriptor '/home/dwduong74/yahboom_src/install/champ_gazebo/share/champ_gazebo/package.dsv'
[10.887s] INFO:colcon.colcon_core.shell:Creating package script '/home/dwduong74/yahboom_src/install/champ_gazebo/share/champ_gazebo/package.sh'
[10.888s] INFO:colcon.colcon_core.shell:Creating package script '/home/dwduong74/yahboom_src/install/champ_gazebo/share/champ_gazebo/package.bash'
[10.889s] INFO:colcon.colcon_core.shell:Creating package script '/home/dwduong74/yahboom_src/install/champ_gazebo/share/champ_gazebo/package.zsh'
[10.902s] Level 1:colcon.colcon_core.environment:create_file_with_runtime_dependencies(/home/dwduong74/yahboom_src/install/champ_gazebo/share/colcon-core/packages/champ_gazebo)
[10.908s] Level 1:colcon.colcon_core.environment:create_environment_scripts_only(yahboom_msgs)
[10.910s] Level 1:colcon.colcon_core.environment:checking '/home/dwduong74/yahboom_src/install/yahboom_msgs' for CMake module files
[10.911s] Level 1:colcon.colcon_core.environment:checking '/home/dwduong74/yahboom_src/install/yahboom_msgs' for CMake config files
[10.912s] Level 1:colcon.colcon_core.shell:create_environment_hook('yahboom_msgs', 'cmake_prefix_path')
[10.912s] INFO:colcon.colcon_core.shell:Creating environment hook '/home/dwduong74/yahboom_src/install/yahboom_msgs/share/yahboom_msgs/hook/cmake_prefix_path.ps1'
[10.909s] DEBUG:colcon.colcon_core.event_handler.log_command:Invoked command in '/home/dwduong74/yahboom_src/build/yahboom_msgs' returned '0': CMAKE_PREFIX_PATH=${CMAKE_PREFIX_PATH}:/home/dwduong74/yahboom_src/install/yahboom_set_height:/home/dwduong74/yahboom_src/install/yahboom_mediapipe:/home/dwduong74/yahboom_src/install/yahboom_gait:/home/dwduong74/yahboom_src/install/yahboom_dog_joint_state:/home/dwduong74/yahboom_src/install/yahboom_description:/home/dwduong74/yahboom_src/install/yahboom_bringup:/home/dwduong74/yahboom_src/install/yahboom_base:/home/dwduong74/yahboom_src/install/yahboom_app_save_map:/home/dwduong74/yahboom_src/install/tf_publisher:/home/dwduong74/yahboom_src/install/bringup:/home/dwduong74/LUMI_ws/install/custom_explorer:/opt/ros/humble /usr/bin/cmake --install /home/dwduong74/yahboom_src/build/yahboom_msgs
[10.913s] INFO:colcon.colcon_core.shell:Creating environment descriptor '/home/dwduong74/yahboom_src/install/yahboom_msgs/share/yahboom_msgs/hook/cmake_prefix_path.dsv'
[10.914s] INFO:colcon.colcon_core.shell:Creating environment hook '/home/dwduong74/yahboom_src/install/yahboom_msgs/share/yahboom_msgs/hook/cmake_prefix_path.sh'
[10.915s] Level 1:colcon.colcon_core.environment:checking '/home/dwduong74/yahboom_src/install/yahboom_msgs/lib'
[10.916s] Level 1:colcon.colcon_core.shell:create_environment_hook('yahboom_msgs', 'ld_library_path_lib')
[10.916s] INFO:colcon.colcon_core.shell:Creating environment hook '/home/dwduong74/yahboom_src/install/yahboom_msgs/share/yahboom_msgs/hook/ld_library_path_lib.ps1'
[10.919s] INFO:colcon.colcon_core.shell:Creating environment descriptor '/home/dwduong74/yahboom_src/install/yahboom_msgs/share/yahboom_msgs/hook/ld_library_path_lib.dsv'
[10.920s] INFO:colcon.colcon_core.shell:Creating environment hook '/home/dwduong74/yahboom_src/install/yahboom_msgs/share/yahboom_msgs/hook/ld_library_path_lib.sh'
[10.922s] Level 1:colcon.colcon_core.environment:checking '/home/dwduong74/yahboom_src/install/yahboom_msgs/bin'
[10.922s] Level 1:colcon.colcon_core.environment:checking '/home/dwduong74/yahboom_src/install/yahboom_msgs/lib/pkgconfig/yahboom_msgs.pc'
[10.922s] Level 1:colcon.colcon_core.environment:checking '/home/dwduong74/yahboom_src/install/yahboom_msgs/lib/python3.10/site-packages'
[10.924s] Level 1:colcon.colcon_core.environment:checking '/home/dwduong74/yahboom_src/install/yahboom_msgs/bin'
[10.925s] INFO:colcon.colcon_core.shell:Creating package script '/home/dwduong74/yahboom_src/install/yahboom_msgs/share/yahboom_msgs/package.ps1'
[10.927s] INFO:colcon.colcon_core.shell:Creating package descriptor '/home/dwduong74/yahboom_src/install/yahboom_msgs/share/yahboom_msgs/package.dsv'
[10.929s] INFO:colcon.colcon_core.shell:Creating package script '/home/dwduong74/yahboom_src/install/yahboom_msgs/share/yahboom_msgs/package.sh'
[10.931s] INFO:colcon.colcon_core.shell:Creating package script '/home/dwduong74/yahboom_src/install/yahboom_msgs/share/yahboom_msgs/package.bash'
[10.932s] INFO:colcon.colcon_core.shell:Creating package script '/home/dwduong74/yahboom_src/install/yahboom_msgs/share/yahboom_msgs/package.zsh'
[10.933s] Level 1:colcon.colcon_core.environment:create_file_with_runtime_dependencies(/home/dwduong74/yahboom_src/install/yahboom_msgs/share/colcon-core/packages/yahboom_msgs)
[10.934s] Level 1:colcon.colcon_core.environment:create_environment_scripts_only(yahboom_msgs)
[10.934s] Level 1:colcon.colcon_core.environment:checking '/home/dwduong74/yahboom_src/install/yahboom_msgs' for CMake module files
[10.935s] Level 1:colcon.colcon_core.environment:checking '/home/dwduong74/yahboom_src/install/yahboom_msgs' for CMake config files
[10.936s] Level 1:colcon.colcon_core.shell:create_environment_hook('yahboom_msgs', 'cmake_prefix_path')
[10.936s] INFO:colcon.colcon_core.shell:Creating environment hook '/home/dwduong74/yahboom_src/install/yahboom_msgs/share/yahboom_msgs/hook/cmake_prefix_path.ps1'
[10.937s] INFO:colcon.colcon_core.shell:Creating environment descriptor '/home/dwduong74/yahboom_src/install/yahboom_msgs/share/yahboom_msgs/hook/cmake_prefix_path.dsv'
[10.937s] INFO:colcon.colcon_core.shell:Creating environment hook '/home/dwduong74/yahboom_src/install/yahboom_msgs/share/yahboom_msgs/hook/cmake_prefix_path.sh'
[10.944s] Level 1:colcon.colcon_core.environment:checking '/home/dwduong74/yahboom_src/install/yahboom_msgs/lib'
[10.944s] Level 1:colcon.colcon_core.shell:create_environment_hook('yahboom_msgs', 'ld_library_path_lib')
[10.944s] INFO:colcon.colcon_core.shell:Creating environment hook '/home/dwduong74/yahboom_src/install/yahboom_msgs/share/yahboom_msgs/hook/ld_library_path_lib.ps1'
[10.945s] INFO:colcon.colcon_core.shell:Creating environment descriptor '/home/dwduong74/yahboom_src/install/yahboom_msgs/share/yahboom_msgs/hook/ld_library_path_lib.dsv'
[10.946s] INFO:colcon.colcon_core.shell:Creating environment hook '/home/dwduong74/yahboom_src/install/yahboom_msgs/share/yahboom_msgs/hook/ld_library_path_lib.sh'
[10.947s] Level 1:colcon.colcon_core.environment:checking '/home/dwduong74/yahboom_src/install/yahboom_msgs/bin'
[10.950s] Level 1:colcon.colcon_core.environment:checking '/home/dwduong74/yahboom_src/install/yahboom_msgs/lib/pkgconfig/yahboom_msgs.pc'
[10.951s] Level 1:colcon.colcon_core.environment:checking '/home/dwduong74/yahboom_src/install/yahboom_msgs/lib/python3.10/site-packages'
[10.952s] Level 1:colcon.colcon_core.environment:checking '/home/dwduong74/yahboom_src/install/yahboom_msgs/bin'
[10.952s] INFO:colcon.colcon_core.shell:Creating package script '/home/dwduong74/yahboom_src/install/yahboom_msgs/share/yahboom_msgs/package.ps1'
[10.953s] INFO:colcon.colcon_core.shell:Creating package descriptor '/home/dwduong74/yahboom_src/install/yahboom_msgs/share/yahboom_msgs/package.dsv'
[10.959s] INFO:colcon.colcon_core.shell:Creating package script '/home/dwduong74/yahboom_src/install/yahboom_msgs/share/yahboom_msgs/package.sh'
[10.963s] INFO:colcon.colcon_core.shell:Creating package script '/home/dwduong74/yahboom_src/install/yahboom_msgs/share/yahboom_msgs/package.bash'
[10.964s] INFO:colcon.colcon_core.shell:Creating package script '/home/dwduong74/yahboom_src/install/yahboom_msgs/share/yahboom_msgs/package.zsh'
[10.964s] Level 1:colcon.colcon_core.environment:create_file_with_runtime_dependencies(/home/dwduong74/yahboom_src/install/yahboom_msgs/share/colcon-core/packages/yahboom_msgs)
[10.965s] Level 1:colcon.colcon_core.environment:create_environment_scripts_only(velodyne_simulator)
[10.965s] Level 1:colcon.colcon_core.environment:checking '/home/dwduong74/yahboom_src/install/velodyne_simulator' for CMake module files
[10.967s] DEBUG:colcon.colcon_core.event_handler.log_command:Invoked command in '/home/dwduong74/yahboom_src/build/velodyne_simulator' returned '0': CMAKE_PREFIX_PATH=/home/dwduong74/yahboom_src/install/velodyne_description:/home/dwduong74/yahboom_src/install/velodyne_gazebo_plugins:/home/dwduong74/yahboom_src/install/yahboom_msgs:/home/dwduong74/yahboom_src/install/velodyne_simulator:/home/dwduong74/yahboom_src/install/champ_bringup:/home/dwduong74/yahboom_src/install/champ_description:/home/dwduong74/yahboom_src/install/oradar_lidar:/home/dwduong74/yahboom_src/install/image_color_lab:/home/dwduong74/yahboom_src/install/go2_description:/home/dwduong74/yahboom_src/install/go2_config:/home/dwduong74/yahboom_src/install/dogzilla_description:/home/dwduong74/yahboom_src/install/dogzilla_config:/home/dwduong74/yahboom_src/install/champ_teleop:/home/dwduong74/yahboom_src/install/champ_navigation:/home/dwduong74/yahboom_src/install/champ_gazebo:/home/dwduong74/yahboom_src/install/champ_base:/home/dwduong74/yahboom_src/install/champ_msgs:/home/dwduong74/yahboom_src/install/champ_config:/home/dwduong74/yahboom_src/install/champ:/home/dwduong74/LUMI_ws/install/turtlebot3_manipulation_gazebo:/home/dwduong74/LUMI_ws/install/champ:/home/dwduong74/LUMI_ws/install/rf2o_laser_odometry:/home/dwduong74/yahboom_src/install/yahboom_set_height:/home/dwduong74/yahboom_src/install/yahboom_mediapipe:/home/dwduong74/yahboom_src/install/yahboom_gait:/home/dwduong74/yahboom_src/install/yahboom_dog_joint_state:/home/dwduong74/yahboom_src/install/yahboom_description:/home/dwduong74/yahboom_src/install/yahboom_bringup:/home/dwduong74/yahboom_src/install/yahboom_base:/home/dwduong74/yahboom_src/install/yahboom_app_save_map:/home/dwduong74/yahboom_src/install/tf_publisher:/home/dwduong74/yahboom_src/install/bringup:/home/dwduong74/LUMI_ws/install/custom_explorer:/opt/ros/humble LD_LIBRARY_PATH=/home/dwduong74/yahboom_src/install/velodyne_gazebo_plugins/lib:/home/dwduong74/yahboom_src/install/yahboom_msgs/lib:/home/dwduong74/yahboom_src/install/image_color_lab/lib:/home/dwduong74/yahboom_src/install/champ_base/lib:/home/dwduong74/yahboom_src/install/champ_msgs/lib:/usr/lib/x86_64-linux-gnu/gazebo-11/plugins:/opt/ros/humble/opt/rviz_ogre_vendor/lib:/opt/ros/humble/lib/x86_64-linux-gnu:/opt/ros/humble/lib /usr/bin/cmake --install /home/dwduong74/yahboom_src/build/velodyne_simulator
[10.967s] Level 1:colcon.colcon_core.environment:checking '/home/dwduong74/yahboom_src/install/velodyne_simulator' for CMake config files
[10.968s] Level 1:colcon.colcon_core.shell:create_environment_hook('velodyne_simulator', 'cmake_prefix_path')
[10.968s] INFO:colcon.colcon_core.shell:Creating environment hook '/home/dwduong74/yahboom_src/install/velodyne_simulator/share/velodyne_simulator/hook/cmake_prefix_path.ps1'
[10.969s] INFO:colcon.colcon_core.shell:Creating environment descriptor '/home/dwduong74/yahboom_src/install/velodyne_simulator/share/velodyne_simulator/hook/cmake_prefix_path.dsv'
[10.969s] INFO:colcon.colcon_core.shell:Creating environment hook '/home/dwduong74/yahboom_src/install/velodyne_simulator/share/velodyne_simulator/hook/cmake_prefix_path.sh'
[10.971s] Level 1:colcon.colcon_core.environment:checking '/home/dwduong74/yahboom_src/install/velodyne_simulator/bin'
[10.971s] Level 1:colcon.colcon_core.environment:checking '/home/dwduong74/yahboom_src/install/velodyne_simulator/lib/pkgconfig/velodyne_simulator.pc'
[10.972s] Level 1:colcon.colcon_core.environment:checking '/home/dwduong74/yahboom_src/install/velodyne_simulator/lib/python3.10/site-packages'
[10.972s] Level 1:colcon.colcon_core.environment:checking '/home/dwduong74/yahboom_src/install/velodyne_simulator/bin'
[10.973s] INFO:colcon.colcon_core.shell:Creating package script '/home/dwduong74/yahboom_src/install/velodyne_simulator/share/velodyne_simulator/package.ps1'
[10.974s] INFO:colcon.colcon_core.shell:Creating package descriptor '/home/dwduong74/yahboom_src/install/velodyne_simulator/share/velodyne_simulator/package.dsv'
[10.974s] INFO:colcon.colcon_core.shell:Creating package script '/home/dwduong74/yahboom_src/install/velodyne_simulator/share/velodyne_simulator/package.sh'
[10.975s] INFO:colcon.colcon_core.shell:Creating package script '/home/dwduong74/yahboom_src/install/velodyne_simulator/share/velodyne_simulator/package.bash'
[10.976s] INFO:colcon.colcon_core.shell:Creating package script '/home/dwduong74/yahboom_src/install/velodyne_simulator/share/velodyne_simulator/package.zsh'
[10.979s] Level 1:colcon.colcon_core.environment:create_file_with_runtime_dependencies(/home/dwduong74/yahboom_src/install/velodyne_simulator/share/colcon-core/packages/velodyne_simulator)
[10.980s] Level 1:colcon.colcon_core.environment:create_environment_scripts_only(velodyne_simulator)
[10.981s] Level 1:colcon.colcon_core.environment:checking '/home/dwduong74/yahboom_src/install/velodyne_simulator' for CMake module files
[10.982s] Level 1:colcon.colcon_core.environment:checking '/home/dwduong74/yahboom_src/install/velodyne_simulator' for CMake config files
[10.982s] Level 1:colcon.colcon_core.shell:create_environment_hook('velodyne_simulator', 'cmake_prefix_path')
[10.983s] INFO:colcon.colcon_core.shell:Creating environment hook '/home/dwduong74/yahboom_src/install/velodyne_simulator/share/velodyne_simulator/hook/cmake_prefix_path.ps1'
[10.983s] INFO:colcon.colcon_core.shell:Creating environment descriptor '/home/dwduong74/yahboom_src/install/velodyne_simulator/share/velodyne_simulator/hook/cmake_prefix_path.dsv'
[10.984s] INFO:colcon.colcon_core.shell:Creating environment hook '/home/dwduong74/yahboom_src/install/velodyne_simulator/share/velodyne_simulator/hook/cmake_prefix_path.sh'
[10.985s] Level 1:colcon.colcon_core.environment:checking '/home/dwduong74/yahboom_src/install/velodyne_simulator/bin'
[10.985s] Level 1:colcon.colcon_core.environment:checking '/home/dwduong74/yahboom_src/install/velodyne_simulator/lib/pkgconfig/velodyne_simulator.pc'
[10.986s] Level 1:colcon.colcon_core.environment:checking '/home/dwduong74/yahboom_src/install/velodyne_simulator/lib/python3.10/site-packages'
[10.986s] Level 1:colcon.colcon_core.environment:checking '/home/dwduong74/yahboom_src/install/velodyne_simulator/bin'
[10.987s] INFO:colcon.colcon_core.shell:Creating package script '/home/dwduong74/yahboom_src/install/velodyne_simulator/share/velodyne_simulator/package.ps1'
[10.988s] INFO:colcon.colcon_core.shell:Creating package descriptor '/home/dwduong74/yahboom_src/install/velodyne_simulator/share/velodyne_simulator/package.dsv'
[10.990s] INFO:colcon.colcon_core.shell:Creating package script '/home/dwduong74/yahboom_src/install/velodyne_simulator/share/velodyne_simulator/package.sh'
[10.996s] INFO:colcon.colcon_core.shell:Creating package script '/home/dwduong74/yahboom_src/install/velodyne_simulator/share/velodyne_simulator/package.bash'
[10.996s] INFO:colcon.colcon_core.shell:Creating package script '/home/dwduong74/yahboom_src/install/velodyne_simulator/share/velodyne_simulator/package.zsh'
[10.998s] Level 1:colcon.colcon_core.environment:create_file_with_runtime_dependencies(/home/dwduong74/yahboom_src/install/velodyne_simulator/share/colcon-core/packages/velodyne_simulator)
[11.559s] Level 1:colcon.colcon_core.environment:checking '/home/dwduong74/yahboom_src/install/yahboom_dog_joint_state' for CMake module files
[11.561s] Level 1:colcon.colcon_core.environment:checking '/home/dwduong74/yahboom_src/install/yahboom_dog_joint_state' for CMake config files
[11.563s] DEBUG:colcon.colcon_core.event_handler.log_command:Invoked command in '/home/dwduong74/yahboom_src/src/yahboom_dog_joint_state' returned '0': PYTHONPATH=/home/dwduong74/yahboom_src/build/yahboom_dog_joint_state/prefix_override:/usr/lib/python3/dist-packages/colcon_core/task/python/colcon_distutils_commands:/home/dwduong74/yahboom_src/install/yahboom_dog_joint_state/lib/python3.10/site-packages:${PYTHONPATH} /usr/bin/python3 -W ignore:setup.py install is deprecated -W ignore:easy_install command is deprecated setup.py egg_info --egg-base ../../build/yahboom_dog_joint_state build --build-base /home/dwduong74/yahboom_src/build/yahboom_dog_joint_state/build install --record /home/dwduong74/yahboom_src/build/yahboom_dog_joint_state/install.log --single-version-externally-managed install_data
[11.564s] Level 1:colcon.colcon_core.environment:checking '/home/dwduong74/yahboom_src/install/yahboom_dog_joint_state/lib'
[11.564s] Level 1:colcon.colcon_core.environment:checking '/home/dwduong74/yahboom_src/install/yahboom_dog_joint_state/bin'
[11.565s] Level 1:colcon.colcon_core.environment:checking '/home/dwduong74/yahboom_src/install/yahboom_dog_joint_state/lib/pkgconfig/yahboom_dog_joint_state.pc'
[11.565s] Level 1:colcon.colcon_core.environment:checking '/home/dwduong74/yahboom_src/install/yahboom_dog_joint_state/lib/python3.10/site-packages'
[11.565s] Level 1:colcon.colcon_core.shell:create_environment_hook('yahboom_dog_joint_state', 'pythonpath')
[11.566s] INFO:colcon.colcon_core.shell:Creating environment hook '/home/dwduong74/yahboom_src/install/yahboom_dog_joint_state/share/yahboom_dog_joint_state/hook/pythonpath.ps1'
[11.566s] INFO:colcon.colcon_core.shell:Creating environment descriptor '/home/dwduong74/yahboom_src/install/yahboom_dog_joint_state/share/yahboom_dog_joint_state/hook/pythonpath.dsv'
[11.567s] INFO:colcon.colcon_core.shell:Creating environment hook '/home/dwduong74/yahboom_src/install/yahboom_dog_joint_state/share/yahboom_dog_joint_state/hook/pythonpath.sh'
[11.568s] Level 1:colcon.colcon_core.environment:checking '/home/dwduong74/yahboom_src/install/yahboom_dog_joint_state/bin'
[11.568s] Level 1:colcon.colcon_core.environment:create_environment_scripts_only(yahboom_dog_joint_state)
[11.568s] INFO:colcon.colcon_core.shell:Creating package script '/home/dwduong74/yahboom_src/install/yahboom_dog_joint_state/share/yahboom_dog_joint_state/package.ps1'
[11.569s] INFO:colcon.colcon_core.shell:Creating package descriptor '/home/dwduong74/yahboom_src/install/yahboom_dog_joint_state/share/yahboom_dog_joint_state/package.dsv'
[11.569s] INFO:colcon.colcon_core.shell:Creating package script '/home/dwduong74/yahboom_src/install/yahboom_dog_joint_state/share/yahboom_dog_joint_state/package.sh'
[11.570s] INFO:colcon.colcon_core.shell:Creating package script '/home/dwduong74/yahboom_src/install/yahboom_dog_joint_state/share/yahboom_dog_joint_state/package.bash'
[11.570s] INFO:colcon.colcon_core.shell:Creating package script '/home/dwduong74/yahboom_src/install/yahboom_dog_joint_state/share/yahboom_dog_joint_state/package.zsh'
[11.571s] Level 1:colcon.colcon_core.environment:create_file_with_runtime_dependencies(/home/dwduong74/yahboom_src/install/yahboom_dog_joint_state/share/colcon-core/packages/yahboom_dog_joint_state)
[11.602s] Level 1:colcon.colcon_core.environment:checking '/home/dwduong74/yahboom_src/install/yahboom_gait' for CMake module files
[11.603s] DEBUG:colcon.colcon_core.event_handler.log_command:Invoked command in '/home/dwduong74/yahboom_src/src/yahboom_gait' returned '0': PYTHONPATH=/home/dwduong74/yahboom_src/build/yahboom_gait/prefix_override:/usr/lib/python3/dist-packages/colcon_core/task/python/colcon_distutils_commands:/home/dwduong74/yahboom_src/install/yahboom_gait/lib/python3.10/site-packages:${PYTHONPATH} /usr/bin/python3 -W ignore:setup.py install is deprecated -W ignore:easy_install command is deprecated setup.py egg_info --egg-base ../../build/yahboom_gait build --build-base /home/dwduong74/yahboom_src/build/yahboom_gait/build install --record /home/dwduong74/yahboom_src/build/yahboom_gait/install.log --single-version-externally-managed install_data
[11.603s] Level 1:colcon.colcon_core.environment:checking '/home/dwduong74/yahboom_src/install/yahboom_gait' for CMake config files
[11.604s] Level 1:colcon.colcon_core.environment:checking '/home/dwduong74/yahboom_src/install/yahboom_gait/lib'
[11.605s] Level 1:colcon.colcon_core.environment:checking '/home/dwduong74/yahboom_src/install/yahboom_gait/bin'
[11.605s] Level 1:colcon.colcon_core.environment:checking '/home/dwduong74/yahboom_src/install/yahboom_gait/lib/pkgconfig/yahboom_gait.pc'
[11.605s] Level 1:colcon.colcon_core.environment:checking '/home/dwduong74/yahboom_src/install/yahboom_gait/lib/python3.10/site-packages'
[11.605s] Level 1:colcon.colcon_core.shell:create_environment_hook('yahboom_gait', 'pythonpath')
[11.606s] INFO:colcon.colcon_core.shell:Creating environment hook '/home/dwduong74/yahboom_src/install/yahboom_gait/share/yahboom_gait/hook/pythonpath.ps1'
[11.607s] INFO:colcon.colcon_core.shell:Creating environment descriptor '/home/dwduong74/yahboom_src/install/yahboom_gait/share/yahboom_gait/hook/pythonpath.dsv'
[11.609s] INFO:colcon.colcon_core.shell:Creating environment hook '/home/dwduong74/yahboom_src/install/yahboom_gait/share/yahboom_gait/hook/pythonpath.sh'
[11.611s] Level 1:colcon.colcon_core.environment:checking '/home/dwduong74/yahboom_src/install/yahboom_gait/bin'
[11.612s] Level 1:colcon.colcon_core.environment:create_environment_scripts_only(yahboom_gait)
[11.612s] INFO:colcon.colcon_core.shell:Creating package script '/home/dwduong74/yahboom_src/install/yahboom_gait/share/yahboom_gait/package.ps1'
[11.613s] INFO:colcon.colcon_core.shell:Creating package descriptor '/home/dwduong74/yahboom_src/install/yahboom_gait/share/yahboom_gait/package.dsv'
[11.613s] INFO:colcon.colcon_core.shell:Creating package script '/home/dwduong74/yahboom_src/install/yahboom_gait/share/yahboom_gait/package.sh'
[11.614s] INFO:colcon.colcon_core.shell:Creating package script '/home/dwduong74/yahboom_src/install/yahboom_gait/share/yahboom_gait/package.bash'
[11.614s] INFO:colcon.colcon_core.shell:Creating package script '/home/dwduong74/yahboom_src/install/yahboom_gait/share/yahboom_gait/package.zsh'
[11.615s] Level 1:colcon.colcon_core.environment:create_file_with_runtime_dependencies(/home/dwduong74/yahboom_src/install/yahboom_gait/share/colcon-core/packages/yahboom_gait)
[11.663s] Level 1:colcon.colcon_core.environment:checking '/home/dwduong74/yahboom_src/install/yahboom_mediapipe' for CMake module files
[11.664s] DEBUG:colcon.colcon_core.event_handler.log_command:Invoked command in '/home/dwduong74/yahboom_src/src/yahboom_mediapipe' returned '0': PYTHONPATH=/home/dwduong74/yahboom_src/build/yahboom_mediapipe/prefix_override:/usr/lib/python3/dist-packages/colcon_core/task/python/colcon_distutils_commands:/home/dwduong74/yahboom_src/install/yahboom_mediapipe/lib/python3.10/site-packages:${PYTHONPATH} /usr/bin/python3 -W ignore:setup.py install is deprecated -W ignore:easy_install command is deprecated setup.py egg_info --egg-base ../../build/yahboom_mediapipe build --build-base /home/dwduong74/yahboom_src/build/yahboom_mediapipe/build install --record /home/dwduong74/yahboom_src/build/yahboom_mediapipe/install.log --single-version-externally-managed install_data
[11.664s] Level 1:colcon.colcon_core.environment:checking '/home/dwduong74/yahboom_src/install/yahboom_mediapipe' for CMake config files
[11.665s] Level 1:colcon.colcon_core.environment:checking '/home/dwduong74/yahboom_src/install/yahboom_mediapipe/lib'
[11.665s] Level 1:colcon.colcon_core.environment:checking '/home/dwduong74/yahboom_src/install/yahboom_mediapipe/bin'
[11.665s] Level 1:colcon.colcon_core.environment:checking '/home/dwduong74/yahboom_src/install/yahboom_mediapipe/lib/pkgconfig/yahboom_mediapipe.pc'
[11.666s] Level 1:colcon.colcon_core.environment:checking '/home/dwduong74/yahboom_src/install/yahboom_mediapipe/lib/python3.10/site-packages'
[11.666s] Level 1:colcon.colcon_core.shell:create_environment_hook('yahboom_mediapipe', 'pythonpath')
[11.666s] INFO:colcon.colcon_core.shell:Creating environment hook '/home/dwduong74/yahboom_src/install/yahboom_mediapipe/share/yahboom_mediapipe/hook/pythonpath.ps1'
[11.667s] INFO:colcon.colcon_core.shell:Creating environment descriptor '/home/dwduong74/yahboom_src/install/yahboom_mediapipe/share/yahboom_mediapipe/hook/pythonpath.dsv'
[11.668s] INFO:colcon.colcon_core.shell:Creating environment hook '/home/dwduong74/yahboom_src/install/yahboom_mediapipe/share/yahboom_mediapipe/hook/pythonpath.sh'
[11.669s] Level 1:colcon.colcon_core.environment:checking '/home/dwduong74/yahboom_src/install/yahboom_mediapipe/bin'
[11.669s] Level 1:colcon.colcon_core.environment:create_environment_scripts_only(yahboom_mediapipe)
[11.670s] INFO:colcon.colcon_core.shell:Creating package script '/home/dwduong74/yahboom_src/install/yahboom_mediapipe/share/yahboom_mediapipe/package.ps1'
[11.671s] INFO:colcon.colcon_core.shell:Creating package descriptor '/home/dwduong74/yahboom_src/install/yahboom_mediapipe/share/yahboom_mediapipe/package.dsv'
[11.671s] INFO:colcon.colcon_core.shell:Creating package script '/home/dwduong74/yahboom_src/install/yahboom_mediapipe/share/yahboom_mediapipe/package.sh'
[11.672s] INFO:colcon.colcon_core.shell:Creating package script '/home/dwduong74/yahboom_src/install/yahboom_mediapipe/share/yahboom_mediapipe/package.bash'
[11.673s] INFO:colcon.colcon_core.shell:Creating package script '/home/dwduong74/yahboom_src/install/yahboom_mediapipe/share/yahboom_mediapipe/package.zsh'
[11.674s] Level 1:colcon.colcon_core.environment:create_file_with_runtime_dependencies(/home/dwduong74/yahboom_src/install/yahboom_mediapipe/share/colcon-core/packages/yahboom_mediapipe)
[11.833s] DEBUG:colcon.colcon_core.event_handler.log_command:Invoked command in '/home/dwduong74/yahboom_src/build/champ_bringup' returned '0': CMAKE_PREFIX_PATH=/home/dwduong74/yahboom_src/install/champ_description:/home/dwduong74/yahboom_src/install/champ_base:/home/dwduong74/yahboom_src/install/velodyne_gazebo_plugins:/home/dwduong74/yahboom_src/install/champ_msgs:/home/dwduong74/yahboom_src/install/champ:/home/dwduong74/yahboom_src/install/yahboom_msgs:/home/dwduong74/yahboom_src/install/velodyne_simulator:/home/dwduong74/yahboom_src/install/velodyne_description:/home/dwduong74/yahboom_src/install/champ_bringup:/home/dwduong74/yahboom_src/install/oradar_lidar:/home/dwduong74/yahboom_src/install/image_color_lab:/home/dwduong74/yahboom_src/install/go2_description:/home/dwduong74/yahboom_src/install/go2_config:/home/dwduong74/yahboom_src/install/dogzilla_description:/home/dwduong74/yahboom_src/install/dogzilla_config:/home/dwduong74/yahboom_src/install/champ_teleop:/home/dwduong74/yahboom_src/install/champ_navigation:/home/dwduong74/yahboom_src/install/champ_gazebo:/home/dwduong74/yahboom_src/install/champ_config:/home/dwduong74/LUMI_ws/install/turtlebot3_manipulation_gazebo:/home/dwduong74/LUMI_ws/install/champ:/home/dwduong74/LUMI_ws/install/rf2o_laser_odometry:/home/dwduong74/yahboom_src/install/yahboom_set_height:/home/dwduong74/yahboom_src/install/yahboom_mediapipe:/home/dwduong74/yahboom_src/install/yahboom_gait:/home/dwduong74/yahboom_src/install/yahboom_dog_joint_state:/home/dwduong74/yahboom_src/install/yahboom_description:/home/dwduong74/yahboom_src/install/yahboom_bringup:/home/dwduong74/yahboom_src/install/yahboom_base:/home/dwduong74/yahboom_src/install/yahboom_app_save_map:/home/dwduong74/yahboom_src/install/tf_publisher:/home/dwduong74/yahboom_src/install/bringup:/home/dwduong74/LUMI_ws/install/custom_explorer:/opt/ros/humble LD_LIBRARY_PATH=/home/dwduong74/yahboom_src/install/champ_base/lib:/home/dwduong74/yahboom_src/install/velodyne_gazebo_plugins/lib:/home/dwduong74/yahboom_src/install/champ_msgs/lib:/home/dwduong74/yahboom_src/install/yahboom_msgs/lib:/home/dwduong74/yahboom_src/install/image_color_lab/lib:/usr/lib/x86_64-linux-gnu/gazebo-11/plugins:/opt/ros/humble/opt/rviz_ogre_vendor/lib:/opt/ros/humble/lib/x86_64-linux-gnu:/opt/ros/humble/lib PATH=/home/dwduong74/yahboom_src/install/champ_base/bin:/home/dwduong74/yahboom_src/install/oradar_lidar/bin:/home/dwduong74/yahboom_src/install/champ_gazebo/bin:/usr/bin:/home/dwduong74/.local/bin:/home/dwduong74/.local/bin:/opt/ros/humble/bin:/usr/local/sbin:/usr/local/bin:/usr/sbin:/usr/bin:/sbin:/bin:/usr/games:/usr/local/games:/snap/bin /usr/bin/cmake --build /home/dwduong74/yahboom_src/build/champ_bringup -- -j8 -l8
[11.835s] DEBUG:colcon.colcon_core.event_handler.log_command:Invoking command in '/home/dwduong74/yahboom_src/build/champ_bringup': CMAKE_PREFIX_PATH=/home/dwduong74/yahboom_src/install/champ_description:/home/dwduong74/yahboom_src/install/champ_base:/home/dwduong74/yahboom_src/install/velodyne_gazebo_plugins:/home/dwduong74/yahboom_src/install/champ_msgs:/home/dwduong74/yahboom_src/install/champ:/home/dwduong74/yahboom_src/install/yahboom_msgs:/home/dwduong74/yahboom_src/install/velodyne_simulator:/home/dwduong74/yahboom_src/install/velodyne_description:/home/dwduong74/yahboom_src/install/champ_bringup:/home/dwduong74/yahboom_src/install/oradar_lidar:/home/dwduong74/yahboom_src/install/image_color_lab:/home/dwduong74/yahboom_src/install/go2_description:/home/dwduong74/yahboom_src/install/go2_config:/home/dwduong74/yahboom_src/install/dogzilla_description:/home/dwduong74/yahboom_src/install/dogzilla_config:/home/dwduong74/yahboom_src/install/champ_teleop:/home/dwduong74/yahboom_src/install/champ_navigation:/home/dwduong74/yahboom_src/install/champ_gazebo:/home/dwduong74/yahboom_src/install/champ_config:/home/dwduong74/LUMI_ws/install/turtlebot3_manipulation_gazebo:/home/dwduong74/LUMI_ws/install/champ:/home/dwduong74/LUMI_ws/install/rf2o_laser_odometry:/home/dwduong74/yahboom_src/install/yahboom_set_height:/home/dwduong74/yahboom_src/install/yahboom_mediapipe:/home/dwduong74/yahboom_src/install/yahboom_gait:/home/dwduong74/yahboom_src/install/yahboom_dog_joint_state:/home/dwduong74/yahboom_src/install/yahboom_description:/home/dwduong74/yahboom_src/install/yahboom_bringup:/home/dwduong74/yahboom_src/install/yahboom_base:/home/dwduong74/yahboom_src/install/yahboom_app_save_map:/home/dwduong74/yahboom_src/install/tf_publisher:/home/dwduong74/yahboom_src/install/bringup:/home/dwduong74/LUMI_ws/install/custom_explorer:/opt/ros/humble LD_LIBRARY_PATH=/home/dwduong74/yahboom_src/install/champ_base/lib:/home/dwduong74/yahboom_src/install/velodyne_gazebo_plugins/lib:/home/dwduong74/yahboom_src/install/champ_msgs/lib:/home/dwduong74/yahboom_src/install/yahboom_msgs/lib:/home/dwduong74/yahboom_src/install/image_color_lab/lib:/usr/lib/x86_64-linux-gnu/gazebo-11/plugins:/opt/ros/humble/opt/rviz_ogre_vendor/lib:/opt/ros/humble/lib/x86_64-linux-gnu:/opt/ros/humble/lib PATH=/home/dwduong74/yahboom_src/install/champ_base/bin:/home/dwduong74/yahboom_src/install/oradar_lidar/bin:/home/dwduong74/yahboom_src/install/champ_gazebo/bin:/usr/bin:/home/dwduong74/.local/bin:/home/dwduong74/.local/bin:/opt/ros/humble/bin:/usr/local/sbin:/usr/local/bin:/usr/sbin:/usr/bin:/sbin:/bin:/usr/games:/usr/local/games:/snap/bin /usr/bin/cmake --install /home/dwduong74/yahboom_src/build/champ_bringup
[11.910s] Level 1:colcon.colcon_core.environment:create_environment_scripts_only(champ_bringup)
[11.911s] Level 1:colcon.colcon_core.environment:checking '/home/dwduong74/yahboom_src/install/champ_bringup' for CMake module files
[11.911s] DEBUG:colcon.colcon_core.event_handler.log_command:Invoked command in '/home/dwduong74/yahboom_src/build/champ_bringup' returned '0': CMAKE_PREFIX_PATH=/home/dwduong74/yahboom_src/install/champ_description:/home/dwduong74/yahboom_src/install/champ_base:/home/dwduong74/yahboom_src/install/velodyne_gazebo_plugins:/home/dwduong74/yahboom_src/install/champ_msgs:/home/dwduong74/yahboom_src/install/champ:/home/dwduong74/yahboom_src/install/yahboom_msgs:/home/dwduong74/yahboom_src/install/velodyne_simulator:/home/dwduong74/yahboom_src/install/velodyne_description:/home/dwduong74/yahboom_src/install/champ_bringup:/home/dwduong74/yahboom_src/install/oradar_lidar:/home/dwduong74/yahboom_src/install/image_color_lab:/home/dwduong74/yahboom_src/install/go2_description:/home/dwduong74/yahboom_src/install/go2_config:/home/dwduong74/yahboom_src/install/dogzilla_description:/home/dwduong74/yahboom_src/install/dogzilla_config:/home/dwduong74/yahboom_src/install/champ_teleop:/home/dwduong74/yahboom_src/install/champ_navigation:/home/dwduong74/yahboom_src/install/champ_gazebo:/home/dwduong74/yahboom_src/install/champ_config:/home/dwduong74/LUMI_ws/install/turtlebot3_manipulation_gazebo:/home/dwduong74/LUMI_ws/install/champ:/home/dwduong74/LUMI_ws/install/rf2o_laser_odometry:/home/dwduong74/yahboom_src/install/yahboom_set_height:/home/dwduong74/yahboom_src/install/yahboom_mediapipe:/home/dwduong74/yahboom_src/install/yahboom_gait:/home/dwduong74/yahboom_src/install/yahboom_dog_joint_state:/home/dwduong74/yahboom_src/install/yahboom_description:/home/dwduong74/yahboom_src/install/yahboom_bringup:/home/dwduong74/yahboom_src/install/yahboom_base:/home/dwduong74/yahboom_src/install/yahboom_app_save_map:/home/dwduong74/yahboom_src/install/tf_publisher:/home/dwduong74/yahboom_src/install/bringup:/home/dwduong74/LUMI_ws/install/custom_explorer:/opt/ros/humble LD_LIBRARY_PATH=/home/dwduong74/yahboom_src/install/champ_base/lib:/home/dwduong74/yahboom_src/install/velodyne_gazebo_plugins/lib:/home/dwduong74/yahboom_src/install/champ_msgs/lib:/home/dwduong74/yahboom_src/install/yahboom_msgs/lib:/home/dwduong74/yahboom_src/install/image_color_lab/lib:/usr/lib/x86_64-linux-gnu/gazebo-11/plugins:/opt/ros/humble/opt/rviz_ogre_vendor/lib:/opt/ros/humble/lib/x86_64-linux-gnu:/opt/ros/humble/lib PATH=/home/dwduong74/yahboom_src/install/champ_base/bin:/home/dwduong74/yahboom_src/install/oradar_lidar/bin:/home/dwduong74/yahboom_src/install/champ_gazebo/bin:/usr/bin:/home/dwduong74/.local/bin:/home/dwduong74/.local/bin:/opt/ros/humble/bin:/usr/local/sbin:/usr/local/bin:/usr/sbin:/usr/bin:/sbin:/bin:/usr/games:/usr/local/games:/snap/bin /usr/bin/cmake --install /home/dwduong74/yahboom_src/build/champ_bringup
[11.912s] Level 1:colcon.colcon_core.environment:checking '/home/dwduong74/yahboom_src/install/champ_bringup' for CMake config files
[11.912s] Level 1:colcon.colcon_core.shell:create_environment_hook('champ_bringup', 'cmake_prefix_path')
[11.913s] INFO:colcon.colcon_core.shell:Creating environment hook '/home/dwduong74/yahboom_src/install/champ_bringup/share/champ_bringup/hook/cmake_prefix_path.ps1'
[11.914s] INFO:colcon.colcon_core.shell:Creating environment descriptor '/home/dwduong74/yahboom_src/install/champ_bringup/share/champ_bringup/hook/cmake_prefix_path.dsv'
[11.914s] INFO:colcon.colcon_core.shell:Creating environment hook '/home/dwduong74/yahboom_src/install/champ_bringup/share/champ_bringup/hook/cmake_prefix_path.sh'
[11.915s] Level 1:colcon.colcon_core.environment:checking '/home/dwduong74/yahboom_src/install/champ_bringup/lib'
[11.916s] Level 1:colcon.colcon_core.environment:checking '/home/dwduong74/yahboom_src/install/champ_bringup/bin'
[11.916s] Level 1:colcon.colcon_core.environment:checking '/home/dwduong74/yahboom_src/install/champ_bringup/lib/pkgconfig/champ_bringup.pc'
[11.916s] Level 1:colcon.colcon_core.environment:checking '/home/dwduong74/yahboom_src/install/champ_bringup/lib/python3.10/site-packages'
[11.917s] Level 1:colcon.colcon_core.environment:checking '/home/dwduong74/yahboom_src/install/champ_bringup/bin'
[11.918s] INFO:colcon.colcon_core.shell:Creating package script '/home/dwduong74/yahboom_src/install/champ_bringup/share/champ_bringup/package.ps1'
[11.918s] INFO:colcon.colcon_core.shell:Creating package descriptor '/home/dwduong74/yahboom_src/install/champ_bringup/share/champ_bringup/package.dsv'
[11.919s] INFO:colcon.colcon_core.shell:Creating package script '/home/dwduong74/yahboom_src/install/champ_bringup/share/champ_bringup/package.sh'
[11.920s] INFO:colcon.colcon_core.shell:Creating package script '/home/dwduong74/yahboom_src/install/champ_bringup/share/champ_bringup/package.bash'
[11.921s] INFO:colcon.colcon_core.shell:Creating package script '/home/dwduong74/yahboom_src/install/champ_bringup/share/champ_bringup/package.zsh'
[11.921s] Level 1:colcon.colcon_core.environment:create_file_with_runtime_dependencies(/home/dwduong74/yahboom_src/install/champ_bringup/share/colcon-core/packages/champ_bringup)
[11.923s] Level 1:colcon.colcon_core.environment:create_environment_scripts_only(champ_bringup)
[11.924s] Level 1:colcon.colcon_core.environment:checking '/home/dwduong74/yahboom_src/install/champ_bringup' for CMake module files
[11.925s] Level 1:colcon.colcon_core.environment:checking '/home/dwduong74/yahboom_src/install/champ_bringup' for CMake config files
[11.925s] Level 1:colcon.colcon_core.shell:create_environment_hook('champ_bringup', 'cmake_prefix_path')
[11.926s] INFO:colcon.colcon_core.shell:Creating environment hook '/home/dwduong74/yahboom_src/install/champ_bringup/share/champ_bringup/hook/cmake_prefix_path.ps1'
[11.927s] INFO:colcon.colcon_core.shell:Creating environment descriptor '/home/dwduong74/yahboom_src/install/champ_bringup/share/champ_bringup/hook/cmake_prefix_path.dsv'
[11.927s] INFO:colcon.colcon_core.shell:Creating environment hook '/home/dwduong74/yahboom_src/install/champ_bringup/share/champ_bringup/hook/cmake_prefix_path.sh'
[11.929s] Level 1:colcon.colcon_core.environment:checking '/home/dwduong74/yahboom_src/install/champ_bringup/lib'
[11.929s] Level 1:colcon.colcon_core.environment:checking '/home/dwduong74/yahboom_src/install/champ_bringup/bin'
[11.929s] Level 1:colcon.colcon_core.environment:checking '/home/dwduong74/yahboom_src/install/champ_bringup/lib/pkgconfig/champ_bringup.pc'
[11.929s] Level 1:colcon.colcon_core.environment:checking '/home/dwduong74/yahboom_src/install/champ_bringup/lib/python3.10/site-packages'
[11.930s] Level 1:colcon.colcon_core.environment:checking '/home/dwduong74/yahboom_src/install/champ_bringup/bin'
[11.931s] INFO:colcon.colcon_core.shell:Creating package script '/home/dwduong74/yahboom_src/install/champ_bringup/share/champ_bringup/package.ps1'
[11.932s] INFO:colcon.colcon_core.shell:Creating package descriptor '/home/dwduong74/yahboom_src/install/champ_bringup/share/champ_bringup/package.dsv'
[11.933s] INFO:colcon.colcon_core.shell:Creating package script '/home/dwduong74/yahboom_src/install/champ_bringup/share/champ_bringup/package.sh'
[11.934s] INFO:colcon.colcon_core.shell:Creating package script '/home/dwduong74/yahboom_src/install/champ_bringup/share/champ_bringup/package.bash'
[11.935s] INFO:colcon.colcon_core.shell:Creating package script '/home/dwduong74/yahboom_src/install/champ_bringup/share/champ_bringup/package.zsh'
[11.936s] Level 1:colcon.colcon_core.environment:create_file_with_runtime_dependencies(/home/dwduong74/yahboom_src/install/champ_bringup/share/colcon-core/packages/champ_bringup)
[11.988s] DEBUG:colcon.colcon_core.event_handler.log_command:Invoking command in '/home/dwduong74/yahboom_src/src/yahboom_set_height': PYTHONPATH=/home/dwduong74/yahboom_src/build/yahboom_set_height/prefix_override:/usr/lib/python3/dist-packages/colcon_core/task/python/colcon_distutils_commands:/home/dwduong74/yahboom_src/install/yahboom_set_height/lib/python3.10/site-packages:${PYTHONPATH} /usr/bin/python3 -W ignore:setup.py install is deprecated -W ignore:easy_install command is deprecated setup.py egg_info --egg-base ../../build/yahboom_set_height build --build-base /home/dwduong74/yahboom_src/build/yahboom_set_height/build install --record /home/dwduong74/yahboom_src/build/yahboom_set_height/install.log --single-version-externally-managed install_data
[12.633s] Level 1:colcon.colcon_core.environment:checking '/home/dwduong74/yahboom_src/install/yahboom_set_height' for CMake module files
[12.634s] DEBUG:colcon.colcon_core.event_handler.log_command:Invoked command in '/home/dwduong74/yahboom_src/src/yahboom_set_height' returned '0': PYTHONPATH=/home/dwduong74/yahboom_src/build/yahboom_set_height/prefix_override:/usr/lib/python3/dist-packages/colcon_core/task/python/colcon_distutils_commands:/home/dwduong74/yahboom_src/install/yahboom_set_height/lib/python3.10/site-packages:${PYTHONPATH} /usr/bin/python3 -W ignore:setup.py install is deprecated -W ignore:easy_install command is deprecated setup.py egg_info --egg-base ../../build/yahboom_set_height build --build-base /home/dwduong74/yahboom_src/build/yahboom_set_height/build install --record /home/dwduong74/yahboom_src/build/yahboom_set_height/install.log --single-version-externally-managed install_data
[12.635s] Level 1:colcon.colcon_core.environment:checking '/home/dwduong74/yahboom_src/install/yahboom_set_height' for CMake config files
[12.635s] Level 1:colcon.colcon_core.environment:checking '/home/dwduong74/yahboom_src/install/yahboom_set_height/lib'
[12.635s] Level 1:colcon.colcon_core.environment:checking '/home/dwduong74/yahboom_src/install/yahboom_set_height/bin'
[12.635s] Level 1:colcon.colcon_core.environment:checking '/home/dwduong74/yahboom_src/install/yahboom_set_height/lib/pkgconfig/yahboom_set_height.pc'
[12.636s] Level 1:colcon.colcon_core.environment:checking '/home/dwduong74/yahboom_src/install/yahboom_set_height/lib/python3.10/site-packages'
[12.636s] Level 1:colcon.colcon_core.shell:create_environment_hook('yahboom_set_height', 'pythonpath')
[12.636s] INFO:colcon.colcon_core.shell:Creating environment hook '/home/dwduong74/yahboom_src/install/yahboom_set_height/share/yahboom_set_height/hook/pythonpath.ps1'
[12.637s] INFO:colcon.colcon_core.shell:Creating environment descriptor '/home/dwduong74/yahboom_src/install/yahboom_set_height/share/yahboom_set_height/hook/pythonpath.dsv'
[12.637s] INFO:colcon.colcon_core.shell:Creating environment hook '/home/dwduong74/yahboom_src/install/yahboom_set_height/share/yahboom_set_height/hook/pythonpath.sh'
[12.638s] Level 1:colcon.colcon_core.environment:checking '/home/dwduong74/yahboom_src/install/yahboom_set_height/bin'
[12.638s] Level 1:colcon.colcon_core.environment:create_environment_scripts_only(yahboom_set_height)
[12.639s] INFO:colcon.colcon_core.shell:Creating package script '/home/dwduong74/yahboom_src/install/yahboom_set_height/share/yahboom_set_height/package.ps1'
[12.640s] INFO:colcon.colcon_core.shell:Creating package descriptor '/home/dwduong74/yahboom_src/install/yahboom_set_height/share/yahboom_set_height/package.dsv'
[12.641s] INFO:colcon.colcon_core.shell:Creating package script '/home/dwduong74/yahboom_src/install/yahboom_set_height/share/yahboom_set_height/package.sh'
[12.641s] INFO:colcon.colcon_core.shell:Creating package script '/home/dwduong74/yahboom_src/install/yahboom_set_height/share/yahboom_set_height/package.bash'
[12.642s] INFO:colcon.colcon_core.shell:Creating package script '/home/dwduong74/yahboom_src/install/yahboom_set_height/share/yahboom_set_height/package.zsh'
[12.643s] Level 1:colcon.colcon_core.environment:create_file_with_runtime_dependencies(/home/dwduong74/yahboom_src/install/yahboom_set_height/share/colcon-core/packages/yahboom_set_height)
[12.643s] DEBUG:colcon.colcon_parallel_executor.executor.parallel:closing loop
[12.644s] DEBUG:colcon.colcon_parallel_executor.executor.parallel:loop closed
[12.644s] DEBUG:colcon.colcon_parallel_executor.executor.parallel:run_until_complete finished with '0'
[12.644s] DEBUG:colcon.colcon_core.event_reactor:joining thread
[12.653s] INFO:colcon.colcon_core.plugin_system:Skipping extension 'colcon_notification.desktop_notification.terminal_notifier': Not used on non-Darwin systems
[12.653s] INFO:colcon.colcon_core.plugin_system:Skipping extension 'colcon_notification.desktop_notification.win32': Not used on non-Windows systems
[12.653s] INFO:colcon.colcon_notification.desktop_notification:Sending desktop notification using 'notify2'
[12.666s] DEBUG:colcon.colcon_core.event_reactor:joined thread
[12.667s] INFO:colcon.colcon_core.shell:Creating prefix script '/home/dwduong74/yahboom_src/install/local_setup.ps1'
[12.669s] INFO:colcon.colcon_core.shell:Creating prefix util module '/home/dwduong74/yahboom_src/install/_local_setup_util_ps1.py'
[12.672s] INFO:colcon.colcon_core.shell:Creating prefix chain script '/home/dwduong74/yahboom_src/install/setup.ps1'
[12.676s] INFO:colcon.colcon_core.shell:Creating prefix script '/home/dwduong74/yahboom_src/install/local_setup.sh'
[12.678s] INFO:colcon.colcon_core.shell:Creating prefix util module '/home/dwduong74/yahboom_src/install/_local_setup_util_sh.py'
[12.679s] INFO:colcon.colcon_core.shell:Creating prefix chain script '/home/dwduong74/yahboom_src/install/setup.sh'
[12.682s] INFO:colcon.colcon_core.shell:Creating prefix script '/home/dwduong74/yahboom_src/install/local_setup.bash'
[12.683s] INFO:colcon.colcon_core.shell:Creating prefix chain script '/home/dwduong74/yahboom_src/install/setup.bash'
[12.686s] INFO:colcon.colcon_core.shell:Creating prefix script '/home/dwduong74/yahboom_src/install/local_setup.zsh'
[12.687s] INFO:colcon.colcon_core.shell:Creating prefix chain script '/home/dwduong74/yahboom_src/install/setup.zsh'
