[0.215s] DEBUG:colcon:Command line arguments: ['/usr/bin/colcon', 'build']
[0.216s] DEBUG:colcon:Parsed command line arguments: Namespace(log_base=None, log_level=None, verb_name='build', build_base='build', install_base='install', merge_install=False, symlink_install=False, test_result_base=None, continue_on_error=False, executor='parallel', parallel_workers=8, event_handlers=None, ignore_user_meta=False, metas=['./colcon.meta'], base_paths=['.'], packages_ignore=None, packages_ignore_regex=None, paths=None, packages_up_to=None, packages_up_to_regex=None, packages_above=None, packages_above_and_dependencies=None, packages_above_depth=None, packages_select_by_dep=None, packages_skip_by_dep=None, packages_skip_up_to=None, packages_select_build_failed=False, packages_skip_build_finished=False, packages_select_test_failures=False, packages_skip_test_passed=False, packages_select=None, packages_skip=None, packages_select_regex=None, packages_skip_regex=None, packages_start=None, packages_end=None, allow_overriding=[], cmake_args=None, cmake_target=None, cmake_target_skip_unavailable=False, cmake_clean_cache=False, cmake_clean_first=False, cmake_force_configure=False, ament_cmake_args=None, catkin_cmake_args=None, catkin_skip_building_tests=False, mixin_files=None, mixin=None, verb_parser=<colcon_mixin.mixin.mixin_argument.MixinArgumentDecorator object at 0x7506f64f1000>, verb_extension=<colcon_core.verb.build.BuildVerb object at 0x7506f64f0a90>, main=<bound method BuildVerb.main of <colcon_core.verb.build.BuildVerb object at 0x7506f64f0a90>>, mixin_verb=('build',))
[0.771s] Level 1:colcon.colcon_core.package_discovery:discover_packages(colcon_meta) check parameters
[0.771s] Level 1:colcon.colcon_core.package_discovery:discover_packages(recursive) check parameters
[0.771s] Level 1:colcon.colcon_core.package_discovery:discover_packages(ignore) check parameters
[0.771s] Level 1:colcon.colcon_core.package_discovery:discover_packages(path) check parameters
[0.771s] Level 1:colcon.colcon_core.package_discovery:discover_packages(colcon_meta) discover
[0.771s] Level 1:colcon.colcon_core.package_discovery:discover_packages(recursive) discover
[0.771s] INFO:colcon.colcon_core.package_discovery:Crawling recursively for packages in '/home/dwduong74/yahboom_src'
[0.771s] Level 1:colcon.colcon_core.package_identification:_identify(.) by extensions ['ignore', 'ignore_ament_install']
[0.772s] Level 1:colcon.colcon_core.package_identification:_identify(.) by extension 'ignore'
[0.772s] Level 1:colcon.colcon_core.package_identification:_identify(.) by extension 'ignore_ament_install'
[0.772s] Level 1:colcon.colcon_core.package_identification:_identify(.) by extensions ['colcon_pkg']
[0.772s] Level 1:colcon.colcon_core.package_identification:_identify(.) by extension 'colcon_pkg'
[0.772s] Level 1:colcon.colcon_core.package_identification:_identify(.) by extensions ['colcon_meta']
[0.772s] Level 1:colcon.colcon_core.package_identification:_identify(.) by extension 'colcon_meta'
[0.772s] Level 1:colcon.colcon_core.package_identification:_identify(.) by extensions ['ros']
[0.772s] Level 1:colcon.colcon_core.package_identification:_identify(.) by extension 'ros'
[0.812s] Level 1:colcon.colcon_core.package_identification:_identify(.) by extensions ['cmake', 'python']
[0.812s] Level 1:colcon.colcon_core.package_identification:_identify(.) by extension 'cmake'
[0.812s] Level 1:colcon.colcon_core.package_identification:_identify(.) by extension 'python'
[0.812s] Level 1:colcon.colcon_core.package_identification:_identify(.) by extensions ['python_setup_py']
[0.812s] Level 1:colcon.colcon_core.package_identification:_identify(.) by extension 'python_setup_py'
[0.812s] Level 1:colcon.colcon_core.package_identification:_identify(build) by extensions ['ignore', 'ignore_ament_install']
[0.813s] Level 1:colcon.colcon_core.package_identification:_identify(build) by extension 'ignore'
[0.813s] Level 1:colcon.colcon_core.package_identification:_identify(build) ignored
[0.813s] Level 1:colcon.colcon_core.package_identification:_identify(install) by extensions ['ignore', 'ignore_ament_install']
[0.813s] Level 1:colcon.colcon_core.package_identification:_identify(install) by extension 'ignore'
[0.813s] Level 1:colcon.colcon_core.package_identification:_identify(install) ignored
[0.813s] Level 1:colcon.colcon_core.package_identification:_identify(log) by extensions ['ignore', 'ignore_ament_install']
[0.814s] Level 1:colcon.colcon_core.package_identification:_identify(log) by extension 'ignore'
[0.814s] Level 1:colcon.colcon_core.package_identification:_identify(log) ignored
[0.814s] Level 1:colcon.colcon_core.package_identification:_identify(src) by extensions ['ignore', 'ignore_ament_install']
[0.814s] Level 1:colcon.colcon_core.package_identification:_identify(src) by extension 'ignore'
[0.814s] Level 1:colcon.colcon_core.package_identification:_identify(src) by extension 'ignore_ament_install'
[0.814s] Level 1:colcon.colcon_core.package_identification:_identify(src) by extensions ['colcon_pkg']
[0.814s] Level 1:colcon.colcon_core.package_identification:_identify(src) by extension 'colcon_pkg'
[0.814s] Level 1:colcon.colcon_core.package_identification:_identify(src) by extensions ['colcon_meta']
[0.814s] Level 1:colcon.colcon_core.package_identification:_identify(src) by extension 'colcon_meta'
[0.814s] Level 1:colcon.colcon_core.package_identification:_identify(src) by extensions ['ros']
[0.815s] Level 1:colcon.colcon_core.package_identification:_identify(src) by extension 'ros'
[0.815s] Level 1:colcon.colcon_core.package_identification:_identify(src) by extensions ['cmake', 'python']
[0.815s] Level 1:colcon.colcon_core.package_identification:_identify(src) by extension 'cmake'
[0.815s] Level 1:colcon.colcon_core.package_identification:_identify(src) by extension 'python'
[0.815s] Level 1:colcon.colcon_core.package_identification:_identify(src) by extensions ['python_setup_py']
[0.815s] Level 1:colcon.colcon_core.package_identification:_identify(src) by extension 'python_setup_py'
[0.815s] Level 1:colcon.colcon_core.package_identification:_identify(src/bringup) by extensions ['ignore', 'ignore_ament_install']
[0.815s] Level 1:colcon.colcon_core.package_identification:_identify(src/bringup) by extension 'ignore'
[0.815s] Level 1:colcon.colcon_core.package_identification:_identify(src/bringup) by extension 'ignore_ament_install'
[0.815s] Level 1:colcon.colcon_core.package_identification:_identify(src/bringup) by extensions ['colcon_pkg']
[0.816s] Level 1:colcon.colcon_core.package_identification:_identify(src/bringup) by extension 'colcon_pkg'
[0.816s] Level 1:colcon.colcon_core.package_identification:_identify(src/bringup) by extensions ['colcon_meta']
[0.816s] Level 1:colcon.colcon_core.package_identification:_identify(src/bringup) by extension 'colcon_meta'
[0.816s] Level 1:colcon.colcon_core.package_identification:_identify(src/bringup) by extensions ['ros']
[0.816s] Level 1:colcon.colcon_core.package_identification:_identify(src/bringup) by extension 'ros'
[0.820s] DEBUG:colcon.colcon_core.package_identification:Package 'src/bringup' with type 'ros.ament_python' and name 'bringup'
[0.820s] Level 1:colcon.colcon_core.package_identification:_identify(src/build) by extensions ['ignore', 'ignore_ament_install']
[0.820s] Level 1:colcon.colcon_core.package_identification:_identify(src/build) by extension 'ignore'
[0.820s] Level 1:colcon.colcon_core.package_identification:_identify(src/build) ignored
[0.820s] Level 1:colcon.colcon_core.package_identification:_identify(src/dogzilla_sim) by extensions ['ignore', 'ignore_ament_install']
[0.820s] Level 1:colcon.colcon_core.package_identification:_identify(src/dogzilla_sim) by extension 'ignore'
[0.820s] Level 1:colcon.colcon_core.package_identification:_identify(src/dogzilla_sim) by extension 'ignore_ament_install'
[0.820s] Level 1:colcon.colcon_core.package_identification:_identify(src/dogzilla_sim) by extensions ['colcon_pkg']
[0.821s] Level 1:colcon.colcon_core.package_identification:_identify(src/dogzilla_sim) by extension 'colcon_pkg'
[0.821s] Level 1:colcon.colcon_core.package_identification:_identify(src/dogzilla_sim) by extensions ['colcon_meta']
[0.821s] Level 1:colcon.colcon_core.package_identification:_identify(src/dogzilla_sim) by extension 'colcon_meta'
[0.821s] Level 1:colcon.colcon_core.package_identification:_identify(src/dogzilla_sim) by extensions ['ros']
[0.821s] Level 1:colcon.colcon_core.package_identification:_identify(src/dogzilla_sim) by extension 'ros'
[0.821s] Level 1:colcon.colcon_core.package_identification:_identify(src/dogzilla_sim) by extensions ['cmake', 'python']
[0.821s] Level 1:colcon.colcon_core.package_identification:_identify(src/dogzilla_sim) by extension 'cmake'
[0.821s] Level 1:colcon.colcon_core.package_identification:_identify(src/dogzilla_sim) by extension 'python'
[0.821s] Level 1:colcon.colcon_core.package_identification:_identify(src/dogzilla_sim) by extensions ['python_setup_py']
[0.821s] Level 1:colcon.colcon_core.package_identification:_identify(src/dogzilla_sim) by extension 'python_setup_py'
[0.821s] Level 1:colcon.colcon_core.package_identification:_identify(src/dogzilla_sim/robots) by extensions ['ignore', 'ignore_ament_install']
[0.821s] Level 1:colcon.colcon_core.package_identification:_identify(src/dogzilla_sim/robots) by extension 'ignore'
[0.821s] Level 1:colcon.colcon_core.package_identification:_identify(src/dogzilla_sim/robots) by extension 'ignore_ament_install'
[0.821s] Level 1:colcon.colcon_core.package_identification:_identify(src/dogzilla_sim/robots) by extensions ['colcon_pkg']
[0.821s] Level 1:colcon.colcon_core.package_identification:_identify(src/dogzilla_sim/robots) by extension 'colcon_pkg'
[0.821s] Level 1:colcon.colcon_core.package_identification:_identify(src/dogzilla_sim/robots) by extensions ['colcon_meta']
[0.821s] Level 1:colcon.colcon_core.package_identification:_identify(src/dogzilla_sim/robots) by extension 'colcon_meta'
[0.822s] Level 1:colcon.colcon_core.package_identification:_identify(src/dogzilla_sim/robots) by extensions ['ros']
[0.822s] Level 1:colcon.colcon_core.package_identification:_identify(src/dogzilla_sim/robots) by extension 'ros'
[0.822s] Level 1:colcon.colcon_core.package_identification:_identify(src/dogzilla_sim/robots) by extensions ['cmake', 'python']
[0.822s] Level 1:colcon.colcon_core.package_identification:_identify(src/dogzilla_sim/robots) by extension 'cmake'
[0.822s] Level 1:colcon.colcon_core.package_identification:_identify(src/dogzilla_sim/robots) by extension 'python'
[0.822s] Level 1:colcon.colcon_core.package_identification:_identify(src/dogzilla_sim/robots) by extensions ['python_setup_py']
[0.822s] Level 1:colcon.colcon_core.package_identification:_identify(src/dogzilla_sim/robots) by extension 'python_setup_py'
[0.822s] Level 1:colcon.colcon_core.package_identification:_identify(src/dogzilla_sim/robots/configs) by extensions ['ignore', 'ignore_ament_install']
[0.822s] Level 1:colcon.colcon_core.package_identification:_identify(src/dogzilla_sim/robots/configs) by extension 'ignore'
[0.823s] Level 1:colcon.colcon_core.package_identification:_identify(src/dogzilla_sim/robots/configs) by extension 'ignore_ament_install'
[0.823s] Level 1:colcon.colcon_core.package_identification:_identify(src/dogzilla_sim/robots/configs) by extensions ['colcon_pkg']
[0.823s] Level 1:colcon.colcon_core.package_identification:_identify(src/dogzilla_sim/robots/configs) by extension 'colcon_pkg'
[0.823s] Level 1:colcon.colcon_core.package_identification:_identify(src/dogzilla_sim/robots/configs) by extensions ['colcon_meta']
[0.823s] Level 1:colcon.colcon_core.package_identification:_identify(src/dogzilla_sim/robots/configs) by extension 'colcon_meta'
[0.823s] Level 1:colcon.colcon_core.package_identification:_identify(src/dogzilla_sim/robots/configs) by extensions ['ros']
[0.823s] Level 1:colcon.colcon_core.package_identification:_identify(src/dogzilla_sim/robots/configs) by extension 'ros'
[0.823s] Level 1:colcon.colcon_core.package_identification:_identify(src/dogzilla_sim/robots/configs) by extensions ['cmake', 'python']
[0.823s] Level 1:colcon.colcon_core.package_identification:_identify(src/dogzilla_sim/robots/configs) by extension 'cmake'
[0.823s] Level 1:colcon.colcon_core.package_identification:_identify(src/dogzilla_sim/robots/configs) by extension 'python'
[0.823s] Level 1:colcon.colcon_core.package_identification:_identify(src/dogzilla_sim/robots/configs) by extensions ['python_setup_py']
[0.823s] Level 1:colcon.colcon_core.package_identification:_identify(src/dogzilla_sim/robots/configs) by extension 'python_setup_py'
[0.824s] Level 1:colcon.colcon_core.package_identification:_identify(src/dogzilla_sim/robots/configs/dogzilla_config) by extensions ['ignore', 'ignore_ament_install']
[0.824s] Level 1:colcon.colcon_core.package_identification:_identify(src/dogzilla_sim/robots/configs/dogzilla_config) by extension 'ignore'
[0.824s] Level 1:colcon.colcon_core.package_identification:_identify(src/dogzilla_sim/robots/configs/dogzilla_config) by extension 'ignore_ament_install'
[0.824s] Level 1:colcon.colcon_core.package_identification:_identify(src/dogzilla_sim/robots/configs/dogzilla_config) by extensions ['colcon_pkg']
[0.824s] Level 1:colcon.colcon_core.package_identification:_identify(src/dogzilla_sim/robots/configs/dogzilla_config) by extension 'colcon_pkg'
[0.824s] Level 1:colcon.colcon_core.package_identification:_identify(src/dogzilla_sim/robots/configs/dogzilla_config) by extensions ['colcon_meta']
[0.824s] Level 1:colcon.colcon_core.package_identification:_identify(src/dogzilla_sim/robots/configs/dogzilla_config) by extension 'colcon_meta'
[0.824s] Level 1:colcon.colcon_core.package_identification:_identify(src/dogzilla_sim/robots/configs/dogzilla_config) by extensions ['ros']
[0.824s] Level 1:colcon.colcon_core.package_identification:_identify(src/dogzilla_sim/robots/configs/dogzilla_config) by extension 'ros'
[0.825s] DEBUG:colcon.colcon_core.package_identification:Package 'src/dogzilla_sim/robots/configs/dogzilla_config' with type 'ros.ament_cmake' and name 'dogzilla_config'
[0.826s] Level 1:colcon.colcon_core.package_identification:_identify(src/dogzilla_sim/robots/descriptions) by extensions ['ignore', 'ignore_ament_install']
[0.826s] Level 1:colcon.colcon_core.package_identification:_identify(src/dogzilla_sim/robots/descriptions) by extension 'ignore'
[0.826s] Level 1:colcon.colcon_core.package_identification:_identify(src/dogzilla_sim/robots/descriptions) by extension 'ignore_ament_install'
[0.826s] Level 1:colcon.colcon_core.package_identification:_identify(src/dogzilla_sim/robots/descriptions) by extensions ['colcon_pkg']
[0.826s] Level 1:colcon.colcon_core.package_identification:_identify(src/dogzilla_sim/robots/descriptions) by extension 'colcon_pkg'
[0.826s] Level 1:colcon.colcon_core.package_identification:_identify(src/dogzilla_sim/robots/descriptions) by extensions ['colcon_meta']
[0.826s] Level 1:colcon.colcon_core.package_identification:_identify(src/dogzilla_sim/robots/descriptions) by extension 'colcon_meta'
[0.827s] Level 1:colcon.colcon_core.package_identification:_identify(src/dogzilla_sim/robots/descriptions) by extensions ['ros']
[0.827s] Level 1:colcon.colcon_core.package_identification:_identify(src/dogzilla_sim/robots/descriptions) by extension 'ros'
[0.827s] Level 1:colcon.colcon_core.package_identification:_identify(src/dogzilla_sim/robots/descriptions) by extensions ['cmake', 'python']
[0.827s] Level 1:colcon.colcon_core.package_identification:_identify(src/dogzilla_sim/robots/descriptions) by extension 'cmake'
[0.827s] Level 1:colcon.colcon_core.package_identification:_identify(src/dogzilla_sim/robots/descriptions) by extension 'python'
[0.827s] Level 1:colcon.colcon_core.package_identification:_identify(src/dogzilla_sim/robots/descriptions) by extensions ['python_setup_py']
[0.827s] Level 1:colcon.colcon_core.package_identification:_identify(src/dogzilla_sim/robots/descriptions) by extension 'python_setup_py'
[0.827s] Level 1:colcon.colcon_core.package_identification:_identify(src/dogzilla_sim/robots/descriptions/dogzilla_description) by extensions ['ignore', 'ignore_ament_install']
[0.827s] Level 1:colcon.colcon_core.package_identification:_identify(src/dogzilla_sim/robots/descriptions/dogzilla_description) by extension 'ignore'
[0.828s] Level 1:colcon.colcon_core.package_identification:_identify(src/dogzilla_sim/robots/descriptions/dogzilla_description) by extension 'ignore_ament_install'
[0.828s] Level 1:colcon.colcon_core.package_identification:_identify(src/dogzilla_sim/robots/descriptions/dogzilla_description) by extensions ['colcon_pkg']
[0.828s] Level 1:colcon.colcon_core.package_identification:_identify(src/dogzilla_sim/robots/descriptions/dogzilla_description) by extension 'colcon_pkg'
[0.828s] Level 1:colcon.colcon_core.package_identification:_identify(src/dogzilla_sim/robots/descriptions/dogzilla_description) by extensions ['colcon_meta']
[0.828s] Level 1:colcon.colcon_core.package_identification:_identify(src/dogzilla_sim/robots/descriptions/dogzilla_description) by extension 'colcon_meta'
[0.828s] Level 1:colcon.colcon_core.package_identification:_identify(src/dogzilla_sim/robots/descriptions/dogzilla_description) by extensions ['ros']
[0.828s] Level 1:colcon.colcon_core.package_identification:_identify(src/dogzilla_sim/robots/descriptions/dogzilla_description) by extension 'ros'
[0.829s] DEBUG:colcon.colcon_core.package_identification:Package 'src/dogzilla_sim/robots/descriptions/dogzilla_description' with type 'ros.ament_cmake' and name 'dogzilla_description'
[0.829s] Level 1:colcon.colcon_core.package_identification:_identify(src/gemini_examples) by extensions ['ignore', 'ignore_ament_install']
[0.829s] Level 1:colcon.colcon_core.package_identification:_identify(src/gemini_examples) by extension 'ignore'
[0.830s] Level 1:colcon.colcon_core.package_identification:_identify(src/gemini_examples) ignored
[0.830s] Level 1:colcon.colcon_core.package_identification:_identify(src/image_color_lab) by extensions ['ignore', 'ignore_ament_install']
[0.830s] Level 1:colcon.colcon_core.package_identification:_identify(src/image_color_lab) by extension 'ignore'
[0.830s] Level 1:colcon.colcon_core.package_identification:_identify(src/image_color_lab) by extension 'ignore_ament_install'
[0.830s] Level 1:colcon.colcon_core.package_identification:_identify(src/image_color_lab) by extensions ['colcon_pkg']
[0.830s] Level 1:colcon.colcon_core.package_identification:_identify(src/image_color_lab) by extension 'colcon_pkg'
[0.830s] Level 1:colcon.colcon_core.package_identification:_identify(src/image_color_lab) by extensions ['colcon_meta']
[0.830s] Level 1:colcon.colcon_core.package_identification:_identify(src/image_color_lab) by extension 'colcon_meta'
[0.830s] Level 1:colcon.colcon_core.package_identification:_identify(src/image_color_lab) by extensions ['ros']
[0.830s] Level 1:colcon.colcon_core.package_identification:_identify(src/image_color_lab) by extension 'ros'
[0.831s] DEBUG:colcon.colcon_core.package_identification:Package 'src/image_color_lab' with type 'ros.ament_cmake' and name 'image_color_lab'
[0.831s] Level 1:colcon.colcon_core.package_identification:_identify(src/install) by extensions ['ignore', 'ignore_ament_install']
[0.832s] Level 1:colcon.colcon_core.package_identification:_identify(src/install) by extension 'ignore'
[0.832s] Level 1:colcon.colcon_core.package_identification:_identify(src/install) ignored
[0.832s] Level 1:colcon.colcon_core.package_identification:_identify(src/oradar_lidar) by extensions ['ignore', 'ignore_ament_install']
[0.832s] Level 1:colcon.colcon_core.package_identification:_identify(src/oradar_lidar) by extension 'ignore'
[0.832s] Level 1:colcon.colcon_core.package_identification:_identify(src/oradar_lidar) by extension 'ignore_ament_install'
[0.832s] Level 1:colcon.colcon_core.package_identification:_identify(src/oradar_lidar) by extensions ['colcon_pkg']
[0.832s] Level 1:colcon.colcon_core.package_identification:_identify(src/oradar_lidar) by extension 'colcon_pkg'
[0.832s] Level 1:colcon.colcon_core.package_identification:_identify(src/oradar_lidar) by extensions ['colcon_meta']
[0.832s] Level 1:colcon.colcon_core.package_identification:_identify(src/oradar_lidar) by extension 'colcon_meta'
[0.832s] Level 1:colcon.colcon_core.package_identification:_identify(src/oradar_lidar) by extensions ['ros']
[0.832s] Level 1:colcon.colcon_core.package_identification:_identify(src/oradar_lidar) by extension 'ros'
[0.834s] DEBUG:colcon.colcon_core.package_identification:Package 'src/oradar_lidar' with type 'ros.ament_cmake' and name 'oradar_lidar'
[0.834s] Level 1:colcon.colcon_core.package_identification:_identify(src/tf_publisher) by extensions ['ignore', 'ignore_ament_install']
[0.834s] Level 1:colcon.colcon_core.package_identification:_identify(src/tf_publisher) by extension 'ignore'
[0.834s] Level 1:colcon.colcon_core.package_identification:_identify(src/tf_publisher) by extension 'ignore_ament_install'
[0.834s] Level 1:colcon.colcon_core.package_identification:_identify(src/tf_publisher) by extensions ['colcon_pkg']
[0.834s] Level 1:colcon.colcon_core.package_identification:_identify(src/tf_publisher) by extension 'colcon_pkg'
[0.834s] Level 1:colcon.colcon_core.package_identification:_identify(src/tf_publisher) by extensions ['colcon_meta']
[0.835s] Level 1:colcon.colcon_core.package_identification:_identify(src/tf_publisher) by extension 'colcon_meta'
[0.835s] Level 1:colcon.colcon_core.package_identification:_identify(src/tf_publisher) by extensions ['ros']
[0.835s] Level 1:colcon.colcon_core.package_identification:_identify(src/tf_publisher) by extension 'ros'
[0.836s] DEBUG:colcon.colcon_core.package_identification:Package 'src/tf_publisher' with type 'ros.ament_python' and name 'tf_publisher'
[0.836s] Level 1:colcon.colcon_core.package_identification:_identify(src/unitree-go2-ros2) by extensions ['ignore', 'ignore_ament_install']
[0.836s] Level 1:colcon.colcon_core.package_identification:_identify(src/unitree-go2-ros2) by extension 'ignore'
[0.836s] Level 1:colcon.colcon_core.package_identification:_identify(src/unitree-go2-ros2) by extension 'ignore_ament_install'
[0.837s] Level 1:colcon.colcon_core.package_identification:_identify(src/unitree-go2-ros2) by extensions ['colcon_pkg']
[0.837s] Level 1:colcon.colcon_core.package_identification:_identify(src/unitree-go2-ros2) by extension 'colcon_pkg'
[0.837s] Level 1:colcon.colcon_core.package_identification:_identify(src/unitree-go2-ros2) by extensions ['colcon_meta']
[0.837s] Level 1:colcon.colcon_core.package_identification:_identify(src/unitree-go2-ros2) by extension 'colcon_meta'
[0.837s] Level 1:colcon.colcon_core.package_identification:_identify(src/unitree-go2-ros2) by extensions ['ros']
[0.837s] Level 1:colcon.colcon_core.package_identification:_identify(src/unitree-go2-ros2) by extension 'ros'
[0.837s] Level 1:colcon.colcon_core.package_identification:_identify(src/unitree-go2-ros2) by extensions ['cmake', 'python']
[0.837s] Level 1:colcon.colcon_core.package_identification:_identify(src/unitree-go2-ros2) by extension 'cmake'
[0.837s] Level 1:colcon.colcon_core.package_identification:_identify(src/unitree-go2-ros2) by extension 'python'
[0.837s] Level 1:colcon.colcon_core.package_identification:_identify(src/unitree-go2-ros2) by extensions ['python_setup_py']
[0.837s] Level 1:colcon.colcon_core.package_identification:_identify(src/unitree-go2-ros2) by extension 'python_setup_py'
[0.838s] Level 1:colcon.colcon_core.package_identification:_identify(src/unitree-go2-ros2/champ) by extensions ['ignore', 'ignore_ament_install']
[0.838s] Level 1:colcon.colcon_core.package_identification:_identify(src/unitree-go2-ros2/champ) by extension 'ignore'
[0.838s] Level 1:colcon.colcon_core.package_identification:_identify(src/unitree-go2-ros2/champ) by extension 'ignore_ament_install'
[0.838s] Level 1:colcon.colcon_core.package_identification:_identify(src/unitree-go2-ros2/champ) by extensions ['colcon_pkg']
[0.838s] Level 1:colcon.colcon_core.package_identification:_identify(src/unitree-go2-ros2/champ) by extension 'colcon_pkg'
[0.838s] Level 1:colcon.colcon_core.package_identification:_identify(src/unitree-go2-ros2/champ) by extensions ['colcon_meta']
[0.838s] Level 1:colcon.colcon_core.package_identification:_identify(src/unitree-go2-ros2/champ) by extension 'colcon_meta'
[0.838s] Level 1:colcon.colcon_core.package_identification:_identify(src/unitree-go2-ros2/champ) by extensions ['ros']
[0.838s] Level 1:colcon.colcon_core.package_identification:_identify(src/unitree-go2-ros2/champ) by extension 'ros'
[0.839s] Level 1:colcon.colcon_core.package_identification:_identify(src/unitree-go2-ros2/champ) by extensions ['cmake', 'python']
[0.839s] Level 1:colcon.colcon_core.package_identification:_identify(src/unitree-go2-ros2/champ) by extension 'cmake'
[0.839s] Level 1:colcon.colcon_core.package_identification:_identify(src/unitree-go2-ros2/champ) by extension 'python'
[0.839s] Level 1:colcon.colcon_core.package_identification:_identify(src/unitree-go2-ros2/champ) by extensions ['python_setup_py']
[0.839s] Level 1:colcon.colcon_core.package_identification:_identify(src/unitree-go2-ros2/champ) by extension 'python_setup_py'
[0.839s] Level 1:colcon.colcon_core.package_identification:_identify(src/unitree-go2-ros2/champ/champ) by extensions ['ignore', 'ignore_ament_install']
[0.839s] Level 1:colcon.colcon_core.package_identification:_identify(src/unitree-go2-ros2/champ/champ) by extension 'ignore'
[0.839s] Level 1:colcon.colcon_core.package_identification:_identify(src/unitree-go2-ros2/champ/champ) by extension 'ignore_ament_install'
[0.839s] Level 1:colcon.colcon_core.package_identification:_identify(src/unitree-go2-ros2/champ/champ) by extensions ['colcon_pkg']
[0.840s] Level 1:colcon.colcon_core.package_identification:_identify(src/unitree-go2-ros2/champ/champ) by extension 'colcon_pkg'
[0.840s] Level 1:colcon.colcon_core.package_identification:_identify(src/unitree-go2-ros2/champ/champ) by extensions ['colcon_meta']
[0.840s] Level 1:colcon.colcon_core.package_identification:_identify(src/unitree-go2-ros2/champ/champ) by extension 'colcon_meta'
[0.840s] Level 1:colcon.colcon_core.package_identification:_identify(src/unitree-go2-ros2/champ/champ) by extensions ['ros']
[0.840s] Level 1:colcon.colcon_core.package_identification:_identify(src/unitree-go2-ros2/champ/champ) by extension 'ros'
[0.841s] DEBUG:colcon.colcon_core.package_identification:Package 'src/unitree-go2-ros2/champ/champ' with type 'ros.ament_cmake' and name 'champ'
[0.841s] Level 1:colcon.colcon_core.package_identification:_identify(src/unitree-go2-ros2/champ/champ_base) by extensions ['ignore', 'ignore_ament_install']
[0.841s] Level 1:colcon.colcon_core.package_identification:_identify(src/unitree-go2-ros2/champ/champ_base) by extension 'ignore'
[0.841s] Level 1:colcon.colcon_core.package_identification:_identify(src/unitree-go2-ros2/champ/champ_base) by extension 'ignore_ament_install'
[0.841s] Level 1:colcon.colcon_core.package_identification:_identify(src/unitree-go2-ros2/champ/champ_base) by extensions ['colcon_pkg']
[0.842s] Level 1:colcon.colcon_core.package_identification:_identify(src/unitree-go2-ros2/champ/champ_base) by extension 'colcon_pkg'
[0.842s] Level 1:colcon.colcon_core.package_identification:_identify(src/unitree-go2-ros2/champ/champ_base) by extensions ['colcon_meta']
[0.842s] Level 1:colcon.colcon_core.package_identification:_identify(src/unitree-go2-ros2/champ/champ_base) by extension 'colcon_meta'
[0.842s] Level 1:colcon.colcon_core.package_identification:_identify(src/unitree-go2-ros2/champ/champ_base) by extensions ['ros']
[0.842s] Level 1:colcon.colcon_core.package_identification:_identify(src/unitree-go2-ros2/champ/champ_base) by extension 'ros'
[0.844s] DEBUG:colcon.colcon_core.package_identification:Package 'src/unitree-go2-ros2/champ/champ_base' with type 'ros.ament_cmake' and name 'champ_base'
[0.844s] Level 1:colcon.colcon_core.package_identification:_identify(src/unitree-go2-ros2/champ/champ_bringup) by extensions ['ignore', 'ignore_ament_install']
[0.844s] Level 1:colcon.colcon_core.package_identification:_identify(src/unitree-go2-ros2/champ/champ_bringup) by extension 'ignore'
[0.845s] Level 1:colcon.colcon_core.package_identification:_identify(src/unitree-go2-ros2/champ/champ_bringup) by extension 'ignore_ament_install'
[0.845s] Level 1:colcon.colcon_core.package_identification:_identify(src/unitree-go2-ros2/champ/champ_bringup) by extensions ['colcon_pkg']
[0.845s] Level 1:colcon.colcon_core.package_identification:_identify(src/unitree-go2-ros2/champ/champ_bringup) by extension 'colcon_pkg'
[0.845s] Level 1:colcon.colcon_core.package_identification:_identify(src/unitree-go2-ros2/champ/champ_bringup) by extensions ['colcon_meta']
[0.845s] Level 1:colcon.colcon_core.package_identification:_identify(src/unitree-go2-ros2/champ/champ_bringup) by extension 'colcon_meta'
[0.845s] Level 1:colcon.colcon_core.package_identification:_identify(src/unitree-go2-ros2/champ/champ_bringup) by extensions ['ros']
[0.845s] Level 1:colcon.colcon_core.package_identification:_identify(src/unitree-go2-ros2/champ/champ_bringup) by extension 'ros'
[0.846s] DEBUG:colcon.colcon_core.package_identification:Package 'src/unitree-go2-ros2/champ/champ_bringup' with type 'ros.ament_cmake' and name 'champ_bringup'
[0.847s] Level 1:colcon.colcon_core.package_identification:_identify(src/unitree-go2-ros2/champ/champ_config) by extensions ['ignore', 'ignore_ament_install']
[0.847s] Level 1:colcon.colcon_core.package_identification:_identify(src/unitree-go2-ros2/champ/champ_config) by extension 'ignore'
[0.847s] Level 1:colcon.colcon_core.package_identification:_identify(src/unitree-go2-ros2/champ/champ_config) by extension 'ignore_ament_install'
[0.847s] Level 1:colcon.colcon_core.package_identification:_identify(src/unitree-go2-ros2/champ/champ_config) by extensions ['colcon_pkg']
[0.847s] Level 1:colcon.colcon_core.package_identification:_identify(src/unitree-go2-ros2/champ/champ_config) by extension 'colcon_pkg'
[0.847s] Level 1:colcon.colcon_core.package_identification:_identify(src/unitree-go2-ros2/champ/champ_config) by extensions ['colcon_meta']
[0.847s] Level 1:colcon.colcon_core.package_identification:_identify(src/unitree-go2-ros2/champ/champ_config) by extension 'colcon_meta'
[0.847s] Level 1:colcon.colcon_core.package_identification:_identify(src/unitree-go2-ros2/champ/champ_config) by extensions ['ros']
[0.847s] Level 1:colcon.colcon_core.package_identification:_identify(src/unitree-go2-ros2/champ/champ_config) by extension 'ros'
[0.848s] DEBUG:colcon.colcon_core.package_identification:Package 'src/unitree-go2-ros2/champ/champ_config' with type 'ros.ament_cmake' and name 'champ_config'
[0.849s] Level 1:colcon.colcon_core.package_identification:_identify(src/unitree-go2-ros2/champ/champ_description) by extensions ['ignore', 'ignore_ament_install']
[0.849s] Level 1:colcon.colcon_core.package_identification:_identify(src/unitree-go2-ros2/champ/champ_description) by extension 'ignore'
[0.849s] Level 1:colcon.colcon_core.package_identification:_identify(src/unitree-go2-ros2/champ/champ_description) by extension 'ignore_ament_install'
[0.849s] Level 1:colcon.colcon_core.package_identification:_identify(src/unitree-go2-ros2/champ/champ_description) by extensions ['colcon_pkg']
[0.849s] Level 1:colcon.colcon_core.package_identification:_identify(src/unitree-go2-ros2/champ/champ_description) by extension 'colcon_pkg'
[0.849s] Level 1:colcon.colcon_core.package_identification:_identify(src/unitree-go2-ros2/champ/champ_description) by extensions ['colcon_meta']
[0.849s] Level 1:colcon.colcon_core.package_identification:_identify(src/unitree-go2-ros2/champ/champ_description) by extension 'colcon_meta'
[0.849s] Level 1:colcon.colcon_core.package_identification:_identify(src/unitree-go2-ros2/champ/champ_description) by extensions ['ros']
[0.849s] Level 1:colcon.colcon_core.package_identification:_identify(src/unitree-go2-ros2/champ/champ_description) by extension 'ros'
[0.850s] DEBUG:colcon.colcon_core.package_identification:Package 'src/unitree-go2-ros2/champ/champ_description' with type 'ros.ament_cmake' and name 'champ_description'
[0.851s] Level 1:colcon.colcon_core.package_identification:_identify(src/unitree-go2-ros2/champ/champ_gazebo) by extensions ['ignore', 'ignore_ament_install']
[0.851s] Level 1:colcon.colcon_core.package_identification:_identify(src/unitree-go2-ros2/champ/champ_gazebo) by extension 'ignore'
[0.851s] Level 1:colcon.colcon_core.package_identification:_identify(src/unitree-go2-ros2/champ/champ_gazebo) by extension 'ignore_ament_install'
[0.851s] Level 1:colcon.colcon_core.package_identification:_identify(src/unitree-go2-ros2/champ/champ_gazebo) by extensions ['colcon_pkg']
[0.851s] Level 1:colcon.colcon_core.package_identification:_identify(src/unitree-go2-ros2/champ/champ_gazebo) by extension 'colcon_pkg'
[0.851s] Level 1:colcon.colcon_core.package_identification:_identify(src/unitree-go2-ros2/champ/champ_gazebo) by extensions ['colcon_meta']
[0.851s] Level 1:colcon.colcon_core.package_identification:_identify(src/unitree-go2-ros2/champ/champ_gazebo) by extension 'colcon_meta'
[0.851s] Level 1:colcon.colcon_core.package_identification:_identify(src/unitree-go2-ros2/champ/champ_gazebo) by extensions ['ros']
[0.851s] Level 1:colcon.colcon_core.package_identification:_identify(src/unitree-go2-ros2/champ/champ_gazebo) by extension 'ros'
[0.853s] DEBUG:colcon.colcon_core.package_identification:Package 'src/unitree-go2-ros2/champ/champ_gazebo' with type 'ros.ament_cmake' and name 'champ_gazebo'
[0.853s] Level 1:colcon.colcon_core.package_identification:_identify(src/unitree-go2-ros2/champ/champ_msgs) by extensions ['ignore', 'ignore_ament_install']
[0.853s] Level 1:colcon.colcon_core.package_identification:_identify(src/unitree-go2-ros2/champ/champ_msgs) by extension 'ignore'
[0.853s] Level 1:colcon.colcon_core.package_identification:_identify(src/unitree-go2-ros2/champ/champ_msgs) by extension 'ignore_ament_install'
[0.854s] Level 1:colcon.colcon_core.package_identification:_identify(src/unitree-go2-ros2/champ/champ_msgs) by extensions ['colcon_pkg']
[0.854s] Level 1:colcon.colcon_core.package_identification:_identify(src/unitree-go2-ros2/champ/champ_msgs) by extension 'colcon_pkg'
[0.854s] Level 1:colcon.colcon_core.package_identification:_identify(src/unitree-go2-ros2/champ/champ_msgs) by extensions ['colcon_meta']
[0.854s] Level 1:colcon.colcon_core.package_identification:_identify(src/unitree-go2-ros2/champ/champ_msgs) by extension 'colcon_meta'
[0.854s] Level 1:colcon.colcon_core.package_identification:_identify(src/unitree-go2-ros2/champ/champ_msgs) by extensions ['ros']
[0.854s] Level 1:colcon.colcon_core.package_identification:_identify(src/unitree-go2-ros2/champ/champ_msgs) by extension 'ros'
[0.856s] DEBUG:colcon.colcon_core.package_identification:Package 'src/unitree-go2-ros2/champ/champ_msgs' with type 'ros.ament_cmake' and name 'champ_msgs'
[0.856s] Level 1:colcon.colcon_core.package_identification:_identify(src/unitree-go2-ros2/champ/champ_navigation) by extensions ['ignore', 'ignore_ament_install']
[0.856s] Level 1:colcon.colcon_core.package_identification:_identify(src/unitree-go2-ros2/champ/champ_navigation) by extension 'ignore'
[0.856s] Level 1:colcon.colcon_core.package_identification:_identify(src/unitree-go2-ros2/champ/champ_navigation) by extension 'ignore_ament_install'
[0.856s] Level 1:colcon.colcon_core.package_identification:_identify(src/unitree-go2-ros2/champ/champ_navigation) by extensions ['colcon_pkg']
[0.856s] Level 1:colcon.colcon_core.package_identification:_identify(src/unitree-go2-ros2/champ/champ_navigation) by extension 'colcon_pkg'
[0.856s] Level 1:colcon.colcon_core.package_identification:_identify(src/unitree-go2-ros2/champ/champ_navigation) by extensions ['colcon_meta']
[0.856s] Level 1:colcon.colcon_core.package_identification:_identify(src/unitree-go2-ros2/champ/champ_navigation) by extension 'colcon_meta'
[0.857s] Level 1:colcon.colcon_core.package_identification:_identify(src/unitree-go2-ros2/champ/champ_navigation) by extensions ['ros']
[0.857s] Level 1:colcon.colcon_core.package_identification:_identify(src/unitree-go2-ros2/champ/champ_navigation) by extension 'ros'
[0.858s] DEBUG:colcon.colcon_core.package_identification:Package 'src/unitree-go2-ros2/champ/champ_navigation' with type 'ros.ament_cmake' and name 'champ_navigation'
[0.858s] Level 1:colcon.colcon_core.package_identification:_identify(src/unitree-go2-ros2/champ/docs) by extensions ['ignore', 'ignore_ament_install']
[0.858s] Level 1:colcon.colcon_core.package_identification:_identify(src/unitree-go2-ros2/champ/docs) by extension 'ignore'
[0.858s] Level 1:colcon.colcon_core.package_identification:_identify(src/unitree-go2-ros2/champ/docs) by extension 'ignore_ament_install'
[0.858s] Level 1:colcon.colcon_core.package_identification:_identify(src/unitree-go2-ros2/champ/docs) by extensions ['colcon_pkg']
[0.859s] Level 1:colcon.colcon_core.package_identification:_identify(src/unitree-go2-ros2/champ/docs) by extension 'colcon_pkg'
[0.859s] Level 1:colcon.colcon_core.package_identification:_identify(src/unitree-go2-ros2/champ/docs) by extensions ['colcon_meta']
[0.859s] Level 1:colcon.colcon_core.package_identification:_identify(src/unitree-go2-ros2/champ/docs) by extension 'colcon_meta'
[0.859s] Level 1:colcon.colcon_core.package_identification:_identify(src/unitree-go2-ros2/champ/docs) by extensions ['ros']
[0.859s] Level 1:colcon.colcon_core.package_identification:_identify(src/unitree-go2-ros2/champ/docs) by extension 'ros'
[0.859s] Level 1:colcon.colcon_core.package_identification:_identify(src/unitree-go2-ros2/champ/docs) by extensions ['cmake', 'python']
[0.859s] Level 1:colcon.colcon_core.package_identification:_identify(src/unitree-go2-ros2/champ/docs) by extension 'cmake'
[0.859s] Level 1:colcon.colcon_core.package_identification:_identify(src/unitree-go2-ros2/champ/docs) by extension 'python'
[0.859s] Level 1:colcon.colcon_core.package_identification:_identify(src/unitree-go2-ros2/champ/docs) by extensions ['python_setup_py']
[0.859s] Level 1:colcon.colcon_core.package_identification:_identify(src/unitree-go2-ros2/champ/docs) by extension 'python_setup_py'
[0.859s] Level 1:colcon.colcon_core.package_identification:_identify(src/unitree-go2-ros2/champ/docs/images) by extensions ['ignore', 'ignore_ament_install']
[0.860s] Level 1:colcon.colcon_core.package_identification:_identify(src/unitree-go2-ros2/champ/docs/images) by extension 'ignore'
[0.860s] Level 1:colcon.colcon_core.package_identification:_identify(src/unitree-go2-ros2/champ/docs/images) by extension 'ignore_ament_install'
[0.860s] Level 1:colcon.colcon_core.package_identification:_identify(src/unitree-go2-ros2/champ/docs/images) by extensions ['colcon_pkg']
[0.860s] Level 1:colcon.colcon_core.package_identification:_identify(src/unitree-go2-ros2/champ/docs/images) by extension 'colcon_pkg'
[0.860s] Level 1:colcon.colcon_core.package_identification:_identify(src/unitree-go2-ros2/champ/docs/images) by extensions ['colcon_meta']
[0.860s] Level 1:colcon.colcon_core.package_identification:_identify(src/unitree-go2-ros2/champ/docs/images) by extension 'colcon_meta'
[0.860s] Level 1:colcon.colcon_core.package_identification:_identify(src/unitree-go2-ros2/champ/docs/images) by extensions ['ros']
[0.860s] Level 1:colcon.colcon_core.package_identification:_identify(src/unitree-go2-ros2/champ/docs/images) by extension 'ros'
[0.860s] Level 1:colcon.colcon_core.package_identification:_identify(src/unitree-go2-ros2/champ/docs/images) by extensions ['cmake', 'python']
[0.861s] Level 1:colcon.colcon_core.package_identification:_identify(src/unitree-go2-ros2/champ/docs/images) by extension 'cmake'
[0.861s] Level 1:colcon.colcon_core.package_identification:_identify(src/unitree-go2-ros2/champ/docs/images) by extension 'python'
[0.861s] Level 1:colcon.colcon_core.package_identification:_identify(src/unitree-go2-ros2/champ/docs/images) by extensions ['python_setup_py']
[0.861s] Level 1:colcon.colcon_core.package_identification:_identify(src/unitree-go2-ros2/champ/docs/images) by extension 'python_setup_py'
[0.861s] Level 1:colcon.colcon_core.package_identification:_identify(src/unitree-go2-ros2/champ_teleop) by extensions ['ignore', 'ignore_ament_install']
[0.861s] Level 1:colcon.colcon_core.package_identification:_identify(src/unitree-go2-ros2/champ_teleop) by extension 'ignore'
[0.861s] Level 1:colcon.colcon_core.package_identification:_identify(src/unitree-go2-ros2/champ_teleop) by extension 'ignore_ament_install'
[0.861s] Level 1:colcon.colcon_core.package_identification:_identify(src/unitree-go2-ros2/champ_teleop) by extensions ['colcon_pkg']
[0.861s] Level 1:colcon.colcon_core.package_identification:_identify(src/unitree-go2-ros2/champ_teleop) by extension 'colcon_pkg'
[0.862s] Level 1:colcon.colcon_core.package_identification:_identify(src/unitree-go2-ros2/champ_teleop) by extensions ['colcon_meta']
[0.862s] Level 1:colcon.colcon_core.package_identification:_identify(src/unitree-go2-ros2/champ_teleop) by extension 'colcon_meta'
[0.862s] Level 1:colcon.colcon_core.package_identification:_identify(src/unitree-go2-ros2/champ_teleop) by extensions ['ros']
[0.862s] Level 1:colcon.colcon_core.package_identification:_identify(src/unitree-go2-ros2/champ_teleop) by extension 'ros'
[0.863s] DEBUG:colcon.colcon_core.package_identification:Package 'src/unitree-go2-ros2/champ_teleop' with type 'ros.ament_cmake' and name 'champ_teleop'
[0.864s] Level 1:colcon.colcon_core.package_identification:_identify(src/unitree-go2-ros2/robots) by extensions ['ignore', 'ignore_ament_install']
[0.864s] Level 1:colcon.colcon_core.package_identification:_identify(src/unitree-go2-ros2/robots) by extension 'ignore'
[0.864s] Level 1:colcon.colcon_core.package_identification:_identify(src/unitree-go2-ros2/robots) by extension 'ignore_ament_install'
[0.864s] Level 1:colcon.colcon_core.package_identification:_identify(src/unitree-go2-ros2/robots) by extensions ['colcon_pkg']
[0.864s] Level 1:colcon.colcon_core.package_identification:_identify(src/unitree-go2-ros2/robots) by extension 'colcon_pkg'
[0.864s] Level 1:colcon.colcon_core.package_identification:_identify(src/unitree-go2-ros2/robots) by extensions ['colcon_meta']
[0.864s] Level 1:colcon.colcon_core.package_identification:_identify(src/unitree-go2-ros2/robots) by extension 'colcon_meta'
[0.864s] Level 1:colcon.colcon_core.package_identification:_identify(src/unitree-go2-ros2/robots) by extensions ['ros']
[0.864s] Level 1:colcon.colcon_core.package_identification:_identify(src/unitree-go2-ros2/robots) by extension 'ros'
[0.864s] Level 1:colcon.colcon_core.package_identification:_identify(src/unitree-go2-ros2/robots) by extensions ['cmake', 'python']
[0.864s] Level 1:colcon.colcon_core.package_identification:_identify(src/unitree-go2-ros2/robots) by extension 'cmake'
[0.865s] Level 1:colcon.colcon_core.package_identification:_identify(src/unitree-go2-ros2/robots) by extension 'python'
[0.865s] Level 1:colcon.colcon_core.package_identification:_identify(src/unitree-go2-ros2/robots) by extensions ['python_setup_py']
[0.865s] Level 1:colcon.colcon_core.package_identification:_identify(src/unitree-go2-ros2/robots) by extension 'python_setup_py'
[0.865s] Level 1:colcon.colcon_core.package_identification:_identify(src/unitree-go2-ros2/robots/configs) by extensions ['ignore', 'ignore_ament_install']
[0.865s] Level 1:colcon.colcon_core.package_identification:_identify(src/unitree-go2-ros2/robots/configs) by extension 'ignore'
[0.865s] Level 1:colcon.colcon_core.package_identification:_identify(src/unitree-go2-ros2/robots/configs) by extension 'ignore_ament_install'
[0.865s] Level 1:colcon.colcon_core.package_identification:_identify(src/unitree-go2-ros2/robots/configs) by extensions ['colcon_pkg']
[0.865s] Level 1:colcon.colcon_core.package_identification:_identify(src/unitree-go2-ros2/robots/configs) by extension 'colcon_pkg'
[0.865s] Level 1:colcon.colcon_core.package_identification:_identify(src/unitree-go2-ros2/robots/configs) by extensions ['colcon_meta']
[0.866s] Level 1:colcon.colcon_core.package_identification:_identify(src/unitree-go2-ros2/robots/configs) by extension 'colcon_meta'
[0.866s] Level 1:colcon.colcon_core.package_identification:_identify(src/unitree-go2-ros2/robots/configs) by extensions ['ros']
[0.866s] Level 1:colcon.colcon_core.package_identification:_identify(src/unitree-go2-ros2/robots/configs) by extension 'ros'
[0.866s] Level 1:colcon.colcon_core.package_identification:_identify(src/unitree-go2-ros2/robots/configs) by extensions ['cmake', 'python']
[0.866s] Level 1:colcon.colcon_core.package_identification:_identify(src/unitree-go2-ros2/robots/configs) by extension 'cmake'
[0.866s] Level 1:colcon.colcon_core.package_identification:_identify(src/unitree-go2-ros2/robots/configs) by extension 'python'
[0.866s] Level 1:colcon.colcon_core.package_identification:_identify(src/unitree-go2-ros2/robots/configs) by extensions ['python_setup_py']
[0.866s] Level 1:colcon.colcon_core.package_identification:_identify(src/unitree-go2-ros2/robots/configs) by extension 'python_setup_py'
[0.866s] Level 1:colcon.colcon_core.package_identification:_identify(src/unitree-go2-ros2/robots/configs/go2_config) by extensions ['ignore', 'ignore_ament_install']
[0.867s] Level 1:colcon.colcon_core.package_identification:_identify(src/unitree-go2-ros2/robots/configs/go2_config) by extension 'ignore'
[0.867s] Level 1:colcon.colcon_core.package_identification:_identify(src/unitree-go2-ros2/robots/configs/go2_config) by extension 'ignore_ament_install'
[0.867s] Level 1:colcon.colcon_core.package_identification:_identify(src/unitree-go2-ros2/robots/configs/go2_config) by extensions ['colcon_pkg']
[0.867s] Level 1:colcon.colcon_core.package_identification:_identify(src/unitree-go2-ros2/robots/configs/go2_config) by extension 'colcon_pkg'
[0.867s] Level 1:colcon.colcon_core.package_identification:_identify(src/unitree-go2-ros2/robots/configs/go2_config) by extensions ['colcon_meta']
[0.867s] Level 1:colcon.colcon_core.package_identification:_identify(src/unitree-go2-ros2/robots/configs/go2_config) by extension 'colcon_meta'
[0.867s] Level 1:colcon.colcon_core.package_identification:_identify(src/unitree-go2-ros2/robots/configs/go2_config) by extensions ['ros']
[0.867s] Level 1:colcon.colcon_core.package_identification:_identify(src/unitree-go2-ros2/robots/configs/go2_config) by extension 'ros'
[0.869s] DEBUG:colcon.colcon_core.package_identification:Package 'src/unitree-go2-ros2/robots/configs/go2_config' with type 'ros.ament_cmake' and name 'go2_config'
[0.869s] Level 1:colcon.colcon_core.package_identification:_identify(src/unitree-go2-ros2/robots/descriptions) by extensions ['ignore', 'ignore_ament_install']
[0.869s] Level 1:colcon.colcon_core.package_identification:_identify(src/unitree-go2-ros2/robots/descriptions) by extension 'ignore'
[0.869s] Level 1:colcon.colcon_core.package_identification:_identify(src/unitree-go2-ros2/robots/descriptions) by extension 'ignore_ament_install'
[0.869s] Level 1:colcon.colcon_core.package_identification:_identify(src/unitree-go2-ros2/robots/descriptions) by extensions ['colcon_pkg']
[0.870s] Level 1:colcon.colcon_core.package_identification:_identify(src/unitree-go2-ros2/robots/descriptions) by extension 'colcon_pkg'
[0.870s] Level 1:colcon.colcon_core.package_identification:_identify(src/unitree-go2-ros2/robots/descriptions) by extensions ['colcon_meta']
[0.870s] Level 1:colcon.colcon_core.package_identification:_identify(src/unitree-go2-ros2/robots/descriptions) by extension 'colcon_meta'
[0.870s] Level 1:colcon.colcon_core.package_identification:_identify(src/unitree-go2-ros2/robots/descriptions) by extensions ['ros']
[0.870s] Level 1:colcon.colcon_core.package_identification:_identify(src/unitree-go2-ros2/robots/descriptions) by extension 'ros'
[0.870s] Level 1:colcon.colcon_core.package_identification:_identify(src/unitree-go2-ros2/robots/descriptions) by extensions ['cmake', 'python']
[0.870s] Level 1:colcon.colcon_core.package_identification:_identify(src/unitree-go2-ros2/robots/descriptions) by extension 'cmake'
[0.870s] Level 1:colcon.colcon_core.package_identification:_identify(src/unitree-go2-ros2/robots/descriptions) by extension 'python'
[0.870s] Level 1:colcon.colcon_core.package_identification:_identify(src/unitree-go2-ros2/robots/descriptions) by extensions ['python_setup_py']
[0.870s] Level 1:colcon.colcon_core.package_identification:_identify(src/unitree-go2-ros2/robots/descriptions) by extension 'python_setup_py'
[0.871s] Level 1:colcon.colcon_core.package_identification:_identify(src/unitree-go2-ros2/robots/descriptions/go2_description) by extensions ['ignore', 'ignore_ament_install']
[0.871s] Level 1:colcon.colcon_core.package_identification:_identify(src/unitree-go2-ros2/robots/descriptions/go2_description) by extension 'ignore'
[0.871s] Level 1:colcon.colcon_core.package_identification:_identify(src/unitree-go2-ros2/robots/descriptions/go2_description) by extension 'ignore_ament_install'
[0.871s] Level 1:colcon.colcon_core.package_identification:_identify(src/unitree-go2-ros2/robots/descriptions/go2_description) by extensions ['colcon_pkg']
[0.871s] Level 1:colcon.colcon_core.package_identification:_identify(src/unitree-go2-ros2/robots/descriptions/go2_description) by extension 'colcon_pkg'
[0.871s] Level 1:colcon.colcon_core.package_identification:_identify(src/unitree-go2-ros2/robots/descriptions/go2_description) by extensions ['colcon_meta']
[0.871s] Level 1:colcon.colcon_core.package_identification:_identify(src/unitree-go2-ros2/robots/descriptions/go2_description) by extension 'colcon_meta'
[0.871s] Level 1:colcon.colcon_core.package_identification:_identify(src/unitree-go2-ros2/robots/descriptions/go2_description) by extensions ['ros']
[0.872s] Level 1:colcon.colcon_core.package_identification:_identify(src/unitree-go2-ros2/robots/descriptions/go2_description) by extension 'ros'
[0.873s] DEBUG:colcon.colcon_core.package_identification:Package 'src/unitree-go2-ros2/robots/descriptions/go2_description' with type 'ros.ament_cmake' and name 'go2_description'
[0.874s] Level 1:colcon.colcon_core.package_identification:_identify(src/unitree-go2-ros2/velodyne) by extensions ['ignore', 'ignore_ament_install']
[0.874s] Level 1:colcon.colcon_core.package_identification:_identify(src/unitree-go2-ros2/velodyne) by extension 'ignore'
[0.874s] Level 1:colcon.colcon_core.package_identification:_identify(src/unitree-go2-ros2/velodyne) by extension 'ignore_ament_install'
[0.874s] Level 1:colcon.colcon_core.package_identification:_identify(src/unitree-go2-ros2/velodyne) by extensions ['colcon_pkg']
[0.874s] Level 1:colcon.colcon_core.package_identification:_identify(src/unitree-go2-ros2/velodyne) by extension 'colcon_pkg'
[0.874s] Level 1:colcon.colcon_core.package_identification:_identify(src/unitree-go2-ros2/velodyne) by extensions ['colcon_meta']
[0.875s] Level 1:colcon.colcon_core.package_identification:_identify(src/unitree-go2-ros2/velodyne) by extension 'colcon_meta'
[0.875s] Level 1:colcon.colcon_core.package_identification:_identify(src/unitree-go2-ros2/velodyne) by extensions ['ros']
[0.875s] Level 1:colcon.colcon_core.package_identification:_identify(src/unitree-go2-ros2/velodyne) by extension 'ros'
[0.875s] Level 1:colcon.colcon_core.package_identification:_identify(src/unitree-go2-ros2/velodyne) by extensions ['cmake', 'python']
[0.875s] Level 1:colcon.colcon_core.package_identification:_identify(src/unitree-go2-ros2/velodyne) by extension 'cmake'
[0.875s] Level 1:colcon.colcon_core.package_identification:_identify(src/unitree-go2-ros2/velodyne) by extension 'python'
[0.875s] Level 1:colcon.colcon_core.package_identification:_identify(src/unitree-go2-ros2/velodyne) by extensions ['python_setup_py']
[0.875s] Level 1:colcon.colcon_core.package_identification:_identify(src/unitree-go2-ros2/velodyne) by extension 'python_setup_py'
[0.876s] Level 1:colcon.colcon_core.package_identification:_identify(src/unitree-go2-ros2/velodyne/img) by extensions ['ignore', 'ignore_ament_install']
[0.876s] Level 1:colcon.colcon_core.package_identification:_identify(src/unitree-go2-ros2/velodyne/img) by extension 'ignore'
[0.876s] Level 1:colcon.colcon_core.package_identification:_identify(src/unitree-go2-ros2/velodyne/img) by extension 'ignore_ament_install'
[0.876s] Level 1:colcon.colcon_core.package_identification:_identify(src/unitree-go2-ros2/velodyne/img) by extensions ['colcon_pkg']
[0.876s] Level 1:colcon.colcon_core.package_identification:_identify(src/unitree-go2-ros2/velodyne/img) by extension 'colcon_pkg'
[0.876s] Level 1:colcon.colcon_core.package_identification:_identify(src/unitree-go2-ros2/velodyne/img) by extensions ['colcon_meta']
[0.876s] Level 1:colcon.colcon_core.package_identification:_identify(src/unitree-go2-ros2/velodyne/img) by extension 'colcon_meta'
[0.876s] Level 1:colcon.colcon_core.package_identification:_identify(src/unitree-go2-ros2/velodyne/img) by extensions ['ros']
[0.876s] Level 1:colcon.colcon_core.package_identification:_identify(src/unitree-go2-ros2/velodyne/img) by extension 'ros'
[0.877s] Level 1:colcon.colcon_core.package_identification:_identify(src/unitree-go2-ros2/velodyne/img) by extensions ['cmake', 'python']
[0.877s] Level 1:colcon.colcon_core.package_identification:_identify(src/unitree-go2-ros2/velodyne/img) by extension 'cmake'
[0.877s] Level 1:colcon.colcon_core.package_identification:_identify(src/unitree-go2-ros2/velodyne/img) by extension 'python'
[0.877s] Level 1:colcon.colcon_core.package_identification:_identify(src/unitree-go2-ros2/velodyne/img) by extensions ['python_setup_py']
[0.877s] Level 1:colcon.colcon_core.package_identification:_identify(src/unitree-go2-ros2/velodyne/img) by extension 'python_setup_py'
[0.877s] Level 1:colcon.colcon_core.package_identification:_identify(src/unitree-go2-ros2/velodyne/velodyne_description) by extensions ['ignore', 'ignore_ament_install']
[0.877s] Level 1:colcon.colcon_core.package_identification:_identify(src/unitree-go2-ros2/velodyne/velodyne_description) by extension 'ignore'
[0.878s] Level 1:colcon.colcon_core.package_identification:_identify(src/unitree-go2-ros2/velodyne/velodyne_description) by extension 'ignore_ament_install'
[0.878s] Level 1:colcon.colcon_core.package_identification:_identify(src/unitree-go2-ros2/velodyne/velodyne_description) by extensions ['colcon_pkg']
[0.878s] Level 1:colcon.colcon_core.package_identification:_identify(src/unitree-go2-ros2/velodyne/velodyne_description) by extension 'colcon_pkg'
[0.878s] Level 1:colcon.colcon_core.package_identification:_identify(src/unitree-go2-ros2/velodyne/velodyne_description) by extensions ['colcon_meta']
[0.878s] Level 1:colcon.colcon_core.package_identification:_identify(src/unitree-go2-ros2/velodyne/velodyne_description) by extension 'colcon_meta'
[0.878s] Level 1:colcon.colcon_core.package_identification:_identify(src/unitree-go2-ros2/velodyne/velodyne_description) by extensions ['ros']
[0.878s] Level 1:colcon.colcon_core.package_identification:_identify(src/unitree-go2-ros2/velodyne/velodyne_description) by extension 'ros'
[0.880s] DEBUG:colcon.colcon_core.package_identification:Package 'src/unitree-go2-ros2/velodyne/velodyne_description' with type 'ros.ament_cmake' and name 'velodyne_description'
[0.880s] Level 1:colcon.colcon_core.package_identification:_identify(src/unitree-go2-ros2/velodyne/velodyne_gazebo_plugins) by extensions ['ignore', 'ignore_ament_install']
[0.880s] Level 1:colcon.colcon_core.package_identification:_identify(src/unitree-go2-ros2/velodyne/velodyne_gazebo_plugins) by extension 'ignore'
[0.881s] Level 1:colcon.colcon_core.package_identification:_identify(src/unitree-go2-ros2/velodyne/velodyne_gazebo_plugins) by extension 'ignore_ament_install'
[0.881s] Level 1:colcon.colcon_core.package_identification:_identify(src/unitree-go2-ros2/velodyne/velodyne_gazebo_plugins) by extensions ['colcon_pkg']
[0.881s] Level 1:colcon.colcon_core.package_identification:_identify(src/unitree-go2-ros2/velodyne/velodyne_gazebo_plugins) by extension 'colcon_pkg'
[0.881s] Level 1:colcon.colcon_core.package_identification:_identify(src/unitree-go2-ros2/velodyne/velodyne_gazebo_plugins) by extensions ['colcon_meta']
[0.881s] Level 1:colcon.colcon_core.package_identification:_identify(src/unitree-go2-ros2/velodyne/velodyne_gazebo_plugins) by extension 'colcon_meta'
[0.881s] Level 1:colcon.colcon_core.package_identification:_identify(src/unitree-go2-ros2/velodyne/velodyne_gazebo_plugins) by extensions ['ros']
[0.881s] Level 1:colcon.colcon_core.package_identification:_identify(src/unitree-go2-ros2/velodyne/velodyne_gazebo_plugins) by extension 'ros'
[0.884s] DEBUG:colcon.colcon_core.package_identification:Package 'src/unitree-go2-ros2/velodyne/velodyne_gazebo_plugins' with type 'ros.ament_cmake' and name 'velodyne_gazebo_plugins'
[0.884s] Level 1:colcon.colcon_core.package_identification:_identify(src/unitree-go2-ros2/velodyne/velodyne_simulator) by extensions ['ignore', 'ignore_ament_install']
[0.884s] Level 1:colcon.colcon_core.package_identification:_identify(src/unitree-go2-ros2/velodyne/velodyne_simulator) by extension 'ignore'
[0.884s] Level 1:colcon.colcon_core.package_identification:_identify(src/unitree-go2-ros2/velodyne/velodyne_simulator) by extension 'ignore_ament_install'
[0.884s] Level 1:colcon.colcon_core.package_identification:_identify(src/unitree-go2-ros2/velodyne/velodyne_simulator) by extensions ['colcon_pkg']
[0.884s] Level 1:colcon.colcon_core.package_identification:_identify(src/unitree-go2-ros2/velodyne/velodyne_simulator) by extension 'colcon_pkg'
[0.884s] Level 1:colcon.colcon_core.package_identification:_identify(src/unitree-go2-ros2/velodyne/velodyne_simulator) by extensions ['colcon_meta']
[0.884s] Level 1:colcon.colcon_core.package_identification:_identify(src/unitree-go2-ros2/velodyne/velodyne_simulator) by extension 'colcon_meta'
[0.885s] Level 1:colcon.colcon_core.package_identification:_identify(src/unitree-go2-ros2/velodyne/velodyne_simulator) by extensions ['ros']
[0.885s] Level 1:colcon.colcon_core.package_identification:_identify(src/unitree-go2-ros2/velodyne/velodyne_simulator) by extension 'ros'
[0.886s] DEBUG:colcon.colcon_core.package_identification:Package 'src/unitree-go2-ros2/velodyne/velodyne_simulator' with type 'ros.ament_cmake' and name 'velodyne_simulator'
[0.886s] Level 1:colcon.colcon_core.package_identification:_identify(src/yahboom_app_save_map) by extensions ['ignore', 'ignore_ament_install']
[0.886s] Level 1:colcon.colcon_core.package_identification:_identify(src/yahboom_app_save_map) by extension 'ignore'
[0.886s] Level 1:colcon.colcon_core.package_identification:_identify(src/yahboom_app_save_map) by extension 'ignore_ament_install'
[0.886s] Level 1:colcon.colcon_core.package_identification:_identify(src/yahboom_app_save_map) by extensions ['colcon_pkg']
[0.886s] Level 1:colcon.colcon_core.package_identification:_identify(src/yahboom_app_save_map) by extension 'colcon_pkg'
[0.887s] Level 1:colcon.colcon_core.package_identification:_identify(src/yahboom_app_save_map) by extensions ['colcon_meta']
[0.887s] Level 1:colcon.colcon_core.package_identification:_identify(src/yahboom_app_save_map) by extension 'colcon_meta'
[0.887s] Level 1:colcon.colcon_core.package_identification:_identify(src/yahboom_app_save_map) by extensions ['ros']
[0.887s] Level 1:colcon.colcon_core.package_identification:_identify(src/yahboom_app_save_map) by extension 'ros'
[0.888s] DEBUG:colcon.colcon_core.package_identification:Package 'src/yahboom_app_save_map' with type 'ros.ament_python' and name 'yahboom_app_save_map'
[0.888s] Level 1:colcon.colcon_core.package_identification:_identify(src/yahboom_base) by extensions ['ignore', 'ignore_ament_install']
[0.889s] Level 1:colcon.colcon_core.package_identification:_identify(src/yahboom_base) by extension 'ignore'
[0.889s] Level 1:colcon.colcon_core.package_identification:_identify(src/yahboom_base) by extension 'ignore_ament_install'
[0.889s] Level 1:colcon.colcon_core.package_identification:_identify(src/yahboom_base) by extensions ['colcon_pkg']
[0.889s] Level 1:colcon.colcon_core.package_identification:_identify(src/yahboom_base) by extension 'colcon_pkg'
[0.889s] Level 1:colcon.colcon_core.package_identification:_identify(src/yahboom_base) by extensions ['colcon_meta']
[0.889s] Level 1:colcon.colcon_core.package_identification:_identify(src/yahboom_base) by extension 'colcon_meta'
[0.889s] Level 1:colcon.colcon_core.package_identification:_identify(src/yahboom_base) by extensions ['ros']
[0.889s] Level 1:colcon.colcon_core.package_identification:_identify(src/yahboom_base) by extension 'ros'
[0.892s] DEBUG:colcon.colcon_core.package_identification:Package 'src/yahboom_base' with type 'ros.ament_python' and name 'yahboom_base'
[0.892s] Level 1:colcon.colcon_core.package_identification:_identify(src/yahboom_bringup) by extensions ['ignore', 'ignore_ament_install']
[0.892s] Level 1:colcon.colcon_core.package_identification:_identify(src/yahboom_bringup) by extension 'ignore'
[0.892s] Level 1:colcon.colcon_core.package_identification:_identify(src/yahboom_bringup) by extension 'ignore_ament_install'
[0.892s] Level 1:colcon.colcon_core.package_identification:_identify(src/yahboom_bringup) by extensions ['colcon_pkg']
[0.892s] Level 1:colcon.colcon_core.package_identification:_identify(src/yahboom_bringup) by extension 'colcon_pkg'
[0.893s] Level 1:colcon.colcon_core.package_identification:_identify(src/yahboom_bringup) by extensions ['colcon_meta']
[0.893s] Level 1:colcon.colcon_core.package_identification:_identify(src/yahboom_bringup) by extension 'colcon_meta'
[0.893s] Level 1:colcon.colcon_core.package_identification:_identify(src/yahboom_bringup) by extensions ['ros']
[0.893s] Level 1:colcon.colcon_core.package_identification:_identify(src/yahboom_bringup) by extension 'ros'
[0.893s] DEBUG:colcon.colcon_core.package_identification:Package 'src/yahboom_bringup' with type 'ros.ament_python' and name 'yahboom_bringup'
[0.894s] Level 1:colcon.colcon_core.package_identification:_identify(src/yahboom_description) by extensions ['ignore', 'ignore_ament_install']
[0.894s] Level 1:colcon.colcon_core.package_identification:_identify(src/yahboom_description) by extension 'ignore'
[0.894s] Level 1:colcon.colcon_core.package_identification:_identify(src/yahboom_description) by extension 'ignore_ament_install'
[0.894s] Level 1:colcon.colcon_core.package_identification:_identify(src/yahboom_description) by extensions ['colcon_pkg']
[0.894s] Level 1:colcon.colcon_core.package_identification:_identify(src/yahboom_description) by extension 'colcon_pkg'
[0.894s] Level 1:colcon.colcon_core.package_identification:_identify(src/yahboom_description) by extensions ['colcon_meta']
[0.894s] Level 1:colcon.colcon_core.package_identification:_identify(src/yahboom_description) by extension 'colcon_meta'
[0.894s] Level 1:colcon.colcon_core.package_identification:_identify(src/yahboom_description) by extensions ['ros']
[0.894s] Level 1:colcon.colcon_core.package_identification:_identify(src/yahboom_description) by extension 'ros'
[0.895s] DEBUG:colcon.colcon_core.package_identification:Package 'src/yahboom_description' with type 'ros.ament_python' and name 'yahboom_description'
[0.895s] Level 1:colcon.colcon_core.package_identification:_identify(src/yahboom_dog_joint_state) by extensions ['ignore', 'ignore_ament_install']
[0.895s] Level 1:colcon.colcon_core.package_identification:_identify(src/yahboom_dog_joint_state) by extension 'ignore'
[0.895s] Level 1:colcon.colcon_core.package_identification:_identify(src/yahboom_dog_joint_state) by extension 'ignore_ament_install'
[0.896s] Level 1:colcon.colcon_core.package_identification:_identify(src/yahboom_dog_joint_state) by extensions ['colcon_pkg']
[0.896s] Level 1:colcon.colcon_core.package_identification:_identify(src/yahboom_dog_joint_state) by extension 'colcon_pkg'
[0.896s] Level 1:colcon.colcon_core.package_identification:_identify(src/yahboom_dog_joint_state) by extensions ['colcon_meta']
[0.896s] Level 1:colcon.colcon_core.package_identification:_identify(src/yahboom_dog_joint_state) by extension 'colcon_meta'
[0.896s] Level 1:colcon.colcon_core.package_identification:_identify(src/yahboom_dog_joint_state) by extensions ['ros']
[0.896s] Level 1:colcon.colcon_core.package_identification:_identify(src/yahboom_dog_joint_state) by extension 'ros'
[0.897s] DEBUG:colcon.colcon_core.package_identification:Package 'src/yahboom_dog_joint_state' with type 'ros.ament_python' and name 'yahboom_dog_joint_state'
[0.897s] Level 1:colcon.colcon_core.package_identification:_identify(src/yahboom_gait) by extensions ['ignore', 'ignore_ament_install']
[0.897s] Level 1:colcon.colcon_core.package_identification:_identify(src/yahboom_gait) by extension 'ignore'
[0.898s] Level 1:colcon.colcon_core.package_identification:_identify(src/yahboom_gait) by extension 'ignore_ament_install'
[0.898s] Level 1:colcon.colcon_core.package_identification:_identify(src/yahboom_gait) by extensions ['colcon_pkg']
[0.898s] Level 1:colcon.colcon_core.package_identification:_identify(src/yahboom_gait) by extension 'colcon_pkg'
[0.898s] Level 1:colcon.colcon_core.package_identification:_identify(src/yahboom_gait) by extensions ['colcon_meta']
[0.898s] Level 1:colcon.colcon_core.package_identification:_identify(src/yahboom_gait) by extension 'colcon_meta'
[0.898s] Level 1:colcon.colcon_core.package_identification:_identify(src/yahboom_gait) by extensions ['ros']
[0.898s] Level 1:colcon.colcon_core.package_identification:_identify(src/yahboom_gait) by extension 'ros'
[0.899s] DEBUG:colcon.colcon_core.package_identification:Package 'src/yahboom_gait' with type 'ros.ament_python' and name 'yahboom_gait'
[0.899s] Level 1:colcon.colcon_core.package_identification:_identify(src/yahboom_mediapipe) by extensions ['ignore', 'ignore_ament_install']
[0.899s] Level 1:colcon.colcon_core.package_identification:_identify(src/yahboom_mediapipe) by extension 'ignore'
[0.899s] Level 1:colcon.colcon_core.package_identification:_identify(src/yahboom_mediapipe) by extension 'ignore_ament_install'
[0.899s] Level 1:colcon.colcon_core.package_identification:_identify(src/yahboom_mediapipe) by extensions ['colcon_pkg']
[0.900s] Level 1:colcon.colcon_core.package_identification:_identify(src/yahboom_mediapipe) by extension 'colcon_pkg'
[0.900s] Level 1:colcon.colcon_core.package_identification:_identify(src/yahboom_mediapipe) by extensions ['colcon_meta']
[0.900s] Level 1:colcon.colcon_core.package_identification:_identify(src/yahboom_mediapipe) by extension 'colcon_meta'
[0.900s] Level 1:colcon.colcon_core.package_identification:_identify(src/yahboom_mediapipe) by extensions ['ros']
[0.900s] Level 1:colcon.colcon_core.package_identification:_identify(src/yahboom_mediapipe) by extension 'ros'
[0.901s] DEBUG:colcon.colcon_core.package_identification:Package 'src/yahboom_mediapipe' with type 'ros.ament_python' and name 'yahboom_mediapipe'
[0.901s] Level 1:colcon.colcon_core.package_identification:_identify(src/yahboom_msgs) by extensions ['ignore', 'ignore_ament_install']
[0.901s] Level 1:colcon.colcon_core.package_identification:_identify(src/yahboom_msgs) by extension 'ignore'
[0.902s] Level 1:colcon.colcon_core.package_identification:_identify(src/yahboom_msgs) by extension 'ignore_ament_install'
[0.902s] Level 1:colcon.colcon_core.package_identification:_identify(src/yahboom_msgs) by extensions ['colcon_pkg']
[0.902s] Level 1:colcon.colcon_core.package_identification:_identify(src/yahboom_msgs) by extension 'colcon_pkg'
[0.902s] Level 1:colcon.colcon_core.package_identification:_identify(src/yahboom_msgs) by extensions ['colcon_meta']
[0.902s] Level 1:colcon.colcon_core.package_identification:_identify(src/yahboom_msgs) by extension 'colcon_meta'
[0.902s] Level 1:colcon.colcon_core.package_identification:_identify(src/yahboom_msgs) by extensions ['ros']
[0.902s] Level 1:colcon.colcon_core.package_identification:_identify(src/yahboom_msgs) by extension 'ros'
[0.904s] DEBUG:colcon.colcon_core.package_identification:Package 'src/yahboom_msgs' with type 'ros.ament_cmake' and name 'yahboom_msgs'
[0.904s] Level 1:colcon.colcon_core.package_identification:_identify(src/yahboom_set_height) by extensions ['ignore', 'ignore_ament_install']
[0.904s] Level 1:colcon.colcon_core.package_identification:_identify(src/yahboom_set_height) by extension 'ignore'
[0.904s] Level 1:colcon.colcon_core.package_identification:_identify(src/yahboom_set_height) by extension 'ignore_ament_install'
[0.905s] Level 1:colcon.colcon_core.package_identification:_identify(src/yahboom_set_height) by extensions ['colcon_pkg']
[0.905s] Level 1:colcon.colcon_core.package_identification:_identify(src/yahboom_set_height) by extension 'colcon_pkg'
[0.905s] Level 1:colcon.colcon_core.package_identification:_identify(src/yahboom_set_height) by extensions ['colcon_meta']
[0.905s] Level 1:colcon.colcon_core.package_identification:_identify(src/yahboom_set_height) by extension 'colcon_meta'
[0.905s] Level 1:colcon.colcon_core.package_identification:_identify(src/yahboom_set_height) by extensions ['ros']
[0.905s] Level 1:colcon.colcon_core.package_identification:_identify(src/yahboom_set_height) by extension 'ros'
[0.907s] DEBUG:colcon.colcon_core.package_identification:Package 'src/yahboom_set_height' with type 'ros.ament_python' and name 'yahboom_set_height'
[0.907s] Level 1:colcon.colcon_core.package_discovery:discover_packages(recursive) using defaults
[0.907s] Level 1:colcon.colcon_core.package_discovery:discover_packages(ignore) discover
[0.907s] Level 1:colcon.colcon_core.package_discovery:discover_packages(ignore) using defaults
[0.907s] Level 1:colcon.colcon_core.package_discovery:discover_packages(path) discover
[0.907s] Level 1:colcon.colcon_core.package_discovery:discover_packages(path) using defaults
[0.951s] Level 1:colcon.colcon_core.package_discovery:discover_packages(prefix_path) check parameters
[0.951s] Level 1:colcon.colcon_core.package_discovery:discover_packages(prefix_path) discover
[0.956s] DEBUG:colcon.colcon_installed_package_information.package_discovery:Found 29 installed packages in /home/dwduong74/yahboom_src/install
[0.958s] DEBUG:colcon.colcon_installed_package_information.package_discovery:Found 6 installed packages in /home/dwduong74/LUMI_ws/install
[0.962s] DEBUG:colcon.colcon_installed_package_information.package_discovery:Found 424 installed packages in /opt/ros/humble
[0.968s] Level 1:colcon.colcon_core.package_discovery:discover_packages(prefix_path) using defaults
[1.050s] Level 5:colcon.colcon_core.verb:set package 'bringup' build argument 'cmake_args' from command line to 'None'
[1.050s] Level 5:colcon.colcon_core.verb:set package 'bringup' build argument 'cmake_target' from command line to 'None'
[1.050s] Level 5:colcon.colcon_core.verb:set package 'bringup' build argument 'cmake_target_skip_unavailable' from command line to 'False'
[1.050s] Level 5:colcon.colcon_core.verb:set package 'bringup' build argument 'cmake_clean_cache' from command line to 'False'
[1.050s] Level 5:colcon.colcon_core.verb:set package 'bringup' build argument 'cmake_clean_first' from command line to 'False'
[1.050s] Level 5:colcon.colcon_core.verb:set package 'bringup' build argument 'cmake_force_configure' from command line to 'False'
[1.050s] Level 5:colcon.colcon_core.verb:set package 'bringup' build argument 'ament_cmake_args' from command line to 'None'
[1.050s] Level 5:colcon.colcon_core.verb:set package 'bringup' build argument 'catkin_cmake_args' from command line to 'None'
[1.050s] Level 5:colcon.colcon_core.verb:set package 'bringup' build argument 'catkin_skip_building_tests' from command line to 'False'
[1.050s] DEBUG:colcon.colcon_core.verb:Building package 'bringup' with the following arguments: {'ament_cmake_args': None, 'build_base': '/home/dwduong74/yahboom_src/build/bringup', 'catkin_cmake_args': None, 'catkin_skip_building_tests': False, 'cmake_args': None, 'cmake_clean_cache': False, 'cmake_clean_first': False, 'cmake_force_configure': False, 'cmake_target': None, 'cmake_target_skip_unavailable': False, 'install_base': '/home/dwduong74/yahboom_src/install/bringup', 'merge_install': False, 'path': '/home/dwduong74/yahboom_src/src/bringup', 'symlink_install': False, 'test_result_base': None}
[1.051s] Level 5:colcon.colcon_core.verb:set package 'champ' build argument 'cmake_args' from command line to 'None'
[1.051s] Level 5:colcon.colcon_core.verb:set package 'champ' build argument 'cmake_target' from command line to 'None'
[1.051s] Level 5:colcon.colcon_core.verb:set package 'champ' build argument 'cmake_target_skip_unavailable' from command line to 'False'
[1.051s] Level 5:colcon.colcon_core.verb:set package 'champ' build argument 'cmake_clean_cache' from command line to 'False'
[1.051s] Level 5:colcon.colcon_core.verb:set package 'champ' build argument 'cmake_clean_first' from command line to 'False'
[1.051s] Level 5:colcon.colcon_core.verb:set package 'champ' build argument 'cmake_force_configure' from command line to 'False'
[1.051s] Level 5:colcon.colcon_core.verb:set package 'champ' build argument 'ament_cmake_args' from command line to 'None'
[1.051s] Level 5:colcon.colcon_core.verb:set package 'champ' build argument 'catkin_cmake_args' from command line to 'None'
[1.051s] Level 5:colcon.colcon_core.verb:set package 'champ' build argument 'catkin_skip_building_tests' from command line to 'False'
[1.051s] DEBUG:colcon.colcon_core.verb:Building package 'champ' with the following arguments: {'ament_cmake_args': None, 'build_base': '/home/dwduong74/yahboom_src/build/champ', 'catkin_cmake_args': None, 'catkin_skip_building_tests': False, 'cmake_args': None, 'cmake_clean_cache': False, 'cmake_clean_first': False, 'cmake_force_configure': False, 'cmake_target': None, 'cmake_target_skip_unavailable': False, 'install_base': '/home/dwduong74/yahboom_src/install/champ', 'merge_install': False, 'path': '/home/dwduong74/yahboom_src/src/unitree-go2-ros2/champ/champ', 'symlink_install': False, 'test_result_base': None}
[1.052s] Level 5:colcon.colcon_core.verb:set package 'champ_config' build argument 'cmake_args' from command line to 'None'
[1.052s] Level 5:colcon.colcon_core.verb:set package 'champ_config' build argument 'cmake_target' from command line to 'None'
[1.052s] Level 5:colcon.colcon_core.verb:set package 'champ_config' build argument 'cmake_target_skip_unavailable' from command line to 'False'
[1.052s] Level 5:colcon.colcon_core.verb:set package 'champ_config' build argument 'cmake_clean_cache' from command line to 'False'
[1.052s] Level 5:colcon.colcon_core.verb:set package 'champ_config' build argument 'cmake_clean_first' from command line to 'False'
[1.052s] Level 5:colcon.colcon_core.verb:set package 'champ_config' build argument 'cmake_force_configure' from command line to 'False'
[1.052s] Level 5:colcon.colcon_core.verb:set package 'champ_config' build argument 'ament_cmake_args' from command line to 'None'
[1.052s] Level 5:colcon.colcon_core.verb:set package 'champ_config' build argument 'catkin_cmake_args' from command line to 'None'
[1.052s] Level 5:colcon.colcon_core.verb:set package 'champ_config' build argument 'catkin_skip_building_tests' from command line to 'False'
[1.052s] DEBUG:colcon.colcon_core.verb:Building package 'champ_config' with the following arguments: {'ament_cmake_args': None, 'build_base': '/home/dwduong74/yahboom_src/build/champ_config', 'catkin_cmake_args': None, 'catkin_skip_building_tests': False, 'cmake_args': None, 'cmake_clean_cache': False, 'cmake_clean_first': False, 'cmake_force_configure': False, 'cmake_target': None, 'cmake_target_skip_unavailable': False, 'install_base': '/home/dwduong74/yahboom_src/install/champ_config', 'merge_install': False, 'path': '/home/dwduong74/yahboom_src/src/unitree-go2-ros2/champ/champ_config', 'symlink_install': False, 'test_result_base': None}
[1.053s] Level 5:colcon.colcon_core.verb:set package 'champ_msgs' build argument 'cmake_args' from command line to 'None'
[1.053s] Level 5:colcon.colcon_core.verb:set package 'champ_msgs' build argument 'cmake_target' from command line to 'None'
[1.053s] Level 5:colcon.colcon_core.verb:set package 'champ_msgs' build argument 'cmake_target_skip_unavailable' from command line to 'False'
[1.053s] Level 5:colcon.colcon_core.verb:set package 'champ_msgs' build argument 'cmake_clean_cache' from command line to 'False'
[1.053s] Level 5:colcon.colcon_core.verb:set package 'champ_msgs' build argument 'cmake_clean_first' from command line to 'False'
[1.053s] Level 5:colcon.colcon_core.verb:set package 'champ_msgs' build argument 'cmake_force_configure' from command line to 'False'
[1.053s] Level 5:colcon.colcon_core.verb:set package 'champ_msgs' build argument 'ament_cmake_args' from command line to 'None'
[1.053s] Level 5:colcon.colcon_core.verb:set package 'champ_msgs' build argument 'catkin_cmake_args' from command line to 'None'
[1.053s] Level 5:colcon.colcon_core.verb:set package 'champ_msgs' build argument 'catkin_skip_building_tests' from command line to 'False'
[1.053s] DEBUG:colcon.colcon_core.verb:Building package 'champ_msgs' with the following arguments: {'ament_cmake_args': None, 'build_base': '/home/dwduong74/yahboom_src/build/champ_msgs', 'catkin_cmake_args': None, 'catkin_skip_building_tests': False, 'cmake_args': None, 'cmake_clean_cache': False, 'cmake_clean_first': False, 'cmake_force_configure': False, 'cmake_target': None, 'cmake_target_skip_unavailable': False, 'install_base': '/home/dwduong74/yahboom_src/install/champ_msgs', 'merge_install': False, 'path': '/home/dwduong74/yahboom_src/src/unitree-go2-ros2/champ/champ_msgs', 'symlink_install': False, 'test_result_base': None}
[1.053s] Level 5:colcon.colcon_core.verb:set package 'champ_navigation' build argument 'cmake_args' from command line to 'None'
[1.053s] Level 5:colcon.colcon_core.verb:set package 'champ_navigation' build argument 'cmake_target' from command line to 'None'
[1.053s] Level 5:colcon.colcon_core.verb:set package 'champ_navigation' build argument 'cmake_target_skip_unavailable' from command line to 'False'
[1.053s] Level 5:colcon.colcon_core.verb:set package 'champ_navigation' build argument 'cmake_clean_cache' from command line to 'False'
[1.053s] Level 5:colcon.colcon_core.verb:set package 'champ_navigation' build argument 'cmake_clean_first' from command line to 'False'
[1.054s] Level 5:colcon.colcon_core.verb:set package 'champ_navigation' build argument 'cmake_force_configure' from command line to 'False'
[1.054s] Level 5:colcon.colcon_core.verb:set package 'champ_navigation' build argument 'ament_cmake_args' from command line to 'None'
[1.054s] Level 5:colcon.colcon_core.verb:set package 'champ_navigation' build argument 'catkin_cmake_args' from command line to 'None'
[1.054s] Level 5:colcon.colcon_core.verb:set package 'champ_navigation' build argument 'catkin_skip_building_tests' from command line to 'False'
[1.054s] DEBUG:colcon.colcon_core.verb:Building package 'champ_navigation' with the following arguments: {'ament_cmake_args': None, 'build_base': '/home/dwduong74/yahboom_src/build/champ_navigation', 'catkin_cmake_args': None, 'catkin_skip_building_tests': False, 'cmake_args': None, 'cmake_clean_cache': False, 'cmake_clean_first': False, 'cmake_force_configure': False, 'cmake_target': None, 'cmake_target_skip_unavailable': False, 'install_base': '/home/dwduong74/yahboom_src/install/champ_navigation', 'merge_install': False, 'path': '/home/dwduong74/yahboom_src/src/unitree-go2-ros2/champ/champ_navigation', 'symlink_install': False, 'test_result_base': None}
[1.054s] Level 5:colcon.colcon_core.verb:set package 'champ_teleop' build argument 'cmake_args' from command line to 'None'
[1.054s] Level 5:colcon.colcon_core.verb:set package 'champ_teleop' build argument 'cmake_target' from command line to 'None'
[1.054s] Level 5:colcon.colcon_core.verb:set package 'champ_teleop' build argument 'cmake_target_skip_unavailable' from command line to 'False'
[1.054s] Level 5:colcon.colcon_core.verb:set package 'champ_teleop' build argument 'cmake_clean_cache' from command line to 'False'
[1.054s] Level 5:colcon.colcon_core.verb:set package 'champ_teleop' build argument 'cmake_clean_first' from command line to 'False'
[1.054s] Level 5:colcon.colcon_core.verb:set package 'champ_teleop' build argument 'cmake_force_configure' from command line to 'False'
[1.054s] Level 5:colcon.colcon_core.verb:set package 'champ_teleop' build argument 'ament_cmake_args' from command line to 'None'
[1.054s] Level 5:colcon.colcon_core.verb:set package 'champ_teleop' build argument 'catkin_cmake_args' from command line to 'None'
[1.054s] Level 5:colcon.colcon_core.verb:set package 'champ_teleop' build argument 'catkin_skip_building_tests' from command line to 'False'
[1.054s] DEBUG:colcon.colcon_core.verb:Building package 'champ_teleop' with the following arguments: {'ament_cmake_args': None, 'build_base': '/home/dwduong74/yahboom_src/build/champ_teleop', 'catkin_cmake_args': None, 'catkin_skip_building_tests': False, 'cmake_args': None, 'cmake_clean_cache': False, 'cmake_clean_first': False, 'cmake_force_configure': False, 'cmake_target': None, 'cmake_target_skip_unavailable': False, 'install_base': '/home/dwduong74/yahboom_src/install/champ_teleop', 'merge_install': False, 'path': '/home/dwduong74/yahboom_src/src/unitree-go2-ros2/champ_teleop', 'symlink_install': False, 'test_result_base': None}
[1.055s] Level 5:colcon.colcon_core.verb:set package 'dogzilla_config' build argument 'cmake_args' from command line to 'None'
[1.055s] Level 5:colcon.colcon_core.verb:set package 'dogzilla_config' build argument 'cmake_target' from command line to 'None'
[1.055s] Level 5:colcon.colcon_core.verb:set package 'dogzilla_config' build argument 'cmake_target_skip_unavailable' from command line to 'False'
[1.055s] Level 5:colcon.colcon_core.verb:set package 'dogzilla_config' build argument 'cmake_clean_cache' from command line to 'False'
[1.055s] Level 5:colcon.colcon_core.verb:set package 'dogzilla_config' build argument 'cmake_clean_first' from command line to 'False'
[1.055s] Level 5:colcon.colcon_core.verb:set package 'dogzilla_config' build argument 'cmake_force_configure' from command line to 'False'
[1.055s] Level 5:colcon.colcon_core.verb:set package 'dogzilla_config' build argument 'ament_cmake_args' from command line to 'None'
[1.055s] Level 5:colcon.colcon_core.verb:set package 'dogzilla_config' build argument 'catkin_cmake_args' from command line to 'None'
[1.055s] Level 5:colcon.colcon_core.verb:set package 'dogzilla_config' build argument 'catkin_skip_building_tests' from command line to 'False'
[1.055s] DEBUG:colcon.colcon_core.verb:Building package 'dogzilla_config' with the following arguments: {'ament_cmake_args': None, 'build_base': '/home/dwduong74/yahboom_src/build/dogzilla_config', 'catkin_cmake_args': None, 'catkin_skip_building_tests': False, 'cmake_args': None, 'cmake_clean_cache': False, 'cmake_clean_first': False, 'cmake_force_configure': False, 'cmake_target': None, 'cmake_target_skip_unavailable': False, 'install_base': '/home/dwduong74/yahboom_src/install/dogzilla_config', 'merge_install': False, 'path': '/home/dwduong74/yahboom_src/src/dogzilla_sim/robots/configs/dogzilla_config', 'symlink_install': False, 'test_result_base': None}
[1.056s] Level 5:colcon.colcon_core.verb:set package 'dogzilla_description' build argument 'cmake_args' from command line to 'None'
[1.056s] Level 5:colcon.colcon_core.verb:set package 'dogzilla_description' build argument 'cmake_target' from command line to 'None'
[1.056s] Level 5:colcon.colcon_core.verb:set package 'dogzilla_description' build argument 'cmake_target_skip_unavailable' from command line to 'False'
[1.056s] Level 5:colcon.colcon_core.verb:set package 'dogzilla_description' build argument 'cmake_clean_cache' from command line to 'False'
[1.056s] Level 5:colcon.colcon_core.verb:set package 'dogzilla_description' build argument 'cmake_clean_first' from command line to 'False'
[1.056s] Level 5:colcon.colcon_core.verb:set package 'dogzilla_description' build argument 'cmake_force_configure' from command line to 'False'
[1.056s] Level 5:colcon.colcon_core.verb:set package 'dogzilla_description' build argument 'ament_cmake_args' from command line to 'None'
[1.056s] Level 5:colcon.colcon_core.verb:set package 'dogzilla_description' build argument 'catkin_cmake_args' from command line to 'None'
[1.056s] Level 5:colcon.colcon_core.verb:set package 'dogzilla_description' build argument 'catkin_skip_building_tests' from command line to 'False'
[1.056s] DEBUG:colcon.colcon_core.verb:Building package 'dogzilla_description' with the following arguments: {'ament_cmake_args': None, 'build_base': '/home/dwduong74/yahboom_src/build/dogzilla_description', 'catkin_cmake_args': None, 'catkin_skip_building_tests': False, 'cmake_args': None, 'cmake_clean_cache': False, 'cmake_clean_first': False, 'cmake_force_configure': False, 'cmake_target': None, 'cmake_target_skip_unavailable': False, 'install_base': '/home/dwduong74/yahboom_src/install/dogzilla_description', 'merge_install': False, 'path': '/home/dwduong74/yahboom_src/src/dogzilla_sim/robots/descriptions/dogzilla_description', 'symlink_install': False, 'test_result_base': None}
[1.057s] Level 5:colcon.colcon_core.verb:set package 'go2_config' build argument 'cmake_args' from command line to 'None'
[1.057s] Level 5:colcon.colcon_core.verb:set package 'go2_config' build argument 'cmake_target' from command line to 'None'
[1.057s] Level 5:colcon.colcon_core.verb:set package 'go2_config' build argument 'cmake_target_skip_unavailable' from command line to 'False'
[1.057s] Level 5:colcon.colcon_core.verb:set package 'go2_config' build argument 'cmake_clean_cache' from command line to 'False'
[1.057s] Level 5:colcon.colcon_core.verb:set package 'go2_config' build argument 'cmake_clean_first' from command line to 'False'
[1.057s] Level 5:colcon.colcon_core.verb:set package 'go2_config' build argument 'cmake_force_configure' from command line to 'False'
[1.057s] Level 5:colcon.colcon_core.verb:set package 'go2_config' build argument 'ament_cmake_args' from command line to 'None'
[1.057s] Level 5:colcon.colcon_core.verb:set package 'go2_config' build argument 'catkin_cmake_args' from command line to 'None'
[1.057s] Level 5:colcon.colcon_core.verb:set package 'go2_config' build argument 'catkin_skip_building_tests' from command line to 'False'
[1.057s] DEBUG:colcon.colcon_core.verb:Building package 'go2_config' with the following arguments: {'ament_cmake_args': None, 'build_base': '/home/dwduong74/yahboom_src/build/go2_config', 'catkin_cmake_args': None, 'catkin_skip_building_tests': False, 'cmake_args': None, 'cmake_clean_cache': False, 'cmake_clean_first': False, 'cmake_force_configure': False, 'cmake_target': None, 'cmake_target_skip_unavailable': False, 'install_base': '/home/dwduong74/yahboom_src/install/go2_config', 'merge_install': False, 'path': '/home/dwduong74/yahboom_src/src/unitree-go2-ros2/robots/configs/go2_config', 'symlink_install': False, 'test_result_base': None}
[1.057s] Level 5:colcon.colcon_core.verb:set package 'go2_description' build argument 'cmake_args' from command line to 'None'
[1.057s] Level 5:colcon.colcon_core.verb:set package 'go2_description' build argument 'cmake_target' from command line to 'None'
[1.057s] Level 5:colcon.colcon_core.verb:set package 'go2_description' build argument 'cmake_target_skip_unavailable' from command line to 'False'
[1.057s] Level 5:colcon.colcon_core.verb:set package 'go2_description' build argument 'cmake_clean_cache' from command line to 'False'
[1.057s] Level 5:colcon.colcon_core.verb:set package 'go2_description' build argument 'cmake_clean_first' from command line to 'False'
[1.057s] Level 5:colcon.colcon_core.verb:set package 'go2_description' build argument 'cmake_force_configure' from command line to 'False'
[1.057s] Level 5:colcon.colcon_core.verb:set package 'go2_description' build argument 'ament_cmake_args' from command line to 'None'
[1.057s] Level 5:colcon.colcon_core.verb:set package 'go2_description' build argument 'catkin_cmake_args' from command line to 'None'
[1.057s] Level 5:colcon.colcon_core.verb:set package 'go2_description' build argument 'catkin_skip_building_tests' from command line to 'False'
[1.058s] DEBUG:colcon.colcon_core.verb:Building package 'go2_description' with the following arguments: {'ament_cmake_args': None, 'build_base': '/home/dwduong74/yahboom_src/build/go2_description', 'catkin_cmake_args': None, 'catkin_skip_building_tests': False, 'cmake_args': None, 'cmake_clean_cache': False, 'cmake_clean_first': False, 'cmake_force_configure': False, 'cmake_target': None, 'cmake_target_skip_unavailable': False, 'install_base': '/home/dwduong74/yahboom_src/install/go2_description', 'merge_install': False, 'path': '/home/dwduong74/yahboom_src/src/unitree-go2-ros2/robots/descriptions/go2_description', 'symlink_install': False, 'test_result_base': None}
[1.058s] Level 5:colcon.colcon_core.verb:set package 'image_color_lab' build argument 'cmake_args' from command line to 'None'
[1.058s] Level 5:colcon.colcon_core.verb:set package 'image_color_lab' build argument 'cmake_target' from command line to 'None'
[1.058s] Level 5:colcon.colcon_core.verb:set package 'image_color_lab' build argument 'cmake_target_skip_unavailable' from command line to 'False'
[1.058s] Level 5:colcon.colcon_core.verb:set package 'image_color_lab' build argument 'cmake_clean_cache' from command line to 'False'
[1.058s] Level 5:colcon.colcon_core.verb:set package 'image_color_lab' build argument 'cmake_clean_first' from command line to 'False'
[1.058s] Level 5:colcon.colcon_core.verb:set package 'image_color_lab' build argument 'cmake_force_configure' from command line to 'False'
[1.058s] Level 5:colcon.colcon_core.verb:set package 'image_color_lab' build argument 'ament_cmake_args' from command line to 'None'
[1.058s] Level 5:colcon.colcon_core.verb:set package 'image_color_lab' build argument 'catkin_cmake_args' from command line to 'None'
[1.058s] Level 5:colcon.colcon_core.verb:set package 'image_color_lab' build argument 'catkin_skip_building_tests' from command line to 'False'
[1.058s] DEBUG:colcon.colcon_core.verb:Building package 'image_color_lab' with the following arguments: {'ament_cmake_args': None, 'build_base': '/home/dwduong74/yahboom_src/build/image_color_lab', 'catkin_cmake_args': None, 'catkin_skip_building_tests': False, 'cmake_args': None, 'cmake_clean_cache': False, 'cmake_clean_first': False, 'cmake_force_configure': False, 'cmake_target': None, 'cmake_target_skip_unavailable': False, 'install_base': '/home/dwduong74/yahboom_src/install/image_color_lab', 'merge_install': False, 'path': '/home/dwduong74/yahboom_src/src/image_color_lab', 'symlink_install': False, 'test_result_base': None}
[1.059s] Level 5:colcon.colcon_core.verb:set package 'oradar_lidar' build argument 'cmake_args' from command line to 'None'
[1.059s] Level 5:colcon.colcon_core.verb:set package 'oradar_lidar' build argument 'cmake_target' from command line to 'None'
[1.059s] Level 5:colcon.colcon_core.verb:set package 'oradar_lidar' build argument 'cmake_target_skip_unavailable' from command line to 'False'
[1.059s] Level 5:colcon.colcon_core.verb:set package 'oradar_lidar' build argument 'cmake_clean_cache' from command line to 'False'
[1.059s] Level 5:colcon.colcon_core.verb:set package 'oradar_lidar' build argument 'cmake_clean_first' from command line to 'False'
[1.059s] Level 5:colcon.colcon_core.verb:set package 'oradar_lidar' build argument 'cmake_force_configure' from command line to 'False'
[1.059s] Level 5:colcon.colcon_core.verb:set package 'oradar_lidar' build argument 'ament_cmake_args' from command line to 'None'
[1.059s] Level 5:colcon.colcon_core.verb:set package 'oradar_lidar' build argument 'catkin_cmake_args' from command line to 'None'
[1.059s] Level 5:colcon.colcon_core.verb:set package 'oradar_lidar' build argument 'catkin_skip_building_tests' from command line to 'False'
[1.059s] DEBUG:colcon.colcon_core.verb:Building package 'oradar_lidar' with the following arguments: {'ament_cmake_args': None, 'build_base': '/home/dwduong74/yahboom_src/build/oradar_lidar', 'catkin_cmake_args': None, 'catkin_skip_building_tests': False, 'cmake_args': None, 'cmake_clean_cache': False, 'cmake_clean_first': False, 'cmake_force_configure': False, 'cmake_target': None, 'cmake_target_skip_unavailable': False, 'install_base': '/home/dwduong74/yahboom_src/install/oradar_lidar', 'merge_install': False, 'path': '/home/dwduong74/yahboom_src/src/oradar_lidar', 'symlink_install': False, 'test_result_base': None}
[1.060s] Level 5:colcon.colcon_core.verb:set package 'tf_publisher' build argument 'cmake_args' from command line to 'None'
[1.060s] Level 5:colcon.colcon_core.verb:set package 'tf_publisher' build argument 'cmake_target' from command line to 'None'
[1.060s] Level 5:colcon.colcon_core.verb:set package 'tf_publisher' build argument 'cmake_target_skip_unavailable' from command line to 'False'
[1.060s] Level 5:colcon.colcon_core.verb:set package 'tf_publisher' build argument 'cmake_clean_cache' from command line to 'False'
[1.060s] Level 5:colcon.colcon_core.verb:set package 'tf_publisher' build argument 'cmake_clean_first' from command line to 'False'
[1.060s] Level 5:colcon.colcon_core.verb:set package 'tf_publisher' build argument 'cmake_force_configure' from command line to 'False'
[1.060s] Level 5:colcon.colcon_core.verb:set package 'tf_publisher' build argument 'ament_cmake_args' from command line to 'None'
[1.060s] Level 5:colcon.colcon_core.verb:set package 'tf_publisher' build argument 'catkin_cmake_args' from command line to 'None'
[1.060s] Level 5:colcon.colcon_core.verb:set package 'tf_publisher' build argument 'catkin_skip_building_tests' from command line to 'False'
[1.060s] DEBUG:colcon.colcon_core.verb:Building package 'tf_publisher' with the following arguments: {'ament_cmake_args': None, 'build_base': '/home/dwduong74/yahboom_src/build/tf_publisher', 'catkin_cmake_args': None, 'catkin_skip_building_tests': False, 'cmake_args': None, 'cmake_clean_cache': False, 'cmake_clean_first': False, 'cmake_force_configure': False, 'cmake_target': None, 'cmake_target_skip_unavailable': False, 'install_base': '/home/dwduong74/yahboom_src/install/tf_publisher', 'merge_install': False, 'path': '/home/dwduong74/yahboom_src/src/tf_publisher', 'symlink_install': False, 'test_result_base': None}
[1.061s] Level 5:colcon.colcon_core.verb:set package 'velodyne_gazebo_plugins' build argument 'cmake_args' from command line to 'None'
[1.061s] Level 5:colcon.colcon_core.verb:set package 'velodyne_gazebo_plugins' build argument 'cmake_target' from command line to 'None'
[1.061s] Level 5:colcon.colcon_core.verb:set package 'velodyne_gazebo_plugins' build argument 'cmake_target_skip_unavailable' from command line to 'False'
[1.061s] Level 5:colcon.colcon_core.verb:set package 'velodyne_gazebo_plugins' build argument 'cmake_clean_cache' from command line to 'False'
[1.061s] Level 5:colcon.colcon_core.verb:set package 'velodyne_gazebo_plugins' build argument 'cmake_clean_first' from command line to 'False'
[1.061s] Level 5:colcon.colcon_core.verb:set package 'velodyne_gazebo_plugins' build argument 'cmake_force_configure' from command line to 'False'
[1.061s] Level 5:colcon.colcon_core.verb:set package 'velodyne_gazebo_plugins' build argument 'ament_cmake_args' from command line to 'None'
[1.061s] Level 5:colcon.colcon_core.verb:set package 'velodyne_gazebo_plugins' build argument 'catkin_cmake_args' from command line to 'None'
[1.061s] Level 5:colcon.colcon_core.verb:set package 'velodyne_gazebo_plugins' build argument 'catkin_skip_building_tests' from command line to 'False'
[1.061s] DEBUG:colcon.colcon_core.verb:Building package 'velodyne_gazebo_plugins' with the following arguments: {'ament_cmake_args': None, 'build_base': '/home/dwduong74/yahboom_src/build/velodyne_gazebo_plugins', 'catkin_cmake_args': None, 'catkin_skip_building_tests': False, 'cmake_args': None, 'cmake_clean_cache': False, 'cmake_clean_first': False, 'cmake_force_configure': False, 'cmake_target': None, 'cmake_target_skip_unavailable': False, 'install_base': '/home/dwduong74/yahboom_src/install/velodyne_gazebo_plugins', 'merge_install': False, 'path': '/home/dwduong74/yahboom_src/src/unitree-go2-ros2/velodyne/velodyne_gazebo_plugins', 'symlink_install': False, 'test_result_base': None}
[1.062s] Level 5:colcon.colcon_core.verb:set package 'yahboom_app_save_map' build argument 'cmake_args' from command line to 'None'
[1.062s] Level 5:colcon.colcon_core.verb:set package 'yahboom_app_save_map' build argument 'cmake_target' from command line to 'None'
[1.062s] Level 5:colcon.colcon_core.verb:set package 'yahboom_app_save_map' build argument 'cmake_target_skip_unavailable' from command line to 'False'
[1.062s] Level 5:colcon.colcon_core.verb:set package 'yahboom_app_save_map' build argument 'cmake_clean_cache' from command line to 'False'
[1.062s] Level 5:colcon.colcon_core.verb:set package 'yahboom_app_save_map' build argument 'cmake_clean_first' from command line to 'False'
[1.062s] Level 5:colcon.colcon_core.verb:set package 'yahboom_app_save_map' build argument 'cmake_force_configure' from command line to 'False'
[1.062s] Level 5:colcon.colcon_core.verb:set package 'yahboom_app_save_map' build argument 'ament_cmake_args' from command line to 'None'
[1.062s] Level 5:colcon.colcon_core.verb:set package 'yahboom_app_save_map' build argument 'catkin_cmake_args' from command line to 'None'
[1.062s] Level 5:colcon.colcon_core.verb:set package 'yahboom_app_save_map' build argument 'catkin_skip_building_tests' from command line to 'False'
[1.062s] DEBUG:colcon.colcon_core.verb:Building package 'yahboom_app_save_map' with the following arguments: {'ament_cmake_args': None, 'build_base': '/home/dwduong74/yahboom_src/build/yahboom_app_save_map', 'catkin_cmake_args': None, 'catkin_skip_building_tests': False, 'cmake_args': None, 'cmake_clean_cache': False, 'cmake_clean_first': False, 'cmake_force_configure': False, 'cmake_target': None, 'cmake_target_skip_unavailable': False, 'install_base': '/home/dwduong74/yahboom_src/install/yahboom_app_save_map', 'merge_install': False, 'path': '/home/dwduong74/yahboom_src/src/yahboom_app_save_map', 'symlink_install': False, 'test_result_base': None}
[1.063s] Level 5:colcon.colcon_core.verb:set package 'yahboom_base' build argument 'cmake_args' from command line to 'None'
[1.063s] Level 5:colcon.colcon_core.verb:set package 'yahboom_base' build argument 'cmake_target' from command line to 'None'
[1.063s] Level 5:colcon.colcon_core.verb:set package 'yahboom_base' build argument 'cmake_target_skip_unavailable' from command line to 'False'
[1.063s] Level 5:colcon.colcon_core.verb:set package 'yahboom_base' build argument 'cmake_clean_cache' from command line to 'False'
[1.063s] Level 5:colcon.colcon_core.verb:set package 'yahboom_base' build argument 'cmake_clean_first' from command line to 'False'
[1.063s] Level 5:colcon.colcon_core.verb:set package 'yahboom_base' build argument 'cmake_force_configure' from command line to 'False'
[1.063s] Level 5:colcon.colcon_core.verb:set package 'yahboom_base' build argument 'ament_cmake_args' from command line to 'None'
[1.063s] Level 5:colcon.colcon_core.verb:set package 'yahboom_base' build argument 'catkin_cmake_args' from command line to 'None'
[1.063s] Level 5:colcon.colcon_core.verb:set package 'yahboom_base' build argument 'catkin_skip_building_tests' from command line to 'False'
[1.063s] DEBUG:colcon.colcon_core.verb:Building package 'yahboom_base' with the following arguments: {'ament_cmake_args': None, 'build_base': '/home/dwduong74/yahboom_src/build/yahboom_base', 'catkin_cmake_args': None, 'catkin_skip_building_tests': False, 'cmake_args': None, 'cmake_clean_cache': False, 'cmake_clean_first': False, 'cmake_force_configure': False, 'cmake_target': None, 'cmake_target_skip_unavailable': False, 'install_base': '/home/dwduong74/yahboom_src/install/yahboom_base', 'merge_install': False, 'path': '/home/dwduong74/yahboom_src/src/yahboom_base', 'symlink_install': False, 'test_result_base': None}
[1.064s] Level 5:colcon.colcon_core.verb:set package 'yahboom_bringup' build argument 'cmake_args' from command line to 'None'
[1.064s] Level 5:colcon.colcon_core.verb:set package 'yahboom_bringup' build argument 'cmake_target' from command line to 'None'
[1.064s] Level 5:colcon.colcon_core.verb:set package 'yahboom_bringup' build argument 'cmake_target_skip_unavailable' from command line to 'False'
[1.064s] Level 5:colcon.colcon_core.verb:set package 'yahboom_bringup' build argument 'cmake_clean_cache' from command line to 'False'
[1.064s] Level 5:colcon.colcon_core.verb:set package 'yahboom_bringup' build argument 'cmake_clean_first' from command line to 'False'
[1.064s] Level 5:colcon.colcon_core.verb:set package 'yahboom_bringup' build argument 'cmake_force_configure' from command line to 'False'
[1.064s] Level 5:colcon.colcon_core.verb:set package 'yahboom_bringup' build argument 'ament_cmake_args' from command line to 'None'
[1.064s] Level 5:colcon.colcon_core.verb:set package 'yahboom_bringup' build argument 'catkin_cmake_args' from command line to 'None'
[1.064s] Level 5:colcon.colcon_core.verb:set package 'yahboom_bringup' build argument 'catkin_skip_building_tests' from command line to 'False'
[1.064s] DEBUG:colcon.colcon_core.verb:Building package 'yahboom_bringup' with the following arguments: {'ament_cmake_args': None, 'build_base': '/home/dwduong74/yahboom_src/build/yahboom_bringup', 'catkin_cmake_args': None, 'catkin_skip_building_tests': False, 'cmake_args': None, 'cmake_clean_cache': False, 'cmake_clean_first': False, 'cmake_force_configure': False, 'cmake_target': None, 'cmake_target_skip_unavailable': False, 'install_base': '/home/dwduong74/yahboom_src/install/yahboom_bringup', 'merge_install': False, 'path': '/home/dwduong74/yahboom_src/src/yahboom_bringup', 'symlink_install': False, 'test_result_base': None}
[1.065s] Level 5:colcon.colcon_core.verb:set package 'yahboom_description' build argument 'cmake_args' from command line to 'None'
[1.065s] Level 5:colcon.colcon_core.verb:set package 'yahboom_description' build argument 'cmake_target' from command line to 'None'
[1.065s] Level 5:colcon.colcon_core.verb:set package 'yahboom_description' build argument 'cmake_target_skip_unavailable' from command line to 'False'
[1.065s] Level 5:colcon.colcon_core.verb:set package 'yahboom_description' build argument 'cmake_clean_cache' from command line to 'False'
[1.065s] Level 5:colcon.colcon_core.verb:set package 'yahboom_description' build argument 'cmake_clean_first' from command line to 'False'
[1.065s] Level 5:colcon.colcon_core.verb:set package 'yahboom_description' build argument 'cmake_force_configure' from command line to 'False'
[1.065s] Level 5:colcon.colcon_core.verb:set package 'yahboom_description' build argument 'ament_cmake_args' from command line to 'None'
[1.065s] Level 5:colcon.colcon_core.verb:set package 'yahboom_description' build argument 'catkin_cmake_args' from command line to 'None'
[1.065s] Level 5:colcon.colcon_core.verb:set package 'yahboom_description' build argument 'catkin_skip_building_tests' from command line to 'False'
[1.065s] DEBUG:colcon.colcon_core.verb:Building package 'yahboom_description' with the following arguments: {'ament_cmake_args': None, 'build_base': '/home/dwduong74/yahboom_src/build/yahboom_description', 'catkin_cmake_args': None, 'catkin_skip_building_tests': False, 'cmake_args': None, 'cmake_clean_cache': False, 'cmake_clean_first': False, 'cmake_force_configure': False, 'cmake_target': None, 'cmake_target_skip_unavailable': False, 'install_base': '/home/dwduong74/yahboom_src/install/yahboom_description', 'merge_install': False, 'path': '/home/dwduong74/yahboom_src/src/yahboom_description', 'symlink_install': False, 'test_result_base': None}
[1.066s] Level 5:colcon.colcon_core.verb:set package 'yahboom_dog_joint_state' build argument 'cmake_args' from command line to 'None'
[1.066s] Level 5:colcon.colcon_core.verb:set package 'yahboom_dog_joint_state' build argument 'cmake_target' from command line to 'None'
[1.066s] Level 5:colcon.colcon_core.verb:set package 'yahboom_dog_joint_state' build argument 'cmake_target_skip_unavailable' from command line to 'False'
[1.066s] Level 5:colcon.colcon_core.verb:set package 'yahboom_dog_joint_state' build argument 'cmake_clean_cache' from command line to 'False'
[1.066s] Level 5:colcon.colcon_core.verb:set package 'yahboom_dog_joint_state' build argument 'cmake_clean_first' from command line to 'False'
[1.066s] Level 5:colcon.colcon_core.verb:set package 'yahboom_dog_joint_state' build argument 'cmake_force_configure' from command line to 'False'
[1.066s] Level 5:colcon.colcon_core.verb:set package 'yahboom_dog_joint_state' build argument 'ament_cmake_args' from command line to 'None'
[1.066s] Level 5:colcon.colcon_core.verb:set package 'yahboom_dog_joint_state' build argument 'catkin_cmake_args' from command line to 'None'
[1.066s] Level 5:colcon.colcon_core.verb:set package 'yahboom_dog_joint_state' build argument 'catkin_skip_building_tests' from command line to 'False'
[1.066s] DEBUG:colcon.colcon_core.verb:Building package 'yahboom_dog_joint_state' with the following arguments: {'ament_cmake_args': None, 'build_base': '/home/dwduong74/yahboom_src/build/yahboom_dog_joint_state', 'catkin_cmake_args': None, 'catkin_skip_building_tests': False, 'cmake_args': None, 'cmake_clean_cache': False, 'cmake_clean_first': False, 'cmake_force_configure': False, 'cmake_target': None, 'cmake_target_skip_unavailable': False, 'install_base': '/home/dwduong74/yahboom_src/install/yahboom_dog_joint_state', 'merge_install': False, 'path': '/home/dwduong74/yahboom_src/src/yahboom_dog_joint_state', 'symlink_install': False, 'test_result_base': None}
[1.067s] Level 5:colcon.colcon_core.verb:set package 'yahboom_gait' build argument 'cmake_args' from command line to 'None'
[1.068s] Level 5:colcon.colcon_core.verb:set package 'yahboom_gait' build argument 'cmake_target' from command line to 'None'
[1.068s] Level 5:colcon.colcon_core.verb:set package 'yahboom_gait' build argument 'cmake_target_skip_unavailable' from command line to 'False'
[1.068s] Level 5:colcon.colcon_core.verb:set package 'yahboom_gait' build argument 'cmake_clean_cache' from command line to 'False'
[1.068s] Level 5:colcon.colcon_core.verb:set package 'yahboom_gait' build argument 'cmake_clean_first' from command line to 'False'
[1.068s] Level 5:colcon.colcon_core.verb:set package 'yahboom_gait' build argument 'cmake_force_configure' from command line to 'False'
[1.068s] Level 5:colcon.colcon_core.verb:set package 'yahboom_gait' build argument 'ament_cmake_args' from command line to 'None'
[1.068s] Level 5:colcon.colcon_core.verb:set package 'yahboom_gait' build argument 'catkin_cmake_args' from command line to 'None'
[1.068s] Level 5:colcon.colcon_core.verb:set package 'yahboom_gait' build argument 'catkin_skip_building_tests' from command line to 'False'
[1.068s] DEBUG:colcon.colcon_core.verb:Building package 'yahboom_gait' with the following arguments: {'ament_cmake_args': None, 'build_base': '/home/dwduong74/yahboom_src/build/yahboom_gait', 'catkin_cmake_args': None, 'catkin_skip_building_tests': False, 'cmake_args': None, 'cmake_clean_cache': False, 'cmake_clean_first': False, 'cmake_force_configure': False, 'cmake_target': None, 'cmake_target_skip_unavailable': False, 'install_base': '/home/dwduong74/yahboom_src/install/yahboom_gait', 'merge_install': False, 'path': '/home/dwduong74/yahboom_src/src/yahboom_gait', 'symlink_install': False, 'test_result_base': None}
[1.069s] Level 5:colcon.colcon_core.verb:set package 'yahboom_mediapipe' build argument 'cmake_args' from command line to 'None'
[1.069s] Level 5:colcon.colcon_core.verb:set package 'yahboom_mediapipe' build argument 'cmake_target' from command line to 'None'
[1.069s] Level 5:colcon.colcon_core.verb:set package 'yahboom_mediapipe' build argument 'cmake_target_skip_unavailable' from command line to 'False'
[1.069s] Level 5:colcon.colcon_core.verb:set package 'yahboom_mediapipe' build argument 'cmake_clean_cache' from command line to 'False'
[1.069s] Level 5:colcon.colcon_core.verb:set package 'yahboom_mediapipe' build argument 'cmake_clean_first' from command line to 'False'
[1.069s] Level 5:colcon.colcon_core.verb:set package 'yahboom_mediapipe' build argument 'cmake_force_configure' from command line to 'False'
[1.069s] Level 5:colcon.colcon_core.verb:set package 'yahboom_mediapipe' build argument 'ament_cmake_args' from command line to 'None'
[1.069s] Level 5:colcon.colcon_core.verb:set package 'yahboom_mediapipe' build argument 'catkin_cmake_args' from command line to 'None'
[1.069s] Level 5:colcon.colcon_core.verb:set package 'yahboom_mediapipe' build argument 'catkin_skip_building_tests' from command line to 'False'
[1.069s] DEBUG:colcon.colcon_core.verb:Building package 'yahboom_mediapipe' with the following arguments: {'ament_cmake_args': None, 'build_base': '/home/dwduong74/yahboom_src/build/yahboom_mediapipe', 'catkin_cmake_args': None, 'catkin_skip_building_tests': False, 'cmake_args': None, 'cmake_clean_cache': False, 'cmake_clean_first': False, 'cmake_force_configure': False, 'cmake_target': None, 'cmake_target_skip_unavailable': False, 'install_base': '/home/dwduong74/yahboom_src/install/yahboom_mediapipe', 'merge_install': False, 'path': '/home/dwduong74/yahboom_src/src/yahboom_mediapipe', 'symlink_install': False, 'test_result_base': None}
[1.070s] Level 5:colcon.colcon_core.verb:set package 'yahboom_msgs' build argument 'cmake_args' from command line to 'None'
[1.070s] Level 5:colcon.colcon_core.verb:set package 'yahboom_msgs' build argument 'cmake_target' from command line to 'None'
[1.070s] Level 5:colcon.colcon_core.verb:set package 'yahboom_msgs' build argument 'cmake_target_skip_unavailable' from command line to 'False'
[1.070s] Level 5:colcon.colcon_core.verb:set package 'yahboom_msgs' build argument 'cmake_clean_cache' from command line to 'False'
[1.070s] Level 5:colcon.colcon_core.verb:set package 'yahboom_msgs' build argument 'cmake_clean_first' from command line to 'False'
[1.070s] Level 5:colcon.colcon_core.verb:set package 'yahboom_msgs' build argument 'cmake_force_configure' from command line to 'False'
[1.070s] Level 5:colcon.colcon_core.verb:set package 'yahboom_msgs' build argument 'ament_cmake_args' from command line to 'None'
[1.070s] Level 5:colcon.colcon_core.verb:set package 'yahboom_msgs' build argument 'catkin_cmake_args' from command line to 'None'
[1.070s] Level 5:colcon.colcon_core.verb:set package 'yahboom_msgs' build argument 'catkin_skip_building_tests' from command line to 'False'
[1.070s] DEBUG:colcon.colcon_core.verb:Building package 'yahboom_msgs' with the following arguments: {'ament_cmake_args': None, 'build_base': '/home/dwduong74/yahboom_src/build/yahboom_msgs', 'catkin_cmake_args': None, 'catkin_skip_building_tests': False, 'cmake_args': None, 'cmake_clean_cache': False, 'cmake_clean_first': False, 'cmake_force_configure': False, 'cmake_target': None, 'cmake_target_skip_unavailable': False, 'install_base': '/home/dwduong74/yahboom_src/install/yahboom_msgs', 'merge_install': False, 'path': '/home/dwduong74/yahboom_src/src/yahboom_msgs', 'symlink_install': False, 'test_result_base': None}
[1.071s] Level 5:colcon.colcon_core.verb:set package 'yahboom_set_height' build argument 'cmake_args' from command line to 'None'
[1.071s] Level 5:colcon.colcon_core.verb:set package 'yahboom_set_height' build argument 'cmake_target' from command line to 'None'
[1.071s] Level 5:colcon.colcon_core.verb:set package 'yahboom_set_height' build argument 'cmake_target_skip_unavailable' from command line to 'False'
[1.071s] Level 5:colcon.colcon_core.verb:set package 'yahboom_set_height' build argument 'cmake_clean_cache' from command line to 'False'
[1.071s] Level 5:colcon.colcon_core.verb:set package 'yahboom_set_height' build argument 'cmake_clean_first' from command line to 'False'
[1.071s] Level 5:colcon.colcon_core.verb:set package 'yahboom_set_height' build argument 'cmake_force_configure' from command line to 'False'
[1.071s] Level 5:colcon.colcon_core.verb:set package 'yahboom_set_height' build argument 'ament_cmake_args' from command line to 'None'
[1.071s] Level 5:colcon.colcon_core.verb:set package 'yahboom_set_height' build argument 'catkin_cmake_args' from command line to 'None'
[1.071s] Level 5:colcon.colcon_core.verb:set package 'yahboom_set_height' build argument 'catkin_skip_building_tests' from command line to 'False'
[1.071s] DEBUG:colcon.colcon_core.verb:Building package 'yahboom_set_height' with the following arguments: {'ament_cmake_args': None, 'build_base': '/home/dwduong74/yahboom_src/build/yahboom_set_height', 'catkin_cmake_args': None, 'catkin_skip_building_tests': False, 'cmake_args': None, 'cmake_clean_cache': False, 'cmake_clean_first': False, 'cmake_force_configure': False, 'cmake_target': None, 'cmake_target_skip_unavailable': False, 'install_base': '/home/dwduong74/yahboom_src/install/yahboom_set_height', 'merge_install': False, 'path': '/home/dwduong74/yahboom_src/src/yahboom_set_height', 'symlink_install': False, 'test_result_base': None}
[1.072s] Level 5:colcon.colcon_core.verb:set package 'champ_base' build argument 'cmake_args' from command line to 'None'
[1.072s] Level 5:colcon.colcon_core.verb:set package 'champ_base' build argument 'cmake_target' from command line to 'None'
[1.072s] Level 5:colcon.colcon_core.verb:set package 'champ_base' build argument 'cmake_target_skip_unavailable' from command line to 'False'
[1.072s] Level 5:colcon.colcon_core.verb:set package 'champ_base' build argument 'cmake_clean_cache' from command line to 'False'
[1.072s] Level 5:colcon.colcon_core.verb:set package 'champ_base' build argument 'cmake_clean_first' from command line to 'False'
[1.072s] Level 5:colcon.colcon_core.verb:set package 'champ_base' build argument 'cmake_force_configure' from command line to 'False'
[1.072s] Level 5:colcon.colcon_core.verb:set package 'champ_base' build argument 'ament_cmake_args' from command line to 'None'
[1.072s] Level 5:colcon.colcon_core.verb:set package 'champ_base' build argument 'catkin_cmake_args' from command line to 'None'
[1.072s] Level 5:colcon.colcon_core.verb:set package 'champ_base' build argument 'catkin_skip_building_tests' from command line to 'False'
[1.072s] DEBUG:colcon.colcon_core.verb:Building package 'champ_base' with the following arguments: {'ament_cmake_args': None, 'build_base': '/home/dwduong74/yahboom_src/build/champ_base', 'catkin_cmake_args': None, 'catkin_skip_building_tests': False, 'cmake_args': None, 'cmake_clean_cache': False, 'cmake_clean_first': False, 'cmake_force_configure': False, 'cmake_target': None, 'cmake_target_skip_unavailable': False, 'install_base': '/home/dwduong74/yahboom_src/install/champ_base', 'merge_install': False, 'path': '/home/dwduong74/yahboom_src/src/unitree-go2-ros2/champ/champ_base', 'symlink_install': False, 'test_result_base': None}
[1.073s] Level 5:colcon.colcon_core.verb:set package 'champ_description' build argument 'cmake_args' from command line to 'None'
[1.073s] Level 5:colcon.colcon_core.verb:set package 'champ_description' build argument 'cmake_target' from command line to 'None'
[1.073s] Level 5:colcon.colcon_core.verb:set package 'champ_description' build argument 'cmake_target_skip_unavailable' from command line to 'False'
[1.073s] Level 5:colcon.colcon_core.verb:set package 'champ_description' build argument 'cmake_clean_cache' from command line to 'False'
[1.073s] Level 5:colcon.colcon_core.verb:set package 'champ_description' build argument 'cmake_clean_first' from command line to 'False'
[1.073s] Level 5:colcon.colcon_core.verb:set package 'champ_description' build argument 'cmake_force_configure' from command line to 'False'
[1.073s] Level 5:colcon.colcon_core.verb:set package 'champ_description' build argument 'ament_cmake_args' from command line to 'None'
[1.073s] Level 5:colcon.colcon_core.verb:set package 'champ_description' build argument 'catkin_cmake_args' from command line to 'None'
[1.073s] Level 5:colcon.colcon_core.verb:set package 'champ_description' build argument 'catkin_skip_building_tests' from command line to 'False'
[1.073s] DEBUG:colcon.colcon_core.verb:Building package 'champ_description' with the following arguments: {'ament_cmake_args': None, 'build_base': '/home/dwduong74/yahboom_src/build/champ_description', 'catkin_cmake_args': None, 'catkin_skip_building_tests': False, 'cmake_args': None, 'cmake_clean_cache': False, 'cmake_clean_first': False, 'cmake_force_configure': False, 'cmake_target': None, 'cmake_target_skip_unavailable': False, 'install_base': '/home/dwduong74/yahboom_src/install/champ_description', 'merge_install': False, 'path': '/home/dwduong74/yahboom_src/src/unitree-go2-ros2/champ/champ_description', 'symlink_install': False, 'test_result_base': None}
[1.074s] Level 5:colcon.colcon_core.verb:set package 'champ_gazebo' build argument 'cmake_args' from command line to 'None'
[1.074s] Level 5:colcon.colcon_core.verb:set package 'champ_gazebo' build argument 'cmake_target' from command line to 'None'
[1.074s] Level 5:colcon.colcon_core.verb:set package 'champ_gazebo' build argument 'cmake_target_skip_unavailable' from command line to 'False'
[1.074s] Level 5:colcon.colcon_core.verb:set package 'champ_gazebo' build argument 'cmake_clean_cache' from command line to 'False'
[1.074s] Level 5:colcon.colcon_core.verb:set package 'champ_gazebo' build argument 'cmake_clean_first' from command line to 'False'
[1.074s] Level 5:colcon.colcon_core.verb:set package 'champ_gazebo' build argument 'cmake_force_configure' from command line to 'False'
[1.074s] Level 5:colcon.colcon_core.verb:set package 'champ_gazebo' build argument 'ament_cmake_args' from command line to 'None'
[1.074s] Level 5:colcon.colcon_core.verb:set package 'champ_gazebo' build argument 'catkin_cmake_args' from command line to 'None'
[1.074s] Level 5:colcon.colcon_core.verb:set package 'champ_gazebo' build argument 'catkin_skip_building_tests' from command line to 'False'
[1.074s] DEBUG:colcon.colcon_core.verb:Building package 'champ_gazebo' with the following arguments: {'ament_cmake_args': None, 'build_base': '/home/dwduong74/yahboom_src/build/champ_gazebo', 'catkin_cmake_args': None, 'catkin_skip_building_tests': False, 'cmake_args': None, 'cmake_clean_cache': False, 'cmake_clean_first': False, 'cmake_force_configure': False, 'cmake_target': None, 'cmake_target_skip_unavailable': False, 'install_base': '/home/dwduong74/yahboom_src/install/champ_gazebo', 'merge_install': False, 'path': '/home/dwduong74/yahboom_src/src/unitree-go2-ros2/champ/champ_gazebo', 'symlink_install': False, 'test_result_base': None}
[1.075s] Level 5:colcon.colcon_core.verb:set package 'velodyne_description' build argument 'cmake_args' from command line to 'None'
[1.075s] Level 5:colcon.colcon_core.verb:set package 'velodyne_description' build argument 'cmake_target' from command line to 'None'
[1.075s] Level 5:colcon.colcon_core.verb:set package 'velodyne_description' build argument 'cmake_target_skip_unavailable' from command line to 'False'
[1.075s] Level 5:colcon.colcon_core.verb:set package 'velodyne_description' build argument 'cmake_clean_cache' from command line to 'False'
[1.075s] Level 5:colcon.colcon_core.verb:set package 'velodyne_description' build argument 'cmake_clean_first' from command line to 'False'
[1.075s] Level 5:colcon.colcon_core.verb:set package 'velodyne_description' build argument 'cmake_force_configure' from command line to 'False'
[1.075s] Level 5:colcon.colcon_core.verb:set package 'velodyne_description' build argument 'ament_cmake_args' from command line to 'None'
[1.075s] Level 5:colcon.colcon_core.verb:set package 'velodyne_description' build argument 'catkin_cmake_args' from command line to 'None'
[1.075s] Level 5:colcon.colcon_core.verb:set package 'velodyne_description' build argument 'catkin_skip_building_tests' from command line to 'False'
[1.075s] DEBUG:colcon.colcon_core.verb:Building package 'velodyne_description' with the following arguments: {'ament_cmake_args': None, 'build_base': '/home/dwduong74/yahboom_src/build/velodyne_description', 'catkin_cmake_args': None, 'catkin_skip_building_tests': False, 'cmake_args': None, 'cmake_clean_cache': False, 'cmake_clean_first': False, 'cmake_force_configure': False, 'cmake_target': None, 'cmake_target_skip_unavailable': False, 'install_base': '/home/dwduong74/yahboom_src/install/velodyne_description', 'merge_install': False, 'path': '/home/dwduong74/yahboom_src/src/unitree-go2-ros2/velodyne/velodyne_description', 'symlink_install': False, 'test_result_base': None}
[1.076s] Level 5:colcon.colcon_core.verb:set package 'champ_bringup' build argument 'cmake_args' from command line to 'None'
[1.076s] Level 5:colcon.colcon_core.verb:set package 'champ_bringup' build argument 'cmake_target' from command line to 'None'
[1.076s] Level 5:colcon.colcon_core.verb:set package 'champ_bringup' build argument 'cmake_target_skip_unavailable' from command line to 'False'
[1.076s] Level 5:colcon.colcon_core.verb:set package 'champ_bringup' build argument 'cmake_clean_cache' from command line to 'False'
[1.076s] Level 5:colcon.colcon_core.verb:set package 'champ_bringup' build argument 'cmake_clean_first' from command line to 'False'
[1.076s] Level 5:colcon.colcon_core.verb:set package 'champ_bringup' build argument 'cmake_force_configure' from command line to 'False'
[1.076s] Level 5:colcon.colcon_core.verb:set package 'champ_bringup' build argument 'ament_cmake_args' from command line to 'None'
[1.076s] Level 5:colcon.colcon_core.verb:set package 'champ_bringup' build argument 'catkin_cmake_args' from command line to 'None'
[1.076s] Level 5:colcon.colcon_core.verb:set package 'champ_bringup' build argument 'catkin_skip_building_tests' from command line to 'False'
[1.076s] DEBUG:colcon.colcon_core.verb:Building package 'champ_bringup' with the following arguments: {'ament_cmake_args': None, 'build_base': '/home/dwduong74/yahboom_src/build/champ_bringup', 'catkin_cmake_args': None, 'catkin_skip_building_tests': False, 'cmake_args': None, 'cmake_clean_cache': False, 'cmake_clean_first': False, 'cmake_force_configure': False, 'cmake_target': None, 'cmake_target_skip_unavailable': False, 'install_base': '/home/dwduong74/yahboom_src/install/champ_bringup', 'merge_install': False, 'path': '/home/dwduong74/yahboom_src/src/unitree-go2-ros2/champ/champ_bringup', 'symlink_install': False, 'test_result_base': None}
[1.077s] Level 5:colcon.colcon_core.verb:set package 'velodyne_simulator' build argument 'cmake_args' from command line to 'None'
[1.077s] Level 5:colcon.colcon_core.verb:set package 'velodyne_simulator' build argument 'cmake_target' from command line to 'None'
[1.077s] Level 5:colcon.colcon_core.verb:set package 'velodyne_simulator' build argument 'cmake_target_skip_unavailable' from command line to 'False'
[1.077s] Level 5:colcon.colcon_core.verb:set package 'velodyne_simulator' build argument 'cmake_clean_cache' from command line to 'False'
[1.077s] Level 5:colcon.colcon_core.verb:set package 'velodyne_simulator' build argument 'cmake_clean_first' from command line to 'False'
[1.077s] Level 5:colcon.colcon_core.verb:set package 'velodyne_simulator' build argument 'cmake_force_configure' from command line to 'False'
[1.078s] Level 5:colcon.colcon_core.verb:set package 'velodyne_simulator' build argument 'ament_cmake_args' from command line to 'None'
[1.078s] Level 5:colcon.colcon_core.verb:set package 'velodyne_simulator' build argument 'catkin_cmake_args' from command line to 'None'
[1.078s] Level 5:colcon.colcon_core.verb:set package 'velodyne_simulator' build argument 'catkin_skip_building_tests' from command line to 'False'
[1.078s] DEBUG:colcon.colcon_core.verb:Building package 'velodyne_simulator' with the following arguments: {'ament_cmake_args': None, 'build_base': '/home/dwduong74/yahboom_src/build/velodyne_simulator', 'catkin_cmake_args': None, 'catkin_skip_building_tests': False, 'cmake_args': None, 'cmake_clean_cache': False, 'cmake_clean_first': False, 'cmake_force_configure': False, 'cmake_target': None, 'cmake_target_skip_unavailable': False, 'install_base': '/home/dwduong74/yahboom_src/install/velodyne_simulator', 'merge_install': False, 'path': '/home/dwduong74/yahboom_src/src/unitree-go2-ros2/velodyne/velodyne_simulator', 'symlink_install': False, 'test_result_base': None}
[1.078s] INFO:colcon.colcon_core.executor:Executing jobs using 'parallel' executor
[1.080s] DEBUG:colcon.colcon_parallel_executor.executor.parallel:run_until_complete
[1.080s] INFO:colcon.colcon_ros.task.ament_cmake.build:Building ROS package in '/home/dwduong74/yahboom_src/src/unitree-go2-ros2/velodyne/velodyne_gazebo_plugins' with build type 'ament_cmake'
[1.080s] INFO:colcon.colcon_cmake.task.cmake.build:Building CMake package in '/home/dwduong74/yahboom_src/src/unitree-go2-ros2/velodyne/velodyne_gazebo_plugins'
[1.085s] INFO:colcon.colcon_core.plugin_system:Skipping extension 'colcon_core.shell.bat': Not used on non-Windows systems
[1.085s] INFO:colcon.colcon_core.shell:Skip shell extension 'powershell' for command environment: Not usable outside of PowerShell
[1.085s] DEBUG:colcon.colcon_core.shell:Skip shell extension 'dsv' for command environment
[1.093s] INFO:colcon.colcon_ros.task.ament_cmake.build:Building ROS package in '/home/dwduong74/yahboom_src/src/unitree-go2-ros2/champ/champ' with build type 'ament_cmake'
[1.093s] INFO:colcon.colcon_cmake.task.cmake.build:Building CMake package in '/home/dwduong74/yahboom_src/src/unitree-go2-ros2/champ/champ'
[1.094s] INFO:colcon.colcon_core.shell:Skip shell extension 'powershell' for command environment: Not usable outside of PowerShell
[1.094s] DEBUG:colcon.colcon_core.shell:Skip shell extension 'dsv' for command environment
[1.104s] INFO:colcon.colcon_ros.task.ament_cmake.build:Building ROS package in '/home/dwduong74/yahboom_src/src/unitree-go2-ros2/champ/champ_msgs' with build type 'ament_cmake'
[1.105s] INFO:colcon.colcon_cmake.task.cmake.build:Building CMake package in '/home/dwduong74/yahboom_src/src/unitree-go2-ros2/champ/champ_msgs'
[1.105s] INFO:colcon.colcon_core.shell:Skip shell extension 'powershell' for command environment: Not usable outside of PowerShell
[1.105s] DEBUG:colcon.colcon_core.shell:Skip shell extension 'dsv' for command environment
[1.115s] INFO:colcon.colcon_ros.task.ament_python.build:Building ROS package in '/home/dwduong74/yahboom_src/src/bringup' with build type 'ament_python'
[1.115s] Level 1:colcon.colcon_core.shell:create_environment_hook('bringup', 'ament_prefix_path')
[1.116s] INFO:colcon.colcon_core.shell:Creating environment hook '/home/dwduong74/yahboom_src/install/bringup/share/bringup/hook/ament_prefix_path.ps1'
[1.117s] INFO:colcon.colcon_core.shell:Creating environment descriptor '/home/dwduong74/yahboom_src/install/bringup/share/bringup/hook/ament_prefix_path.dsv'
[1.118s] INFO:colcon.colcon_core.shell:Creating environment hook '/home/dwduong74/yahboom_src/install/bringup/share/bringup/hook/ament_prefix_path.sh'
[1.119s] INFO:colcon.colcon_core.shell:Skip shell extension 'powershell' for command environment: Not usable outside of PowerShell
[1.119s] DEBUG:colcon.colcon_core.shell:Skip shell extension 'dsv' for command environment
[1.128s] INFO:colcon.colcon_ros.task.ament_cmake.build:Building ROS package in '/home/dwduong74/yahboom_src/src/unitree-go2-ros2/champ/champ_config' with build type 'ament_cmake'
[1.129s] INFO:colcon.colcon_cmake.task.cmake.build:Building CMake package in '/home/dwduong74/yahboom_src/src/unitree-go2-ros2/champ/champ_config'
[1.129s] INFO:colcon.colcon_core.shell:Skip shell extension 'powershell' for command environment: Not usable outside of PowerShell
[1.129s] DEBUG:colcon.colcon_core.shell:Skip shell extension 'dsv' for command environment
[1.139s] INFO:colcon.colcon_ros.task.ament_cmake.build:Building ROS package in '/home/dwduong74/yahboom_src/src/unitree-go2-ros2/champ/champ_navigation' with build type 'ament_cmake'
[1.139s] INFO:colcon.colcon_cmake.task.cmake.build:Building CMake package in '/home/dwduong74/yahboom_src/src/unitree-go2-ros2/champ/champ_navigation'
[1.140s] INFO:colcon.colcon_core.shell:Skip shell extension 'powershell' for command environment: Not usable outside of PowerShell
[1.140s] DEBUG:colcon.colcon_core.shell:Skip shell extension 'dsv' for command environment
[1.151s] INFO:colcon.colcon_ros.task.ament_cmake.build:Building ROS package in '/home/dwduong74/yahboom_src/src/unitree-go2-ros2/champ_teleop' with build type 'ament_cmake'
[1.151s] INFO:colcon.colcon_cmake.task.cmake.build:Building CMake package in '/home/dwduong74/yahboom_src/src/unitree-go2-ros2/champ_teleop'
[1.152s] INFO:colcon.colcon_core.shell:Skip shell extension 'powershell' for command environment: Not usable outside of PowerShell
[1.152s] DEBUG:colcon.colcon_core.shell:Skip shell extension 'dsv' for command environment
[1.162s] INFO:colcon.colcon_ros.task.ament_cmake.build:Building ROS package in '/home/dwduong74/yahboom_src/src/dogzilla_sim/robots/configs/dogzilla_config' with build type 'ament_cmake'
[1.162s] INFO:colcon.colcon_cmake.task.cmake.build:Building CMake package in '/home/dwduong74/yahboom_src/src/dogzilla_sim/robots/configs/dogzilla_config'
[1.163s] INFO:colcon.colcon_core.shell:Skip shell extension 'powershell' for command environment: Not usable outside of PowerShell
[1.163s] DEBUG:colcon.colcon_core.shell:Skip shell extension 'dsv' for command environment
[1.183s] DEBUG:colcon.colcon_core.event_handler.log_command:Invoking command in '/home/dwduong74/yahboom_src/build/velodyne_gazebo_plugins': CMAKE_PREFIX_PATH=${CMAKE_PREFIX_PATH}:/home/dwduong74/yahboom_src/install/yahboom_set_height:/home/dwduong74/yahboom_src/install/yahboom_mediapipe:/home/dwduong74/yahboom_src/install/yahboom_gait:/home/dwduong74/yahboom_src/install/yahboom_dog_joint_state:/home/dwduong74/yahboom_src/install/yahboom_description:/home/dwduong74/yahboom_src/install/yahboom_bringup:/home/dwduong74/yahboom_src/install/yahboom_base:/home/dwduong74/yahboom_src/install/yahboom_app_save_map:/home/dwduong74/yahboom_src/install/tf_publisher:/home/dwduong74/yahboom_src/install/bringup:/home/dwduong74/LUMI_ws/install/custom_explorer:/opt/ros/humble /usr/bin/cmake --build /home/dwduong74/yahboom_src/build/velodyne_gazebo_plugins -- -j8 -l8
[1.189s] DEBUG:colcon.colcon_core.event_handler.log_command:Invoking command in '/home/dwduong74/yahboom_src/build/champ': CMAKE_PREFIX_PATH=${CMAKE_PREFIX_PATH}:/home/dwduong74/yahboom_src/install/yahboom_set_height:/home/dwduong74/yahboom_src/install/yahboom_mediapipe:/home/dwduong74/yahboom_src/install/yahboom_gait:/home/dwduong74/yahboom_src/install/yahboom_dog_joint_state:/home/dwduong74/yahboom_src/install/yahboom_description:/home/dwduong74/yahboom_src/install/yahboom_bringup:/home/dwduong74/yahboom_src/install/yahboom_base:/home/dwduong74/yahboom_src/install/yahboom_app_save_map:/home/dwduong74/yahboom_src/install/tf_publisher:/home/dwduong74/yahboom_src/install/bringup:/home/dwduong74/LUMI_ws/install/custom_explorer:/opt/ros/humble /usr/bin/cmake --build /home/dwduong74/yahboom_src/build/champ -- -j8 -l8
[1.194s] DEBUG:colcon.colcon_core.event_handler.log_command:Invoking command in '/home/dwduong74/yahboom_src/build/champ_msgs': CMAKE_PREFIX_PATH=${CMAKE_PREFIX_PATH}:/home/dwduong74/yahboom_src/install/yahboom_set_height:/home/dwduong74/yahboom_src/install/yahboom_mediapipe:/home/dwduong74/yahboom_src/install/yahboom_gait:/home/dwduong74/yahboom_src/install/yahboom_dog_joint_state:/home/dwduong74/yahboom_src/install/yahboom_description:/home/dwduong74/yahboom_src/install/yahboom_bringup:/home/dwduong74/yahboom_src/install/yahboom_base:/home/dwduong74/yahboom_src/install/yahboom_app_save_map:/home/dwduong74/yahboom_src/install/tf_publisher:/home/dwduong74/yahboom_src/install/bringup:/home/dwduong74/LUMI_ws/install/custom_explorer:/opt/ros/humble /usr/bin/cmake --build /home/dwduong74/yahboom_src/build/champ_msgs -- -j8 -l8
[2.001s] INFO:colcon.colcon_core.task.python.build:Building Python package in '/home/dwduong74/yahboom_src/src/bringup'
[2.002s] INFO:colcon.colcon_core.shell:Skip shell extension 'powershell' for command environment: Not usable outside of PowerShell
[2.002s] DEBUG:colcon.colcon_core.shell:Skip shell extension 'dsv' for command environment
[2.018s] DEBUG:colcon.colcon_core.event_handler.log_command:Invoking command in '/home/dwduong74/yahboom_src/build/champ_config': CMAKE_PREFIX_PATH=${CMAKE_PREFIX_PATH}:/home/dwduong74/yahboom_src/install/yahboom_set_height:/home/dwduong74/yahboom_src/install/yahboom_mediapipe:/home/dwduong74/yahboom_src/install/yahboom_gait:/home/dwduong74/yahboom_src/install/yahboom_dog_joint_state:/home/dwduong74/yahboom_src/install/yahboom_description:/home/dwduong74/yahboom_src/install/yahboom_bringup:/home/dwduong74/yahboom_src/install/yahboom_base:/home/dwduong74/yahboom_src/install/yahboom_app_save_map:/home/dwduong74/yahboom_src/install/tf_publisher:/home/dwduong74/yahboom_src/install/bringup:/home/dwduong74/LUMI_ws/install/custom_explorer:/opt/ros/humble /usr/bin/cmake --build /home/dwduong74/yahboom_src/build/champ_config -- -j8 -l8
[2.026s] DEBUG:colcon.colcon_core.event_handler.log_command:Invoking command in '/home/dwduong74/yahboom_src/build/champ_navigation': CMAKE_PREFIX_PATH=${CMAKE_PREFIX_PATH}:/home/dwduong74/yahboom_src/install/yahboom_set_height:/home/dwduong74/yahboom_src/install/yahboom_mediapipe:/home/dwduong74/yahboom_src/install/yahboom_gait:/home/dwduong74/yahboom_src/install/yahboom_dog_joint_state:/home/dwduong74/yahboom_src/install/yahboom_description:/home/dwduong74/yahboom_src/install/yahboom_bringup:/home/dwduong74/yahboom_src/install/yahboom_base:/home/dwduong74/yahboom_src/install/yahboom_app_save_map:/home/dwduong74/yahboom_src/install/tf_publisher:/home/dwduong74/yahboom_src/install/bringup:/home/dwduong74/LUMI_ws/install/custom_explorer:/opt/ros/humble /usr/bin/cmake --build /home/dwduong74/yahboom_src/build/champ_navigation -- -j8 -l8
[2.029s] DEBUG:colcon.colcon_core.event_handler.log_command:Invoking command in '/home/dwduong74/yahboom_src/build/champ_teleop': CMAKE_PREFIX_PATH=${CMAKE_PREFIX_PATH}:/home/dwduong74/yahboom_src/install/yahboom_set_height:/home/dwduong74/yahboom_src/install/yahboom_mediapipe:/home/dwduong74/yahboom_src/install/yahboom_gait:/home/dwduong74/yahboom_src/install/yahboom_dog_joint_state:/home/dwduong74/yahboom_src/install/yahboom_description:/home/dwduong74/yahboom_src/install/yahboom_bringup:/home/dwduong74/yahboom_src/install/yahboom_base:/home/dwduong74/yahboom_src/install/yahboom_app_save_map:/home/dwduong74/yahboom_src/install/tf_publisher:/home/dwduong74/yahboom_src/install/bringup:/home/dwduong74/LUMI_ws/install/custom_explorer:/opt/ros/humble /usr/bin/cmake --build /home/dwduong74/yahboom_src/build/champ_teleop -- -j8 -l8
[2.044s] DEBUG:colcon.colcon_core.event_handler.log_command:Invoking command in '/home/dwduong74/yahboom_src/build/dogzilla_config': CMAKE_PREFIX_PATH=${CMAKE_PREFIX_PATH}:/home/dwduong74/yahboom_src/install/yahboom_set_height:/home/dwduong74/yahboom_src/install/yahboom_mediapipe:/home/dwduong74/yahboom_src/install/yahboom_gait:/home/dwduong74/yahboom_src/install/yahboom_dog_joint_state:/home/dwduong74/yahboom_src/install/yahboom_description:/home/dwduong74/yahboom_src/install/yahboom_bringup:/home/dwduong74/yahboom_src/install/yahboom_base:/home/dwduong74/yahboom_src/install/yahboom_app_save_map:/home/dwduong74/yahboom_src/install/tf_publisher:/home/dwduong74/yahboom_src/install/bringup:/home/dwduong74/LUMI_ws/install/custom_explorer:/opt/ros/humble /usr/bin/cmake --build /home/dwduong74/yahboom_src/build/dogzilla_config -- -j8 -l8
[2.057s] DEBUG:colcon.colcon_core.event_handler.log_command:Invoked command in '/home/dwduong74/yahboom_src/build/velodyne_gazebo_plugins' returned '0': CMAKE_PREFIX_PATH=${CMAKE_PREFIX_PATH}:/home/dwduong74/yahboom_src/install/yahboom_set_height:/home/dwduong74/yahboom_src/install/yahboom_mediapipe:/home/dwduong74/yahboom_src/install/yahboom_gait:/home/dwduong74/yahboom_src/install/yahboom_dog_joint_state:/home/dwduong74/yahboom_src/install/yahboom_description:/home/dwduong74/yahboom_src/install/yahboom_bringup:/home/dwduong74/yahboom_src/install/yahboom_base:/home/dwduong74/yahboom_src/install/yahboom_app_save_map:/home/dwduong74/yahboom_src/install/tf_publisher:/home/dwduong74/yahboom_src/install/bringup:/home/dwduong74/LUMI_ws/install/custom_explorer:/opt/ros/humble /usr/bin/cmake --build /home/dwduong74/yahboom_src/build/velodyne_gazebo_plugins -- -j8 -l8
[2.084s] DEBUG:colcon.colcon_core.event_handler.log_command:Invoking command in '/home/dwduong74/yahboom_src/build/velodyne_gazebo_plugins': CMAKE_PREFIX_PATH=${CMAKE_PREFIX_PATH}:/home/dwduong74/yahboom_src/install/yahboom_set_height:/home/dwduong74/yahboom_src/install/yahboom_mediapipe:/home/dwduong74/yahboom_src/install/yahboom_gait:/home/dwduong74/yahboom_src/install/yahboom_dog_joint_state:/home/dwduong74/yahboom_src/install/yahboom_description:/home/dwduong74/yahboom_src/install/yahboom_bringup:/home/dwduong74/yahboom_src/install/yahboom_base:/home/dwduong74/yahboom_src/install/yahboom_app_save_map:/home/dwduong74/yahboom_src/install/tf_publisher:/home/dwduong74/yahboom_src/install/bringup:/home/dwduong74/LUMI_ws/install/custom_explorer:/opt/ros/humble /usr/bin/cmake --install /home/dwduong74/yahboom_src/build/velodyne_gazebo_plugins
[2.091s] DEBUG:colcon.colcon_core.event_handler.log_command:Invoked command in '/home/dwduong74/yahboom_src/build/champ' returned '0': CMAKE_PREFIX_PATH=${CMAKE_PREFIX_PATH}:/home/dwduong74/yahboom_src/install/yahboom_set_height:/home/dwduong74/yahboom_src/install/yahboom_mediapipe:/home/dwduong74/yahboom_src/install/yahboom_gait:/home/dwduong74/yahboom_src/install/yahboom_dog_joint_state:/home/dwduong74/yahboom_src/install/yahboom_description:/home/dwduong74/yahboom_src/install/yahboom_bringup:/home/dwduong74/yahboom_src/install/yahboom_base:/home/dwduong74/yahboom_src/install/yahboom_app_save_map:/home/dwduong74/yahboom_src/install/tf_publisher:/home/dwduong74/yahboom_src/install/bringup:/home/dwduong74/LUMI_ws/install/custom_explorer:/opt/ros/humble /usr/bin/cmake --build /home/dwduong74/yahboom_src/build/champ -- -j8 -l8
[2.094s] DEBUG:colcon.colcon_core.event_handler.log_command:Invoking command in '/home/dwduong74/yahboom_src/build/champ': CMAKE_PREFIX_PATH=${CMAKE_PREFIX_PATH}:/home/dwduong74/yahboom_src/install/yahboom_set_height:/home/dwduong74/yahboom_src/install/yahboom_mediapipe:/home/dwduong74/yahboom_src/install/yahboom_gait:/home/dwduong74/yahboom_src/install/yahboom_dog_joint_state:/home/dwduong74/yahboom_src/install/yahboom_description:/home/dwduong74/yahboom_src/install/yahboom_bringup:/home/dwduong74/yahboom_src/install/yahboom_base:/home/dwduong74/yahboom_src/install/yahboom_app_save_map:/home/dwduong74/yahboom_src/install/tf_publisher:/home/dwduong74/yahboom_src/install/bringup:/home/dwduong74/LUMI_ws/install/custom_explorer:/opt/ros/humble /usr/bin/cmake --install /home/dwduong74/yahboom_src/build/champ
[2.110s] DEBUG:colcon.colcon_core.event_handler.log_command:Invoked command in '/home/dwduong74/yahboom_src/build/champ_config' returned '0': CMAKE_PREFIX_PATH=${CMAKE_PREFIX_PATH}:/home/dwduong74/yahboom_src/install/yahboom_set_height:/home/dwduong74/yahboom_src/install/yahboom_mediapipe:/home/dwduong74/yahboom_src/install/yahboom_gait:/home/dwduong74/yahboom_src/install/yahboom_dog_joint_state:/home/dwduong74/yahboom_src/install/yahboom_description:/home/dwduong74/yahboom_src/install/yahboom_bringup:/home/dwduong74/yahboom_src/install/yahboom_base:/home/dwduong74/yahboom_src/install/yahboom_app_save_map:/home/dwduong74/yahboom_src/install/tf_publisher:/home/dwduong74/yahboom_src/install/bringup:/home/dwduong74/LUMI_ws/install/custom_explorer:/opt/ros/humble /usr/bin/cmake --build /home/dwduong74/yahboom_src/build/champ_config -- -j8 -l8
[2.120s] DEBUG:colcon.colcon_core.event_handler.log_command:Invoking command in '/home/dwduong74/yahboom_src/build/champ_config': CMAKE_PREFIX_PATH=${CMAKE_PREFIX_PATH}:/home/dwduong74/yahboom_src/install/yahboom_set_height:/home/dwduong74/yahboom_src/install/yahboom_mediapipe:/home/dwduong74/yahboom_src/install/yahboom_gait:/home/dwduong74/yahboom_src/install/yahboom_dog_joint_state:/home/dwduong74/yahboom_src/install/yahboom_description:/home/dwduong74/yahboom_src/install/yahboom_bringup:/home/dwduong74/yahboom_src/install/yahboom_base:/home/dwduong74/yahboom_src/install/yahboom_app_save_map:/home/dwduong74/yahboom_src/install/tf_publisher:/home/dwduong74/yahboom_src/install/bringup:/home/dwduong74/LUMI_ws/install/custom_explorer:/opt/ros/humble /usr/bin/cmake --install /home/dwduong74/yahboom_src/build/champ_config
[2.139s] DEBUG:colcon.colcon_core.event_handler.log_command:Invoked command in '/home/dwduong74/yahboom_src/build/champ_navigation' returned '0': CMAKE_PREFIX_PATH=${CMAKE_PREFIX_PATH}:/home/dwduong74/yahboom_src/install/yahboom_set_height:/home/dwduong74/yahboom_src/install/yahboom_mediapipe:/home/dwduong74/yahboom_src/install/yahboom_gait:/home/dwduong74/yahboom_src/install/yahboom_dog_joint_state:/home/dwduong74/yahboom_src/install/yahboom_description:/home/dwduong74/yahboom_src/install/yahboom_bringup:/home/dwduong74/yahboom_src/install/yahboom_base:/home/dwduong74/yahboom_src/install/yahboom_app_save_map:/home/dwduong74/yahboom_src/install/tf_publisher:/home/dwduong74/yahboom_src/install/bringup:/home/dwduong74/LUMI_ws/install/custom_explorer:/opt/ros/humble /usr/bin/cmake --build /home/dwduong74/yahboom_src/build/champ_navigation -- -j8 -l8
[2.142s] DEBUG:colcon.colcon_core.event_handler.log_command:Invoking command in '/home/dwduong74/yahboom_src/build/champ_navigation': CMAKE_PREFIX_PATH=${CMAKE_PREFIX_PATH}:/home/dwduong74/yahboom_src/install/yahboom_set_height:/home/dwduong74/yahboom_src/install/yahboom_mediapipe:/home/dwduong74/yahboom_src/install/yahboom_gait:/home/dwduong74/yahboom_src/install/yahboom_dog_joint_state:/home/dwduong74/yahboom_src/install/yahboom_description:/home/dwduong74/yahboom_src/install/yahboom_bringup:/home/dwduong74/yahboom_src/install/yahboom_base:/home/dwduong74/yahboom_src/install/yahboom_app_save_map:/home/dwduong74/yahboom_src/install/tf_publisher:/home/dwduong74/yahboom_src/install/bringup:/home/dwduong74/LUMI_ws/install/custom_explorer:/opt/ros/humble /usr/bin/cmake --install /home/dwduong74/yahboom_src/build/champ_navigation
[2.151s] DEBUG:colcon.colcon_core.event_handler.log_command:Invoked command in '/home/dwduong74/yahboom_src/build/champ_teleop' returned '0': CMAKE_PREFIX_PATH=${CMAKE_PREFIX_PATH}:/home/dwduong74/yahboom_src/install/yahboom_set_height:/home/dwduong74/yahboom_src/install/yahboom_mediapipe:/home/dwduong74/yahboom_src/install/yahboom_gait:/home/dwduong74/yahboom_src/install/yahboom_dog_joint_state:/home/dwduong74/yahboom_src/install/yahboom_description:/home/dwduong74/yahboom_src/install/yahboom_bringup:/home/dwduong74/yahboom_src/install/yahboom_base:/home/dwduong74/yahboom_src/install/yahboom_app_save_map:/home/dwduong74/yahboom_src/install/tf_publisher:/home/dwduong74/yahboom_src/install/bringup:/home/dwduong74/LUMI_ws/install/custom_explorer:/opt/ros/humble /usr/bin/cmake --build /home/dwduong74/yahboom_src/build/champ_teleop -- -j8 -l8
[2.153s] DEBUG:colcon.colcon_core.event_handler.log_command:Invoking command in '/home/dwduong74/yahboom_src/build/champ_teleop': CMAKE_PREFIX_PATH=${CMAKE_PREFIX_PATH}:/home/dwduong74/yahboom_src/install/yahboom_set_height:/home/dwduong74/yahboom_src/install/yahboom_mediapipe:/home/dwduong74/yahboom_src/install/yahboom_gait:/home/dwduong74/yahboom_src/install/yahboom_dog_joint_state:/home/dwduong74/yahboom_src/install/yahboom_description:/home/dwduong74/yahboom_src/install/yahboom_bringup:/home/dwduong74/yahboom_src/install/yahboom_base:/home/dwduong74/yahboom_src/install/yahboom_app_save_map:/home/dwduong74/yahboom_src/install/tf_publisher:/home/dwduong74/yahboom_src/install/bringup:/home/dwduong74/LUMI_ws/install/custom_explorer:/opt/ros/humble /usr/bin/cmake --install /home/dwduong74/yahboom_src/build/champ_teleop
[2.158s] Level 1:colcon.colcon_core.environment:create_environment_scripts_only(champ)
[2.174s] Level 1:colcon.colcon_core.environment:checking '/home/dwduong74/yahboom_src/install/champ' for CMake module files
[2.177s] Level 1:colcon.colcon_core.environment:checking '/home/dwduong74/yahboom_src/install/champ' for CMake config files
[2.178s] DEBUG:colcon.colcon_core.event_handler.log_command:Invoked command in '/home/dwduong74/yahboom_src/build/dogzilla_config' returned '0': CMAKE_PREFIX_PATH=${CMAKE_PREFIX_PATH}:/home/dwduong74/yahboom_src/install/yahboom_set_height:/home/dwduong74/yahboom_src/install/yahboom_mediapipe:/home/dwduong74/yahboom_src/install/yahboom_gait:/home/dwduong74/yahboom_src/install/yahboom_dog_joint_state:/home/dwduong74/yahboom_src/install/yahboom_description:/home/dwduong74/yahboom_src/install/yahboom_bringup:/home/dwduong74/yahboom_src/install/yahboom_base:/home/dwduong74/yahboom_src/install/yahboom_app_save_map:/home/dwduong74/yahboom_src/install/tf_publisher:/home/dwduong74/yahboom_src/install/bringup:/home/dwduong74/LUMI_ws/install/custom_explorer:/opt/ros/humble /usr/bin/cmake --build /home/dwduong74/yahboom_src/build/dogzilla_config -- -j8 -l8
[2.181s] Level 1:colcon.colcon_core.shell:create_environment_hook('champ', 'cmake_prefix_path')
[2.182s] INFO:colcon.colcon_core.shell:Creating environment hook '/home/dwduong74/yahboom_src/install/champ/share/champ/hook/cmake_prefix_path.ps1'
[2.183s] INFO:colcon.colcon_core.shell:Creating environment descriptor '/home/dwduong74/yahboom_src/install/champ/share/champ/hook/cmake_prefix_path.dsv'
[2.184s] INFO:colcon.colcon_core.shell:Creating environment hook '/home/dwduong74/yahboom_src/install/champ/share/champ/hook/cmake_prefix_path.sh'
[2.185s] Level 1:colcon.colcon_core.environment:checking '/home/dwduong74/yahboom_src/install/champ/bin'
[2.186s] Level 1:colcon.colcon_core.environment:checking '/home/dwduong74/yahboom_src/install/champ/lib/pkgconfig/champ.pc'
[2.186s] Level 1:colcon.colcon_core.environment:checking '/home/dwduong74/yahboom_src/install/champ/lib/python3.10/site-packages'
[2.188s] Level 1:colcon.colcon_core.environment:checking '/home/dwduong74/yahboom_src/install/champ/bin'
[2.189s] INFO:colcon.colcon_core.shell:Creating package script '/home/dwduong74/yahboom_src/install/champ/share/champ/package.ps1'
[2.189s] DEBUG:colcon.colcon_core.event_handler.log_command:Invoking command in '/home/dwduong74/yahboom_src/build/dogzilla_config': CMAKE_PREFIX_PATH=${CMAKE_PREFIX_PATH}:/home/dwduong74/yahboom_src/install/yahboom_set_height:/home/dwduong74/yahboom_src/install/yahboom_mediapipe:/home/dwduong74/yahboom_src/install/yahboom_gait:/home/dwduong74/yahboom_src/install/yahboom_dog_joint_state:/home/dwduong74/yahboom_src/install/yahboom_description:/home/dwduong74/yahboom_src/install/yahboom_bringup:/home/dwduong74/yahboom_src/install/yahboom_base:/home/dwduong74/yahboom_src/install/yahboom_app_save_map:/home/dwduong74/yahboom_src/install/tf_publisher:/home/dwduong74/yahboom_src/install/bringup:/home/dwduong74/LUMI_ws/install/custom_explorer:/opt/ros/humble /usr/bin/cmake --install /home/dwduong74/yahboom_src/build/dogzilla_config
[2.191s] INFO:colcon.colcon_core.shell:Creating package descriptor '/home/dwduong74/yahboom_src/install/champ/share/champ/package.dsv'
[2.193s] INFO:colcon.colcon_core.shell:Creating package script '/home/dwduong74/yahboom_src/install/champ/share/champ/package.sh'
[2.196s] INFO:colcon.colcon_core.shell:Creating package script '/home/dwduong74/yahboom_src/install/champ/share/champ/package.bash'
[2.198s] INFO:colcon.colcon_core.shell:Creating package script '/home/dwduong74/yahboom_src/install/champ/share/champ/package.zsh'
[2.201s] Level 1:colcon.colcon_core.environment:create_file_with_runtime_dependencies(/home/dwduong74/yahboom_src/install/champ/share/colcon-core/packages/champ)
[2.202s] DEBUG:colcon.colcon_core.event_handler.log_command:Invoked command in '/home/dwduong74/yahboom_src/build/champ' returned '0': CMAKE_PREFIX_PATH=${CMAKE_PREFIX_PATH}:/home/dwduong74/yahboom_src/install/yahboom_set_height:/home/dwduong74/yahboom_src/install/yahboom_mediapipe:/home/dwduong74/yahboom_src/install/yahboom_gait:/home/dwduong74/yahboom_src/install/yahboom_dog_joint_state:/home/dwduong74/yahboom_src/install/yahboom_description:/home/dwduong74/yahboom_src/install/yahboom_bringup:/home/dwduong74/yahboom_src/install/yahboom_base:/home/dwduong74/yahboom_src/install/yahboom_app_save_map:/home/dwduong74/yahboom_src/install/tf_publisher:/home/dwduong74/yahboom_src/install/bringup:/home/dwduong74/LUMI_ws/install/custom_explorer:/opt/ros/humble /usr/bin/cmake --install /home/dwduong74/yahboom_src/build/champ
[2.205s] Level 1:colcon.colcon_core.environment:create_environment_scripts_only(champ)
[2.206s] Level 1:colcon.colcon_core.environment:checking '/home/dwduong74/yahboom_src/install/champ' for CMake module files
[2.207s] Level 1:colcon.colcon_core.environment:checking '/home/dwduong74/yahboom_src/install/champ' for CMake config files
[2.209s] Level 1:colcon.colcon_core.shell:create_environment_hook('champ', 'cmake_prefix_path')
[2.209s] INFO:colcon.colcon_core.shell:Creating environment hook '/home/dwduong74/yahboom_src/install/champ/share/champ/hook/cmake_prefix_path.ps1'
[2.210s] INFO:colcon.colcon_core.shell:Creating environment descriptor '/home/dwduong74/yahboom_src/install/champ/share/champ/hook/cmake_prefix_path.dsv'
[2.212s] INFO:colcon.colcon_core.shell:Creating environment hook '/home/dwduong74/yahboom_src/install/champ/share/champ/hook/cmake_prefix_path.sh'
[2.217s] Level 1:colcon.colcon_core.environment:checking '/home/dwduong74/yahboom_src/install/champ/bin'
[2.218s] Level 1:colcon.colcon_core.environment:checking '/home/dwduong74/yahboom_src/install/champ/lib/pkgconfig/champ.pc'
[2.219s] Level 1:colcon.colcon_core.environment:checking '/home/dwduong74/yahboom_src/install/champ/lib/python3.10/site-packages'
[2.219s] Level 1:colcon.colcon_core.environment:checking '/home/dwduong74/yahboom_src/install/champ/bin'
[2.220s] INFO:colcon.colcon_core.shell:Creating package script '/home/dwduong74/yahboom_src/install/champ/share/champ/package.ps1'
[2.222s] INFO:colcon.colcon_core.shell:Creating package descriptor '/home/dwduong74/yahboom_src/install/champ/share/champ/package.dsv'
[2.223s] INFO:colcon.colcon_core.shell:Creating package script '/home/dwduong74/yahboom_src/install/champ/share/champ/package.sh'
[2.225s] INFO:colcon.colcon_core.shell:Creating package script '/home/dwduong74/yahboom_src/install/champ/share/champ/package.bash'
[2.226s] INFO:colcon.colcon_core.shell:Creating package script '/home/dwduong74/yahboom_src/install/champ/share/champ/package.zsh'
[2.226s] Level 1:colcon.colcon_core.environment:create_file_with_runtime_dependencies(/home/dwduong74/yahboom_src/install/champ/share/colcon-core/packages/champ)
[2.227s] INFO:colcon.colcon_ros.task.ament_cmake.build:Building ROS package in '/home/dwduong74/yahboom_src/src/dogzilla_sim/robots/descriptions/dogzilla_description' with build type 'ament_cmake'
[2.228s] INFO:colcon.colcon_cmake.task.cmake.build:Building CMake package in '/home/dwduong74/yahboom_src/src/dogzilla_sim/robots/descriptions/dogzilla_description'
[2.228s] INFO:colcon.colcon_core.shell:Skip shell extension 'powershell' for command environment: Not usable outside of PowerShell
[2.228s] DEBUG:colcon.colcon_core.shell:Skip shell extension 'dsv' for command environment
[2.242s] Level 1:colcon.colcon_core.environment:create_environment_scripts_only(champ_navigation)
[2.243s] Level 1:colcon.colcon_core.environment:checking '/home/dwduong74/yahboom_src/install/champ_navigation' for CMake module files
[2.245s] DEBUG:colcon.colcon_core.event_handler.log_command:Invoked command in '/home/dwduong74/yahboom_src/build/champ_navigation' returned '0': CMAKE_PREFIX_PATH=${CMAKE_PREFIX_PATH}:/home/dwduong74/yahboom_src/install/yahboom_set_height:/home/dwduong74/yahboom_src/install/yahboom_mediapipe:/home/dwduong74/yahboom_src/install/yahboom_gait:/home/dwduong74/yahboom_src/install/yahboom_dog_joint_state:/home/dwduong74/yahboom_src/install/yahboom_description:/home/dwduong74/yahboom_src/install/yahboom_bringup:/home/dwduong74/yahboom_src/install/yahboom_base:/home/dwduong74/yahboom_src/install/yahboom_app_save_map:/home/dwduong74/yahboom_src/install/tf_publisher:/home/dwduong74/yahboom_src/install/bringup:/home/dwduong74/LUMI_ws/install/custom_explorer:/opt/ros/humble /usr/bin/cmake --install /home/dwduong74/yahboom_src/build/champ_navigation
[2.245s] Level 1:colcon.colcon_core.environment:checking '/home/dwduong74/yahboom_src/install/champ_navigation' for CMake config files
[2.246s] Level 1:colcon.colcon_core.shell:create_environment_hook('champ_navigation', 'cmake_prefix_path')
[2.246s] INFO:colcon.colcon_core.shell:Creating environment hook '/home/dwduong74/yahboom_src/install/champ_navigation/share/champ_navigation/hook/cmake_prefix_path.ps1'
[2.247s] INFO:colcon.colcon_core.shell:Creating environment descriptor '/home/dwduong74/yahboom_src/install/champ_navigation/share/champ_navigation/hook/cmake_prefix_path.dsv'
[2.248s] INFO:colcon.colcon_core.shell:Creating environment hook '/home/dwduong74/yahboom_src/install/champ_navigation/share/champ_navigation/hook/cmake_prefix_path.sh'
[2.249s] Level 1:colcon.colcon_core.environment:checking '/home/dwduong74/yahboom_src/install/champ_navigation/bin'
[2.249s] Level 1:colcon.colcon_core.environment:checking '/home/dwduong74/yahboom_src/install/champ_navigation/lib/pkgconfig/champ_navigation.pc'
[2.249s] Level 1:colcon.colcon_core.environment:checking '/home/dwduong74/yahboom_src/install/champ_navigation/lib/python3.10/site-packages'
[2.250s] Level 1:colcon.colcon_core.environment:checking '/home/dwduong74/yahboom_src/install/champ_navigation/bin'
[2.251s] INFO:colcon.colcon_core.shell:Creating package script '/home/dwduong74/yahboom_src/install/champ_navigation/share/champ_navigation/package.ps1'
[2.252s] INFO:colcon.colcon_core.shell:Creating package descriptor '/home/dwduong74/yahboom_src/install/champ_navigation/share/champ_navigation/package.dsv'
[2.253s] INFO:colcon.colcon_core.shell:Creating package script '/home/dwduong74/yahboom_src/install/champ_navigation/share/champ_navigation/package.sh'
[2.253s] INFO:colcon.colcon_core.shell:Creating package script '/home/dwduong74/yahboom_src/install/champ_navigation/share/champ_navigation/package.bash'
[2.254s] INFO:colcon.colcon_core.shell:Creating package script '/home/dwduong74/yahboom_src/install/champ_navigation/share/champ_navigation/package.zsh'
[2.255s] Level 1:colcon.colcon_core.environment:create_file_with_runtime_dependencies(/home/dwduong74/yahboom_src/install/champ_navigation/share/colcon-core/packages/champ_navigation)
[2.256s] Level 1:colcon.colcon_core.environment:create_environment_scripts_only(champ_navigation)
[2.257s] Level 1:colcon.colcon_core.environment:checking '/home/dwduong74/yahboom_src/install/champ_navigation' for CMake module files
[2.258s] Level 1:colcon.colcon_core.environment:checking '/home/dwduong74/yahboom_src/install/champ_navigation' for CMake config files
[2.259s] Level 1:colcon.colcon_core.shell:create_environment_hook('champ_navigation', 'cmake_prefix_path')
[2.259s] INFO:colcon.colcon_core.shell:Creating environment hook '/home/dwduong74/yahboom_src/install/champ_navigation/share/champ_navigation/hook/cmake_prefix_path.ps1'
[2.260s] INFO:colcon.colcon_core.shell:Creating environment descriptor '/home/dwduong74/yahboom_src/install/champ_navigation/share/champ_navigation/hook/cmake_prefix_path.dsv'
[2.261s] INFO:colcon.colcon_core.shell:Creating environment hook '/home/dwduong74/yahboom_src/install/champ_navigation/share/champ_navigation/hook/cmake_prefix_path.sh'
[2.262s] Level 1:colcon.colcon_core.environment:checking '/home/dwduong74/yahboom_src/install/champ_navigation/bin'
[2.262s] Level 1:colcon.colcon_core.environment:checking '/home/dwduong74/yahboom_src/install/champ_navigation/lib/pkgconfig/champ_navigation.pc'
[2.262s] Level 1:colcon.colcon_core.environment:checking '/home/dwduong74/yahboom_src/install/champ_navigation/lib/python3.10/site-packages'
[2.263s] Level 1:colcon.colcon_core.environment:checking '/home/dwduong74/yahboom_src/install/champ_navigation/bin'
[2.264s] INFO:colcon.colcon_core.shell:Creating package script '/home/dwduong74/yahboom_src/install/champ_navigation/share/champ_navigation/package.ps1'
[2.265s] INFO:colcon.colcon_core.shell:Creating package descriptor '/home/dwduong74/yahboom_src/install/champ_navigation/share/champ_navigation/package.dsv'
[2.266s] INFO:colcon.colcon_core.shell:Creating package script '/home/dwduong74/yahboom_src/install/champ_navigation/share/champ_navigation/package.sh'
[2.267s] INFO:colcon.colcon_core.shell:Creating package script '/home/dwduong74/yahboom_src/install/champ_navigation/share/champ_navigation/package.bash'
[2.268s] INFO:colcon.colcon_core.shell:Creating package script '/home/dwduong74/yahboom_src/install/champ_navigation/share/champ_navigation/package.zsh'
[2.268s] Level 1:colcon.colcon_core.environment:create_file_with_runtime_dependencies(/home/dwduong74/yahboom_src/install/champ_navigation/share/colcon-core/packages/champ_navigation)
[2.270s] INFO:colcon.colcon_ros.task.ament_cmake.build:Building ROS package in '/home/dwduong74/yahboom_src/src/unitree-go2-ros2/robots/configs/go2_config' with build type 'ament_cmake'
[2.271s] INFO:colcon.colcon_cmake.task.cmake.build:Building CMake package in '/home/dwduong74/yahboom_src/src/unitree-go2-ros2/robots/configs/go2_config'
[2.271s] INFO:colcon.colcon_core.shell:Skip shell extension 'powershell' for command environment: Not usable outside of PowerShell
[2.271s] DEBUG:colcon.colcon_core.shell:Skip shell extension 'dsv' for command environment
[2.284s] Level 1:colcon.colcon_core.environment:create_environment_scripts_only(velodyne_gazebo_plugins)
[2.284s] Level 1:colcon.colcon_core.environment:checking '/home/dwduong74/yahboom_src/install/velodyne_gazebo_plugins' for CMake module files
[2.285s] DEBUG:colcon.colcon_core.event_handler.log_command:Invoked command in '/home/dwduong74/yahboom_src/build/velodyne_gazebo_plugins' returned '0': CMAKE_PREFIX_PATH=${CMAKE_PREFIX_PATH}:/home/dwduong74/yahboom_src/install/yahboom_set_height:/home/dwduong74/yahboom_src/install/yahboom_mediapipe:/home/dwduong74/yahboom_src/install/yahboom_gait:/home/dwduong74/yahboom_src/install/yahboom_dog_joint_state:/home/dwduong74/yahboom_src/install/yahboom_description:/home/dwduong74/yahboom_src/install/yahboom_bringup:/home/dwduong74/yahboom_src/install/yahboom_base:/home/dwduong74/yahboom_src/install/yahboom_app_save_map:/home/dwduong74/yahboom_src/install/tf_publisher:/home/dwduong74/yahboom_src/install/bringup:/home/dwduong74/LUMI_ws/install/custom_explorer:/opt/ros/humble /usr/bin/cmake --install /home/dwduong74/yahboom_src/build/velodyne_gazebo_plugins
[2.286s] Level 1:colcon.colcon_core.environment:checking '/home/dwduong74/yahboom_src/install/velodyne_gazebo_plugins' for CMake config files
[2.286s] Level 1:colcon.colcon_core.shell:create_environment_hook('velodyne_gazebo_plugins', 'cmake_prefix_path')
[2.287s] INFO:colcon.colcon_core.shell:Creating environment hook '/home/dwduong74/yahboom_src/install/velodyne_gazebo_plugins/share/velodyne_gazebo_plugins/hook/cmake_prefix_path.ps1'
[2.287s] INFO:colcon.colcon_core.shell:Creating environment descriptor '/home/dwduong74/yahboom_src/install/velodyne_gazebo_plugins/share/velodyne_gazebo_plugins/hook/cmake_prefix_path.dsv'
[2.288s] INFO:colcon.colcon_core.shell:Creating environment hook '/home/dwduong74/yahboom_src/install/velodyne_gazebo_plugins/share/velodyne_gazebo_plugins/hook/cmake_prefix_path.sh'
[2.288s] Level 1:colcon.colcon_core.environment:checking '/home/dwduong74/yahboom_src/install/velodyne_gazebo_plugins/lib'
[2.289s] Level 1:colcon.colcon_core.shell:create_environment_hook('velodyne_gazebo_plugins', 'ld_library_path_lib')
[2.289s] INFO:colcon.colcon_core.shell:Creating environment hook '/home/dwduong74/yahboom_src/install/velodyne_gazebo_plugins/share/velodyne_gazebo_plugins/hook/ld_library_path_lib.ps1'
[2.290s] INFO:colcon.colcon_core.shell:Creating environment descriptor '/home/dwduong74/yahboom_src/install/velodyne_gazebo_plugins/share/velodyne_gazebo_plugins/hook/ld_library_path_lib.dsv'
[2.290s] INFO:colcon.colcon_core.shell:Creating environment hook '/home/dwduong74/yahboom_src/install/velodyne_gazebo_plugins/share/velodyne_gazebo_plugins/hook/ld_library_path_lib.sh'
[2.291s] Level 1:colcon.colcon_core.environment:checking '/home/dwduong74/yahboom_src/install/velodyne_gazebo_plugins/bin'
[2.291s] Level 1:colcon.colcon_core.environment:checking '/home/dwduong74/yahboom_src/install/velodyne_gazebo_plugins/lib/pkgconfig/velodyne_gazebo_plugins.pc'
[2.291s] Level 1:colcon.colcon_core.environment:checking '/home/dwduong74/yahboom_src/install/velodyne_gazebo_plugins/lib/python3.10/site-packages'
[2.292s] Level 1:colcon.colcon_core.environment:checking '/home/dwduong74/yahboom_src/install/velodyne_gazebo_plugins/bin'
[2.292s] INFO:colcon.colcon_core.shell:Creating package script '/home/dwduong74/yahboom_src/install/velodyne_gazebo_plugins/share/velodyne_gazebo_plugins/package.ps1'
[2.293s] INFO:colcon.colcon_core.shell:Creating package descriptor '/home/dwduong74/yahboom_src/install/velodyne_gazebo_plugins/share/velodyne_gazebo_plugins/package.dsv'
[2.294s] INFO:colcon.colcon_core.shell:Creating package script '/home/dwduong74/yahboom_src/install/velodyne_gazebo_plugins/share/velodyne_gazebo_plugins/package.sh'
[2.294s] INFO:colcon.colcon_core.shell:Creating package script '/home/dwduong74/yahboom_src/install/velodyne_gazebo_plugins/share/velodyne_gazebo_plugins/package.bash'
[2.295s] INFO:colcon.colcon_core.shell:Creating package script '/home/dwduong74/yahboom_src/install/velodyne_gazebo_plugins/share/velodyne_gazebo_plugins/package.zsh'
[2.295s] Level 1:colcon.colcon_core.environment:create_file_with_runtime_dependencies(/home/dwduong74/yahboom_src/install/velodyne_gazebo_plugins/share/colcon-core/packages/velodyne_gazebo_plugins)
[2.296s] Level 1:colcon.colcon_core.environment:create_environment_scripts_only(velodyne_gazebo_plugins)
[2.297s] Level 1:colcon.colcon_core.environment:checking '/home/dwduong74/yahboom_src/install/velodyne_gazebo_plugins' for CMake module files
[2.297s] Level 1:colcon.colcon_core.environment:checking '/home/dwduong74/yahboom_src/install/velodyne_gazebo_plugins' for CMake config files
[2.298s] Level 1:colcon.colcon_core.shell:create_environment_hook('velodyne_gazebo_plugins', 'cmake_prefix_path')
[2.298s] INFO:colcon.colcon_core.shell:Creating environment hook '/home/dwduong74/yahboom_src/install/velodyne_gazebo_plugins/share/velodyne_gazebo_plugins/hook/cmake_prefix_path.ps1'
[2.298s] INFO:colcon.colcon_core.shell:Creating environment descriptor '/home/dwduong74/yahboom_src/install/velodyne_gazebo_plugins/share/velodyne_gazebo_plugins/hook/cmake_prefix_path.dsv'
[2.299s] INFO:colcon.colcon_core.shell:Creating environment hook '/home/dwduong74/yahboom_src/install/velodyne_gazebo_plugins/share/velodyne_gazebo_plugins/hook/cmake_prefix_path.sh'
[2.299s] Level 1:colcon.colcon_core.environment:checking '/home/dwduong74/yahboom_src/install/velodyne_gazebo_plugins/lib'
[2.299s] Level 1:colcon.colcon_core.shell:create_environment_hook('velodyne_gazebo_plugins', 'ld_library_path_lib')
[2.300s] INFO:colcon.colcon_core.shell:Creating environment hook '/home/dwduong74/yahboom_src/install/velodyne_gazebo_plugins/share/velodyne_gazebo_plugins/hook/ld_library_path_lib.ps1'
[2.300s] INFO:colcon.colcon_core.shell:Creating environment descriptor '/home/dwduong74/yahboom_src/install/velodyne_gazebo_plugins/share/velodyne_gazebo_plugins/hook/ld_library_path_lib.dsv'
[2.301s] INFO:colcon.colcon_core.shell:Creating environment hook '/home/dwduong74/yahboom_src/install/velodyne_gazebo_plugins/share/velodyne_gazebo_plugins/hook/ld_library_path_lib.sh'
[2.302s] Level 1:colcon.colcon_core.environment:checking '/home/dwduong74/yahboom_src/install/velodyne_gazebo_plugins/bin'
[2.303s] Level 1:colcon.colcon_core.environment:checking '/home/dwduong74/yahboom_src/install/velodyne_gazebo_plugins/lib/pkgconfig/velodyne_gazebo_plugins.pc'
[2.303s] Level 1:colcon.colcon_core.environment:checking '/home/dwduong74/yahboom_src/install/velodyne_gazebo_plugins/lib/python3.10/site-packages'
[2.304s] Level 1:colcon.colcon_core.environment:checking '/home/dwduong74/yahboom_src/install/velodyne_gazebo_plugins/bin'
[2.304s] INFO:colcon.colcon_core.shell:Creating package script '/home/dwduong74/yahboom_src/install/velodyne_gazebo_plugins/share/velodyne_gazebo_plugins/package.ps1'
[2.305s] INFO:colcon.colcon_core.shell:Creating package descriptor '/home/dwduong74/yahboom_src/install/velodyne_gazebo_plugins/share/velodyne_gazebo_plugins/package.dsv'
[2.306s] INFO:colcon.colcon_core.shell:Creating package script '/home/dwduong74/yahboom_src/install/velodyne_gazebo_plugins/share/velodyne_gazebo_plugins/package.sh'
[2.306s] INFO:colcon.colcon_core.shell:Creating package script '/home/dwduong74/yahboom_src/install/velodyne_gazebo_plugins/share/velodyne_gazebo_plugins/package.bash'
[2.307s] INFO:colcon.colcon_core.shell:Creating package script '/home/dwduong74/yahboom_src/install/velodyne_gazebo_plugins/share/velodyne_gazebo_plugins/package.zsh'
[2.307s] Level 1:colcon.colcon_core.environment:create_file_with_runtime_dependencies(/home/dwduong74/yahboom_src/install/velodyne_gazebo_plugins/share/colcon-core/packages/velodyne_gazebo_plugins)
[2.308s] Level 1:colcon.colcon_core.environment:create_environment_scripts_only(dogzilla_config)
[2.308s] Level 1:colcon.colcon_core.environment:checking '/home/dwduong74/yahboom_src/install/dogzilla_config' for CMake module files
[2.310s] DEBUG:colcon.colcon_core.event_handler.log_command:Invoked command in '/home/dwduong74/yahboom_src/build/dogzilla_config' returned '0': CMAKE_PREFIX_PATH=${CMAKE_PREFIX_PATH}:/home/dwduong74/yahboom_src/install/yahboom_set_height:/home/dwduong74/yahboom_src/install/yahboom_mediapipe:/home/dwduong74/yahboom_src/install/yahboom_gait:/home/dwduong74/yahboom_src/install/yahboom_dog_joint_state:/home/dwduong74/yahboom_src/install/yahboom_description:/home/dwduong74/yahboom_src/install/yahboom_bringup:/home/dwduong74/yahboom_src/install/yahboom_base:/home/dwduong74/yahboom_src/install/yahboom_app_save_map:/home/dwduong74/yahboom_src/install/tf_publisher:/home/dwduong74/yahboom_src/install/bringup:/home/dwduong74/LUMI_ws/install/custom_explorer:/opt/ros/humble /usr/bin/cmake --install /home/dwduong74/yahboom_src/build/dogzilla_config
[2.310s] Level 1:colcon.colcon_core.environment:checking '/home/dwduong74/yahboom_src/install/dogzilla_config' for CMake config files
[2.311s] Level 1:colcon.colcon_core.shell:create_environment_hook('dogzilla_config', 'cmake_prefix_path')
[2.311s] INFO:colcon.colcon_core.shell:Creating environment hook '/home/dwduong74/yahboom_src/install/dogzilla_config/share/dogzilla_config/hook/cmake_prefix_path.ps1'
[2.312s] INFO:colcon.colcon_core.shell:Creating environment descriptor '/home/dwduong74/yahboom_src/install/dogzilla_config/share/dogzilla_config/hook/cmake_prefix_path.dsv'
[2.312s] INFO:colcon.colcon_core.shell:Creating environment hook '/home/dwduong74/yahboom_src/install/dogzilla_config/share/dogzilla_config/hook/cmake_prefix_path.sh'
[2.314s] Level 1:colcon.colcon_core.environment:checking '/home/dwduong74/yahboom_src/install/dogzilla_config/bin'
[2.314s] Level 1:colcon.colcon_core.environment:checking '/home/dwduong74/yahboom_src/install/dogzilla_config/lib/pkgconfig/dogzilla_config.pc'
[2.314s] Level 1:colcon.colcon_core.environment:checking '/home/dwduong74/yahboom_src/install/dogzilla_config/lib/python3.10/site-packages'
[2.315s] Level 1:colcon.colcon_core.environment:checking '/home/dwduong74/yahboom_src/install/dogzilla_config/bin'
[2.315s] INFO:colcon.colcon_core.shell:Creating package script '/home/dwduong74/yahboom_src/install/dogzilla_config/share/dogzilla_config/package.ps1'
[2.316s] INFO:colcon.colcon_core.shell:Creating package descriptor '/home/dwduong74/yahboom_src/install/dogzilla_config/share/dogzilla_config/package.dsv'
[2.317s] INFO:colcon.colcon_core.shell:Creating package script '/home/dwduong74/yahboom_src/install/dogzilla_config/share/dogzilla_config/package.sh'
[2.317s] INFO:colcon.colcon_core.shell:Creating package script '/home/dwduong74/yahboom_src/install/dogzilla_config/share/dogzilla_config/package.bash'
[2.318s] INFO:colcon.colcon_core.shell:Creating package script '/home/dwduong74/yahboom_src/install/dogzilla_config/share/dogzilla_config/package.zsh'
[2.319s] Level 1:colcon.colcon_core.environment:create_file_with_runtime_dependencies(/home/dwduong74/yahboom_src/install/dogzilla_config/share/colcon-core/packages/dogzilla_config)
[2.320s] Level 1:colcon.colcon_core.environment:create_environment_scripts_only(dogzilla_config)
[2.321s] Level 1:colcon.colcon_core.environment:checking '/home/dwduong74/yahboom_src/install/dogzilla_config' for CMake module files
[2.322s] Level 1:colcon.colcon_core.environment:checking '/home/dwduong74/yahboom_src/install/dogzilla_config' for CMake config files
[2.322s] Level 1:colcon.colcon_core.shell:create_environment_hook('dogzilla_config', 'cmake_prefix_path')
[2.322s] INFO:colcon.colcon_core.shell:Creating environment hook '/home/dwduong74/yahboom_src/install/dogzilla_config/share/dogzilla_config/hook/cmake_prefix_path.ps1'
[2.323s] INFO:colcon.colcon_core.shell:Creating environment descriptor '/home/dwduong74/yahboom_src/install/dogzilla_config/share/dogzilla_config/hook/cmake_prefix_path.dsv'
[2.324s] INFO:colcon.colcon_core.shell:Creating environment hook '/home/dwduong74/yahboom_src/install/dogzilla_config/share/dogzilla_config/hook/cmake_prefix_path.sh'
[2.325s] Level 1:colcon.colcon_core.environment:checking '/home/dwduong74/yahboom_src/install/dogzilla_config/bin'
[2.325s] Level 1:colcon.colcon_core.environment:checking '/home/dwduong74/yahboom_src/install/dogzilla_config/lib/pkgconfig/dogzilla_config.pc'
[2.325s] Level 1:colcon.colcon_core.environment:checking '/home/dwduong74/yahboom_src/install/dogzilla_config/lib/python3.10/site-packages'
[2.326s] Level 1:colcon.colcon_core.environment:checking '/home/dwduong74/yahboom_src/install/dogzilla_config/bin'
[2.327s] INFO:colcon.colcon_core.shell:Creating package script '/home/dwduong74/yahboom_src/install/dogzilla_config/share/dogzilla_config/package.ps1'
[2.327s] INFO:colcon.colcon_core.shell:Creating package descriptor '/home/dwduong74/yahboom_src/install/dogzilla_config/share/dogzilla_config/package.dsv'
[2.328s] INFO:colcon.colcon_core.shell:Creating package script '/home/dwduong74/yahboom_src/install/dogzilla_config/share/dogzilla_config/package.sh'
[2.329s] INFO:colcon.colcon_core.shell:Creating package script '/home/dwduong74/yahboom_src/install/dogzilla_config/share/dogzilla_config/package.bash'
[2.330s] INFO:colcon.colcon_core.shell:Creating package script '/home/dwduong74/yahboom_src/install/dogzilla_config/share/dogzilla_config/package.zsh'
[2.330s] Level 1:colcon.colcon_core.environment:create_file_with_runtime_dependencies(/home/dwduong74/yahboom_src/install/dogzilla_config/share/colcon-core/packages/dogzilla_config)
[2.331s] Level 1:colcon.colcon_core.environment:create_environment_scripts_only(champ_config)
[2.331s] Level 1:colcon.colcon_core.environment:checking '/home/dwduong74/yahboom_src/install/champ_config' for CMake module files
[2.333s] Level 1:colcon.colcon_core.environment:checking '/home/dwduong74/yahboom_src/install/champ_config' for CMake config files
[2.333s] DEBUG:colcon.colcon_core.event_handler.log_command:Invoked command in '/home/dwduong74/yahboom_src/build/champ_config' returned '0': CMAKE_PREFIX_PATH=${CMAKE_PREFIX_PATH}:/home/dwduong74/yahboom_src/install/yahboom_set_height:/home/dwduong74/yahboom_src/install/yahboom_mediapipe:/home/dwduong74/yahboom_src/install/yahboom_gait:/home/dwduong74/yahboom_src/install/yahboom_dog_joint_state:/home/dwduong74/yahboom_src/install/yahboom_description:/home/dwduong74/yahboom_src/install/yahboom_bringup:/home/dwduong74/yahboom_src/install/yahboom_base:/home/dwduong74/yahboom_src/install/yahboom_app_save_map:/home/dwduong74/yahboom_src/install/tf_publisher:/home/dwduong74/yahboom_src/install/bringup:/home/dwduong74/LUMI_ws/install/custom_explorer:/opt/ros/humble /usr/bin/cmake --install /home/dwduong74/yahboom_src/build/champ_config
[2.333s] Level 1:colcon.colcon_core.shell:create_environment_hook('champ_config', 'cmake_prefix_path')
[2.334s] INFO:colcon.colcon_core.shell:Creating environment hook '/home/dwduong74/yahboom_src/install/champ_config/share/champ_config/hook/cmake_prefix_path.ps1'
[2.335s] INFO:colcon.colcon_core.shell:Creating environment descriptor '/home/dwduong74/yahboom_src/install/champ_config/share/champ_config/hook/cmake_prefix_path.dsv'
[2.335s] INFO:colcon.colcon_core.shell:Creating environment hook '/home/dwduong74/yahboom_src/install/champ_config/share/champ_config/hook/cmake_prefix_path.sh'
[2.336s] Level 1:colcon.colcon_core.environment:checking '/home/dwduong74/yahboom_src/install/champ_config/bin'
[2.336s] Level 1:colcon.colcon_core.environment:checking '/home/dwduong74/yahboom_src/install/champ_config/lib/pkgconfig/champ_config.pc'
[2.336s] Level 1:colcon.colcon_core.environment:checking '/home/dwduong74/yahboom_src/install/champ_config/lib/python3.10/site-packages'
[2.337s] Level 1:colcon.colcon_core.environment:checking '/home/dwduong74/yahboom_src/install/champ_config/bin'
[2.338s] INFO:colcon.colcon_core.shell:Creating package script '/home/dwduong74/yahboom_src/install/champ_config/share/champ_config/package.ps1'
[2.339s] INFO:colcon.colcon_core.shell:Creating package descriptor '/home/dwduong74/yahboom_src/install/champ_config/share/champ_config/package.dsv'
[2.340s] INFO:colcon.colcon_core.shell:Creating package script '/home/dwduong74/yahboom_src/install/champ_config/share/champ_config/package.sh'
[2.342s] INFO:colcon.colcon_core.shell:Creating package script '/home/dwduong74/yahboom_src/install/champ_config/share/champ_config/package.bash'
[2.342s] INFO:colcon.colcon_core.shell:Creating package script '/home/dwduong74/yahboom_src/install/champ_config/share/champ_config/package.zsh'
[2.343s] Level 1:colcon.colcon_core.environment:create_file_with_runtime_dependencies(/home/dwduong74/yahboom_src/install/champ_config/share/colcon-core/packages/champ_config)
[2.344s] Level 1:colcon.colcon_core.environment:create_environment_scripts_only(champ_config)
[2.344s] Level 1:colcon.colcon_core.environment:checking '/home/dwduong74/yahboom_src/install/champ_config' for CMake module files
[2.345s] Level 1:colcon.colcon_core.environment:checking '/home/dwduong74/yahboom_src/install/champ_config' for CMake config files
[2.346s] Level 1:colcon.colcon_core.shell:create_environment_hook('champ_config', 'cmake_prefix_path')
[2.346s] INFO:colcon.colcon_core.shell:Creating environment hook '/home/dwduong74/yahboom_src/install/champ_config/share/champ_config/hook/cmake_prefix_path.ps1'
[2.347s] INFO:colcon.colcon_core.shell:Creating environment descriptor '/home/dwduong74/yahboom_src/install/champ_config/share/champ_config/hook/cmake_prefix_path.dsv'
[2.347s] INFO:colcon.colcon_core.shell:Creating environment hook '/home/dwduong74/yahboom_src/install/champ_config/share/champ_config/hook/cmake_prefix_path.sh'
[2.348s] Level 1:colcon.colcon_core.environment:checking '/home/dwduong74/yahboom_src/install/champ_config/bin'
[2.348s] Level 1:colcon.colcon_core.environment:checking '/home/dwduong74/yahboom_src/install/champ_config/lib/pkgconfig/champ_config.pc'
[2.349s] Level 1:colcon.colcon_core.environment:checking '/home/dwduong74/yahboom_src/install/champ_config/lib/python3.10/site-packages'
[2.349s] Level 1:colcon.colcon_core.environment:checking '/home/dwduong74/yahboom_src/install/champ_config/bin'
[2.350s] INFO:colcon.colcon_core.shell:Creating package script '/home/dwduong74/yahboom_src/install/champ_config/share/champ_config/package.ps1'
[2.351s] INFO:colcon.colcon_core.shell:Creating package descriptor '/home/dwduong74/yahboom_src/install/champ_config/share/champ_config/package.dsv'
[2.351s] INFO:colcon.colcon_core.shell:Creating package script '/home/dwduong74/yahboom_src/install/champ_config/share/champ_config/package.sh'
[2.352s] INFO:colcon.colcon_core.shell:Creating package script '/home/dwduong74/yahboom_src/install/champ_config/share/champ_config/package.bash'
[2.353s] INFO:colcon.colcon_core.shell:Creating package script '/home/dwduong74/yahboom_src/install/champ_config/share/champ_config/package.zsh'
[2.354s] Level 1:colcon.colcon_core.environment:create_file_with_runtime_dependencies(/home/dwduong74/yahboom_src/install/champ_config/share/colcon-core/packages/champ_config)
[2.354s] Level 1:colcon.colcon_core.environment:create_environment_scripts_only(champ_teleop)
[2.354s] Level 1:colcon.colcon_core.environment:checking '/home/dwduong74/yahboom_src/install/champ_teleop' for CMake module files
[2.356s] DEBUG:colcon.colcon_core.event_handler.log_command:Invoked command in '/home/dwduong74/yahboom_src/build/champ_teleop' returned '0': CMAKE_PREFIX_PATH=${CMAKE_PREFIX_PATH}:/home/dwduong74/yahboom_src/install/yahboom_set_height:/home/dwduong74/yahboom_src/install/yahboom_mediapipe:/home/dwduong74/yahboom_src/install/yahboom_gait:/home/dwduong74/yahboom_src/install/yahboom_dog_joint_state:/home/dwduong74/yahboom_src/install/yahboom_description:/home/dwduong74/yahboom_src/install/yahboom_bringup:/home/dwduong74/yahboom_src/install/yahboom_base:/home/dwduong74/yahboom_src/install/yahboom_app_save_map:/home/dwduong74/yahboom_src/install/tf_publisher:/home/dwduong74/yahboom_src/install/bringup:/home/dwduong74/LUMI_ws/install/custom_explorer:/opt/ros/humble /usr/bin/cmake --install /home/dwduong74/yahboom_src/build/champ_teleop
[2.356s] Level 1:colcon.colcon_core.environment:checking '/home/dwduong74/yahboom_src/install/champ_teleop' for CMake config files
[2.357s] Level 1:colcon.colcon_core.shell:create_environment_hook('champ_teleop', 'cmake_prefix_path')
[2.357s] INFO:colcon.colcon_core.shell:Creating environment hook '/home/dwduong74/yahboom_src/install/champ_teleop/share/champ_teleop/hook/cmake_prefix_path.ps1'
[2.358s] INFO:colcon.colcon_core.shell:Creating environment descriptor '/home/dwduong74/yahboom_src/install/champ_teleop/share/champ_teleop/hook/cmake_prefix_path.dsv'
[2.358s] INFO:colcon.colcon_core.shell:Creating environment hook '/home/dwduong74/yahboom_src/install/champ_teleop/share/champ_teleop/hook/cmake_prefix_path.sh'
[2.359s] Level 1:colcon.colcon_core.environment:checking '/home/dwduong74/yahboom_src/install/champ_teleop/lib'
[2.359s] Level 1:colcon.colcon_core.environment:checking '/home/dwduong74/yahboom_src/install/champ_teleop/bin'
[2.359s] Level 1:colcon.colcon_core.environment:checking '/home/dwduong74/yahboom_src/install/champ_teleop/lib/pkgconfig/champ_teleop.pc'
[2.360s] Level 1:colcon.colcon_core.environment:checking '/home/dwduong74/yahboom_src/install/champ_teleop/lib/python3.10/site-packages'
[2.360s] Level 1:colcon.colcon_core.environment:checking '/home/dwduong74/yahboom_src/install/champ_teleop/bin'
[2.360s] INFO:colcon.colcon_core.shell:Creating package script '/home/dwduong74/yahboom_src/install/champ_teleop/share/champ_teleop/package.ps1'
[2.361s] INFO:colcon.colcon_core.shell:Creating package descriptor '/home/dwduong74/yahboom_src/install/champ_teleop/share/champ_teleop/package.dsv'
[2.361s] INFO:colcon.colcon_core.shell:Creating package script '/home/dwduong74/yahboom_src/install/champ_teleop/share/champ_teleop/package.sh'
[2.362s] INFO:colcon.colcon_core.shell:Creating package script '/home/dwduong74/yahboom_src/install/champ_teleop/share/champ_teleop/package.bash'
[2.363s] INFO:colcon.colcon_core.shell:Creating package script '/home/dwduong74/yahboom_src/install/champ_teleop/share/champ_teleop/package.zsh'
[2.363s] Level 1:colcon.colcon_core.environment:create_file_with_runtime_dependencies(/home/dwduong74/yahboom_src/install/champ_teleop/share/colcon-core/packages/champ_teleop)
[2.364s] Level 1:colcon.colcon_core.environment:create_environment_scripts_only(champ_teleop)
[2.364s] Level 1:colcon.colcon_core.environment:checking '/home/dwduong74/yahboom_src/install/champ_teleop' for CMake module files
[2.365s] Level 1:colcon.colcon_core.environment:checking '/home/dwduong74/yahboom_src/install/champ_teleop' for CMake config files
[2.365s] Level 1:colcon.colcon_core.shell:create_environment_hook('champ_teleop', 'cmake_prefix_path')
[2.366s] INFO:colcon.colcon_core.shell:Creating environment hook '/home/dwduong74/yahboom_src/install/champ_teleop/share/champ_teleop/hook/cmake_prefix_path.ps1'
[2.366s] INFO:colcon.colcon_core.shell:Creating environment descriptor '/home/dwduong74/yahboom_src/install/champ_teleop/share/champ_teleop/hook/cmake_prefix_path.dsv'
[2.367s] INFO:colcon.colcon_core.shell:Creating environment hook '/home/dwduong74/yahboom_src/install/champ_teleop/share/champ_teleop/hook/cmake_prefix_path.sh'
[2.368s] Level 1:colcon.colcon_core.environment:checking '/home/dwduong74/yahboom_src/install/champ_teleop/lib'
[2.368s] Level 1:colcon.colcon_core.environment:checking '/home/dwduong74/yahboom_src/install/champ_teleop/bin'
[2.368s] Level 1:colcon.colcon_core.environment:checking '/home/dwduong74/yahboom_src/install/champ_teleop/lib/pkgconfig/champ_teleop.pc'
[2.368s] Level 1:colcon.colcon_core.environment:checking '/home/dwduong74/yahboom_src/install/champ_teleop/lib/python3.10/site-packages'
[2.369s] Level 1:colcon.colcon_core.environment:checking '/home/dwduong74/yahboom_src/install/champ_teleop/bin'
[2.370s] INFO:colcon.colcon_core.shell:Creating package script '/home/dwduong74/yahboom_src/install/champ_teleop/share/champ_teleop/package.ps1'
[2.371s] INFO:colcon.colcon_core.shell:Creating package descriptor '/home/dwduong74/yahboom_src/install/champ_teleop/share/champ_teleop/package.dsv'
[2.372s] INFO:colcon.colcon_core.shell:Creating package script '/home/dwduong74/yahboom_src/install/champ_teleop/share/champ_teleop/package.sh'
[2.372s] INFO:colcon.colcon_core.shell:Creating package script '/home/dwduong74/yahboom_src/install/champ_teleop/share/champ_teleop/package.bash'
[2.373s] INFO:colcon.colcon_core.shell:Creating package script '/home/dwduong74/yahboom_src/install/champ_teleop/share/champ_teleop/package.zsh'
[2.373s] Level 1:colcon.colcon_core.environment:create_file_with_runtime_dependencies(/home/dwduong74/yahboom_src/install/champ_teleop/share/colcon-core/packages/champ_teleop)
[2.375s] DEBUG:colcon.colcon_core.event_handler.log_command:Invoked command in '/home/dwduong74/yahboom_src/build/champ_msgs' returned '0': CMAKE_PREFIX_PATH=${CMAKE_PREFIX_PATH}:/home/dwduong74/yahboom_src/install/yahboom_set_height:/home/dwduong74/yahboom_src/install/yahboom_mediapipe:/home/dwduong74/yahboom_src/install/yahboom_gait:/home/dwduong74/yahboom_src/install/yahboom_dog_joint_state:/home/dwduong74/yahboom_src/install/yahboom_description:/home/dwduong74/yahboom_src/install/yahboom_bringup:/home/dwduong74/yahboom_src/install/yahboom_base:/home/dwduong74/yahboom_src/install/yahboom_app_save_map:/home/dwduong74/yahboom_src/install/tf_publisher:/home/dwduong74/yahboom_src/install/bringup:/home/dwduong74/LUMI_ws/install/custom_explorer:/opt/ros/humble /usr/bin/cmake --build /home/dwduong74/yahboom_src/build/champ_msgs -- -j8 -l8
[2.378s] DEBUG:colcon.colcon_core.event_handler.log_command:Invoking command in '/home/dwduong74/yahboom_src/build/champ_msgs': CMAKE_PREFIX_PATH=${CMAKE_PREFIX_PATH}:/home/dwduong74/yahboom_src/install/yahboom_set_height:/home/dwduong74/yahboom_src/install/yahboom_mediapipe:/home/dwduong74/yahboom_src/install/yahboom_gait:/home/dwduong74/yahboom_src/install/yahboom_dog_joint_state:/home/dwduong74/yahboom_src/install/yahboom_description:/home/dwduong74/yahboom_src/install/yahboom_bringup:/home/dwduong74/yahboom_src/install/yahboom_base:/home/dwduong74/yahboom_src/install/yahboom_app_save_map:/home/dwduong74/yahboom_src/install/tf_publisher:/home/dwduong74/yahboom_src/install/bringup:/home/dwduong74/LUMI_ws/install/custom_explorer:/opt/ros/humble /usr/bin/cmake --install /home/dwduong74/yahboom_src/build/champ_msgs
[2.379s] INFO:colcon.colcon_ros.task.ament_cmake.build:Building ROS package in '/home/dwduong74/yahboom_src/src/unitree-go2-ros2/champ/champ_description' with build type 'ament_cmake'
[2.379s] INFO:colcon.colcon_cmake.task.cmake.build:Building CMake package in '/home/dwduong74/yahboom_src/src/unitree-go2-ros2/champ/champ_description'
[2.379s] INFO:colcon.colcon_core.shell:Skip shell extension 'powershell' for command environment: Not usable outside of PowerShell
[2.380s] DEBUG:colcon.colcon_core.shell:Skip shell extension 'dsv' for command environment
[2.391s] INFO:colcon.colcon_ros.task.ament_cmake.build:Building ROS package in '/home/dwduong74/yahboom_src/src/unitree-go2-ros2/velodyne/velodyne_description' with build type 'ament_cmake'
[2.391s] INFO:colcon.colcon_cmake.task.cmake.build:Building CMake package in '/home/dwduong74/yahboom_src/src/unitree-go2-ros2/velodyne/velodyne_description'
[2.391s] INFO:colcon.colcon_core.shell:Skip shell extension 'powershell' for command environment: Not usable outside of PowerShell
[2.391s] DEBUG:colcon.colcon_core.shell:Skip shell extension 'dsv' for command environment
[2.406s] INFO:colcon.colcon_ros.task.ament_cmake.build:Building ROS package in '/home/dwduong74/yahboom_src/src/unitree-go2-ros2/robots/descriptions/go2_description' with build type 'ament_cmake'
[2.406s] INFO:colcon.colcon_cmake.task.cmake.build:Building CMake package in '/home/dwduong74/yahboom_src/src/unitree-go2-ros2/robots/descriptions/go2_description'
[2.407s] INFO:colcon.colcon_core.shell:Skip shell extension 'powershell' for command environment: Not usable outside of PowerShell
[2.407s] DEBUG:colcon.colcon_core.shell:Skip shell extension 'dsv' for command environment
[2.422s] INFO:colcon.colcon_ros.task.ament_cmake.build:Building ROS package in '/home/dwduong74/yahboom_src/src/image_color_lab' with build type 'ament_cmake'
[2.422s] INFO:colcon.colcon_cmake.task.cmake.build:Building CMake package in '/home/dwduong74/yahboom_src/src/image_color_lab'
[2.423s] INFO:colcon.colcon_core.shell:Skip shell extension 'powershell' for command environment: Not usable outside of PowerShell
[2.423s] DEBUG:colcon.colcon_core.shell:Skip shell extension 'dsv' for command environment
[2.491s] DEBUG:colcon.colcon_core.event_handler.log_command:Invoking command in '/home/dwduong74/yahboom_src/build/dogzilla_description': CMAKE_PREFIX_PATH=${CMAKE_PREFIX_PATH}:/home/dwduong74/yahboom_src/install/yahboom_set_height:/home/dwduong74/yahboom_src/install/yahboom_mediapipe:/home/dwduong74/yahboom_src/install/yahboom_gait:/home/dwduong74/yahboom_src/install/yahboom_dog_joint_state:/home/dwduong74/yahboom_src/install/yahboom_description:/home/dwduong74/yahboom_src/install/yahboom_bringup:/home/dwduong74/yahboom_src/install/yahboom_base:/home/dwduong74/yahboom_src/install/yahboom_app_save_map:/home/dwduong74/yahboom_src/install/tf_publisher:/home/dwduong74/yahboom_src/install/bringup:/home/dwduong74/LUMI_ws/install/custom_explorer:/opt/ros/humble /usr/bin/cmake --build /home/dwduong74/yahboom_src/build/dogzilla_description -- -j8 -l8
[2.498s] DEBUG:colcon.colcon_core.event_handler.log_command:Invoking command in '/home/dwduong74/yahboom_src/build/go2_config': CMAKE_PREFIX_PATH=${CMAKE_PREFIX_PATH}:/home/dwduong74/yahboom_src/install/yahboom_set_height:/home/dwduong74/yahboom_src/install/yahboom_mediapipe:/home/dwduong74/yahboom_src/install/yahboom_gait:/home/dwduong74/yahboom_src/install/yahboom_dog_joint_state:/home/dwduong74/yahboom_src/install/yahboom_description:/home/dwduong74/yahboom_src/install/yahboom_bringup:/home/dwduong74/yahboom_src/install/yahboom_base:/home/dwduong74/yahboom_src/install/yahboom_app_save_map:/home/dwduong74/yahboom_src/install/tf_publisher:/home/dwduong74/yahboom_src/install/bringup:/home/dwduong74/LUMI_ws/install/custom_explorer:/opt/ros/humble /usr/bin/cmake --build /home/dwduong74/yahboom_src/build/go2_config -- -j8 -l8
[2.505s] DEBUG:colcon.colcon_core.event_handler.log_command:Invoking command in '/home/dwduong74/yahboom_src/build/champ_description': CMAKE_PREFIX_PATH=/home/dwduong74/yahboom_src/install/velodyne_gazebo_plugins:/home/dwduong74/yahboom_src/install/yahboom_msgs:/home/dwduong74/yahboom_src/install/velodyne_simulator:/home/dwduong74/yahboom_src/install/velodyne_description:/home/dwduong74/yahboom_src/install/champ_bringup:/home/dwduong74/yahboom_src/install/champ_description:/home/dwduong74/yahboom_src/install/oradar_lidar:/home/dwduong74/yahboom_src/install/image_color_lab:/home/dwduong74/yahboom_src/install/go2_description:/home/dwduong74/yahboom_src/install/go2_config:/home/dwduong74/yahboom_src/install/dogzilla_description:/home/dwduong74/yahboom_src/install/dogzilla_config:/home/dwduong74/yahboom_src/install/champ_teleop:/home/dwduong74/yahboom_src/install/champ_navigation:/home/dwduong74/yahboom_src/install/champ_gazebo:/home/dwduong74/yahboom_src/install/champ_base:/home/dwduong74/yahboom_src/install/champ_msgs:/home/dwduong74/yahboom_src/install/champ_config:/home/dwduong74/yahboom_src/install/champ:/home/dwduong74/LUMI_ws/install/turtlebot3_manipulation_gazebo:/home/dwduong74/LUMI_ws/install/champ:/home/dwduong74/LUMI_ws/install/rf2o_laser_odometry:/home/dwduong74/yahboom_src/install/yahboom_set_height:/home/dwduong74/yahboom_src/install/yahboom_mediapipe:/home/dwduong74/yahboom_src/install/yahboom_gait:/home/dwduong74/yahboom_src/install/yahboom_dog_joint_state:/home/dwduong74/yahboom_src/install/yahboom_description:/home/dwduong74/yahboom_src/install/yahboom_bringup:/home/dwduong74/yahboom_src/install/yahboom_base:/home/dwduong74/yahboom_src/install/yahboom_app_save_map:/home/dwduong74/yahboom_src/install/tf_publisher:/home/dwduong74/yahboom_src/install/bringup:/home/dwduong74/LUMI_ws/install/custom_explorer:/opt/ros/humble LD_LIBRARY_PATH=/home/dwduong74/yahboom_src/install/velodyne_gazebo_plugins/lib:/home/dwduong74/yahboom_src/install/yahboom_msgs/lib:/home/dwduong74/yahboom_src/install/image_color_lab/lib:/home/dwduong74/yahboom_src/install/champ_base/lib:/home/dwduong74/yahboom_src/install/champ_msgs/lib:/usr/lib/x86_64-linux-gnu/gazebo-11/plugins:/opt/ros/humble/opt/rviz_ogre_vendor/lib:/opt/ros/humble/lib/x86_64-linux-gnu:/opt/ros/humble/lib /usr/bin/cmake --build /home/dwduong74/yahboom_src/build/champ_description -- -j8 -l8
[2.506s] DEBUG:colcon.colcon_core.event_handler.log_command:Invoking command in '/home/dwduong74/yahboom_src/build/velodyne_description': CMAKE_PREFIX_PATH=/home/dwduong74/yahboom_src/install/velodyne_gazebo_plugins:/home/dwduong74/yahboom_src/install/yahboom_msgs:/home/dwduong74/yahboom_src/install/velodyne_simulator:/home/dwduong74/yahboom_src/install/velodyne_description:/home/dwduong74/yahboom_src/install/champ_bringup:/home/dwduong74/yahboom_src/install/champ_description:/home/dwduong74/yahboom_src/install/oradar_lidar:/home/dwduong74/yahboom_src/install/image_color_lab:/home/dwduong74/yahboom_src/install/go2_description:/home/dwduong74/yahboom_src/install/go2_config:/home/dwduong74/yahboom_src/install/dogzilla_description:/home/dwduong74/yahboom_src/install/dogzilla_config:/home/dwduong74/yahboom_src/install/champ_teleop:/home/dwduong74/yahboom_src/install/champ_navigation:/home/dwduong74/yahboom_src/install/champ_gazebo:/home/dwduong74/yahboom_src/install/champ_base:/home/dwduong74/yahboom_src/install/champ_msgs:/home/dwduong74/yahboom_src/install/champ_config:/home/dwduong74/yahboom_src/install/champ:/home/dwduong74/LUMI_ws/install/turtlebot3_manipulation_gazebo:/home/dwduong74/LUMI_ws/install/champ:/home/dwduong74/LUMI_ws/install/rf2o_laser_odometry:/home/dwduong74/yahboom_src/install/yahboom_set_height:/home/dwduong74/yahboom_src/install/yahboom_mediapipe:/home/dwduong74/yahboom_src/install/yahboom_gait:/home/dwduong74/yahboom_src/install/yahboom_dog_joint_state:/home/dwduong74/yahboom_src/install/yahboom_description:/home/dwduong74/yahboom_src/install/yahboom_bringup:/home/dwduong74/yahboom_src/install/yahboom_base:/home/dwduong74/yahboom_src/install/yahboom_app_save_map:/home/dwduong74/yahboom_src/install/tf_publisher:/home/dwduong74/yahboom_src/install/bringup:/home/dwduong74/LUMI_ws/install/custom_explorer:/opt/ros/humble LD_LIBRARY_PATH=/home/dwduong74/yahboom_src/install/velodyne_gazebo_plugins/lib:/home/dwduong74/yahboom_src/install/yahboom_msgs/lib:/home/dwduong74/yahboom_src/install/image_color_lab/lib:/home/dwduong74/yahboom_src/install/champ_base/lib:/home/dwduong74/yahboom_src/install/champ_msgs/lib:/usr/lib/x86_64-linux-gnu/gazebo-11/plugins:/opt/ros/humble/opt/rviz_ogre_vendor/lib:/opt/ros/humble/lib/x86_64-linux-gnu:/opt/ros/humble/lib /usr/bin/cmake --build /home/dwduong74/yahboom_src/build/velodyne_description -- -j8 -l8
[2.517s] DEBUG:colcon.colcon_core.event_handler.log_command:Invoking command in '/home/dwduong74/yahboom_src/build/go2_description': CMAKE_PREFIX_PATH=${CMAKE_PREFIX_PATH}:/home/dwduong74/yahboom_src/install/yahboom_set_height:/home/dwduong74/yahboom_src/install/yahboom_mediapipe:/home/dwduong74/yahboom_src/install/yahboom_gait:/home/dwduong74/yahboom_src/install/yahboom_dog_joint_state:/home/dwduong74/yahboom_src/install/yahboom_description:/home/dwduong74/yahboom_src/install/yahboom_bringup:/home/dwduong74/yahboom_src/install/yahboom_base:/home/dwduong74/yahboom_src/install/yahboom_app_save_map:/home/dwduong74/yahboom_src/install/tf_publisher:/home/dwduong74/yahboom_src/install/bringup:/home/dwduong74/LUMI_ws/install/custom_explorer:/opt/ros/humble /usr/bin/cmake --build /home/dwduong74/yahboom_src/build/go2_description -- -j8 -l8
[2.530s] DEBUG:colcon.colcon_core.event_handler.log_command:Invoking command in '/home/dwduong74/yahboom_src/build/image_color_lab': CMAKE_PREFIX_PATH=${CMAKE_PREFIX_PATH}:/home/dwduong74/yahboom_src/install/yahboom_set_height:/home/dwduong74/yahboom_src/install/yahboom_mediapipe:/home/dwduong74/yahboom_src/install/yahboom_gait:/home/dwduong74/yahboom_src/install/yahboom_dog_joint_state:/home/dwduong74/yahboom_src/install/yahboom_description:/home/dwduong74/yahboom_src/install/yahboom_bringup:/home/dwduong74/yahboom_src/install/yahboom_base:/home/dwduong74/yahboom_src/install/yahboom_app_save_map:/home/dwduong74/yahboom_src/install/tf_publisher:/home/dwduong74/yahboom_src/install/bringup:/home/dwduong74/LUMI_ws/install/custom_explorer:/opt/ros/humble /usr/bin/cmake --build /home/dwduong74/yahboom_src/build/image_color_lab -- -j8 -l8
[2.553s] DEBUG:colcon.colcon_core.event_handler.log_command:Invoked command in '/home/dwduong74/yahboom_src/build/dogzilla_description' returned '0': CMAKE_PREFIX_PATH=${CMAKE_PREFIX_PATH}:/home/dwduong74/yahboom_src/install/yahboom_set_height:/home/dwduong74/yahboom_src/install/yahboom_mediapipe:/home/dwduong74/yahboom_src/install/yahboom_gait:/home/dwduong74/yahboom_src/install/yahboom_dog_joint_state:/home/dwduong74/yahboom_src/install/yahboom_description:/home/dwduong74/yahboom_src/install/yahboom_bringup:/home/dwduong74/yahboom_src/install/yahboom_base:/home/dwduong74/yahboom_src/install/yahboom_app_save_map:/home/dwduong74/yahboom_src/install/tf_publisher:/home/dwduong74/yahboom_src/install/bringup:/home/dwduong74/LUMI_ws/install/custom_explorer:/opt/ros/humble /usr/bin/cmake --build /home/dwduong74/yahboom_src/build/dogzilla_description -- -j8 -l8
[2.554s] DEBUG:colcon.colcon_core.event_handler.log_command:Invoking command in '/home/dwduong74/yahboom_src/build/dogzilla_description': CMAKE_PREFIX_PATH=${CMAKE_PREFIX_PATH}:/home/dwduong74/yahboom_src/install/yahboom_set_height:/home/dwduong74/yahboom_src/install/yahboom_mediapipe:/home/dwduong74/yahboom_src/install/yahboom_gait:/home/dwduong74/yahboom_src/install/yahboom_dog_joint_state:/home/dwduong74/yahboom_src/install/yahboom_description:/home/dwduong74/yahboom_src/install/yahboom_bringup:/home/dwduong74/yahboom_src/install/yahboom_base:/home/dwduong74/yahboom_src/install/yahboom_app_save_map:/home/dwduong74/yahboom_src/install/tf_publisher:/home/dwduong74/yahboom_src/install/bringup:/home/dwduong74/LUMI_ws/install/custom_explorer:/opt/ros/humble /usr/bin/cmake --install /home/dwduong74/yahboom_src/build/dogzilla_description
[2.572s] DEBUG:colcon.colcon_core.event_handler.log_command:Invoked command in '/home/dwduong74/yahboom_src/build/go2_config' returned '0': CMAKE_PREFIX_PATH=${CMAKE_PREFIX_PATH}:/home/dwduong74/yahboom_src/install/yahboom_set_height:/home/dwduong74/yahboom_src/install/yahboom_mediapipe:/home/dwduong74/yahboom_src/install/yahboom_gait:/home/dwduong74/yahboom_src/install/yahboom_dog_joint_state:/home/dwduong74/yahboom_src/install/yahboom_description:/home/dwduong74/yahboom_src/install/yahboom_bringup:/home/dwduong74/yahboom_src/install/yahboom_base:/home/dwduong74/yahboom_src/install/yahboom_app_save_map:/home/dwduong74/yahboom_src/install/tf_publisher:/home/dwduong74/yahboom_src/install/bringup:/home/dwduong74/LUMI_ws/install/custom_explorer:/opt/ros/humble /usr/bin/cmake --build /home/dwduong74/yahboom_src/build/go2_config -- -j8 -l8
[2.573s] DEBUG:colcon.colcon_core.event_handler.log_command:Invoking command in '/home/dwduong74/yahboom_src/build/go2_config': CMAKE_PREFIX_PATH=${CMAKE_PREFIX_PATH}:/home/dwduong74/yahboom_src/install/yahboom_set_height:/home/dwduong74/yahboom_src/install/yahboom_mediapipe:/home/dwduong74/yahboom_src/install/yahboom_gait:/home/dwduong74/yahboom_src/install/yahboom_dog_joint_state:/home/dwduong74/yahboom_src/install/yahboom_description:/home/dwduong74/yahboom_src/install/yahboom_bringup:/home/dwduong74/yahboom_src/install/yahboom_base:/home/dwduong74/yahboom_src/install/yahboom_app_save_map:/home/dwduong74/yahboom_src/install/tf_publisher:/home/dwduong74/yahboom_src/install/bringup:/home/dwduong74/LUMI_ws/install/custom_explorer:/opt/ros/humble /usr/bin/cmake --install /home/dwduong74/yahboom_src/build/go2_config
[2.596s] DEBUG:colcon.colcon_core.event_handler.log_command:Invoked command in '/home/dwduong74/yahboom_src/build/velodyne_description' returned '0': CMAKE_PREFIX_PATH=/home/dwduong74/yahboom_src/install/velodyne_gazebo_plugins:/home/dwduong74/yahboom_src/install/yahboom_msgs:/home/dwduong74/yahboom_src/install/velodyne_simulator:/home/dwduong74/yahboom_src/install/velodyne_description:/home/dwduong74/yahboom_src/install/champ_bringup:/home/dwduong74/yahboom_src/install/champ_description:/home/dwduong74/yahboom_src/install/oradar_lidar:/home/dwduong74/yahboom_src/install/image_color_lab:/home/dwduong74/yahboom_src/install/go2_description:/home/dwduong74/yahboom_src/install/go2_config:/home/dwduong74/yahboom_src/install/dogzilla_description:/home/dwduong74/yahboom_src/install/dogzilla_config:/home/dwduong74/yahboom_src/install/champ_teleop:/home/dwduong74/yahboom_src/install/champ_navigation:/home/dwduong74/yahboom_src/install/champ_gazebo:/home/dwduong74/yahboom_src/install/champ_base:/home/dwduong74/yahboom_src/install/champ_msgs:/home/dwduong74/yahboom_src/install/champ_config:/home/dwduong74/yahboom_src/install/champ:/home/dwduong74/LUMI_ws/install/turtlebot3_manipulation_gazebo:/home/dwduong74/LUMI_ws/install/champ:/home/dwduong74/LUMI_ws/install/rf2o_laser_odometry:/home/dwduong74/yahboom_src/install/yahboom_set_height:/home/dwduong74/yahboom_src/install/yahboom_mediapipe:/home/dwduong74/yahboom_src/install/yahboom_gait:/home/dwduong74/yahboom_src/install/yahboom_dog_joint_state:/home/dwduong74/yahboom_src/install/yahboom_description:/home/dwduong74/yahboom_src/install/yahboom_bringup:/home/dwduong74/yahboom_src/install/yahboom_base:/home/dwduong74/yahboom_src/install/yahboom_app_save_map:/home/dwduong74/yahboom_src/install/tf_publisher:/home/dwduong74/yahboom_src/install/bringup:/home/dwduong74/LUMI_ws/install/custom_explorer:/opt/ros/humble LD_LIBRARY_PATH=/home/dwduong74/yahboom_src/install/velodyne_gazebo_plugins/lib:/home/dwduong74/yahboom_src/install/yahboom_msgs/lib:/home/dwduong74/yahboom_src/install/image_color_lab/lib:/home/dwduong74/yahboom_src/install/champ_base/lib:/home/dwduong74/yahboom_src/install/champ_msgs/lib:/usr/lib/x86_64-linux-gnu/gazebo-11/plugins:/opt/ros/humble/opt/rviz_ogre_vendor/lib:/opt/ros/humble/lib/x86_64-linux-gnu:/opt/ros/humble/lib /usr/bin/cmake --build /home/dwduong74/yahboom_src/build/velodyne_description -- -j8 -l8
[2.598s] DEBUG:colcon.colcon_core.event_handler.log_command:Invoking command in '/home/dwduong74/yahboom_src/build/velodyne_description': CMAKE_PREFIX_PATH=/home/dwduong74/yahboom_src/install/velodyne_gazebo_plugins:/home/dwduong74/yahboom_src/install/yahboom_msgs:/home/dwduong74/yahboom_src/install/velodyne_simulator:/home/dwduong74/yahboom_src/install/velodyne_description:/home/dwduong74/yahboom_src/install/champ_bringup:/home/dwduong74/yahboom_src/install/champ_description:/home/dwduong74/yahboom_src/install/oradar_lidar:/home/dwduong74/yahboom_src/install/image_color_lab:/home/dwduong74/yahboom_src/install/go2_description:/home/dwduong74/yahboom_src/install/go2_config:/home/dwduong74/yahboom_src/install/dogzilla_description:/home/dwduong74/yahboom_src/install/dogzilla_config:/home/dwduong74/yahboom_src/install/champ_teleop:/home/dwduong74/yahboom_src/install/champ_navigation:/home/dwduong74/yahboom_src/install/champ_gazebo:/home/dwduong74/yahboom_src/install/champ_base:/home/dwduong74/yahboom_src/install/champ_msgs:/home/dwduong74/yahboom_src/install/champ_config:/home/dwduong74/yahboom_src/install/champ:/home/dwduong74/LUMI_ws/install/turtlebot3_manipulation_gazebo:/home/dwduong74/LUMI_ws/install/champ:/home/dwduong74/LUMI_ws/install/rf2o_laser_odometry:/home/dwduong74/yahboom_src/install/yahboom_set_height:/home/dwduong74/yahboom_src/install/yahboom_mediapipe:/home/dwduong74/yahboom_src/install/yahboom_gait:/home/dwduong74/yahboom_src/install/yahboom_dog_joint_state:/home/dwduong74/yahboom_src/install/yahboom_description:/home/dwduong74/yahboom_src/install/yahboom_bringup:/home/dwduong74/yahboom_src/install/yahboom_base:/home/dwduong74/yahboom_src/install/yahboom_app_save_map:/home/dwduong74/yahboom_src/install/tf_publisher:/home/dwduong74/yahboom_src/install/bringup:/home/dwduong74/LUMI_ws/install/custom_explorer:/opt/ros/humble LD_LIBRARY_PATH=/home/dwduong74/yahboom_src/install/velodyne_gazebo_plugins/lib:/home/dwduong74/yahboom_src/install/yahboom_msgs/lib:/home/dwduong74/yahboom_src/install/image_color_lab/lib:/home/dwduong74/yahboom_src/install/champ_base/lib:/home/dwduong74/yahboom_src/install/champ_msgs/lib:/usr/lib/x86_64-linux-gnu/gazebo-11/plugins:/opt/ros/humble/opt/rviz_ogre_vendor/lib:/opt/ros/humble/lib/x86_64-linux-gnu:/opt/ros/humble/lib /usr/bin/cmake --install /home/dwduong74/yahboom_src/build/velodyne_description
[2.607s] DEBUG:colcon.colcon_core.event_handler.log_command:Invoked command in '/home/dwduong74/yahboom_src/build/champ_description' returned '0': CMAKE_PREFIX_PATH=/home/dwduong74/yahboom_src/install/velodyne_gazebo_plugins:/home/dwduong74/yahboom_src/install/yahboom_msgs:/home/dwduong74/yahboom_src/install/velodyne_simulator:/home/dwduong74/yahboom_src/install/velodyne_description:/home/dwduong74/yahboom_src/install/champ_bringup:/home/dwduong74/yahboom_src/install/champ_description:/home/dwduong74/yahboom_src/install/oradar_lidar:/home/dwduong74/yahboom_src/install/image_color_lab:/home/dwduong74/yahboom_src/install/go2_description:/home/dwduong74/yahboom_src/install/go2_config:/home/dwduong74/yahboom_src/install/dogzilla_description:/home/dwduong74/yahboom_src/install/dogzilla_config:/home/dwduong74/yahboom_src/install/champ_teleop:/home/dwduong74/yahboom_src/install/champ_navigation:/home/dwduong74/yahboom_src/install/champ_gazebo:/home/dwduong74/yahboom_src/install/champ_base:/home/dwduong74/yahboom_src/install/champ_msgs:/home/dwduong74/yahboom_src/install/champ_config:/home/dwduong74/yahboom_src/install/champ:/home/dwduong74/LUMI_ws/install/turtlebot3_manipulation_gazebo:/home/dwduong74/LUMI_ws/install/champ:/home/dwduong74/LUMI_ws/install/rf2o_laser_odometry:/home/dwduong74/yahboom_src/install/yahboom_set_height:/home/dwduong74/yahboom_src/install/yahboom_mediapipe:/home/dwduong74/yahboom_src/install/yahboom_gait:/home/dwduong74/yahboom_src/install/yahboom_dog_joint_state:/home/dwduong74/yahboom_src/install/yahboom_description:/home/dwduong74/yahboom_src/install/yahboom_bringup:/home/dwduong74/yahboom_src/install/yahboom_base:/home/dwduong74/yahboom_src/install/yahboom_app_save_map:/home/dwduong74/yahboom_src/install/tf_publisher:/home/dwduong74/yahboom_src/install/bringup:/home/dwduong74/LUMI_ws/install/custom_explorer:/opt/ros/humble LD_LIBRARY_PATH=/home/dwduong74/yahboom_src/install/velodyne_gazebo_plugins/lib:/home/dwduong74/yahboom_src/install/yahboom_msgs/lib:/home/dwduong74/yahboom_src/install/image_color_lab/lib:/home/dwduong74/yahboom_src/install/champ_base/lib:/home/dwduong74/yahboom_src/install/champ_msgs/lib:/usr/lib/x86_64-linux-gnu/gazebo-11/plugins:/opt/ros/humble/opt/rviz_ogre_vendor/lib:/opt/ros/humble/lib/x86_64-linux-gnu:/opt/ros/humble/lib /usr/bin/cmake --build /home/dwduong74/yahboom_src/build/champ_description -- -j8 -l8
[2.609s] DEBUG:colcon.colcon_core.event_handler.log_command:Invoking command in '/home/dwduong74/yahboom_src/build/champ_description': CMAKE_PREFIX_PATH=/home/dwduong74/yahboom_src/install/velodyne_gazebo_plugins:/home/dwduong74/yahboom_src/install/yahboom_msgs:/home/dwduong74/yahboom_src/install/velodyne_simulator:/home/dwduong74/yahboom_src/install/velodyne_description:/home/dwduong74/yahboom_src/install/champ_bringup:/home/dwduong74/yahboom_src/install/champ_description:/home/dwduong74/yahboom_src/install/oradar_lidar:/home/dwduong74/yahboom_src/install/image_color_lab:/home/dwduong74/yahboom_src/install/go2_description:/home/dwduong74/yahboom_src/install/go2_config:/home/dwduong74/yahboom_src/install/dogzilla_description:/home/dwduong74/yahboom_src/install/dogzilla_config:/home/dwduong74/yahboom_src/install/champ_teleop:/home/dwduong74/yahboom_src/install/champ_navigation:/home/dwduong74/yahboom_src/install/champ_gazebo:/home/dwduong74/yahboom_src/install/champ_base:/home/dwduong74/yahboom_src/install/champ_msgs:/home/dwduong74/yahboom_src/install/champ_config:/home/dwduong74/yahboom_src/install/champ:/home/dwduong74/LUMI_ws/install/turtlebot3_manipulation_gazebo:/home/dwduong74/LUMI_ws/install/champ:/home/dwduong74/LUMI_ws/install/rf2o_laser_odometry:/home/dwduong74/yahboom_src/install/yahboom_set_height:/home/dwduong74/yahboom_src/install/yahboom_mediapipe:/home/dwduong74/yahboom_src/install/yahboom_gait:/home/dwduong74/yahboom_src/install/yahboom_dog_joint_state:/home/dwduong74/yahboom_src/install/yahboom_description:/home/dwduong74/yahboom_src/install/yahboom_bringup:/home/dwduong74/yahboom_src/install/yahboom_base:/home/dwduong74/yahboom_src/install/yahboom_app_save_map:/home/dwduong74/yahboom_src/install/tf_publisher:/home/dwduong74/yahboom_src/install/bringup:/home/dwduong74/LUMI_ws/install/custom_explorer:/opt/ros/humble LD_LIBRARY_PATH=/home/dwduong74/yahboom_src/install/velodyne_gazebo_plugins/lib:/home/dwduong74/yahboom_src/install/yahboom_msgs/lib:/home/dwduong74/yahboom_src/install/image_color_lab/lib:/home/dwduong74/yahboom_src/install/champ_base/lib:/home/dwduong74/yahboom_src/install/champ_msgs/lib:/usr/lib/x86_64-linux-gnu/gazebo-11/plugins:/opt/ros/humble/opt/rviz_ogre_vendor/lib:/opt/ros/humble/lib/x86_64-linux-gnu:/opt/ros/humble/lib /usr/bin/cmake --install /home/dwduong74/yahboom_src/build/champ_description
[2.628s] DEBUG:colcon.colcon_core.event_handler.log_command:Invoked command in '/home/dwduong74/yahboom_src/build/go2_description' returned '0': CMAKE_PREFIX_PATH=${CMAKE_PREFIX_PATH}:/home/dwduong74/yahboom_src/install/yahboom_set_height:/home/dwduong74/yahboom_src/install/yahboom_mediapipe:/home/dwduong74/yahboom_src/install/yahboom_gait:/home/dwduong74/yahboom_src/install/yahboom_dog_joint_state:/home/dwduong74/yahboom_src/install/yahboom_description:/home/dwduong74/yahboom_src/install/yahboom_bringup:/home/dwduong74/yahboom_src/install/yahboom_base:/home/dwduong74/yahboom_src/install/yahboom_app_save_map:/home/dwduong74/yahboom_src/install/tf_publisher:/home/dwduong74/yahboom_src/install/bringup:/home/dwduong74/LUMI_ws/install/custom_explorer:/opt/ros/humble /usr/bin/cmake --build /home/dwduong74/yahboom_src/build/go2_description -- -j8 -l8
[2.629s] DEBUG:colcon.colcon_core.event_handler.log_command:Invoking command in '/home/dwduong74/yahboom_src/build/go2_description': CMAKE_PREFIX_PATH=${CMAKE_PREFIX_PATH}:/home/dwduong74/yahboom_src/install/yahboom_set_height:/home/dwduong74/yahboom_src/install/yahboom_mediapipe:/home/dwduong74/yahboom_src/install/yahboom_gait:/home/dwduong74/yahboom_src/install/yahboom_dog_joint_state:/home/dwduong74/yahboom_src/install/yahboom_description:/home/dwduong74/yahboom_src/install/yahboom_bringup:/home/dwduong74/yahboom_src/install/yahboom_base:/home/dwduong74/yahboom_src/install/yahboom_app_save_map:/home/dwduong74/yahboom_src/install/tf_publisher:/home/dwduong74/yahboom_src/install/bringup:/home/dwduong74/LUMI_ws/install/custom_explorer:/opt/ros/humble /usr/bin/cmake --install /home/dwduong74/yahboom_src/build/go2_description
[2.657s] Level 1:colcon.colcon_core.environment:create_environment_scripts_only(velodyne_description)
[2.658s] Level 1:colcon.colcon_core.environment:checking '/home/dwduong74/yahboom_src/install/velodyne_description' for CMake module files
[2.659s] Level 1:colcon.colcon_core.environment:checking '/home/dwduong74/yahboom_src/install/velodyne_description' for CMake config files
[2.660s] Level 1:colcon.colcon_core.shell:create_environment_hook('velodyne_description', 'cmake_prefix_path')
[2.660s] INFO:colcon.colcon_core.shell:Creating environment hook '/home/dwduong74/yahboom_src/install/velodyne_description/share/velodyne_description/hook/cmake_prefix_path.ps1'
[2.661s] INFO:colcon.colcon_core.shell:Creating environment descriptor '/home/dwduong74/yahboom_src/install/velodyne_description/share/velodyne_description/hook/cmake_prefix_path.dsv'
[2.665s] INFO:colcon.colcon_core.shell:Creating environment hook '/home/dwduong74/yahboom_src/install/velodyne_description/share/velodyne_description/hook/cmake_prefix_path.sh'
[2.667s] Level 1:colcon.colcon_core.environment:checking '/home/dwduong74/yahboom_src/install/velodyne_description/bin'
[2.667s] Level 1:colcon.colcon_core.environment:checking '/home/dwduong74/yahboom_src/install/velodyne_description/lib/pkgconfig/velodyne_description.pc'
[2.669s] Level 1:colcon.colcon_core.environment:checking '/home/dwduong74/yahboom_src/install/velodyne_description/lib/python3.10/site-packages'
[2.670s] Level 1:colcon.colcon_core.environment:checking '/home/dwduong74/yahboom_src/install/velodyne_description/bin'
[2.671s] INFO:colcon.colcon_core.shell:Creating package script '/home/dwduong74/yahboom_src/install/velodyne_description/share/velodyne_description/package.ps1'
[2.672s] INFO:colcon.colcon_core.shell:Creating package descriptor '/home/dwduong74/yahboom_src/install/velodyne_description/share/velodyne_description/package.dsv'
[2.672s] INFO:colcon.colcon_core.shell:Creating package script '/home/dwduong74/yahboom_src/install/velodyne_description/share/velodyne_description/package.sh'
[2.674s] DEBUG:colcon.colcon_core.event_handler.log_command:Invoked command in '/home/dwduong74/yahboom_src/build/velodyne_description' returned '0': CMAKE_PREFIX_PATH=/home/dwduong74/yahboom_src/install/velodyne_gazebo_plugins:/home/dwduong74/yahboom_src/install/yahboom_msgs:/home/dwduong74/yahboom_src/install/velodyne_simulator:/home/dwduong74/yahboom_src/install/velodyne_description:/home/dwduong74/yahboom_src/install/champ_bringup:/home/dwduong74/yahboom_src/install/champ_description:/home/dwduong74/yahboom_src/install/oradar_lidar:/home/dwduong74/yahboom_src/install/image_color_lab:/home/dwduong74/yahboom_src/install/go2_description:/home/dwduong74/yahboom_src/install/go2_config:/home/dwduong74/yahboom_src/install/dogzilla_description:/home/dwduong74/yahboom_src/install/dogzilla_config:/home/dwduong74/yahboom_src/install/champ_teleop:/home/dwduong74/yahboom_src/install/champ_navigation:/home/dwduong74/yahboom_src/install/champ_gazebo:/home/dwduong74/yahboom_src/install/champ_base:/home/dwduong74/yahboom_src/install/champ_msgs:/home/dwduong74/yahboom_src/install/champ_config:/home/dwduong74/yahboom_src/install/champ:/home/dwduong74/LUMI_ws/install/turtlebot3_manipulation_gazebo:/home/dwduong74/LUMI_ws/install/champ:/home/dwduong74/LUMI_ws/install/rf2o_laser_odometry:/home/dwduong74/yahboom_src/install/yahboom_set_height:/home/dwduong74/yahboom_src/install/yahboom_mediapipe:/home/dwduong74/yahboom_src/install/yahboom_gait:/home/dwduong74/yahboom_src/install/yahboom_dog_joint_state:/home/dwduong74/yahboom_src/install/yahboom_description:/home/dwduong74/yahboom_src/install/yahboom_bringup:/home/dwduong74/yahboom_src/install/yahboom_base:/home/dwduong74/yahboom_src/install/yahboom_app_save_map:/home/dwduong74/yahboom_src/install/tf_publisher:/home/dwduong74/yahboom_src/install/bringup:/home/dwduong74/LUMI_ws/install/custom_explorer:/opt/ros/humble LD_LIBRARY_PATH=/home/dwduong74/yahboom_src/install/velodyne_gazebo_plugins/lib:/home/dwduong74/yahboom_src/install/yahboom_msgs/lib:/home/dwduong74/yahboom_src/install/image_color_lab/lib:/home/dwduong74/yahboom_src/install/champ_base/lib:/home/dwduong74/yahboom_src/install/champ_msgs/lib:/usr/lib/x86_64-linux-gnu/gazebo-11/plugins:/opt/ros/humble/opt/rviz_ogre_vendor/lib:/opt/ros/humble/lib/x86_64-linux-gnu:/opt/ros/humble/lib /usr/bin/cmake --install /home/dwduong74/yahboom_src/build/velodyne_description
[2.675s] INFO:colcon.colcon_core.shell:Creating package script '/home/dwduong74/yahboom_src/install/velodyne_description/share/velodyne_description/package.bash'
[2.676s] INFO:colcon.colcon_core.shell:Creating package script '/home/dwduong74/yahboom_src/install/velodyne_description/share/velodyne_description/package.zsh'
[2.677s] Level 1:colcon.colcon_core.environment:create_file_with_runtime_dependencies(/home/dwduong74/yahboom_src/install/velodyne_description/share/colcon-core/packages/velodyne_description)
[2.680s] Level 1:colcon.colcon_core.environment:create_environment_scripts_only(velodyne_description)
[2.681s] Level 1:colcon.colcon_core.environment:checking '/home/dwduong74/yahboom_src/install/velodyne_description' for CMake module files
[2.685s] Level 1:colcon.colcon_core.environment:checking '/home/dwduong74/yahboom_src/install/velodyne_description' for CMake config files
[2.685s] Level 1:colcon.colcon_core.shell:create_environment_hook('velodyne_description', 'cmake_prefix_path')
[2.688s] INFO:colcon.colcon_core.shell:Creating environment hook '/home/dwduong74/yahboom_src/install/velodyne_description/share/velodyne_description/hook/cmake_prefix_path.ps1'
[2.690s] INFO:colcon.colcon_core.shell:Creating environment descriptor '/home/dwduong74/yahboom_src/install/velodyne_description/share/velodyne_description/hook/cmake_prefix_path.dsv'
[2.691s] INFO:colcon.colcon_core.shell:Creating environment hook '/home/dwduong74/yahboom_src/install/velodyne_description/share/velodyne_description/hook/cmake_prefix_path.sh'
[2.696s] Level 1:colcon.colcon_core.environment:checking '/home/dwduong74/yahboom_src/install/velodyne_description/bin'
[2.696s] Level 1:colcon.colcon_core.environment:checking '/home/dwduong74/yahboom_src/install/velodyne_description/lib/pkgconfig/velodyne_description.pc'
[2.697s] Level 1:colcon.colcon_core.environment:checking '/home/dwduong74/yahboom_src/install/velodyne_description/lib/python3.10/site-packages'
[2.709s] Level 1:colcon.colcon_core.environment:checking '/home/dwduong74/yahboom_src/install/velodyne_description/bin'
[2.710s] INFO:colcon.colcon_core.shell:Creating package script '/home/dwduong74/yahboom_src/install/velodyne_description/share/velodyne_description/package.ps1'
[2.712s] INFO:colcon.colcon_core.shell:Creating package descriptor '/home/dwduong74/yahboom_src/install/velodyne_description/share/velodyne_description/package.dsv'
[2.715s] INFO:colcon.colcon_core.shell:Creating package script '/home/dwduong74/yahboom_src/install/velodyne_description/share/velodyne_description/package.sh'
[2.731s] INFO:colcon.colcon_core.shell:Creating package script '/home/dwduong74/yahboom_src/install/velodyne_description/share/velodyne_description/package.bash'
[2.737s] INFO:colcon.colcon_core.shell:Creating package script '/home/dwduong74/yahboom_src/install/velodyne_description/share/velodyne_description/package.zsh'
[2.738s] Level 1:colcon.colcon_core.environment:create_file_with_runtime_dependencies(/home/dwduong74/yahboom_src/install/velodyne_description/share/colcon-core/packages/velodyne_description)
[2.740s] INFO:colcon.colcon_ros.task.ament_cmake.build:Building ROS package in '/home/dwduong74/yahboom_src/src/oradar_lidar' with build type 'ament_cmake'
[2.743s] INFO:colcon.colcon_cmake.task.cmake.build:Building CMake package in '/home/dwduong74/yahboom_src/src/oradar_lidar'
[2.744s] INFO:colcon.colcon_core.shell:Skip shell extension 'powershell' for command environment: Not usable outside of PowerShell
[2.744s] DEBUG:colcon.colcon_core.shell:Skip shell extension 'dsv' for command environment
[2.783s] Level 1:colcon.colcon_core.environment:create_environment_scripts_only(go2_config)
[2.784s] Level 1:colcon.colcon_core.environment:checking '/home/dwduong74/yahboom_src/install/go2_config' for CMake module files
[2.785s] Level 1:colcon.colcon_core.environment:checking '/home/dwduong74/yahboom_src/install/go2_config' for CMake config files
[2.787s] DEBUG:colcon.colcon_core.event_handler.log_command:Invoked command in '/home/dwduong74/yahboom_src/build/go2_config' returned '0': CMAKE_PREFIX_PATH=${CMAKE_PREFIX_PATH}:/home/dwduong74/yahboom_src/install/yahboom_set_height:/home/dwduong74/yahboom_src/install/yahboom_mediapipe:/home/dwduong74/yahboom_src/install/yahboom_gait:/home/dwduong74/yahboom_src/install/yahboom_dog_joint_state:/home/dwduong74/yahboom_src/install/yahboom_description:/home/dwduong74/yahboom_src/install/yahboom_bringup:/home/dwduong74/yahboom_src/install/yahboom_base:/home/dwduong74/yahboom_src/install/yahboom_app_save_map:/home/dwduong74/yahboom_src/install/tf_publisher:/home/dwduong74/yahboom_src/install/bringup:/home/dwduong74/LUMI_ws/install/custom_explorer:/opt/ros/humble /usr/bin/cmake --install /home/dwduong74/yahboom_src/build/go2_config
[2.787s] Level 1:colcon.colcon_core.shell:create_environment_hook('go2_config', 'cmake_prefix_path')
[2.788s] INFO:colcon.colcon_core.shell:Creating environment hook '/home/dwduong74/yahboom_src/install/go2_config/share/go2_config/hook/cmake_prefix_path.ps1'
[2.789s] INFO:colcon.colcon_core.shell:Creating environment descriptor '/home/dwduong74/yahboom_src/install/go2_config/share/go2_config/hook/cmake_prefix_path.dsv'
[2.790s] INFO:colcon.colcon_core.shell:Creating environment hook '/home/dwduong74/yahboom_src/install/go2_config/share/go2_config/hook/cmake_prefix_path.sh'
[2.791s] Level 1:colcon.colcon_core.environment:checking '/home/dwduong74/yahboom_src/install/go2_config/bin'
[2.791s] Level 1:colcon.colcon_core.environment:checking '/home/dwduong74/yahboom_src/install/go2_config/lib/pkgconfig/go2_config.pc'
[2.792s] Level 1:colcon.colcon_core.environment:checking '/home/dwduong74/yahboom_src/install/go2_config/lib/python3.10/site-packages'
[2.792s] Level 1:colcon.colcon_core.environment:checking '/home/dwduong74/yahboom_src/install/go2_config/bin'
[2.793s] INFO:colcon.colcon_core.shell:Creating package script '/home/dwduong74/yahboom_src/install/go2_config/share/go2_config/package.ps1'
[2.794s] INFO:colcon.colcon_core.shell:Creating package descriptor '/home/dwduong74/yahboom_src/install/go2_config/share/go2_config/package.dsv'
[2.795s] INFO:colcon.colcon_core.shell:Creating package script '/home/dwduong74/yahboom_src/install/go2_config/share/go2_config/package.sh'
[2.796s] INFO:colcon.colcon_core.shell:Creating package script '/home/dwduong74/yahboom_src/install/go2_config/share/go2_config/package.bash'
[2.797s] INFO:colcon.colcon_core.shell:Creating package script '/home/dwduong74/yahboom_src/install/go2_config/share/go2_config/package.zsh'
[2.798s] Level 1:colcon.colcon_core.environment:create_file_with_runtime_dependencies(/home/dwduong74/yahboom_src/install/go2_config/share/colcon-core/packages/go2_config)
[2.800s] Level 1:colcon.colcon_core.environment:create_environment_scripts_only(go2_config)
[2.804s] Level 1:colcon.colcon_core.environment:checking '/home/dwduong74/yahboom_src/install/go2_config' for CMake module files
[2.805s] Level 1:colcon.colcon_core.environment:checking '/home/dwduong74/yahboom_src/install/go2_config' for CMake config files
[2.806s] Level 1:colcon.colcon_core.shell:create_environment_hook('go2_config', 'cmake_prefix_path')
[2.807s] INFO:colcon.colcon_core.shell:Creating environment hook '/home/dwduong74/yahboom_src/install/go2_config/share/go2_config/hook/cmake_prefix_path.ps1'
[2.813s] INFO:colcon.colcon_core.shell:Creating environment descriptor '/home/dwduong74/yahboom_src/install/go2_config/share/go2_config/hook/cmake_prefix_path.dsv'
[2.820s] INFO:colcon.colcon_core.shell:Creating environment hook '/home/dwduong74/yahboom_src/install/go2_config/share/go2_config/hook/cmake_prefix_path.sh'
[2.822s] Level 1:colcon.colcon_core.environment:checking '/home/dwduong74/yahboom_src/install/go2_config/bin'
[2.823s] Level 1:colcon.colcon_core.environment:checking '/home/dwduong74/yahboom_src/install/go2_config/lib/pkgconfig/go2_config.pc'
[2.823s] Level 1:colcon.colcon_core.environment:checking '/home/dwduong74/yahboom_src/install/go2_config/lib/python3.10/site-packages'
[2.824s] Level 1:colcon.colcon_core.environment:checking '/home/dwduong74/yahboom_src/install/go2_config/bin'
[2.824s] INFO:colcon.colcon_core.shell:Creating package script '/home/dwduong74/yahboom_src/install/go2_config/share/go2_config/package.ps1'
[2.825s] INFO:colcon.colcon_core.shell:Creating package descriptor '/home/dwduong74/yahboom_src/install/go2_config/share/go2_config/package.dsv'
[2.828s] INFO:colcon.colcon_core.shell:Creating package script '/home/dwduong74/yahboom_src/install/go2_config/share/go2_config/package.sh'
[2.829s] INFO:colcon.colcon_core.shell:Creating package script '/home/dwduong74/yahboom_src/install/go2_config/share/go2_config/package.bash'
[2.831s] INFO:colcon.colcon_core.shell:Creating package script '/home/dwduong74/yahboom_src/install/go2_config/share/go2_config/package.zsh'
[2.832s] Level 1:colcon.colcon_core.environment:create_file_with_runtime_dependencies(/home/dwduong74/yahboom_src/install/go2_config/share/colcon-core/packages/go2_config)
[2.833s] Level 1:colcon.colcon_core.environment:create_environment_scripts_only(champ_description)
[2.834s] Level 1:colcon.colcon_core.environment:checking '/home/dwduong74/yahboom_src/install/champ_description' for CMake module files
[2.835s] Level 1:colcon.colcon_core.environment:checking '/home/dwduong74/yahboom_src/install/champ_description' for CMake config files
[2.836s] Level 1:colcon.colcon_core.shell:create_environment_hook('champ_description', 'cmake_prefix_path')
[2.837s] INFO:colcon.colcon_core.shell:Creating environment hook '/home/dwduong74/yahboom_src/install/champ_description/share/champ_description/hook/cmake_prefix_path.ps1'
[2.837s] DEBUG:colcon.colcon_core.event_handler.log_command:Invoked command in '/home/dwduong74/yahboom_src/build/champ_description' returned '0': CMAKE_PREFIX_PATH=/home/dwduong74/yahboom_src/install/velodyne_gazebo_plugins:/home/dwduong74/yahboom_src/install/yahboom_msgs:/home/dwduong74/yahboom_src/install/velodyne_simulator:/home/dwduong74/yahboom_src/install/velodyne_description:/home/dwduong74/yahboom_src/install/champ_bringup:/home/dwduong74/yahboom_src/install/champ_description:/home/dwduong74/yahboom_src/install/oradar_lidar:/home/dwduong74/yahboom_src/install/image_color_lab:/home/dwduong74/yahboom_src/install/go2_description:/home/dwduong74/yahboom_src/install/go2_config:/home/dwduong74/yahboom_src/install/dogzilla_description:/home/dwduong74/yahboom_src/install/dogzilla_config:/home/dwduong74/yahboom_src/install/champ_teleop:/home/dwduong74/yahboom_src/install/champ_navigation:/home/dwduong74/yahboom_src/install/champ_gazebo:/home/dwduong74/yahboom_src/install/champ_base:/home/dwduong74/yahboom_src/install/champ_msgs:/home/dwduong74/yahboom_src/install/champ_config:/home/dwduong74/yahboom_src/install/champ:/home/dwduong74/LUMI_ws/install/turtlebot3_manipulation_gazebo:/home/dwduong74/LUMI_ws/install/champ:/home/dwduong74/LUMI_ws/install/rf2o_laser_odometry:/home/dwduong74/yahboom_src/install/yahboom_set_height:/home/dwduong74/yahboom_src/install/yahboom_mediapipe:/home/dwduong74/yahboom_src/install/yahboom_gait:/home/dwduong74/yahboom_src/install/yahboom_dog_joint_state:/home/dwduong74/yahboom_src/install/yahboom_description:/home/dwduong74/yahboom_src/install/yahboom_bringup:/home/dwduong74/yahboom_src/install/yahboom_base:/home/dwduong74/yahboom_src/install/yahboom_app_save_map:/home/dwduong74/yahboom_src/install/tf_publisher:/home/dwduong74/yahboom_src/install/bringup:/home/dwduong74/LUMI_ws/install/custom_explorer:/opt/ros/humble LD_LIBRARY_PATH=/home/dwduong74/yahboom_src/install/velodyne_gazebo_plugins/lib:/home/dwduong74/yahboom_src/install/yahboom_msgs/lib:/home/dwduong74/yahboom_src/install/image_color_lab/lib:/home/dwduong74/yahboom_src/install/champ_base/lib:/home/dwduong74/yahboom_src/install/champ_msgs/lib:/usr/lib/x86_64-linux-gnu/gazebo-11/plugins:/opt/ros/humble/opt/rviz_ogre_vendor/lib:/opt/ros/humble/lib/x86_64-linux-gnu:/opt/ros/humble/lib /usr/bin/cmake --install /home/dwduong74/yahboom_src/build/champ_description
[2.839s] INFO:colcon.colcon_core.shell:Creating environment descriptor '/home/dwduong74/yahboom_src/install/champ_description/share/champ_description/hook/cmake_prefix_path.dsv'
[2.840s] INFO:colcon.colcon_core.shell:Creating environment hook '/home/dwduong74/yahboom_src/install/champ_description/share/champ_description/hook/cmake_prefix_path.sh'
[2.842s] Level 1:colcon.colcon_core.environment:checking '/home/dwduong74/yahboom_src/install/champ_description/bin'
[2.842s] Level 1:colcon.colcon_core.environment:checking '/home/dwduong74/yahboom_src/install/champ_description/lib/pkgconfig/champ_description.pc'
[2.842s] Level 1:colcon.colcon_core.environment:checking '/home/dwduong74/yahboom_src/install/champ_description/lib/python3.10/site-packages'
[2.844s] Level 1:colcon.colcon_core.environment:checking '/home/dwduong74/yahboom_src/install/champ_description/bin'
[2.845s] INFO:colcon.colcon_core.shell:Creating package script '/home/dwduong74/yahboom_src/install/champ_description/share/champ_description/package.ps1'
[2.846s] INFO:colcon.colcon_core.shell:Creating package descriptor '/home/dwduong74/yahboom_src/install/champ_description/share/champ_description/package.dsv'
[2.847s] INFO:colcon.colcon_core.shell:Creating package script '/home/dwduong74/yahboom_src/install/champ_description/share/champ_description/package.sh'
[2.848s] INFO:colcon.colcon_core.shell:Creating package script '/home/dwduong74/yahboom_src/install/champ_description/share/champ_description/package.bash'
[2.848s] INFO:colcon.colcon_core.shell:Creating package script '/home/dwduong74/yahboom_src/install/champ_description/share/champ_description/package.zsh'
[2.849s] Level 1:colcon.colcon_core.environment:create_file_with_runtime_dependencies(/home/dwduong74/yahboom_src/install/champ_description/share/colcon-core/packages/champ_description)
[2.851s] Level 1:colcon.colcon_core.environment:create_environment_scripts_only(champ_description)
[2.851s] Level 1:colcon.colcon_core.environment:checking '/home/dwduong74/yahboom_src/install/champ_description' for CMake module files
[2.852s] Level 1:colcon.colcon_core.environment:checking '/home/dwduong74/yahboom_src/install/champ_description' for CMake config files
[2.853s] Level 1:colcon.colcon_core.shell:create_environment_hook('champ_description', 'cmake_prefix_path')
[2.854s] INFO:colcon.colcon_core.shell:Creating environment hook '/home/dwduong74/yahboom_src/install/champ_description/share/champ_description/hook/cmake_prefix_path.ps1'
[2.855s] INFO:colcon.colcon_core.shell:Creating environment descriptor '/home/dwduong74/yahboom_src/install/champ_description/share/champ_description/hook/cmake_prefix_path.dsv'
[2.855s] INFO:colcon.colcon_core.shell:Creating environment hook '/home/dwduong74/yahboom_src/install/champ_description/share/champ_description/hook/cmake_prefix_path.sh'
[2.856s] Level 1:colcon.colcon_core.environment:checking '/home/dwduong74/yahboom_src/install/champ_description/bin'
[2.856s] Level 1:colcon.colcon_core.environment:checking '/home/dwduong74/yahboom_src/install/champ_description/lib/pkgconfig/champ_description.pc'
[2.857s] Level 1:colcon.colcon_core.environment:checking '/home/dwduong74/yahboom_src/install/champ_description/lib/python3.10/site-packages'
[2.858s] Level 1:colcon.colcon_core.environment:checking '/home/dwduong74/yahboom_src/install/champ_description/bin'
[2.858s] INFO:colcon.colcon_core.shell:Creating package script '/home/dwduong74/yahboom_src/install/champ_description/share/champ_description/package.ps1'
[2.859s] INFO:colcon.colcon_core.shell:Creating package descriptor '/home/dwduong74/yahboom_src/install/champ_description/share/champ_description/package.dsv'
[2.860s] INFO:colcon.colcon_core.shell:Creating package script '/home/dwduong74/yahboom_src/install/champ_description/share/champ_description/package.sh'
[2.861s] INFO:colcon.colcon_core.shell:Creating package script '/home/dwduong74/yahboom_src/install/champ_description/share/champ_description/package.bash'
[2.863s] INFO:colcon.colcon_core.shell:Creating package script '/home/dwduong74/yahboom_src/install/champ_description/share/champ_description/package.zsh'
[2.864s] Level 1:colcon.colcon_core.environment:create_file_with_runtime_dependencies(/home/dwduong74/yahboom_src/install/champ_description/share/colcon-core/packages/champ_description)
[2.866s] INFO:colcon.colcon_ros.task.ament_python.build:Building ROS package in '/home/dwduong74/yahboom_src/src/tf_publisher' with build type 'ament_python'
[2.866s] Level 1:colcon.colcon_core.shell:create_environment_hook('tf_publisher', 'ament_prefix_path')
[2.866s] INFO:colcon.colcon_core.shell:Creating environment hook '/home/dwduong74/yahboom_src/install/tf_publisher/share/tf_publisher/hook/ament_prefix_path.ps1'
[2.867s] INFO:colcon.colcon_core.shell:Creating environment descriptor '/home/dwduong74/yahboom_src/install/tf_publisher/share/tf_publisher/hook/ament_prefix_path.dsv'
[2.868s] INFO:colcon.colcon_core.shell:Creating environment hook '/home/dwduong74/yahboom_src/install/tf_publisher/share/tf_publisher/hook/ament_prefix_path.sh'
[2.870s] INFO:colcon.colcon_core.shell:Skip shell extension 'powershell' for command environment: Not usable outside of PowerShell
[2.870s] DEBUG:colcon.colcon_core.shell:Skip shell extension 'dsv' for command environment
[2.888s] INFO:colcon.colcon_ros.task.ament_python.build:Building ROS package in '/home/dwduong74/yahboom_src/src/yahboom_app_save_map' with build type 'ament_python'
[2.888s] Level 1:colcon.colcon_core.shell:create_environment_hook('yahboom_app_save_map', 'ament_prefix_path')
[2.889s] INFO:colcon.colcon_core.shell:Creating environment hook '/home/dwduong74/yahboom_src/install/yahboom_app_save_map/share/yahboom_app_save_map/hook/ament_prefix_path.ps1'
[2.890s] INFO:colcon.colcon_core.shell:Creating environment descriptor '/home/dwduong74/yahboom_src/install/yahboom_app_save_map/share/yahboom_app_save_map/hook/ament_prefix_path.dsv'
[2.890s] INFO:colcon.colcon_core.shell:Creating environment hook '/home/dwduong74/yahboom_src/install/yahboom_app_save_map/share/yahboom_app_save_map/hook/ament_prefix_path.sh'
[2.891s] INFO:colcon.colcon_core.shell:Skip shell extension 'powershell' for command environment: Not usable outside of PowerShell
[2.892s] DEBUG:colcon.colcon_core.shell:Skip shell extension 'dsv' for command environment
[2.907s] Level 1:colcon.colcon_core.environment:create_environment_scripts_only(champ_msgs)
[2.909s] Level 1:colcon.colcon_core.environment:checking '/home/dwduong74/yahboom_src/install/champ_msgs' for CMake module files
[2.909s] DEBUG:colcon.colcon_core.event_handler.log_command:Invoked command in '/home/dwduong74/yahboom_src/build/champ_msgs' returned '0': CMAKE_PREFIX_PATH=${CMAKE_PREFIX_PATH}:/home/dwduong74/yahboom_src/install/yahboom_set_height:/home/dwduong74/yahboom_src/install/yahboom_mediapipe:/home/dwduong74/yahboom_src/install/yahboom_gait:/home/dwduong74/yahboom_src/install/yahboom_dog_joint_state:/home/dwduong74/yahboom_src/install/yahboom_description:/home/dwduong74/yahboom_src/install/yahboom_bringup:/home/dwduong74/yahboom_src/install/yahboom_base:/home/dwduong74/yahboom_src/install/yahboom_app_save_map:/home/dwduong74/yahboom_src/install/tf_publisher:/home/dwduong74/yahboom_src/install/bringup:/home/dwduong74/LUMI_ws/install/custom_explorer:/opt/ros/humble /usr/bin/cmake --install /home/dwduong74/yahboom_src/build/champ_msgs
[2.911s] Level 1:colcon.colcon_core.environment:checking '/home/dwduong74/yahboom_src/install/champ_msgs' for CMake config files
[2.913s] Level 1:colcon.colcon_core.shell:create_environment_hook('champ_msgs', 'cmake_prefix_path')
[2.914s] INFO:colcon.colcon_core.shell:Creating environment hook '/home/dwduong74/yahboom_src/install/champ_msgs/share/champ_msgs/hook/cmake_prefix_path.ps1'
[2.915s] INFO:colcon.colcon_core.shell:Creating environment descriptor '/home/dwduong74/yahboom_src/install/champ_msgs/share/champ_msgs/hook/cmake_prefix_path.dsv'
[2.916s] INFO:colcon.colcon_core.shell:Creating environment hook '/home/dwduong74/yahboom_src/install/champ_msgs/share/champ_msgs/hook/cmake_prefix_path.sh'
[2.917s] Level 1:colcon.colcon_core.environment:checking '/home/dwduong74/yahboom_src/install/champ_msgs/lib'
[2.917s] Level 1:colcon.colcon_core.shell:create_environment_hook('champ_msgs', 'ld_library_path_lib')
[2.918s] INFO:colcon.colcon_core.shell:Creating environment hook '/home/dwduong74/yahboom_src/install/champ_msgs/share/champ_msgs/hook/ld_library_path_lib.ps1'
[2.919s] INFO:colcon.colcon_core.shell:Creating environment descriptor '/home/dwduong74/yahboom_src/install/champ_msgs/share/champ_msgs/hook/ld_library_path_lib.dsv'
[2.921s] INFO:colcon.colcon_core.shell:Creating environment hook '/home/dwduong74/yahboom_src/install/champ_msgs/share/champ_msgs/hook/ld_library_path_lib.sh'
[2.922s] Level 1:colcon.colcon_core.environment:checking '/home/dwduong74/yahboom_src/install/champ_msgs/bin'
[2.922s] Level 1:colcon.colcon_core.environment:checking '/home/dwduong74/yahboom_src/install/champ_msgs/lib/pkgconfig/champ_msgs.pc'
[2.923s] Level 1:colcon.colcon_core.environment:checking '/home/dwduong74/yahboom_src/install/champ_msgs/lib/python3.10/site-packages'
[2.924s] Level 1:colcon.colcon_core.environment:checking '/home/dwduong74/yahboom_src/install/champ_msgs/bin'
[2.926s] INFO:colcon.colcon_core.shell:Creating package script '/home/dwduong74/yahboom_src/install/champ_msgs/share/champ_msgs/package.ps1'
[2.929s] INFO:colcon.colcon_core.shell:Creating package descriptor '/home/dwduong74/yahboom_src/install/champ_msgs/share/champ_msgs/package.dsv'
[2.932s] INFO:colcon.colcon_core.shell:Creating package script '/home/dwduong74/yahboom_src/install/champ_msgs/share/champ_msgs/package.sh'
[2.935s] INFO:colcon.colcon_core.shell:Creating package script '/home/dwduong74/yahboom_src/install/champ_msgs/share/champ_msgs/package.bash'
[2.939s] INFO:colcon.colcon_core.shell:Creating package script '/home/dwduong74/yahboom_src/install/champ_msgs/share/champ_msgs/package.zsh'
[2.941s] Level 1:colcon.colcon_core.environment:create_file_with_runtime_dependencies(/home/dwduong74/yahboom_src/install/champ_msgs/share/colcon-core/packages/champ_msgs)
[2.944s] Level 1:colcon.colcon_core.environment:create_environment_scripts_only(champ_msgs)
[2.945s] Level 1:colcon.colcon_core.environment:checking '/home/dwduong74/yahboom_src/install/champ_msgs' for CMake module files
[2.947s] Level 1:colcon.colcon_core.environment:checking '/home/dwduong74/yahboom_src/install/champ_msgs' for CMake config files
[2.948s] Level 1:colcon.colcon_core.shell:create_environment_hook('champ_msgs', 'cmake_prefix_path')
[2.948s] INFO:colcon.colcon_core.shell:Creating environment hook '/home/dwduong74/yahboom_src/install/champ_msgs/share/champ_msgs/hook/cmake_prefix_path.ps1'
[2.949s] INFO:colcon.colcon_core.shell:Creating environment descriptor '/home/dwduong74/yahboom_src/install/champ_msgs/share/champ_msgs/hook/cmake_prefix_path.dsv'
[2.950s] INFO:colcon.colcon_core.shell:Creating environment hook '/home/dwduong74/yahboom_src/install/champ_msgs/share/champ_msgs/hook/cmake_prefix_path.sh'
[2.952s] Level 1:colcon.colcon_core.environment:checking '/home/dwduong74/yahboom_src/install/champ_msgs/lib'
[2.952s] Level 1:colcon.colcon_core.shell:create_environment_hook('champ_msgs', 'ld_library_path_lib')
[2.952s] INFO:colcon.colcon_core.shell:Creating environment hook '/home/dwduong74/yahboom_src/install/champ_msgs/share/champ_msgs/hook/ld_library_path_lib.ps1'
[2.954s] INFO:colcon.colcon_core.shell:Creating environment descriptor '/home/dwduong74/yahboom_src/install/champ_msgs/share/champ_msgs/hook/ld_library_path_lib.dsv'
[2.956s] INFO:colcon.colcon_core.shell:Creating environment hook '/home/dwduong74/yahboom_src/install/champ_msgs/share/champ_msgs/hook/ld_library_path_lib.sh'
[2.958s] Level 1:colcon.colcon_core.environment:checking '/home/dwduong74/yahboom_src/install/champ_msgs/bin'
[2.958s] Level 1:colcon.colcon_core.environment:checking '/home/dwduong74/yahboom_src/install/champ_msgs/lib/pkgconfig/champ_msgs.pc'
[2.959s] Level 1:colcon.colcon_core.environment:checking '/home/dwduong74/yahboom_src/install/champ_msgs/lib/python3.10/site-packages'
[2.960s] Level 1:colcon.colcon_core.environment:checking '/home/dwduong74/yahboom_src/install/champ_msgs/bin'
[2.962s] INFO:colcon.colcon_core.shell:Creating package script '/home/dwduong74/yahboom_src/install/champ_msgs/share/champ_msgs/package.ps1'
[2.966s] INFO:colcon.colcon_core.shell:Creating package descriptor '/home/dwduong74/yahboom_src/install/champ_msgs/share/champ_msgs/package.dsv'
[2.968s] INFO:colcon.colcon_core.shell:Creating package script '/home/dwduong74/yahboom_src/install/champ_msgs/share/champ_msgs/package.sh'
[2.971s] INFO:colcon.colcon_core.shell:Creating package script '/home/dwduong74/yahboom_src/install/champ_msgs/share/champ_msgs/package.bash'
[2.973s] INFO:colcon.colcon_core.shell:Creating package script '/home/dwduong74/yahboom_src/install/champ_msgs/share/champ_msgs/package.zsh'
[2.977s] Level 1:colcon.colcon_core.environment:create_file_with_runtime_dependencies(/home/dwduong74/yahboom_src/install/champ_msgs/share/colcon-core/packages/champ_msgs)
[2.981s] INFO:colcon.colcon_ros.task.ament_cmake.build:Building ROS package in '/home/dwduong74/yahboom_src/src/unitree-go2-ros2/champ/champ_base' with build type 'ament_cmake'
[2.981s] INFO:colcon.colcon_cmake.task.cmake.build:Building CMake package in '/home/dwduong74/yahboom_src/src/unitree-go2-ros2/champ/champ_base'
[2.982s] INFO:colcon.colcon_core.shell:Skip shell extension 'powershell' for command environment: Not usable outside of PowerShell
[2.983s] DEBUG:colcon.colcon_core.shell:Skip shell extension 'dsv' for command environment
[3.002s] DEBUG:colcon.colcon_core.event_handler.log_command:Invoking command in '/home/dwduong74/yahboom_src/build/oradar_lidar': CMAKE_PREFIX_PATH=${CMAKE_PREFIX_PATH}:/home/dwduong74/yahboom_src/install/yahboom_set_height:/home/dwduong74/yahboom_src/install/yahboom_mediapipe:/home/dwduong74/yahboom_src/install/yahboom_gait:/home/dwduong74/yahboom_src/install/yahboom_dog_joint_state:/home/dwduong74/yahboom_src/install/yahboom_description:/home/dwduong74/yahboom_src/install/yahboom_bringup:/home/dwduong74/yahboom_src/install/yahboom_base:/home/dwduong74/yahboom_src/install/yahboom_app_save_map:/home/dwduong74/yahboom_src/install/tf_publisher:/home/dwduong74/yahboom_src/install/bringup:/home/dwduong74/LUMI_ws/install/custom_explorer:/opt/ros/humble /usr/bin/cmake --build /home/dwduong74/yahboom_src/build/oradar_lidar -- -j8 -l8
[3.005s] Level 1:colcon.colcon_core.environment:create_environment_scripts_only(dogzilla_description)
[3.007s] Level 1:colcon.colcon_core.environment:checking '/home/dwduong74/yahboom_src/install/dogzilla_description' for CMake module files
[3.008s] Level 1:colcon.colcon_core.environment:checking '/home/dwduong74/yahboom_src/install/dogzilla_description' for CMake config files
[3.009s] Level 1:colcon.colcon_core.shell:create_environment_hook('dogzilla_description', 'cmake_prefix_path')
[3.009s] INFO:colcon.colcon_core.shell:Creating environment hook '/home/dwduong74/yahboom_src/install/dogzilla_description/share/dogzilla_description/hook/cmake_prefix_path.ps1'
[3.006s] DEBUG:colcon.colcon_core.event_handler.log_command:Invoked command in '/home/dwduong74/yahboom_src/build/dogzilla_description' returned '0': CMAKE_PREFIX_PATH=${CMAKE_PREFIX_PATH}:/home/dwduong74/yahboom_src/install/yahboom_set_height:/home/dwduong74/yahboom_src/install/yahboom_mediapipe:/home/dwduong74/yahboom_src/install/yahboom_gait:/home/dwduong74/yahboom_src/install/yahboom_dog_joint_state:/home/dwduong74/yahboom_src/install/yahboom_description:/home/dwduong74/yahboom_src/install/yahboom_bringup:/home/dwduong74/yahboom_src/install/yahboom_base:/home/dwduong74/yahboom_src/install/yahboom_app_save_map:/home/dwduong74/yahboom_src/install/tf_publisher:/home/dwduong74/yahboom_src/install/bringup:/home/dwduong74/LUMI_ws/install/custom_explorer:/opt/ros/humble /usr/bin/cmake --install /home/dwduong74/yahboom_src/build/dogzilla_description
[3.011s] INFO:colcon.colcon_core.shell:Creating environment descriptor '/home/dwduong74/yahboom_src/install/dogzilla_description/share/dogzilla_description/hook/cmake_prefix_path.dsv'
[3.012s] INFO:colcon.colcon_core.shell:Creating environment hook '/home/dwduong74/yahboom_src/install/dogzilla_description/share/dogzilla_description/hook/cmake_prefix_path.sh'
[3.013s] Level 1:colcon.colcon_core.environment:checking '/home/dwduong74/yahboom_src/install/dogzilla_description/bin'
[3.013s] Level 1:colcon.colcon_core.environment:checking '/home/dwduong74/yahboom_src/install/dogzilla_description/lib/pkgconfig/dogzilla_description.pc'
[3.013s] Level 1:colcon.colcon_core.environment:checking '/home/dwduong74/yahboom_src/install/dogzilla_description/lib/python3.10/site-packages'
[3.014s] Level 1:colcon.colcon_core.environment:checking '/home/dwduong74/yahboom_src/install/dogzilla_description/bin'
[3.015s] INFO:colcon.colcon_core.shell:Creating package script '/home/dwduong74/yahboom_src/install/dogzilla_description/share/dogzilla_description/package.ps1'
[3.016s] INFO:colcon.colcon_core.shell:Creating package descriptor '/home/dwduong74/yahboom_src/install/dogzilla_description/share/dogzilla_description/package.dsv'
[3.016s] INFO:colcon.colcon_core.shell:Creating package script '/home/dwduong74/yahboom_src/install/dogzilla_description/share/dogzilla_description/package.sh'
[3.017s] INFO:colcon.colcon_core.shell:Creating package script '/home/dwduong74/yahboom_src/install/dogzilla_description/share/dogzilla_description/package.bash'
[3.018s] INFO:colcon.colcon_core.shell:Creating package script '/home/dwduong74/yahboom_src/install/dogzilla_description/share/dogzilla_description/package.zsh'
[3.019s] Level 1:colcon.colcon_core.environment:create_file_with_runtime_dependencies(/home/dwduong74/yahboom_src/install/dogzilla_description/share/colcon-core/packages/dogzilla_description)
[3.020s] Level 1:colcon.colcon_core.environment:create_environment_scripts_only(dogzilla_description)
[3.020s] Level 1:colcon.colcon_core.environment:checking '/home/dwduong74/yahboom_src/install/dogzilla_description' for CMake module files
[3.021s] Level 1:colcon.colcon_core.environment:checking '/home/dwduong74/yahboom_src/install/dogzilla_description' for CMake config files
[3.022s] Level 1:colcon.colcon_core.shell:create_environment_hook('dogzilla_description', 'cmake_prefix_path')
[3.022s] INFO:colcon.colcon_core.shell:Creating environment hook '/home/dwduong74/yahboom_src/install/dogzilla_description/share/dogzilla_description/hook/cmake_prefix_path.ps1'
[3.023s] INFO:colcon.colcon_core.shell:Creating environment descriptor '/home/dwduong74/yahboom_src/install/dogzilla_description/share/dogzilla_description/hook/cmake_prefix_path.dsv'
[3.024s] INFO:colcon.colcon_core.shell:Creating environment hook '/home/dwduong74/yahboom_src/install/dogzilla_description/share/dogzilla_description/hook/cmake_prefix_path.sh'
[3.025s] Level 1:colcon.colcon_core.environment:checking '/home/dwduong74/yahboom_src/install/dogzilla_description/bin'
[3.025s] Level 1:colcon.colcon_core.environment:checking '/home/dwduong74/yahboom_src/install/dogzilla_description/lib/pkgconfig/dogzilla_description.pc'
[3.025s] Level 1:colcon.colcon_core.environment:checking '/home/dwduong74/yahboom_src/install/dogzilla_description/lib/python3.10/site-packages'
[3.026s] Level 1:colcon.colcon_core.environment:checking '/home/dwduong74/yahboom_src/install/dogzilla_description/bin'
[3.026s] INFO:colcon.colcon_core.shell:Creating package script '/home/dwduong74/yahboom_src/install/dogzilla_description/share/dogzilla_description/package.ps1'
[3.027s] INFO:colcon.colcon_core.shell:Creating package descriptor '/home/dwduong74/yahboom_src/install/dogzilla_description/share/dogzilla_description/package.dsv'
[3.028s] INFO:colcon.colcon_core.shell:Creating package script '/home/dwduong74/yahboom_src/install/dogzilla_description/share/dogzilla_description/package.sh'
[3.029s] INFO:colcon.colcon_core.shell:Creating package script '/home/dwduong74/yahboom_src/install/dogzilla_description/share/dogzilla_description/package.bash'
[3.030s] INFO:colcon.colcon_core.shell:Creating package script '/home/dwduong74/yahboom_src/install/dogzilla_description/share/dogzilla_description/package.zsh'
[3.031s] Level 1:colcon.colcon_core.environment:create_file_with_runtime_dependencies(/home/dwduong74/yahboom_src/install/dogzilla_description/share/colcon-core/packages/dogzilla_description)
[3.033s] INFO:colcon.colcon_ros.task.ament_python.build:Building ROS package in '/home/dwduong74/yahboom_src/src/yahboom_base' with build type 'ament_python'
[3.034s] Level 1:colcon.colcon_core.shell:create_environment_hook('yahboom_base', 'ament_prefix_path')
[3.034s] INFO:colcon.colcon_core.shell:Creating environment hook '/home/dwduong74/yahboom_src/install/yahboom_base/share/yahboom_base/hook/ament_prefix_path.ps1'
[3.036s] INFO:colcon.colcon_core.shell:Creating environment descriptor '/home/dwduong74/yahboom_src/install/yahboom_base/share/yahboom_base/hook/ament_prefix_path.dsv'
[3.037s] INFO:colcon.colcon_core.shell:Creating environment hook '/home/dwduong74/yahboom_src/install/yahboom_base/share/yahboom_base/hook/ament_prefix_path.sh'
[3.038s] INFO:colcon.colcon_core.shell:Skip shell extension 'powershell' for command environment: Not usable outside of PowerShell
[3.038s] DEBUG:colcon.colcon_core.shell:Skip shell extension 'dsv' for command environment
[3.790s] INFO:colcon.colcon_core.task.python.build:Building Python package in '/home/dwduong74/yahboom_src/src/tf_publisher'
[3.791s] INFO:colcon.colcon_core.shell:Skip shell extension 'powershell' for command environment: Not usable outside of PowerShell
[3.791s] DEBUG:colcon.colcon_core.shell:Skip shell extension 'dsv' for command environment
[4.507s] INFO:colcon.colcon_core.task.python.build:Building Python package in '/home/dwduong74/yahboom_src/src/yahboom_app_save_map'
[4.508s] INFO:colcon.colcon_core.shell:Skip shell extension 'powershell' for command environment: Not usable outside of PowerShell
[4.508s] DEBUG:colcon.colcon_core.shell:Skip shell extension 'dsv' for command environment
[4.517s] Level 1:colcon.colcon_core.environment:create_environment_scripts_only(go2_description)
[4.517s] Level 1:colcon.colcon_core.environment:checking '/home/dwduong74/yahboom_src/install/go2_description' for CMake module files
[4.519s] DEBUG:colcon.colcon_core.event_handler.log_command:Invoked command in '/home/dwduong74/yahboom_src/build/go2_description' returned '0': CMAKE_PREFIX_PATH=${CMAKE_PREFIX_PATH}:/home/dwduong74/yahboom_src/install/yahboom_set_height:/home/dwduong74/yahboom_src/install/yahboom_mediapipe:/home/dwduong74/yahboom_src/install/yahboom_gait:/home/dwduong74/yahboom_src/install/yahboom_dog_joint_state:/home/dwduong74/yahboom_src/install/yahboom_description:/home/dwduong74/yahboom_src/install/yahboom_bringup:/home/dwduong74/yahboom_src/install/yahboom_base:/home/dwduong74/yahboom_src/install/yahboom_app_save_map:/home/dwduong74/yahboom_src/install/tf_publisher:/home/dwduong74/yahboom_src/install/bringup:/home/dwduong74/LUMI_ws/install/custom_explorer:/opt/ros/humble /usr/bin/cmake --install /home/dwduong74/yahboom_src/build/go2_description
[4.519s] Level 1:colcon.colcon_core.environment:checking '/home/dwduong74/yahboom_src/install/go2_description' for CMake config files
[4.520s] Level 1:colcon.colcon_core.shell:create_environment_hook('go2_description', 'cmake_prefix_path')
[4.520s] INFO:colcon.colcon_core.shell:Creating environment hook '/home/dwduong74/yahboom_src/install/go2_description/share/go2_description/hook/cmake_prefix_path.ps1'
[4.521s] INFO:colcon.colcon_core.shell:Creating environment descriptor '/home/dwduong74/yahboom_src/install/go2_description/share/go2_description/hook/cmake_prefix_path.dsv'
[4.522s] INFO:colcon.colcon_core.shell:Creating environment hook '/home/dwduong74/yahboom_src/install/go2_description/share/go2_description/hook/cmake_prefix_path.sh'
[4.522s] Level 1:colcon.colcon_core.environment:checking '/home/dwduong74/yahboom_src/install/go2_description/bin'
[4.523s] Level 1:colcon.colcon_core.environment:checking '/home/dwduong74/yahboom_src/install/go2_description/lib/pkgconfig/go2_description.pc'
[4.523s] Level 1:colcon.colcon_core.environment:checking '/home/dwduong74/yahboom_src/install/go2_description/lib/python3.10/site-packages'
[4.523s] Level 1:colcon.colcon_core.environment:checking '/home/dwduong74/yahboom_src/install/go2_description/bin'
[4.524s] INFO:colcon.colcon_core.shell:Creating package script '/home/dwduong74/yahboom_src/install/go2_description/share/go2_description/package.ps1'
[4.524s] INFO:colcon.colcon_core.shell:Creating package descriptor '/home/dwduong74/yahboom_src/install/go2_description/share/go2_description/package.dsv'
[4.525s] INFO:colcon.colcon_core.shell:Creating package script '/home/dwduong74/yahboom_src/install/go2_description/share/go2_description/package.sh'
[4.525s] INFO:colcon.colcon_core.shell:Creating package script '/home/dwduong74/yahboom_src/install/go2_description/share/go2_description/package.bash'
[4.526s] INFO:colcon.colcon_core.shell:Creating package script '/home/dwduong74/yahboom_src/install/go2_description/share/go2_description/package.zsh'
[4.526s] Level 1:colcon.colcon_core.environment:create_file_with_runtime_dependencies(/home/dwduong74/yahboom_src/install/go2_description/share/colcon-core/packages/go2_description)
[4.527s] Level 1:colcon.colcon_core.environment:create_environment_scripts_only(go2_description)
[4.528s] Level 1:colcon.colcon_core.environment:checking '/home/dwduong74/yahboom_src/install/go2_description' for CMake module files
[4.529s] Level 1:colcon.colcon_core.environment:checking '/home/dwduong74/yahboom_src/install/go2_description' for CMake config files
[4.529s] Level 1:colcon.colcon_core.shell:create_environment_hook('go2_description', 'cmake_prefix_path')
[4.530s] INFO:colcon.colcon_core.shell:Creating environment hook '/home/dwduong74/yahboom_src/install/go2_description/share/go2_description/hook/cmake_prefix_path.ps1'
[4.531s] INFO:colcon.colcon_core.shell:Creating environment descriptor '/home/dwduong74/yahboom_src/install/go2_description/share/go2_description/hook/cmake_prefix_path.dsv'
[4.531s] INFO:colcon.colcon_core.shell:Creating environment hook '/home/dwduong74/yahboom_src/install/go2_description/share/go2_description/hook/cmake_prefix_path.sh'
[4.533s] Level 1:colcon.colcon_core.environment:checking '/home/dwduong74/yahboom_src/install/go2_description/bin'
[4.533s] Level 1:colcon.colcon_core.environment:checking '/home/dwduong74/yahboom_src/install/go2_description/lib/pkgconfig/go2_description.pc'
[4.533s] Level 1:colcon.colcon_core.environment:checking '/home/dwduong74/yahboom_src/install/go2_description/lib/python3.10/site-packages'
[4.534s] Level 1:colcon.colcon_core.environment:checking '/home/dwduong74/yahboom_src/install/go2_description/bin'
[4.534s] INFO:colcon.colcon_core.shell:Creating package script '/home/dwduong74/yahboom_src/install/go2_description/share/go2_description/package.ps1'
[4.535s] INFO:colcon.colcon_core.shell:Creating package descriptor '/home/dwduong74/yahboom_src/install/go2_description/share/go2_description/package.dsv'
[4.536s] INFO:colcon.colcon_core.shell:Creating package script '/home/dwduong74/yahboom_src/install/go2_description/share/go2_description/package.sh'
[4.537s] INFO:colcon.colcon_core.shell:Creating package script '/home/dwduong74/yahboom_src/install/go2_description/share/go2_description/package.bash'
[4.538s] INFO:colcon.colcon_core.shell:Creating package script '/home/dwduong74/yahboom_src/install/go2_description/share/go2_description/package.zsh'
[4.539s] Level 1:colcon.colcon_core.environment:create_file_with_runtime_dependencies(/home/dwduong74/yahboom_src/install/go2_description/share/colcon-core/packages/go2_description)
[4.545s] INFO:colcon.colcon_ros.task.ament_python.build:Building ROS package in '/home/dwduong74/yahboom_src/src/yahboom_bringup' with build type 'ament_python'
[4.546s] Level 1:colcon.colcon_core.shell:create_environment_hook('yahboom_bringup', 'ament_prefix_path')
[4.546s] INFO:colcon.colcon_core.shell:Creating environment hook '/home/dwduong74/yahboom_src/install/yahboom_bringup/share/yahboom_bringup/hook/ament_prefix_path.ps1'
[4.546s] DEBUG:colcon.colcon_core.event_handler.log_command:Invoking command in '/home/dwduong74/yahboom_src/build/champ_base': CMAKE_PREFIX_PATH=/home/dwduong74/yahboom_src/install/champ_msgs:/home/dwduong74/yahboom_src/install/champ:/home/dwduong74/yahboom_src/install/yahboom_msgs:/home/dwduong74/yahboom_src/install/velodyne_simulator:/home/dwduong74/yahboom_src/install/velodyne_description:/home/dwduong74/yahboom_src/install/champ_bringup:/home/dwduong74/yahboom_src/install/champ_description:/home/dwduong74/yahboom_src/install/velodyne_gazebo_plugins:/home/dwduong74/yahboom_src/install/oradar_lidar:/home/dwduong74/yahboom_src/install/image_color_lab:/home/dwduong74/yahboom_src/install/go2_description:/home/dwduong74/yahboom_src/install/go2_config:/home/dwduong74/yahboom_src/install/dogzilla_description:/home/dwduong74/yahboom_src/install/dogzilla_config:/home/dwduong74/yahboom_src/install/champ_teleop:/home/dwduong74/yahboom_src/install/champ_navigation:/home/dwduong74/yahboom_src/install/champ_gazebo:/home/dwduong74/yahboom_src/install/champ_base:/home/dwduong74/yahboom_src/install/champ_config:/home/dwduong74/LUMI_ws/install/turtlebot3_manipulation_gazebo:/home/dwduong74/LUMI_ws/install/champ:/home/dwduong74/LUMI_ws/install/rf2o_laser_odometry:/home/dwduong74/yahboom_src/install/yahboom_set_height:/home/dwduong74/yahboom_src/install/yahboom_mediapipe:/home/dwduong74/yahboom_src/install/yahboom_gait:/home/dwduong74/yahboom_src/install/yahboom_dog_joint_state:/home/dwduong74/yahboom_src/install/yahboom_description:/home/dwduong74/yahboom_src/install/yahboom_bringup:/home/dwduong74/yahboom_src/install/yahboom_base:/home/dwduong74/yahboom_src/install/yahboom_app_save_map:/home/dwduong74/yahboom_src/install/tf_publisher:/home/dwduong74/yahboom_src/install/bringup:/home/dwduong74/LUMI_ws/install/custom_explorer:/opt/ros/humble LD_LIBRARY_PATH=/home/dwduong74/yahboom_src/install/champ_msgs/lib:/home/dwduong74/yahboom_src/install/yahboom_msgs/lib:/home/dwduong74/yahboom_src/install/velodyne_gazebo_plugins/lib:/home/dwduong74/yahboom_src/install/image_color_lab/lib:/home/dwduong74/yahboom_src/install/champ_base/lib:/usr/lib/x86_64-linux-gnu/gazebo-11/plugins:/opt/ros/humble/opt/rviz_ogre_vendor/lib:/opt/ros/humble/lib/x86_64-linux-gnu:/opt/ros/humble/lib /usr/bin/cmake --build /home/dwduong74/yahboom_src/build/champ_base -- -j8 -l8
[4.547s] INFO:colcon.colcon_core.shell:Creating environment descriptor '/home/dwduong74/yahboom_src/install/yahboom_bringup/share/yahboom_bringup/hook/ament_prefix_path.dsv'
[4.548s] INFO:colcon.colcon_core.shell:Creating environment hook '/home/dwduong74/yahboom_src/install/yahboom_bringup/share/yahboom_bringup/hook/ament_prefix_path.sh'
[4.549s] INFO:colcon.colcon_core.shell:Skip shell extension 'powershell' for command environment: Not usable outside of PowerShell
[4.549s] DEBUG:colcon.colcon_core.shell:Skip shell extension 'dsv' for command environment
[4.562s] DEBUG:colcon.colcon_core.event_handler.log_command:Invoked command in '/home/dwduong74/yahboom_src/build/oradar_lidar' returned '0': CMAKE_PREFIX_PATH=${CMAKE_PREFIX_PATH}:/home/dwduong74/yahboom_src/install/yahboom_set_height:/home/dwduong74/yahboom_src/install/yahboom_mediapipe:/home/dwduong74/yahboom_src/install/yahboom_gait:/home/dwduong74/yahboom_src/install/yahboom_dog_joint_state:/home/dwduong74/yahboom_src/install/yahboom_description:/home/dwduong74/yahboom_src/install/yahboom_bringup:/home/dwduong74/yahboom_src/install/yahboom_base:/home/dwduong74/yahboom_src/install/yahboom_app_save_map:/home/dwduong74/yahboom_src/install/tf_publisher:/home/dwduong74/yahboom_src/install/bringup:/home/dwduong74/LUMI_ws/install/custom_explorer:/opt/ros/humble /usr/bin/cmake --build /home/dwduong74/yahboom_src/build/oradar_lidar -- -j8 -l8
[4.566s] DEBUG:colcon.colcon_core.event_handler.log_command:Invoking command in '/home/dwduong74/yahboom_src/build/oradar_lidar': CMAKE_PREFIX_PATH=${CMAKE_PREFIX_PATH}:/home/dwduong74/yahboom_src/install/yahboom_set_height:/home/dwduong74/yahboom_src/install/yahboom_mediapipe:/home/dwduong74/yahboom_src/install/yahboom_gait:/home/dwduong74/yahboom_src/install/yahboom_dog_joint_state:/home/dwduong74/yahboom_src/install/yahboom_description:/home/dwduong74/yahboom_src/install/yahboom_bringup:/home/dwduong74/yahboom_src/install/yahboom_base:/home/dwduong74/yahboom_src/install/yahboom_app_save_map:/home/dwduong74/yahboom_src/install/tf_publisher:/home/dwduong74/yahboom_src/install/bringup:/home/dwduong74/LUMI_ws/install/custom_explorer:/opt/ros/humble /usr/bin/cmake --install /home/dwduong74/yahboom_src/build/oradar_lidar
[5.399s] INFO:colcon.colcon_core.task.python.build:Building Python package in '/home/dwduong74/yahboom_src/src/yahboom_base'
[5.400s] INFO:colcon.colcon_core.shell:Skip shell extension 'powershell' for command environment: Not usable outside of PowerShell
[5.400s] DEBUG:colcon.colcon_core.shell:Skip shell extension 'dsv' for command environment
[5.415s] DEBUG:colcon.colcon_core.event_handler.log_command:Invoking command in '/home/dwduong74/yahboom_src/src/bringup': PYTHONPATH=/home/dwduong74/yahboom_src/build/bringup/prefix_override:/usr/lib/python3/dist-packages/colcon_core/task/python/colcon_distutils_commands:/home/dwduong74/yahboom_src/install/bringup/lib/python3.10/site-packages:${PYTHONPATH} /usr/bin/python3 -W ignore:setup.py install is deprecated -W ignore:easy_install command is deprecated setup.py egg_info --egg-base ../../build/bringup build --build-base /home/dwduong74/yahboom_src/build/bringup/build install --record /home/dwduong74/yahboom_src/build/bringup/install.log --single-version-externally-managed install_data
[5.418s] DEBUG:colcon.colcon_core.event_handler.log_command:Invoked command in '/home/dwduong74/yahboom_src/build/image_color_lab' returned '0': CMAKE_PREFIX_PATH=${CMAKE_PREFIX_PATH}:/home/dwduong74/yahboom_src/install/yahboom_set_height:/home/dwduong74/yahboom_src/install/yahboom_mediapipe:/home/dwduong74/yahboom_src/install/yahboom_gait:/home/dwduong74/yahboom_src/install/yahboom_dog_joint_state:/home/dwduong74/yahboom_src/install/yahboom_description:/home/dwduong74/yahboom_src/install/yahboom_bringup:/home/dwduong74/yahboom_src/install/yahboom_base:/home/dwduong74/yahboom_src/install/yahboom_app_save_map:/home/dwduong74/yahboom_src/install/tf_publisher:/home/dwduong74/yahboom_src/install/bringup:/home/dwduong74/LUMI_ws/install/custom_explorer:/opt/ros/humble /usr/bin/cmake --build /home/dwduong74/yahboom_src/build/image_color_lab -- -j8 -l8
[5.421s] DEBUG:colcon.colcon_core.event_handler.log_command:Invoking command in '/home/dwduong74/yahboom_src/build/image_color_lab': CMAKE_PREFIX_PATH=${CMAKE_PREFIX_PATH}:/home/dwduong74/yahboom_src/install/yahboom_set_height:/home/dwduong74/yahboom_src/install/yahboom_mediapipe:/home/dwduong74/yahboom_src/install/yahboom_gait:/home/dwduong74/yahboom_src/install/yahboom_dog_joint_state:/home/dwduong74/yahboom_src/install/yahboom_description:/home/dwduong74/yahboom_src/install/yahboom_bringup:/home/dwduong74/yahboom_src/install/yahboom_base:/home/dwduong74/yahboom_src/install/yahboom_app_save_map:/home/dwduong74/yahboom_src/install/tf_publisher:/home/dwduong74/yahboom_src/install/bringup:/home/dwduong74/LUMI_ws/install/custom_explorer:/opt/ros/humble /usr/bin/cmake --install /home/dwduong74/yahboom_src/build/image_color_lab
[6.458s] INFO:colcon.colcon_core.task.python.build:Building Python package in '/home/dwduong74/yahboom_src/src/yahboom_bringup'
[6.459s] INFO:colcon.colcon_core.shell:Skip shell extension 'powershell' for command environment: Not usable outside of PowerShell
[6.459s] DEBUG:colcon.colcon_core.shell:Skip shell extension 'dsv' for command environment
[6.478s] Level 1:colcon.colcon_core.environment:create_environment_scripts_only(oradar_lidar)
[6.479s] Level 1:colcon.colcon_core.environment:checking '/home/dwduong74/yahboom_src/install/oradar_lidar' for CMake module files
[6.479s] DEBUG:colcon.colcon_core.event_handler.log_command:Invoked command in '/home/dwduong74/yahboom_src/build/champ_base' returned '0': CMAKE_PREFIX_PATH=/home/dwduong74/yahboom_src/install/champ_msgs:/home/dwduong74/yahboom_src/install/champ:/home/dwduong74/yahboom_src/install/yahboom_msgs:/home/dwduong74/yahboom_src/install/velodyne_simulator:/home/dwduong74/yahboom_src/install/velodyne_description:/home/dwduong74/yahboom_src/install/champ_bringup:/home/dwduong74/yahboom_src/install/champ_description:/home/dwduong74/yahboom_src/install/velodyne_gazebo_plugins:/home/dwduong74/yahboom_src/install/oradar_lidar:/home/dwduong74/yahboom_src/install/image_color_lab:/home/dwduong74/yahboom_src/install/go2_description:/home/dwduong74/yahboom_src/install/go2_config:/home/dwduong74/yahboom_src/install/dogzilla_description:/home/dwduong74/yahboom_src/install/dogzilla_config:/home/dwduong74/yahboom_src/install/champ_teleop:/home/dwduong74/yahboom_src/install/champ_navigation:/home/dwduong74/yahboom_src/install/champ_gazebo:/home/dwduong74/yahboom_src/install/champ_base:/home/dwduong74/yahboom_src/install/champ_config:/home/dwduong74/LUMI_ws/install/turtlebot3_manipulation_gazebo:/home/dwduong74/LUMI_ws/install/champ:/home/dwduong74/LUMI_ws/install/rf2o_laser_odometry:/home/dwduong74/yahboom_src/install/yahboom_set_height:/home/dwduong74/yahboom_src/install/yahboom_mediapipe:/home/dwduong74/yahboom_src/install/yahboom_gait:/home/dwduong74/yahboom_src/install/yahboom_dog_joint_state:/home/dwduong74/yahboom_src/install/yahboom_description:/home/dwduong74/yahboom_src/install/yahboom_bringup:/home/dwduong74/yahboom_src/install/yahboom_base:/home/dwduong74/yahboom_src/install/yahboom_app_save_map:/home/dwduong74/yahboom_src/install/tf_publisher:/home/dwduong74/yahboom_src/install/bringup:/home/dwduong74/LUMI_ws/install/custom_explorer:/opt/ros/humble LD_LIBRARY_PATH=/home/dwduong74/yahboom_src/install/champ_msgs/lib:/home/dwduong74/yahboom_src/install/yahboom_msgs/lib:/home/dwduong74/yahboom_src/install/velodyne_gazebo_plugins/lib:/home/dwduong74/yahboom_src/install/image_color_lab/lib:/home/dwduong74/yahboom_src/install/champ_base/lib:/usr/lib/x86_64-linux-gnu/gazebo-11/plugins:/opt/ros/humble/opt/rviz_ogre_vendor/lib:/opt/ros/humble/lib/x86_64-linux-gnu:/opt/ros/humble/lib /usr/bin/cmake --build /home/dwduong74/yahboom_src/build/champ_base -- -j8 -l8
[6.481s] DEBUG:colcon.colcon_core.event_handler.log_command:Invoking command in '/home/dwduong74/yahboom_src/build/champ_base': CMAKE_PREFIX_PATH=/home/dwduong74/yahboom_src/install/champ_msgs:/home/dwduong74/yahboom_src/install/champ:/home/dwduong74/yahboom_src/install/yahboom_msgs:/home/dwduong74/yahboom_src/install/velodyne_simulator:/home/dwduong74/yahboom_src/install/velodyne_description:/home/dwduong74/yahboom_src/install/champ_bringup:/home/dwduong74/yahboom_src/install/champ_description:/home/dwduong74/yahboom_src/install/velodyne_gazebo_plugins:/home/dwduong74/yahboom_src/install/oradar_lidar:/home/dwduong74/yahboom_src/install/image_color_lab:/home/dwduong74/yahboom_src/install/go2_description:/home/dwduong74/yahboom_src/install/go2_config:/home/dwduong74/yahboom_src/install/dogzilla_description:/home/dwduong74/yahboom_src/install/dogzilla_config:/home/dwduong74/yahboom_src/install/champ_teleop:/home/dwduong74/yahboom_src/install/champ_navigation:/home/dwduong74/yahboom_src/install/champ_gazebo:/home/dwduong74/yahboom_src/install/champ_base:/home/dwduong74/yahboom_src/install/champ_config:/home/dwduong74/LUMI_ws/install/turtlebot3_manipulation_gazebo:/home/dwduong74/LUMI_ws/install/champ:/home/dwduong74/LUMI_ws/install/rf2o_laser_odometry:/home/dwduong74/yahboom_src/install/yahboom_set_height:/home/dwduong74/yahboom_src/install/yahboom_mediapipe:/home/dwduong74/yahboom_src/install/yahboom_gait:/home/dwduong74/yahboom_src/install/yahboom_dog_joint_state:/home/dwduong74/yahboom_src/install/yahboom_description:/home/dwduong74/yahboom_src/install/yahboom_bringup:/home/dwduong74/yahboom_src/install/yahboom_base:/home/dwduong74/yahboom_src/install/yahboom_app_save_map:/home/dwduong74/yahboom_src/install/tf_publisher:/home/dwduong74/yahboom_src/install/bringup:/home/dwduong74/LUMI_ws/install/custom_explorer:/opt/ros/humble LD_LIBRARY_PATH=/home/dwduong74/yahboom_src/install/champ_msgs/lib:/home/dwduong74/yahboom_src/install/yahboom_msgs/lib:/home/dwduong74/yahboom_src/install/velodyne_gazebo_plugins/lib:/home/dwduong74/yahboom_src/install/image_color_lab/lib:/home/dwduong74/yahboom_src/install/champ_base/lib:/usr/lib/x86_64-linux-gnu/gazebo-11/plugins:/opt/ros/humble/opt/rviz_ogre_vendor/lib:/opt/ros/humble/lib/x86_64-linux-gnu:/opt/ros/humble/lib /usr/bin/cmake --install /home/dwduong74/yahboom_src/build/champ_base
[6.482s] DEBUG:colcon.colcon_core.event_handler.log_command:Invoked command in '/home/dwduong74/yahboom_src/build/oradar_lidar' returned '0': CMAKE_PREFIX_PATH=${CMAKE_PREFIX_PATH}:/home/dwduong74/yahboom_src/install/yahboom_set_height:/home/dwduong74/yahboom_src/install/yahboom_mediapipe:/home/dwduong74/yahboom_src/install/yahboom_gait:/home/dwduong74/yahboom_src/install/yahboom_dog_joint_state:/home/dwduong74/yahboom_src/install/yahboom_description:/home/dwduong74/yahboom_src/install/yahboom_bringup:/home/dwduong74/yahboom_src/install/yahboom_base:/home/dwduong74/yahboom_src/install/yahboom_app_save_map:/home/dwduong74/yahboom_src/install/tf_publisher:/home/dwduong74/yahboom_src/install/bringup:/home/dwduong74/LUMI_ws/install/custom_explorer:/opt/ros/humble /usr/bin/cmake --install /home/dwduong74/yahboom_src/build/oradar_lidar
[6.483s] Level 1:colcon.colcon_core.environment:checking '/home/dwduong74/yahboom_src/install/oradar_lidar' for CMake config files
[6.483s] Level 1:colcon.colcon_core.shell:create_environment_hook('oradar_lidar', 'cmake_prefix_path')
[6.484s] INFO:colcon.colcon_core.shell:Creating environment hook '/home/dwduong74/yahboom_src/install/oradar_lidar/share/oradar_lidar/hook/cmake_prefix_path.ps1'
[6.484s] INFO:colcon.colcon_core.shell:Creating environment descriptor '/home/dwduong74/yahboom_src/install/oradar_lidar/share/oradar_lidar/hook/cmake_prefix_path.dsv'
[6.485s] INFO:colcon.colcon_core.shell:Creating environment hook '/home/dwduong74/yahboom_src/install/oradar_lidar/share/oradar_lidar/hook/cmake_prefix_path.sh'
[6.486s] Level 1:colcon.colcon_core.environment:checking '/home/dwduong74/yahboom_src/install/oradar_lidar/lib'
[6.486s] Level 1:colcon.colcon_core.environment:checking '/home/dwduong74/yahboom_src/install/oradar_lidar/bin'
[6.486s] Level 1:colcon.colcon_core.shell:create_environment_hook('oradar_lidar', 'path')
[6.487s] INFO:colcon.colcon_core.shell:Creating environment hook '/home/dwduong74/yahboom_src/install/oradar_lidar/share/oradar_lidar/hook/path.ps1'
[6.487s] INFO:colcon.colcon_core.shell:Creating environment descriptor '/home/dwduong74/yahboom_src/install/oradar_lidar/share/oradar_lidar/hook/path.dsv'
[6.488s] INFO:colcon.colcon_core.shell:Creating environment hook '/home/dwduong74/yahboom_src/install/oradar_lidar/share/oradar_lidar/hook/path.sh'
[6.489s] Level 1:colcon.colcon_core.environment:checking '/home/dwduong74/yahboom_src/install/oradar_lidar/lib/pkgconfig/oradar_lidar.pc'
[6.489s] Level 1:colcon.colcon_core.environment:checking '/home/dwduong74/yahboom_src/install/oradar_lidar/lib/python3.10/site-packages'
[6.490s] Level 1:colcon.colcon_core.environment:checking '/home/dwduong74/yahboom_src/install/oradar_lidar/bin'
[6.490s] Level 1:colcon.colcon_core.shell:create_environment_hook('oradar_lidar', 'pythonscriptspath')
[6.491s] INFO:colcon.colcon_core.shell:Creating environment hook '/home/dwduong74/yahboom_src/install/oradar_lidar/share/oradar_lidar/hook/pythonscriptspath.ps1'
[6.492s] INFO:colcon.colcon_core.shell:Creating environment descriptor '/home/dwduong74/yahboom_src/install/oradar_lidar/share/oradar_lidar/hook/pythonscriptspath.dsv'
[6.493s] INFO:colcon.colcon_core.shell:Creating environment hook '/home/dwduong74/yahboom_src/install/oradar_lidar/share/oradar_lidar/hook/pythonscriptspath.sh'
[6.494s] INFO:colcon.colcon_core.shell:Creating package script '/home/dwduong74/yahboom_src/install/oradar_lidar/share/oradar_lidar/package.ps1'
[6.496s] INFO:colcon.colcon_core.shell:Creating package descriptor '/home/dwduong74/yahboom_src/install/oradar_lidar/share/oradar_lidar/package.dsv'
[6.497s] INFO:colcon.colcon_core.shell:Creating package script '/home/dwduong74/yahboom_src/install/oradar_lidar/share/oradar_lidar/package.sh'
[6.498s] INFO:colcon.colcon_core.shell:Creating package script '/home/dwduong74/yahboom_src/install/oradar_lidar/share/oradar_lidar/package.bash'
[6.499s] INFO:colcon.colcon_core.shell:Creating package script '/home/dwduong74/yahboom_src/install/oradar_lidar/share/oradar_lidar/package.zsh'
[6.500s] Level 1:colcon.colcon_core.environment:create_file_with_runtime_dependencies(/home/dwduong74/yahboom_src/install/oradar_lidar/share/colcon-core/packages/oradar_lidar)
[6.501s] Level 1:colcon.colcon_core.environment:create_environment_scripts_only(oradar_lidar)
[6.502s] Level 1:colcon.colcon_core.environment:checking '/home/dwduong74/yahboom_src/install/oradar_lidar' for CMake module files
[6.502s] Level 1:colcon.colcon_core.environment:checking '/home/dwduong74/yahboom_src/install/oradar_lidar' for CMake config files
[6.503s] Level 1:colcon.colcon_core.shell:create_environment_hook('oradar_lidar', 'cmake_prefix_path')
[6.504s] INFO:colcon.colcon_core.shell:Creating environment hook '/home/dwduong74/yahboom_src/install/oradar_lidar/share/oradar_lidar/hook/cmake_prefix_path.ps1'
[6.504s] INFO:colcon.colcon_core.shell:Creating environment descriptor '/home/dwduong74/yahboom_src/install/oradar_lidar/share/oradar_lidar/hook/cmake_prefix_path.dsv'
[6.505s] INFO:colcon.colcon_core.shell:Creating environment hook '/home/dwduong74/yahboom_src/install/oradar_lidar/share/oradar_lidar/hook/cmake_prefix_path.sh'
[6.506s] Level 1:colcon.colcon_core.environment:checking '/home/dwduong74/yahboom_src/install/oradar_lidar/lib'
[6.506s] Level 1:colcon.colcon_core.environment:checking '/home/dwduong74/yahboom_src/install/oradar_lidar/bin'
[6.506s] Level 1:colcon.colcon_core.shell:create_environment_hook('oradar_lidar', 'path')
[6.507s] INFO:colcon.colcon_core.shell:Creating environment hook '/home/dwduong74/yahboom_src/install/oradar_lidar/share/oradar_lidar/hook/path.ps1'
[6.507s] INFO:colcon.colcon_core.shell:Creating environment descriptor '/home/dwduong74/yahboom_src/install/oradar_lidar/share/oradar_lidar/hook/path.dsv'
[6.508s] INFO:colcon.colcon_core.shell:Creating environment hook '/home/dwduong74/yahboom_src/install/oradar_lidar/share/oradar_lidar/hook/path.sh'
[6.509s] Level 1:colcon.colcon_core.environment:checking '/home/dwduong74/yahboom_src/install/oradar_lidar/lib/pkgconfig/oradar_lidar.pc'
[6.509s] Level 1:colcon.colcon_core.environment:checking '/home/dwduong74/yahboom_src/install/oradar_lidar/lib/python3.10/site-packages'
[6.510s] Level 1:colcon.colcon_core.environment:checking '/home/dwduong74/yahboom_src/install/oradar_lidar/bin'
[6.510s] Level 1:colcon.colcon_core.shell:create_environment_hook('oradar_lidar', 'pythonscriptspath')
[6.511s] INFO:colcon.colcon_core.shell:Creating environment hook '/home/dwduong74/yahboom_src/install/oradar_lidar/share/oradar_lidar/hook/pythonscriptspath.ps1'
[6.512s] INFO:colcon.colcon_core.shell:Creating environment descriptor '/home/dwduong74/yahboom_src/install/oradar_lidar/share/oradar_lidar/hook/pythonscriptspath.dsv'
[6.513s] INFO:colcon.colcon_core.shell:Creating environment hook '/home/dwduong74/yahboom_src/install/oradar_lidar/share/oradar_lidar/hook/pythonscriptspath.sh'
[6.515s] INFO:colcon.colcon_core.shell:Creating package script '/home/dwduong74/yahboom_src/install/oradar_lidar/share/oradar_lidar/package.ps1'
[6.516s] INFO:colcon.colcon_core.shell:Creating package descriptor '/home/dwduong74/yahboom_src/install/oradar_lidar/share/oradar_lidar/package.dsv'
[6.518s] INFO:colcon.colcon_core.shell:Creating package script '/home/dwduong74/yahboom_src/install/oradar_lidar/share/oradar_lidar/package.sh'
[6.519s] INFO:colcon.colcon_core.shell:Creating package script '/home/dwduong74/yahboom_src/install/oradar_lidar/share/oradar_lidar/package.bash'
[6.520s] INFO:colcon.colcon_core.shell:Creating package script '/home/dwduong74/yahboom_src/install/oradar_lidar/share/oradar_lidar/package.zsh'
[6.521s] Level 1:colcon.colcon_core.environment:create_file_with_runtime_dependencies(/home/dwduong74/yahboom_src/install/oradar_lidar/share/colcon-core/packages/oradar_lidar)
[6.530s] INFO:colcon.colcon_ros.task.ament_python.build:Building ROS package in '/home/dwduong74/yahboom_src/src/yahboom_description' with build type 'ament_python'
[6.530s] Level 1:colcon.colcon_core.shell:create_environment_hook('yahboom_description', 'ament_prefix_path')
[6.531s] INFO:colcon.colcon_core.shell:Creating environment hook '/home/dwduong74/yahboom_src/install/yahboom_description/share/yahboom_description/hook/ament_prefix_path.ps1'
[6.532s] INFO:colcon.colcon_core.shell:Creating environment descriptor '/home/dwduong74/yahboom_src/install/yahboom_description/share/yahboom_description/hook/ament_prefix_path.dsv'
[6.533s] INFO:colcon.colcon_core.shell:Creating environment hook '/home/dwduong74/yahboom_src/install/yahboom_description/share/yahboom_description/hook/ament_prefix_path.sh'
[6.537s] INFO:colcon.colcon_core.shell:Skip shell extension 'powershell' for command environment: Not usable outside of PowerShell
[6.537s] DEBUG:colcon.colcon_core.shell:Skip shell extension 'dsv' for command environment
[6.561s] Level 1:colcon.colcon_core.environment:create_environment_scripts_only(image_color_lab)
[6.562s] Level 1:colcon.colcon_core.environment:checking '/home/dwduong74/yahboom_src/install/image_color_lab' for CMake module files
[6.563s] Level 1:colcon.colcon_core.environment:checking '/home/dwduong74/yahboom_src/install/image_color_lab' for CMake config files
[6.564s] Level 1:colcon.colcon_core.shell:create_environment_hook('image_color_lab', 'cmake_prefix_path')
[6.564s] DEBUG:colcon.colcon_core.event_handler.log_command:Invoked command in '/home/dwduong74/yahboom_src/build/image_color_lab' returned '0': CMAKE_PREFIX_PATH=${CMAKE_PREFIX_PATH}:/home/dwduong74/yahboom_src/install/yahboom_set_height:/home/dwduong74/yahboom_src/install/yahboom_mediapipe:/home/dwduong74/yahboom_src/install/yahboom_gait:/home/dwduong74/yahboom_src/install/yahboom_dog_joint_state:/home/dwduong74/yahboom_src/install/yahboom_description:/home/dwduong74/yahboom_src/install/yahboom_bringup:/home/dwduong74/yahboom_src/install/yahboom_base:/home/dwduong74/yahboom_src/install/yahboom_app_save_map:/home/dwduong74/yahboom_src/install/tf_publisher:/home/dwduong74/yahboom_src/install/bringup:/home/dwduong74/LUMI_ws/install/custom_explorer:/opt/ros/humble /usr/bin/cmake --install /home/dwduong74/yahboom_src/build/image_color_lab
[6.565s] INFO:colcon.colcon_core.shell:Creating environment hook '/home/dwduong74/yahboom_src/install/image_color_lab/share/image_color_lab/hook/cmake_prefix_path.ps1'
[6.566s] INFO:colcon.colcon_core.shell:Creating environment descriptor '/home/dwduong74/yahboom_src/install/image_color_lab/share/image_color_lab/hook/cmake_prefix_path.dsv'
[6.567s] INFO:colcon.colcon_core.shell:Creating environment hook '/home/dwduong74/yahboom_src/install/image_color_lab/share/image_color_lab/hook/cmake_prefix_path.sh'
[6.568s] Level 1:colcon.colcon_core.environment:checking '/home/dwduong74/yahboom_src/install/image_color_lab/lib'
[6.569s] Level 1:colcon.colcon_core.shell:create_environment_hook('image_color_lab', 'ld_library_path_lib')
[6.570s] INFO:colcon.colcon_core.shell:Creating environment hook '/home/dwduong74/yahboom_src/install/image_color_lab/share/image_color_lab/hook/ld_library_path_lib.ps1'
[6.572s] INFO:colcon.colcon_core.shell:Creating environment descriptor '/home/dwduong74/yahboom_src/install/image_color_lab/share/image_color_lab/hook/ld_library_path_lib.dsv'
[6.572s] INFO:colcon.colcon_core.shell:Creating environment hook '/home/dwduong74/yahboom_src/install/image_color_lab/share/image_color_lab/hook/ld_library_path_lib.sh'
[6.573s] Level 1:colcon.colcon_core.environment:checking '/home/dwduong74/yahboom_src/install/image_color_lab/bin'
[6.573s] Level 1:colcon.colcon_core.environment:checking '/home/dwduong74/yahboom_src/install/image_color_lab/lib/pkgconfig/image_color_lab.pc'
[6.574s] Level 1:colcon.colcon_core.environment:checking '/home/dwduong74/yahboom_src/install/image_color_lab/lib/python3.10/site-packages'
[6.575s] Level 1:colcon.colcon_core.environment:checking '/home/dwduong74/yahboom_src/install/image_color_lab/bin'
[6.576s] INFO:colcon.colcon_core.shell:Creating package script '/home/dwduong74/yahboom_src/install/image_color_lab/share/image_color_lab/package.ps1'
[6.578s] INFO:colcon.colcon_core.shell:Creating package descriptor '/home/dwduong74/yahboom_src/install/image_color_lab/share/image_color_lab/package.dsv'
[6.579s] INFO:colcon.colcon_core.shell:Creating package script '/home/dwduong74/yahboom_src/install/image_color_lab/share/image_color_lab/package.sh'
[6.581s] INFO:colcon.colcon_core.shell:Creating package script '/home/dwduong74/yahboom_src/install/image_color_lab/share/image_color_lab/package.bash'
[6.582s] INFO:colcon.colcon_core.shell:Creating package script '/home/dwduong74/yahboom_src/install/image_color_lab/share/image_color_lab/package.zsh'
[6.582s] Level 1:colcon.colcon_core.environment:create_file_with_runtime_dependencies(/home/dwduong74/yahboom_src/install/image_color_lab/share/colcon-core/packages/image_color_lab)
[6.584s] Level 1:colcon.colcon_core.environment:create_environment_scripts_only(image_color_lab)
[6.585s] Level 1:colcon.colcon_core.environment:checking '/home/dwduong74/yahboom_src/install/image_color_lab' for CMake module files
[6.588s] Level 1:colcon.colcon_core.environment:checking '/home/dwduong74/yahboom_src/install/image_color_lab' for CMake config files
[6.589s] Level 1:colcon.colcon_core.shell:create_environment_hook('image_color_lab', 'cmake_prefix_path')
[6.591s] INFO:colcon.colcon_core.shell:Creating environment hook '/home/dwduong74/yahboom_src/install/image_color_lab/share/image_color_lab/hook/cmake_prefix_path.ps1'
[6.594s] INFO:colcon.colcon_core.shell:Creating environment descriptor '/home/dwduong74/yahboom_src/install/image_color_lab/share/image_color_lab/hook/cmake_prefix_path.dsv'
[6.595s] INFO:colcon.colcon_core.shell:Creating environment hook '/home/dwduong74/yahboom_src/install/image_color_lab/share/image_color_lab/hook/cmake_prefix_path.sh'
[6.596s] Level 1:colcon.colcon_core.environment:checking '/home/dwduong74/yahboom_src/install/image_color_lab/lib'
[6.596s] Level 1:colcon.colcon_core.shell:create_environment_hook('image_color_lab', 'ld_library_path_lib')
[6.597s] INFO:colcon.colcon_core.shell:Creating environment hook '/home/dwduong74/yahboom_src/install/image_color_lab/share/image_color_lab/hook/ld_library_path_lib.ps1'
[6.598s] INFO:colcon.colcon_core.shell:Creating environment descriptor '/home/dwduong74/yahboom_src/install/image_color_lab/share/image_color_lab/hook/ld_library_path_lib.dsv'
[6.599s] INFO:colcon.colcon_core.shell:Creating environment hook '/home/dwduong74/yahboom_src/install/image_color_lab/share/image_color_lab/hook/ld_library_path_lib.sh'
[6.599s] Level 1:colcon.colcon_core.environment:checking '/home/dwduong74/yahboom_src/install/image_color_lab/bin'
[6.599s] Level 1:colcon.colcon_core.environment:checking '/home/dwduong74/yahboom_src/install/image_color_lab/lib/pkgconfig/image_color_lab.pc'
[6.600s] Level 1:colcon.colcon_core.environment:checking '/home/dwduong74/yahboom_src/install/image_color_lab/lib/python3.10/site-packages'
[6.601s] Level 1:colcon.colcon_core.environment:checking '/home/dwduong74/yahboom_src/install/image_color_lab/bin'
[6.602s] INFO:colcon.colcon_core.shell:Creating package script '/home/dwduong74/yahboom_src/install/image_color_lab/share/image_color_lab/package.ps1'
[6.603s] INFO:colcon.colcon_core.shell:Creating package descriptor '/home/dwduong74/yahboom_src/install/image_color_lab/share/image_color_lab/package.dsv'
[6.605s] INFO:colcon.colcon_core.shell:Creating package script '/home/dwduong74/yahboom_src/install/image_color_lab/share/image_color_lab/package.sh'
[6.606s] INFO:colcon.colcon_core.shell:Creating package script '/home/dwduong74/yahboom_src/install/image_color_lab/share/image_color_lab/package.bash'
[6.607s] INFO:colcon.colcon_core.shell:Creating package script '/home/dwduong74/yahboom_src/install/image_color_lab/share/image_color_lab/package.zsh'
[6.608s] Level 1:colcon.colcon_core.environment:create_file_with_runtime_dependencies(/home/dwduong74/yahboom_src/install/image_color_lab/share/colcon-core/packages/image_color_lab)
[6.609s] Level 1:colcon.colcon_core.environment:checking '/home/dwduong74/yahboom_src/install/bringup' for CMake module files
[6.616s] DEBUG:colcon.colcon_core.event_handler.log_command:Invoked command in '/home/dwduong74/yahboom_src/src/bringup' returned '0': PYTHONPATH=/home/dwduong74/yahboom_src/build/bringup/prefix_override:/usr/lib/python3/dist-packages/colcon_core/task/python/colcon_distutils_commands:/home/dwduong74/yahboom_src/install/bringup/lib/python3.10/site-packages:${PYTHONPATH} /usr/bin/python3 -W ignore:setup.py install is deprecated -W ignore:easy_install command is deprecated setup.py egg_info --egg-base ../../build/bringup build --build-base /home/dwduong74/yahboom_src/build/bringup/build install --record /home/dwduong74/yahboom_src/build/bringup/install.log --single-version-externally-managed install_data
[6.617s] Level 1:colcon.colcon_core.environment:checking '/home/dwduong74/yahboom_src/install/bringup' for CMake config files
[6.618s] Level 1:colcon.colcon_core.environment:checking '/home/dwduong74/yahboom_src/install/bringup/lib'
[6.618s] Level 1:colcon.colcon_core.environment:checking '/home/dwduong74/yahboom_src/install/bringup/bin'
[6.619s] Level 1:colcon.colcon_core.environment:checking '/home/dwduong74/yahboom_src/install/bringup/lib/pkgconfig/bringup.pc'
[6.619s] Level 1:colcon.colcon_core.environment:checking '/home/dwduong74/yahboom_src/install/bringup/lib/python3.10/site-packages'
[6.619s] Level 1:colcon.colcon_core.shell:create_environment_hook('bringup', 'pythonpath')
[6.620s] INFO:colcon.colcon_core.shell:Creating environment hook '/home/dwduong74/yahboom_src/install/bringup/share/bringup/hook/pythonpath.ps1'
[6.624s] INFO:colcon.colcon_core.shell:Creating environment descriptor '/home/dwduong74/yahboom_src/install/bringup/share/bringup/hook/pythonpath.dsv'
[6.625s] INFO:colcon.colcon_core.shell:Creating environment hook '/home/dwduong74/yahboom_src/install/bringup/share/bringup/hook/pythonpath.sh'
[6.628s] Level 1:colcon.colcon_core.environment:checking '/home/dwduong74/yahboom_src/install/bringup/bin'
[6.628s] Level 1:colcon.colcon_core.environment:create_environment_scripts_only(bringup)
[6.631s] INFO:colcon.colcon_core.shell:Creating package script '/home/dwduong74/yahboom_src/install/bringup/share/bringup/package.ps1'
[6.636s] INFO:colcon.colcon_core.shell:Creating package descriptor '/home/dwduong74/yahboom_src/install/bringup/share/bringup/package.dsv'
[6.641s] INFO:colcon.colcon_core.shell:Creating package script '/home/dwduong74/yahboom_src/install/bringup/share/bringup/package.sh'
[6.642s] INFO:colcon.colcon_core.shell:Creating package script '/home/dwduong74/yahboom_src/install/bringup/share/bringup/package.bash'
[6.645s] INFO:colcon.colcon_core.shell:Creating package script '/home/dwduong74/yahboom_src/install/bringup/share/bringup/package.zsh'
[6.647s] Level 1:colcon.colcon_core.environment:create_file_with_runtime_dependencies(/home/dwduong74/yahboom_src/install/bringup/share/colcon-core/packages/bringup)
[6.649s] INFO:colcon.colcon_ros.task.ament_python.build:Building ROS package in '/home/dwduong74/yahboom_src/src/yahboom_dog_joint_state' with build type 'ament_python'
[6.650s] Level 1:colcon.colcon_core.shell:create_environment_hook('yahboom_dog_joint_state', 'ament_prefix_path')
[6.650s] INFO:colcon.colcon_core.shell:Creating environment hook '/home/dwduong74/yahboom_src/install/yahboom_dog_joint_state/share/yahboom_dog_joint_state/hook/ament_prefix_path.ps1'
[6.651s] INFO:colcon.colcon_core.shell:Creating environment descriptor '/home/dwduong74/yahboom_src/install/yahboom_dog_joint_state/share/yahboom_dog_joint_state/hook/ament_prefix_path.dsv'
[6.653s] INFO:colcon.colcon_core.shell:Creating environment hook '/home/dwduong74/yahboom_src/install/yahboom_dog_joint_state/share/yahboom_dog_joint_state/hook/ament_prefix_path.sh'
[6.656s] INFO:colcon.colcon_core.shell:Skip shell extension 'powershell' for command environment: Not usable outside of PowerShell
[6.656s] DEBUG:colcon.colcon_core.shell:Skip shell extension 'dsv' for command environment
[6.676s] INFO:colcon.colcon_ros.task.ament_python.build:Building ROS package in '/home/dwduong74/yahboom_src/src/yahboom_gait' with build type 'ament_python'
[6.677s] Level 1:colcon.colcon_core.shell:create_environment_hook('yahboom_gait', 'ament_prefix_path')
[6.677s] INFO:colcon.colcon_core.shell:Creating environment hook '/home/dwduong74/yahboom_src/install/yahboom_gait/share/yahboom_gait/hook/ament_prefix_path.ps1'
[6.678s] INFO:colcon.colcon_core.shell:Creating environment descriptor '/home/dwduong74/yahboom_src/install/yahboom_gait/share/yahboom_gait/hook/ament_prefix_path.dsv'
[6.679s] INFO:colcon.colcon_core.shell:Creating environment hook '/home/dwduong74/yahboom_src/install/yahboom_gait/share/yahboom_gait/hook/ament_prefix_path.sh'
[6.680s] INFO:colcon.colcon_core.shell:Skip shell extension 'powershell' for command environment: Not usable outside of PowerShell
[6.680s] DEBUG:colcon.colcon_core.shell:Skip shell extension 'dsv' for command environment
[7.456s] INFO:colcon.colcon_core.task.python.build:Building Python package in '/home/dwduong74/yahboom_src/src/yahboom_description'
[7.456s] INFO:colcon.colcon_core.shell:Skip shell extension 'powershell' for command environment: Not usable outside of PowerShell
[7.456s] DEBUG:colcon.colcon_core.shell:Skip shell extension 'dsv' for command environment
[7.467s] Level 1:colcon.colcon_core.environment:create_environment_scripts_only(champ_base)
[7.467s] Level 1:colcon.colcon_core.environment:checking '/home/dwduong74/yahboom_src/install/champ_base' for CMake module files
[7.468s] DEBUG:colcon.colcon_core.event_handler.log_command:Invoked command in '/home/dwduong74/yahboom_src/build/champ_base' returned '0': CMAKE_PREFIX_PATH=/home/dwduong74/yahboom_src/install/champ_msgs:/home/dwduong74/yahboom_src/install/champ:/home/dwduong74/yahboom_src/install/yahboom_msgs:/home/dwduong74/yahboom_src/install/velodyne_simulator:/home/dwduong74/yahboom_src/install/velodyne_description:/home/dwduong74/yahboom_src/install/champ_bringup:/home/dwduong74/yahboom_src/install/champ_description:/home/dwduong74/yahboom_src/install/velodyne_gazebo_plugins:/home/dwduong74/yahboom_src/install/oradar_lidar:/home/dwduong74/yahboom_src/install/image_color_lab:/home/dwduong74/yahboom_src/install/go2_description:/home/dwduong74/yahboom_src/install/go2_config:/home/dwduong74/yahboom_src/install/dogzilla_description:/home/dwduong74/yahboom_src/install/dogzilla_config:/home/dwduong74/yahboom_src/install/champ_teleop:/home/dwduong74/yahboom_src/install/champ_navigation:/home/dwduong74/yahboom_src/install/champ_gazebo:/home/dwduong74/yahboom_src/install/champ_base:/home/dwduong74/yahboom_src/install/champ_config:/home/dwduong74/LUMI_ws/install/turtlebot3_manipulation_gazebo:/home/dwduong74/LUMI_ws/install/champ:/home/dwduong74/LUMI_ws/install/rf2o_laser_odometry:/home/dwduong74/yahboom_src/install/yahboom_set_height:/home/dwduong74/yahboom_src/install/yahboom_mediapipe:/home/dwduong74/yahboom_src/install/yahboom_gait:/home/dwduong74/yahboom_src/install/yahboom_dog_joint_state:/home/dwduong74/yahboom_src/install/yahboom_description:/home/dwduong74/yahboom_src/install/yahboom_bringup:/home/dwduong74/yahboom_src/install/yahboom_base:/home/dwduong74/yahboom_src/install/yahboom_app_save_map:/home/dwduong74/yahboom_src/install/tf_publisher:/home/dwduong74/yahboom_src/install/bringup:/home/dwduong74/LUMI_ws/install/custom_explorer:/opt/ros/humble LD_LIBRARY_PATH=/home/dwduong74/yahboom_src/install/champ_msgs/lib:/home/dwduong74/yahboom_src/install/yahboom_msgs/lib:/home/dwduong74/yahboom_src/install/velodyne_gazebo_plugins/lib:/home/dwduong74/yahboom_src/install/image_color_lab/lib:/home/dwduong74/yahboom_src/install/champ_base/lib:/usr/lib/x86_64-linux-gnu/gazebo-11/plugins:/opt/ros/humble/opt/rviz_ogre_vendor/lib:/opt/ros/humble/lib/x86_64-linux-gnu:/opt/ros/humble/lib /usr/bin/cmake --install /home/dwduong74/yahboom_src/build/champ_base
[7.469s] Level 1:colcon.colcon_core.environment:checking '/home/dwduong74/yahboom_src/install/champ_base' for CMake config files
[7.470s] Level 1:colcon.colcon_core.shell:create_environment_hook('champ_base', 'cmake_prefix_path')
[7.471s] INFO:colcon.colcon_core.shell:Creating environment hook '/home/dwduong74/yahboom_src/install/champ_base/share/champ_base/hook/cmake_prefix_path.ps1'
[7.472s] INFO:colcon.colcon_core.shell:Creating environment descriptor '/home/dwduong74/yahboom_src/install/champ_base/share/champ_base/hook/cmake_prefix_path.dsv'
[7.473s] INFO:colcon.colcon_core.shell:Creating environment hook '/home/dwduong74/yahboom_src/install/champ_base/share/champ_base/hook/cmake_prefix_path.sh'
[7.474s] Level 1:colcon.colcon_core.environment:checking '/home/dwduong74/yahboom_src/install/champ_base/lib'
[7.474s] Level 1:colcon.colcon_core.shell:create_environment_hook('champ_base', 'ld_library_path_lib')
[7.474s] INFO:colcon.colcon_core.shell:Creating environment hook '/home/dwduong74/yahboom_src/install/champ_base/share/champ_base/hook/ld_library_path_lib.ps1'
[7.475s] INFO:colcon.colcon_core.shell:Creating environment descriptor '/home/dwduong74/yahboom_src/install/champ_base/share/champ_base/hook/ld_library_path_lib.dsv'
[7.475s] INFO:colcon.colcon_core.shell:Creating environment hook '/home/dwduong74/yahboom_src/install/champ_base/share/champ_base/hook/ld_library_path_lib.sh'
[7.476s] Level 1:colcon.colcon_core.environment:checking '/home/dwduong74/yahboom_src/install/champ_base/bin'
[7.476s] Level 1:colcon.colcon_core.shell:create_environment_hook('champ_base', 'path')
[7.477s] INFO:colcon.colcon_core.shell:Creating environment hook '/home/dwduong74/yahboom_src/install/champ_base/share/champ_base/hook/path.ps1'
[7.478s] INFO:colcon.colcon_core.shell:Creating environment descriptor '/home/dwduong74/yahboom_src/install/champ_base/share/champ_base/hook/path.dsv'
[7.478s] INFO:colcon.colcon_core.shell:Creating environment hook '/home/dwduong74/yahboom_src/install/champ_base/share/champ_base/hook/path.sh'
[7.479s] Level 1:colcon.colcon_core.environment:checking '/home/dwduong74/yahboom_src/install/champ_base/lib/pkgconfig/champ_base.pc'
[7.479s] Level 1:colcon.colcon_core.environment:checking '/home/dwduong74/yahboom_src/install/champ_base/lib/python3.10/site-packages'
[7.480s] Level 1:colcon.colcon_core.environment:checking '/home/dwduong74/yahboom_src/install/champ_base/bin'
[7.480s] Level 1:colcon.colcon_core.shell:create_environment_hook('champ_base', 'pythonscriptspath')
[7.481s] INFO:colcon.colcon_core.shell:Creating environment hook '/home/dwduong74/yahboom_src/install/champ_base/share/champ_base/hook/pythonscriptspath.ps1'
[7.481s] INFO:colcon.colcon_core.shell:Creating environment descriptor '/home/dwduong74/yahboom_src/install/champ_base/share/champ_base/hook/pythonscriptspath.dsv'
[7.482s] INFO:colcon.colcon_core.shell:Creating environment hook '/home/dwduong74/yahboom_src/install/champ_base/share/champ_base/hook/pythonscriptspath.sh'
[7.483s] INFO:colcon.colcon_core.shell:Creating package script '/home/dwduong74/yahboom_src/install/champ_base/share/champ_base/package.ps1'
[7.484s] INFO:colcon.colcon_core.shell:Creating package descriptor '/home/dwduong74/yahboom_src/install/champ_base/share/champ_base/package.dsv'
[7.485s] INFO:colcon.colcon_core.shell:Creating package script '/home/dwduong74/yahboom_src/install/champ_base/share/champ_base/package.sh'
[7.486s] INFO:colcon.colcon_core.shell:Creating package script '/home/dwduong74/yahboom_src/install/champ_base/share/champ_base/package.bash'
[7.487s] INFO:colcon.colcon_core.shell:Creating package script '/home/dwduong74/yahboom_src/install/champ_base/share/champ_base/package.zsh'
[7.488s] Level 1:colcon.colcon_core.environment:create_file_with_runtime_dependencies(/home/dwduong74/yahboom_src/install/champ_base/share/colcon-core/packages/champ_base)
[7.489s] Level 1:colcon.colcon_core.environment:create_environment_scripts_only(champ_base)
[7.489s] Level 1:colcon.colcon_core.environment:checking '/home/dwduong74/yahboom_src/install/champ_base' for CMake module files
[7.490s] Level 1:colcon.colcon_core.environment:checking '/home/dwduong74/yahboom_src/install/champ_base' for CMake config files
[7.490s] Level 1:colcon.colcon_core.shell:create_environment_hook('champ_base', 'cmake_prefix_path')
[7.491s] INFO:colcon.colcon_core.shell:Creating environment hook '/home/dwduong74/yahboom_src/install/champ_base/share/champ_base/hook/cmake_prefix_path.ps1'
[7.491s] INFO:colcon.colcon_core.shell:Creating environment descriptor '/home/dwduong74/yahboom_src/install/champ_base/share/champ_base/hook/cmake_prefix_path.dsv'
[7.492s] INFO:colcon.colcon_core.shell:Creating environment hook '/home/dwduong74/yahboom_src/install/champ_base/share/champ_base/hook/cmake_prefix_path.sh'
[7.493s] Level 1:colcon.colcon_core.environment:checking '/home/dwduong74/yahboom_src/install/champ_base/lib'
[7.493s] Level 1:colcon.colcon_core.shell:create_environment_hook('champ_base', 'ld_library_path_lib')
[7.494s] INFO:colcon.colcon_core.shell:Creating environment hook '/home/dwduong74/yahboom_src/install/champ_base/share/champ_base/hook/ld_library_path_lib.ps1'
[7.494s] INFO:colcon.colcon_core.shell:Creating environment descriptor '/home/dwduong74/yahboom_src/install/champ_base/share/champ_base/hook/ld_library_path_lib.dsv'
[7.495s] INFO:colcon.colcon_core.shell:Creating environment hook '/home/dwduong74/yahboom_src/install/champ_base/share/champ_base/hook/ld_library_path_lib.sh'
[7.496s] Level 1:colcon.colcon_core.environment:checking '/home/dwduong74/yahboom_src/install/champ_base/bin'
[7.496s] Level 1:colcon.colcon_core.shell:create_environment_hook('champ_base', 'path')
[7.496s] INFO:colcon.colcon_core.shell:Creating environment hook '/home/dwduong74/yahboom_src/install/champ_base/share/champ_base/hook/path.ps1'
[7.497s] INFO:colcon.colcon_core.shell:Creating environment descriptor '/home/dwduong74/yahboom_src/install/champ_base/share/champ_base/hook/path.dsv'
[7.498s] INFO:colcon.colcon_core.shell:Creating environment hook '/home/dwduong74/yahboom_src/install/champ_base/share/champ_base/hook/path.sh'
[7.499s] Level 1:colcon.colcon_core.environment:checking '/home/dwduong74/yahboom_src/install/champ_base/lib/pkgconfig/champ_base.pc'
[7.499s] Level 1:colcon.colcon_core.environment:checking '/home/dwduong74/yahboom_src/install/champ_base/lib/python3.10/site-packages'
[7.500s] Level 1:colcon.colcon_core.environment:checking '/home/dwduong74/yahboom_src/install/champ_base/bin'
[7.500s] Level 1:colcon.colcon_core.shell:create_environment_hook('champ_base', 'pythonscriptspath')
[7.500s] INFO:colcon.colcon_core.shell:Creating environment hook '/home/dwduong74/yahboom_src/install/champ_base/share/champ_base/hook/pythonscriptspath.ps1'
[7.501s] INFO:colcon.colcon_core.shell:Creating environment descriptor '/home/dwduong74/yahboom_src/install/champ_base/share/champ_base/hook/pythonscriptspath.dsv'
[7.502s] INFO:colcon.colcon_core.shell:Creating environment hook '/home/dwduong74/yahboom_src/install/champ_base/share/champ_base/hook/pythonscriptspath.sh'
[7.504s] INFO:colcon.colcon_core.shell:Creating package script '/home/dwduong74/yahboom_src/install/champ_base/share/champ_base/package.ps1'
[7.505s] INFO:colcon.colcon_core.shell:Creating package descriptor '/home/dwduong74/yahboom_src/install/champ_base/share/champ_base/package.dsv'
[7.506s] INFO:colcon.colcon_core.shell:Creating package script '/home/dwduong74/yahboom_src/install/champ_base/share/champ_base/package.sh'
[7.507s] INFO:colcon.colcon_core.shell:Creating package script '/home/dwduong74/yahboom_src/install/champ_base/share/champ_base/package.bash'
[7.507s] INFO:colcon.colcon_core.shell:Creating package script '/home/dwduong74/yahboom_src/install/champ_base/share/champ_base/package.zsh'
[7.508s] Level 1:colcon.colcon_core.environment:create_file_with_runtime_dependencies(/home/dwduong74/yahboom_src/install/champ_base/share/colcon-core/packages/champ_base)
[8.292s] INFO:colcon.colcon_core.task.python.build:Building Python package in '/home/dwduong74/yahboom_src/src/yahboom_dog_joint_state'
[8.293s] INFO:colcon.colcon_core.shell:Skip shell extension 'powershell' for command environment: Not usable outside of PowerShell
[8.293s] DEBUG:colcon.colcon_core.shell:Skip shell extension 'dsv' for command environment
[9.018s] INFO:colcon.colcon_core.task.python.build:Building Python package in '/home/dwduong74/yahboom_src/src/yahboom_gait'
[9.018s] INFO:colcon.colcon_core.shell:Skip shell extension 'powershell' for command environment: Not usable outside of PowerShell
[9.018s] DEBUG:colcon.colcon_core.shell:Skip shell extension 'dsv' for command environment
[9.027s] INFO:colcon.colcon_ros.task.ament_python.build:Building ROS package in '/home/dwduong74/yahboom_src/src/yahboom_mediapipe' with build type 'ament_python'
[9.027s] Level 1:colcon.colcon_core.shell:create_environment_hook('yahboom_mediapipe', 'ament_prefix_path')
[9.027s] INFO:colcon.colcon_core.shell:Creating environment hook '/home/dwduong74/yahboom_src/install/yahboom_mediapipe/share/yahboom_mediapipe/hook/ament_prefix_path.ps1'
[9.028s] INFO:colcon.colcon_core.shell:Creating environment descriptor '/home/dwduong74/yahboom_src/install/yahboom_mediapipe/share/yahboom_mediapipe/hook/ament_prefix_path.dsv'
[9.029s] INFO:colcon.colcon_core.shell:Creating environment hook '/home/dwduong74/yahboom_src/install/yahboom_mediapipe/share/yahboom_mediapipe/hook/ament_prefix_path.sh'
[9.030s] INFO:colcon.colcon_core.shell:Skip shell extension 'powershell' for command environment: Not usable outside of PowerShell
[9.030s] DEBUG:colcon.colcon_core.shell:Skip shell extension 'dsv' for command environment
[9.047s] DEBUG:colcon.colcon_core.event_handler.log_command:Invoking command in '/home/dwduong74/yahboom_src/src/yahboom_app_save_map': PYTHONPATH=/home/dwduong74/yahboom_src/build/yahboom_app_save_map/prefix_override:/usr/lib/python3/dist-packages/colcon_core/task/python/colcon_distutils_commands:/home/dwduong74/yahboom_src/install/yahboom_app_save_map/lib/python3.10/site-packages:${PYTHONPATH} /usr/bin/python3 -W ignore:setup.py install is deprecated -W ignore:easy_install command is deprecated setup.py egg_info --egg-base ../../build/yahboom_app_save_map build --build-base /home/dwduong74/yahboom_src/build/yahboom_app_save_map/build install --record /home/dwduong74/yahboom_src/build/yahboom_app_save_map/install.log --single-version-externally-managed install_data
[9.051s] DEBUG:colcon.colcon_core.event_handler.log_command:Invoking command in '/home/dwduong74/yahboom_src/src/tf_publisher': PYTHONPATH=/home/dwduong74/yahboom_src/build/tf_publisher/prefix_override:/usr/lib/python3/dist-packages/colcon_core/task/python/colcon_distutils_commands:/home/dwduong74/yahboom_src/install/tf_publisher/lib/python3.10/site-packages:${PYTHONPATH} /usr/bin/python3 -W ignore:setup.py install is deprecated -W ignore:easy_install command is deprecated setup.py egg_info --egg-base ../../build/tf_publisher build --build-base /home/dwduong74/yahboom_src/build/tf_publisher/build install --record /home/dwduong74/yahboom_src/build/tf_publisher/install.log --single-version-externally-managed install_data
[9.056s] DEBUG:colcon.colcon_core.event_handler.log_command:Invoking command in '/home/dwduong74/yahboom_src/src/yahboom_base': PYTHONPATH=/home/dwduong74/yahboom_src/build/yahboom_base/prefix_override:/usr/lib/python3/dist-packages/colcon_core/task/python/colcon_distutils_commands:/home/dwduong74/yahboom_src/install/yahboom_base/lib/python3.10/site-packages:${PYTHONPATH} /usr/bin/python3 -W ignore:setup.py install is deprecated -W ignore:easy_install command is deprecated setup.py egg_info --egg-base ../../build/yahboom_base build --build-base /home/dwduong74/yahboom_src/build/yahboom_base/build install --record /home/dwduong74/yahboom_src/build/yahboom_base/install.log --single-version-externally-managed install_data
[9.074s] DEBUG:colcon.colcon_core.event_handler.log_command:Invoking command in '/home/dwduong74/yahboom_src/src/yahboom_bringup': PYTHONPATH=/home/dwduong74/yahboom_src/build/yahboom_bringup/prefix_override:/usr/lib/python3/dist-packages/colcon_core/task/python/colcon_distutils_commands:/home/dwduong74/yahboom_src/install/yahboom_bringup/lib/python3.10/site-packages:${PYTHONPATH} /usr/bin/python3 -W ignore:setup.py install is deprecated -W ignore:easy_install command is deprecated setup.py egg_info --egg-base ../../build/yahboom_bringup build --build-base /home/dwduong74/yahboom_src/build/yahboom_bringup/build install --record /home/dwduong74/yahboom_src/build/yahboom_bringup/install.log --single-version-externally-managed install_data
[10.271s] INFO:colcon.colcon_core.task.python.build:Building Python package in '/home/dwduong74/yahboom_src/src/yahboom_mediapipe'
[10.271s] INFO:colcon.colcon_core.shell:Skip shell extension 'powershell' for command environment: Not usable outside of PowerShell
[10.271s] DEBUG:colcon.colcon_core.shell:Skip shell extension 'dsv' for command environment
[10.391s] Level 1:colcon.colcon_core.environment:checking '/home/dwduong74/yahboom_src/install/yahboom_bringup' for CMake module files
[10.392s] DEBUG:colcon.colcon_core.event_handler.log_command:Invoked command in '/home/dwduong74/yahboom_src/src/yahboom_bringup' returned '0': PYTHONPATH=/home/dwduong74/yahboom_src/build/yahboom_bringup/prefix_override:/usr/lib/python3/dist-packages/colcon_core/task/python/colcon_distutils_commands:/home/dwduong74/yahboom_src/install/yahboom_bringup/lib/python3.10/site-packages:${PYTHONPATH} /usr/bin/python3 -W ignore:setup.py install is deprecated -W ignore:easy_install command is deprecated setup.py egg_info --egg-base ../../build/yahboom_bringup build --build-base /home/dwduong74/yahboom_src/build/yahboom_bringup/build install --record /home/dwduong74/yahboom_src/build/yahboom_bringup/install.log --single-version-externally-managed install_data
[10.393s] Level 1:colcon.colcon_core.environment:checking '/home/dwduong74/yahboom_src/install/yahboom_bringup' for CMake config files
[10.394s] Level 1:colcon.colcon_core.environment:checking '/home/dwduong74/yahboom_src/install/yahboom_bringup/lib'
[10.394s] Level 1:colcon.colcon_core.environment:checking '/home/dwduong74/yahboom_src/install/yahboom_bringup/bin'
[10.394s] Level 1:colcon.colcon_core.environment:checking '/home/dwduong74/yahboom_src/install/yahboom_bringup/lib/pkgconfig/yahboom_bringup.pc'
[10.394s] Level 1:colcon.colcon_core.environment:checking '/home/dwduong74/yahboom_src/install/yahboom_bringup/lib/python3.10/site-packages'
[10.394s] Level 1:colcon.colcon_core.shell:create_environment_hook('yahboom_bringup', 'pythonpath')
[10.395s] INFO:colcon.colcon_core.shell:Creating environment hook '/home/dwduong74/yahboom_src/install/yahboom_bringup/share/yahboom_bringup/hook/pythonpath.ps1'
[10.401s] INFO:colcon.colcon_core.shell:Creating environment descriptor '/home/dwduong74/yahboom_src/install/yahboom_bringup/share/yahboom_bringup/hook/pythonpath.dsv'
[10.403s] INFO:colcon.colcon_core.shell:Creating environment hook '/home/dwduong74/yahboom_src/install/yahboom_bringup/share/yahboom_bringup/hook/pythonpath.sh'
[10.406s] Level 1:colcon.colcon_core.environment:checking '/home/dwduong74/yahboom_src/install/yahboom_bringup/bin'
[10.408s] Level 1:colcon.colcon_core.environment:create_environment_scripts_only(yahboom_bringup)
[10.409s] INFO:colcon.colcon_core.shell:Creating package script '/home/dwduong74/yahboom_src/install/yahboom_bringup/share/yahboom_bringup/package.ps1'
[10.410s] INFO:colcon.colcon_core.shell:Creating package descriptor '/home/dwduong74/yahboom_src/install/yahboom_bringup/share/yahboom_bringup/package.dsv'
[10.411s] INFO:colcon.colcon_core.shell:Creating package script '/home/dwduong74/yahboom_src/install/yahboom_bringup/share/yahboom_bringup/package.sh'
[10.411s] INFO:colcon.colcon_core.shell:Creating package script '/home/dwduong74/yahboom_src/install/yahboom_bringup/share/yahboom_bringup/package.bash'
[10.416s] INFO:colcon.colcon_core.shell:Creating package script '/home/dwduong74/yahboom_src/install/yahboom_bringup/share/yahboom_bringup/package.zsh'
[10.417s] Level 1:colcon.colcon_core.environment:create_file_with_runtime_dependencies(/home/dwduong74/yahboom_src/install/yahboom_bringup/share/colcon-core/packages/yahboom_bringup)
[10.418s] INFO:colcon.colcon_ros.task.ament_cmake.build:Building ROS package in '/home/dwduong74/yahboom_src/src/yahboom_msgs' with build type 'ament_cmake'
[10.418s] INFO:colcon.colcon_cmake.task.cmake.build:Building CMake package in '/home/dwduong74/yahboom_src/src/yahboom_msgs'
[10.418s] INFO:colcon.colcon_core.shell:Skip shell extension 'powershell' for command environment: Not usable outside of PowerShell
[10.418s] DEBUG:colcon.colcon_core.shell:Skip shell extension 'dsv' for command environment
[10.473s] DEBUG:colcon.colcon_core.event_handler.log_command:Invoking command in '/home/dwduong74/yahboom_src/build/yahboom_msgs': CMAKE_PREFIX_PATH=${CMAKE_PREFIX_PATH}:/home/dwduong74/yahboom_src/install/yahboom_set_height:/home/dwduong74/yahboom_src/install/yahboom_mediapipe:/home/dwduong74/yahboom_src/install/yahboom_gait:/home/dwduong74/yahboom_src/install/yahboom_dog_joint_state:/home/dwduong74/yahboom_src/install/yahboom_description:/home/dwduong74/yahboom_src/install/yahboom_bringup:/home/dwduong74/yahboom_src/install/yahboom_base:/home/dwduong74/yahboom_src/install/yahboom_app_save_map:/home/dwduong74/yahboom_src/install/tf_publisher:/home/dwduong74/yahboom_src/install/bringup:/home/dwduong74/LUMI_ws/install/custom_explorer:/opt/ros/humble /usr/bin/cmake --build /home/dwduong74/yahboom_src/build/yahboom_msgs -- -j8 -l8
[10.535s] Level 1:colcon.colcon_core.environment:checking '/home/dwduong74/yahboom_src/install/yahboom_base' for CMake module files
[10.536s] Level 1:colcon.colcon_core.environment:checking '/home/dwduong74/yahboom_src/install/yahboom_base' for CMake config files
[10.537s] Level 1:colcon.colcon_core.environment:checking '/home/dwduong74/yahboom_src/install/yahboom_base/lib'
[10.537s] Level 1:colcon.colcon_core.environment:checking '/home/dwduong74/yahboom_src/install/yahboom_base/bin'
[10.537s] Level 1:colcon.colcon_core.environment:checking '/home/dwduong74/yahboom_src/install/yahboom_base/lib/pkgconfig/yahboom_base.pc'
[10.538s] Level 1:colcon.colcon_core.environment:checking '/home/dwduong74/yahboom_src/install/yahboom_base/lib/python3.10/site-packages'
[10.538s] Level 1:colcon.colcon_core.shell:create_environment_hook('yahboom_base', 'pythonpath')
[10.540s] DEBUG:colcon.colcon_core.event_handler.log_command:Invoked command in '/home/dwduong74/yahboom_src/src/yahboom_base' returned '0': PYTHONPATH=/home/dwduong74/yahboom_src/build/yahboom_base/prefix_override:/usr/lib/python3/dist-packages/colcon_core/task/python/colcon_distutils_commands:/home/dwduong74/yahboom_src/install/yahboom_base/lib/python3.10/site-packages:${PYTHONPATH} /usr/bin/python3 -W ignore:setup.py install is deprecated -W ignore:easy_install command is deprecated setup.py egg_info --egg-base ../../build/yahboom_base build --build-base /home/dwduong74/yahboom_src/build/yahboom_base/build install --record /home/dwduong74/yahboom_src/build/yahboom_base/install.log --single-version-externally-managed install_data
[10.541s] INFO:colcon.colcon_core.shell:Creating environment hook '/home/dwduong74/yahboom_src/install/yahboom_base/share/yahboom_base/hook/pythonpath.ps1'
[10.544s] INFO:colcon.colcon_core.shell:Creating environment descriptor '/home/dwduong74/yahboom_src/install/yahboom_base/share/yahboom_base/hook/pythonpath.dsv'
[10.546s] INFO:colcon.colcon_core.shell:Creating environment hook '/home/dwduong74/yahboom_src/install/yahboom_base/share/yahboom_base/hook/pythonpath.sh'
[10.552s] Level 1:colcon.colcon_core.environment:checking '/home/dwduong74/yahboom_src/install/yahboom_base/bin'
[10.552s] Level 1:colcon.colcon_core.environment:create_environment_scripts_only(yahboom_base)
[10.553s] INFO:colcon.colcon_core.shell:Creating package script '/home/dwduong74/yahboom_src/install/yahboom_base/share/yahboom_base/package.ps1'
[10.554s] INFO:colcon.colcon_core.shell:Creating package descriptor '/home/dwduong74/yahboom_src/install/yahboom_base/share/yahboom_base/package.dsv'
[10.560s] INFO:colcon.colcon_core.shell:Creating package script '/home/dwduong74/yahboom_src/install/yahboom_base/share/yahboom_base/package.sh'
[10.561s] INFO:colcon.colcon_core.shell:Creating package script '/home/dwduong74/yahboom_src/install/yahboom_base/share/yahboom_base/package.bash'
[10.561s] INFO:colcon.colcon_core.shell:Creating package script '/home/dwduong74/yahboom_src/install/yahboom_base/share/yahboom_base/package.zsh'
[10.564s] Level 1:colcon.colcon_core.environment:create_file_with_runtime_dependencies(/home/dwduong74/yahboom_src/install/yahboom_base/share/colcon-core/packages/yahboom_base)
[10.568s] INFO:colcon.colcon_ros.task.ament_python.build:Building ROS package in '/home/dwduong74/yahboom_src/src/yahboom_set_height' with build type 'ament_python'
[10.569s] Level 1:colcon.colcon_core.shell:create_environment_hook('yahboom_set_height', 'ament_prefix_path')
[10.571s] INFO:colcon.colcon_core.shell:Creating environment hook '/home/dwduong74/yahboom_src/install/yahboom_set_height/share/yahboom_set_height/hook/ament_prefix_path.ps1'
[10.574s] INFO:colcon.colcon_core.shell:Creating environment descriptor '/home/dwduong74/yahboom_src/install/yahboom_set_height/share/yahboom_set_height/hook/ament_prefix_path.dsv'
[10.575s] INFO:colcon.colcon_core.shell:Creating environment hook '/home/dwduong74/yahboom_src/install/yahboom_set_height/share/yahboom_set_height/hook/ament_prefix_path.sh'
[10.576s] INFO:colcon.colcon_core.shell:Skip shell extension 'powershell' for command environment: Not usable outside of PowerShell
[10.577s] DEBUG:colcon.colcon_core.shell:Skip shell extension 'dsv' for command environment
[10.613s] DEBUG:colcon.colcon_core.event_handler.log_command:Invoking command in '/home/dwduong74/yahboom_src/src/yahboom_dog_joint_state': PYTHONPATH=/home/dwduong74/yahboom_src/build/yahboom_dog_joint_state/prefix_override:/usr/lib/python3/dist-packages/colcon_core/task/python/colcon_distutils_commands:/home/dwduong74/yahboom_src/install/yahboom_dog_joint_state/lib/python3.10/site-packages:${PYTHONPATH} /usr/bin/python3 -W ignore:setup.py install is deprecated -W ignore:easy_install command is deprecated setup.py egg_info --egg-base ../../build/yahboom_dog_joint_state build --build-base /home/dwduong74/yahboom_src/build/yahboom_dog_joint_state/build install --record /home/dwduong74/yahboom_src/build/yahboom_dog_joint_state/install.log --single-version-externally-managed install_data
[11.971s] INFO:colcon.colcon_core.task.python.build:Building Python package in '/home/dwduong74/yahboom_src/src/yahboom_set_height'
[11.971s] INFO:colcon.colcon_core.shell:Skip shell extension 'powershell' for command environment: Not usable outside of PowerShell
[11.971s] DEBUG:colcon.colcon_core.shell:Skip shell extension 'dsv' for command environment
[11.987s] Level 1:colcon.colcon_core.environment:checking '/home/dwduong74/yahboom_src/install/yahboom_app_save_map' for CMake module files
[11.988s] Level 1:colcon.colcon_core.environment:checking '/home/dwduong74/yahboom_src/install/yahboom_app_save_map' for CMake config files
[11.989s] DEBUG:colcon.colcon_core.event_handler.log_command:Invoked command in '/home/dwduong74/yahboom_src/src/yahboom_app_save_map' returned '0': PYTHONPATH=/home/dwduong74/yahboom_src/build/yahboom_app_save_map/prefix_override:/usr/lib/python3/dist-packages/colcon_core/task/python/colcon_distutils_commands:/home/dwduong74/yahboom_src/install/yahboom_app_save_map/lib/python3.10/site-packages:${PYTHONPATH} /usr/bin/python3 -W ignore:setup.py install is deprecated -W ignore:easy_install command is deprecated setup.py egg_info --egg-base ../../build/yahboom_app_save_map build --build-base /home/dwduong74/yahboom_src/build/yahboom_app_save_map/build install --record /home/dwduong74/yahboom_src/build/yahboom_app_save_map/install.log --single-version-externally-managed install_data
[11.991s] Level 1:colcon.colcon_core.environment:checking '/home/dwduong74/yahboom_src/install/yahboom_app_save_map/lib'
[11.991s] Level 1:colcon.colcon_core.environment:checking '/home/dwduong74/yahboom_src/install/yahboom_app_save_map/bin'
[11.991s] Level 1:colcon.colcon_core.environment:checking '/home/dwduong74/yahboom_src/install/yahboom_app_save_map/lib/pkgconfig/yahboom_app_save_map.pc'
[11.991s] Level 1:colcon.colcon_core.environment:checking '/home/dwduong74/yahboom_src/install/yahboom_app_save_map/lib/python3.10/site-packages'
[11.992s] Level 1:colcon.colcon_core.shell:create_environment_hook('yahboom_app_save_map', 'pythonpath')
[11.992s] INFO:colcon.colcon_core.shell:Creating environment hook '/home/dwduong74/yahboom_src/install/yahboom_app_save_map/share/yahboom_app_save_map/hook/pythonpath.ps1'
[11.995s] INFO:colcon.colcon_core.shell:Creating environment descriptor '/home/dwduong74/yahboom_src/install/yahboom_app_save_map/share/yahboom_app_save_map/hook/pythonpath.dsv'
[11.996s] INFO:colcon.colcon_core.shell:Creating environment hook '/home/dwduong74/yahboom_src/install/yahboom_app_save_map/share/yahboom_app_save_map/hook/pythonpath.sh'
[11.998s] Level 1:colcon.colcon_core.environment:checking '/home/dwduong74/yahboom_src/install/yahboom_app_save_map/bin'
[11.998s] Level 1:colcon.colcon_core.environment:create_environment_scripts_only(yahboom_app_save_map)
[11.999s] INFO:colcon.colcon_core.shell:Creating package script '/home/dwduong74/yahboom_src/install/yahboom_app_save_map/share/yahboom_app_save_map/package.ps1'
[12.000s] INFO:colcon.colcon_core.shell:Creating package descriptor '/home/dwduong74/yahboom_src/install/yahboom_app_save_map/share/yahboom_app_save_map/package.dsv'
[12.001s] INFO:colcon.colcon_core.shell:Creating package script '/home/dwduong74/yahboom_src/install/yahboom_app_save_map/share/yahboom_app_save_map/package.sh'
[12.002s] INFO:colcon.colcon_core.shell:Creating package script '/home/dwduong74/yahboom_src/install/yahboom_app_save_map/share/yahboom_app_save_map/package.bash'
[12.003s] INFO:colcon.colcon_core.shell:Creating package script '/home/dwduong74/yahboom_src/install/yahboom_app_save_map/share/yahboom_app_save_map/package.zsh'
[12.003s] Level 1:colcon.colcon_core.environment:create_file_with_runtime_dependencies(/home/dwduong74/yahboom_src/install/yahboom_app_save_map/share/colcon-core/packages/yahboom_app_save_map)
[12.004s] Level 1:colcon.colcon_core.environment:checking '/home/dwduong74/yahboom_src/install/tf_publisher' for CMake module files
[12.005s] Level 1:colcon.colcon_core.environment:checking '/home/dwduong74/yahboom_src/install/tf_publisher' for CMake config files
[12.006s] DEBUG:colcon.colcon_core.event_handler.log_command:Invoked command in '/home/dwduong74/yahboom_src/src/tf_publisher' returned '0': PYTHONPATH=/home/dwduong74/yahboom_src/build/tf_publisher/prefix_override:/usr/lib/python3/dist-packages/colcon_core/task/python/colcon_distutils_commands:/home/dwduong74/yahboom_src/install/tf_publisher/lib/python3.10/site-packages:${PYTHONPATH} /usr/bin/python3 -W ignore:setup.py install is deprecated -W ignore:easy_install command is deprecated setup.py egg_info --egg-base ../../build/tf_publisher build --build-base /home/dwduong74/yahboom_src/build/tf_publisher/build install --record /home/dwduong74/yahboom_src/build/tf_publisher/install.log --single-version-externally-managed install_data
[12.007s] Level 1:colcon.colcon_core.environment:checking '/home/dwduong74/yahboom_src/install/tf_publisher/lib'
[12.007s] Level 1:colcon.colcon_core.environment:checking '/home/dwduong74/yahboom_src/install/tf_publisher/bin'
[12.007s] Level 1:colcon.colcon_core.environment:checking '/home/dwduong74/yahboom_src/install/tf_publisher/lib/pkgconfig/tf_publisher.pc'
[12.007s] Level 1:colcon.colcon_core.environment:checking '/home/dwduong74/yahboom_src/install/tf_publisher/lib/python3.10/site-packages'
[12.007s] Level 1:colcon.colcon_core.shell:create_environment_hook('tf_publisher', 'pythonpath')
[12.008s] INFO:colcon.colcon_core.shell:Creating environment hook '/home/dwduong74/yahboom_src/install/tf_publisher/share/tf_publisher/hook/pythonpath.ps1'
[12.009s] INFO:colcon.colcon_core.shell:Creating environment descriptor '/home/dwduong74/yahboom_src/install/tf_publisher/share/tf_publisher/hook/pythonpath.dsv'
[12.009s] INFO:colcon.colcon_core.shell:Creating environment hook '/home/dwduong74/yahboom_src/install/tf_publisher/share/tf_publisher/hook/pythonpath.sh'
[12.012s] Level 1:colcon.colcon_core.environment:checking '/home/dwduong74/yahboom_src/install/tf_publisher/bin'
[12.012s] Level 1:colcon.colcon_core.environment:create_environment_scripts_only(tf_publisher)
[12.013s] INFO:colcon.colcon_core.shell:Creating package script '/home/dwduong74/yahboom_src/install/tf_publisher/share/tf_publisher/package.ps1'
[12.014s] INFO:colcon.colcon_core.shell:Creating package descriptor '/home/dwduong74/yahboom_src/install/tf_publisher/share/tf_publisher/package.dsv'
[12.015s] INFO:colcon.colcon_core.shell:Creating package script '/home/dwduong74/yahboom_src/install/tf_publisher/share/tf_publisher/package.sh'
[12.016s] INFO:colcon.colcon_core.shell:Creating package script '/home/dwduong74/yahboom_src/install/tf_publisher/share/tf_publisher/package.bash'
[12.016s] INFO:colcon.colcon_core.shell:Creating package script '/home/dwduong74/yahboom_src/install/tf_publisher/share/tf_publisher/package.zsh'
[12.017s] Level 1:colcon.colcon_core.environment:create_file_with_runtime_dependencies(/home/dwduong74/yahboom_src/install/tf_publisher/share/colcon-core/packages/tf_publisher)
[12.019s] INFO:colcon.colcon_ros.task.ament_cmake.build:Building ROS package in '/home/dwduong74/yahboom_src/src/unitree-go2-ros2/champ/champ_gazebo' with build type 'ament_cmake'
[12.019s] INFO:colcon.colcon_cmake.task.cmake.build:Building CMake package in '/home/dwduong74/yahboom_src/src/unitree-go2-ros2/champ/champ_gazebo'
[12.019s] INFO:colcon.colcon_core.shell:Skip shell extension 'powershell' for command environment: Not usable outside of PowerShell
[12.020s] DEBUG:colcon.colcon_core.shell:Skip shell extension 'dsv' for command environment
[12.031s] INFO:colcon.colcon_ros.task.ament_cmake.build:Building ROS package in '/home/dwduong74/yahboom_src/src/unitree-go2-ros2/champ/champ_bringup' with build type 'ament_cmake'
[12.031s] INFO:colcon.colcon_cmake.task.cmake.build:Building CMake package in '/home/dwduong74/yahboom_src/src/unitree-go2-ros2/champ/champ_bringup'
[12.032s] INFO:colcon.colcon_core.shell:Skip shell extension 'powershell' for command environment: Not usable outside of PowerShell
[12.032s] DEBUG:colcon.colcon_core.shell:Skip shell extension 'dsv' for command environment
[12.048s] Level 1:colcon.colcon_core.environment:checking '/home/dwduong74/yahboom_src/install/yahboom_dog_joint_state' for CMake module files
[12.049s] DEBUG:colcon.colcon_core.event_handler.log_command:Invoked command in '/home/dwduong74/yahboom_src/src/yahboom_dog_joint_state' returned '0': PYTHONPATH=/home/dwduong74/yahboom_src/build/yahboom_dog_joint_state/prefix_override:/usr/lib/python3/dist-packages/colcon_core/task/python/colcon_distutils_commands:/home/dwduong74/yahboom_src/install/yahboom_dog_joint_state/lib/python3.10/site-packages:${PYTHONPATH} /usr/bin/python3 -W ignore:setup.py install is deprecated -W ignore:easy_install command is deprecated setup.py egg_info --egg-base ../../build/yahboom_dog_joint_state build --build-base /home/dwduong74/yahboom_src/build/yahboom_dog_joint_state/build install --record /home/dwduong74/yahboom_src/build/yahboom_dog_joint_state/install.log --single-version-externally-managed install_data
[12.050s] Level 1:colcon.colcon_core.environment:checking '/home/dwduong74/yahboom_src/install/yahboom_dog_joint_state' for CMake config files
[12.051s] Level 1:colcon.colcon_core.environment:checking '/home/dwduong74/yahboom_src/install/yahboom_dog_joint_state/lib'
[12.051s] Level 1:colcon.colcon_core.environment:checking '/home/dwduong74/yahboom_src/install/yahboom_dog_joint_state/bin'
[12.051s] Level 1:colcon.colcon_core.environment:checking '/home/dwduong74/yahboom_src/install/yahboom_dog_joint_state/lib/pkgconfig/yahboom_dog_joint_state.pc'
[12.051s] Level 1:colcon.colcon_core.environment:checking '/home/dwduong74/yahboom_src/install/yahboom_dog_joint_state/lib/python3.10/site-packages'
[12.051s] Level 1:colcon.colcon_core.shell:create_environment_hook('yahboom_dog_joint_state', 'pythonpath')
[12.052s] INFO:colcon.colcon_core.shell:Creating environment hook '/home/dwduong74/yahboom_src/install/yahboom_dog_joint_state/share/yahboom_dog_joint_state/hook/pythonpath.ps1'
[12.052s] INFO:colcon.colcon_core.shell:Creating environment descriptor '/home/dwduong74/yahboom_src/install/yahboom_dog_joint_state/share/yahboom_dog_joint_state/hook/pythonpath.dsv'
[12.053s] INFO:colcon.colcon_core.shell:Creating environment hook '/home/dwduong74/yahboom_src/install/yahboom_dog_joint_state/share/yahboom_dog_joint_state/hook/pythonpath.sh'
[12.054s] Level 1:colcon.colcon_core.environment:checking '/home/dwduong74/yahboom_src/install/yahboom_dog_joint_state/bin'
[12.054s] Level 1:colcon.colcon_core.environment:create_environment_scripts_only(yahboom_dog_joint_state)
[12.054s] INFO:colcon.colcon_core.shell:Creating package script '/home/dwduong74/yahboom_src/install/yahboom_dog_joint_state/share/yahboom_dog_joint_state/package.ps1'
[12.055s] INFO:colcon.colcon_core.shell:Creating package descriptor '/home/dwduong74/yahboom_src/install/yahboom_dog_joint_state/share/yahboom_dog_joint_state/package.dsv'
[12.056s] INFO:colcon.colcon_core.shell:Creating package script '/home/dwduong74/yahboom_src/install/yahboom_dog_joint_state/share/yahboom_dog_joint_state/package.sh'
[12.056s] INFO:colcon.colcon_core.shell:Creating package script '/home/dwduong74/yahboom_src/install/yahboom_dog_joint_state/share/yahboom_dog_joint_state/package.bash'
[12.057s] INFO:colcon.colcon_core.shell:Creating package script '/home/dwduong74/yahboom_src/install/yahboom_dog_joint_state/share/yahboom_dog_joint_state/package.zsh'
[12.057s] Level 1:colcon.colcon_core.environment:create_file_with_runtime_dependencies(/home/dwduong74/yahboom_src/install/yahboom_dog_joint_state/share/colcon-core/packages/yahboom_dog_joint_state)
[12.065s] DEBUG:colcon.colcon_core.event_handler.log_command:Invoking command in '/home/dwduong74/yahboom_src/src/yahboom_gait': PYTHONPATH=/home/dwduong74/yahboom_src/build/yahboom_gait/prefix_override:/usr/lib/python3/dist-packages/colcon_core/task/python/colcon_distutils_commands:/home/dwduong74/yahboom_src/install/yahboom_gait/lib/python3.10/site-packages:${PYTHONPATH} /usr/bin/python3 -W ignore:setup.py install is deprecated -W ignore:easy_install command is deprecated setup.py egg_info --egg-base ../../build/yahboom_gait build --build-base /home/dwduong74/yahboom_src/build/yahboom_gait/build install --record /home/dwduong74/yahboom_src/build/yahboom_gait/install.log --single-version-externally-managed install_data
[12.066s] DEBUG:colcon.colcon_core.event_handler.log_command:Invoking command in '/home/dwduong74/yahboom_src/src/yahboom_description': PYTHONPATH=/home/dwduong74/yahboom_src/build/yahboom_description/prefix_override:/usr/lib/python3/dist-packages/colcon_core/task/python/colcon_distutils_commands:/home/dwduong74/yahboom_src/install/yahboom_description/lib/python3.10/site-packages:${PYTHONPATH} /usr/bin/python3 -W ignore:setup.py install is deprecated -W ignore:easy_install command is deprecated setup.py egg_info --egg-base ../../build/yahboom_description build --build-base /home/dwduong74/yahboom_src/build/yahboom_description/build install --record /home/dwduong74/yahboom_src/build/yahboom_description/install.log --single-version-externally-managed install_data
[12.067s] DEBUG:colcon.colcon_core.event_handler.log_command:Invoked command in '/home/dwduong74/yahboom_src/build/yahboom_msgs' returned '0': CMAKE_PREFIX_PATH=${CMAKE_PREFIX_PATH}:/home/dwduong74/yahboom_src/install/yahboom_set_height:/home/dwduong74/yahboom_src/install/yahboom_mediapipe:/home/dwduong74/yahboom_src/install/yahboom_gait:/home/dwduong74/yahboom_src/install/yahboom_dog_joint_state:/home/dwduong74/yahboom_src/install/yahboom_description:/home/dwduong74/yahboom_src/install/yahboom_bringup:/home/dwduong74/yahboom_src/install/yahboom_base:/home/dwduong74/yahboom_src/install/yahboom_app_save_map:/home/dwduong74/yahboom_src/install/tf_publisher:/home/dwduong74/yahboom_src/install/bringup:/home/dwduong74/LUMI_ws/install/custom_explorer:/opt/ros/humble /usr/bin/cmake --build /home/dwduong74/yahboom_src/build/yahboom_msgs -- -j8 -l8
[12.071s] DEBUG:colcon.colcon_core.event_handler.log_command:Invoking command in '/home/dwduong74/yahboom_src/build/yahboom_msgs': CMAKE_PREFIX_PATH=${CMAKE_PREFIX_PATH}:/home/dwduong74/yahboom_src/install/yahboom_set_height:/home/dwduong74/yahboom_src/install/yahboom_mediapipe:/home/dwduong74/yahboom_src/install/yahboom_gait:/home/dwduong74/yahboom_src/install/yahboom_dog_joint_state:/home/dwduong74/yahboom_src/install/yahboom_description:/home/dwduong74/yahboom_src/install/yahboom_bringup:/home/dwduong74/yahboom_src/install/yahboom_base:/home/dwduong74/yahboom_src/install/yahboom_app_save_map:/home/dwduong74/yahboom_src/install/tf_publisher:/home/dwduong74/yahboom_src/install/bringup:/home/dwduong74/LUMI_ws/install/custom_explorer:/opt/ros/humble /usr/bin/cmake --install /home/dwduong74/yahboom_src/build/yahboom_msgs
[12.071s] INFO:colcon.colcon_ros.task.ament_cmake.build:Building ROS package in '/home/dwduong74/yahboom_src/src/unitree-go2-ros2/velodyne/velodyne_simulator' with build type 'ament_cmake'
[12.072s] INFO:colcon.colcon_cmake.task.cmake.build:Building CMake package in '/home/dwduong74/yahboom_src/src/unitree-go2-ros2/velodyne/velodyne_simulator'
[12.072s] INFO:colcon.colcon_core.shell:Skip shell extension 'powershell' for command environment: Not usable outside of PowerShell
[12.072s] DEBUG:colcon.colcon_core.shell:Skip shell extension 'dsv' for command environment
[12.115s] DEBUG:colcon.colcon_core.event_handler.log_command:Invoking command in '/home/dwduong74/yahboom_src/src/yahboom_mediapipe': PYTHONPATH=/home/dwduong74/yahboom_src/build/yahboom_mediapipe/prefix_override:/usr/lib/python3/dist-packages/colcon_core/task/python/colcon_distutils_commands:/home/dwduong74/yahboom_src/install/yahboom_mediapipe/lib/python3.10/site-packages:${PYTHONPATH} /usr/bin/python3 -W ignore:setup.py install is deprecated -W ignore:easy_install command is deprecated setup.py egg_info --egg-base ../../build/yahboom_mediapipe build --build-base /home/dwduong74/yahboom_src/build/yahboom_mediapipe/build install --record /home/dwduong74/yahboom_src/build/yahboom_mediapipe/install.log --single-version-externally-managed install_data
[12.135s] DEBUG:colcon.colcon_core.event_handler.log_command:Invoking command in '/home/dwduong74/yahboom_src/build/champ_gazebo': CMAKE_PREFIX_PATH=/home/dwduong74/yahboom_src/install/champ_msgs:/home/dwduong74/yahboom_src/install/champ:/home/dwduong74/yahboom_src/install/yahboom_msgs:/home/dwduong74/yahboom_src/install/velodyne_simulator:/home/dwduong74/yahboom_src/install/velodyne_description:/home/dwduong74/yahboom_src/install/champ_bringup:/home/dwduong74/yahboom_src/install/champ_description:/home/dwduong74/yahboom_src/install/velodyne_gazebo_plugins:/home/dwduong74/yahboom_src/install/oradar_lidar:/home/dwduong74/yahboom_src/install/image_color_lab:/home/dwduong74/yahboom_src/install/go2_description:/home/dwduong74/yahboom_src/install/go2_config:/home/dwduong74/yahboom_src/install/dogzilla_description:/home/dwduong74/yahboom_src/install/dogzilla_config:/home/dwduong74/yahboom_src/install/champ_teleop:/home/dwduong74/yahboom_src/install/champ_navigation:/home/dwduong74/yahboom_src/install/champ_gazebo:/home/dwduong74/yahboom_src/install/champ_base:/home/dwduong74/yahboom_src/install/champ_config:/home/dwduong74/LUMI_ws/install/turtlebot3_manipulation_gazebo:/home/dwduong74/LUMI_ws/install/champ:/home/dwduong74/LUMI_ws/install/rf2o_laser_odometry:/home/dwduong74/yahboom_src/install/yahboom_set_height:/home/dwduong74/yahboom_src/install/yahboom_mediapipe:/home/dwduong74/yahboom_src/install/yahboom_gait:/home/dwduong74/yahboom_src/install/yahboom_dog_joint_state:/home/dwduong74/yahboom_src/install/yahboom_description:/home/dwduong74/yahboom_src/install/yahboom_bringup:/home/dwduong74/yahboom_src/install/yahboom_base:/home/dwduong74/yahboom_src/install/yahboom_app_save_map:/home/dwduong74/yahboom_src/install/tf_publisher:/home/dwduong74/yahboom_src/install/bringup:/home/dwduong74/LUMI_ws/install/custom_explorer:/opt/ros/humble LD_LIBRARY_PATH=/home/dwduong74/yahboom_src/install/champ_msgs/lib:/home/dwduong74/yahboom_src/install/yahboom_msgs/lib:/home/dwduong74/yahboom_src/install/velodyne_gazebo_plugins/lib:/home/dwduong74/yahboom_src/install/image_color_lab/lib:/home/dwduong74/yahboom_src/install/champ_base/lib:/usr/lib/x86_64-linux-gnu/gazebo-11/plugins:/opt/ros/humble/opt/rviz_ogre_vendor/lib:/opt/ros/humble/lib/x86_64-linux-gnu:/opt/ros/humble/lib /usr/bin/cmake --build /home/dwduong74/yahboom_src/build/champ_gazebo -- -j8 -l8
[12.154s] DEBUG:colcon.colcon_core.event_handler.log_command:Invoking command in '/home/dwduong74/yahboom_src/build/champ_bringup': CMAKE_PREFIX_PATH=/home/dwduong74/yahboom_src/install/champ_description:/home/dwduong74/yahboom_src/install/champ_base:/home/dwduong74/yahboom_src/install/velodyne_gazebo_plugins:/home/dwduong74/yahboom_src/install/champ_msgs:/home/dwduong74/yahboom_src/install/champ:/home/dwduong74/yahboom_src/install/yahboom_msgs:/home/dwduong74/yahboom_src/install/velodyne_simulator:/home/dwduong74/yahboom_src/install/velodyne_description:/home/dwduong74/yahboom_src/install/champ_bringup:/home/dwduong74/yahboom_src/install/oradar_lidar:/home/dwduong74/yahboom_src/install/image_color_lab:/home/dwduong74/yahboom_src/install/go2_description:/home/dwduong74/yahboom_src/install/go2_config:/home/dwduong74/yahboom_src/install/dogzilla_description:/home/dwduong74/yahboom_src/install/dogzilla_config:/home/dwduong74/yahboom_src/install/champ_teleop:/home/dwduong74/yahboom_src/install/champ_navigation:/home/dwduong74/yahboom_src/install/champ_gazebo:/home/dwduong74/yahboom_src/install/champ_config:/home/dwduong74/LUMI_ws/install/turtlebot3_manipulation_gazebo:/home/dwduong74/LUMI_ws/install/champ:/home/dwduong74/LUMI_ws/install/rf2o_laser_odometry:/home/dwduong74/yahboom_src/install/yahboom_set_height:/home/dwduong74/yahboom_src/install/yahboom_mediapipe:/home/dwduong74/yahboom_src/install/yahboom_gait:/home/dwduong74/yahboom_src/install/yahboom_dog_joint_state:/home/dwduong74/yahboom_src/install/yahboom_description:/home/dwduong74/yahboom_src/install/yahboom_bringup:/home/dwduong74/yahboom_src/install/yahboom_base:/home/dwduong74/yahboom_src/install/yahboom_app_save_map:/home/dwduong74/yahboom_src/install/tf_publisher:/home/dwduong74/yahboom_src/install/bringup:/home/dwduong74/LUMI_ws/install/custom_explorer:/opt/ros/humble LD_LIBRARY_PATH=/home/dwduong74/yahboom_src/install/champ_base/lib:/home/dwduong74/yahboom_src/install/velodyne_gazebo_plugins/lib:/home/dwduong74/yahboom_src/install/champ_msgs/lib:/home/dwduong74/yahboom_src/install/yahboom_msgs/lib:/home/dwduong74/yahboom_src/install/image_color_lab/lib:/usr/lib/x86_64-linux-gnu/gazebo-11/plugins:/opt/ros/humble/opt/rviz_ogre_vendor/lib:/opt/ros/humble/lib/x86_64-linux-gnu:/opt/ros/humble/lib PATH=/home/dwduong74/yahboom_src/install/champ_base/bin:/home/dwduong74/yahboom_src/install/oradar_lidar/bin:/home/dwduong74/yahboom_src/install/champ_gazebo/bin:/usr/bin:/home/dwduong74/.local/bin:/home/dwduong74/.local/bin:/opt/ros/humble/bin:/usr/local/sbin:/usr/local/bin:/usr/sbin:/usr/bin:/sbin:/bin:/usr/games:/usr/local/games:/snap/bin /usr/bin/cmake --build /home/dwduong74/yahboom_src/build/champ_bringup -- -j8 -l8
[12.179s] DEBUG:colcon.colcon_core.event_handler.log_command:Invoking command in '/home/dwduong74/yahboom_src/build/velodyne_simulator': CMAKE_PREFIX_PATH=/home/dwduong74/yahboom_src/install/velodyne_description:/home/dwduong74/yahboom_src/install/velodyne_gazebo_plugins:/home/dwduong74/yahboom_src/install/yahboom_msgs:/home/dwduong74/yahboom_src/install/velodyne_simulator:/home/dwduong74/yahboom_src/install/champ_bringup:/home/dwduong74/yahboom_src/install/champ_description:/home/dwduong74/yahboom_src/install/oradar_lidar:/home/dwduong74/yahboom_src/install/image_color_lab:/home/dwduong74/yahboom_src/install/go2_description:/home/dwduong74/yahboom_src/install/go2_config:/home/dwduong74/yahboom_src/install/dogzilla_description:/home/dwduong74/yahboom_src/install/dogzilla_config:/home/dwduong74/yahboom_src/install/champ_teleop:/home/dwduong74/yahboom_src/install/champ_navigation:/home/dwduong74/yahboom_src/install/champ_gazebo:/home/dwduong74/yahboom_src/install/champ_base:/home/dwduong74/yahboom_src/install/champ_msgs:/home/dwduong74/yahboom_src/install/champ_config:/home/dwduong74/yahboom_src/install/champ:/home/dwduong74/LUMI_ws/install/turtlebot3_manipulation_gazebo:/home/dwduong74/LUMI_ws/install/champ:/home/dwduong74/LUMI_ws/install/rf2o_laser_odometry:/home/dwduong74/yahboom_src/install/yahboom_set_height:/home/dwduong74/yahboom_src/install/yahboom_mediapipe:/home/dwduong74/yahboom_src/install/yahboom_gait:/home/dwduong74/yahboom_src/install/yahboom_dog_joint_state:/home/dwduong74/yahboom_src/install/yahboom_description:/home/dwduong74/yahboom_src/install/yahboom_bringup:/home/dwduong74/yahboom_src/install/yahboom_base:/home/dwduong74/yahboom_src/install/yahboom_app_save_map:/home/dwduong74/yahboom_src/install/tf_publisher:/home/dwduong74/yahboom_src/install/bringup:/home/dwduong74/LUMI_ws/install/custom_explorer:/opt/ros/humble LD_LIBRARY_PATH=/home/dwduong74/yahboom_src/install/velodyne_gazebo_plugins/lib:/home/dwduong74/yahboom_src/install/yahboom_msgs/lib:/home/dwduong74/yahboom_src/install/image_color_lab/lib:/home/dwduong74/yahboom_src/install/champ_base/lib:/home/dwduong74/yahboom_src/install/champ_msgs/lib:/usr/lib/x86_64-linux-gnu/gazebo-11/plugins:/opt/ros/humble/opt/rviz_ogre_vendor/lib:/opt/ros/humble/lib/x86_64-linux-gnu:/opt/ros/humble/lib /usr/bin/cmake --build /home/dwduong74/yahboom_src/build/velodyne_simulator -- -j8 -l8
[12.269s] DEBUG:colcon.colcon_core.event_handler.log_command:Invoked command in '/home/dwduong74/yahboom_src/build/champ_gazebo' returned '0': CMAKE_PREFIX_PATH=/home/dwduong74/yahboom_src/install/champ_msgs:/home/dwduong74/yahboom_src/install/champ:/home/dwduong74/yahboom_src/install/yahboom_msgs:/home/dwduong74/yahboom_src/install/velodyne_simulator:/home/dwduong74/yahboom_src/install/velodyne_description:/home/dwduong74/yahboom_src/install/champ_bringup:/home/dwduong74/yahboom_src/install/champ_description:/home/dwduong74/yahboom_src/install/velodyne_gazebo_plugins:/home/dwduong74/yahboom_src/install/oradar_lidar:/home/dwduong74/yahboom_src/install/image_color_lab:/home/dwduong74/yahboom_src/install/go2_description:/home/dwduong74/yahboom_src/install/go2_config:/home/dwduong74/yahboom_src/install/dogzilla_description:/home/dwduong74/yahboom_src/install/dogzilla_config:/home/dwduong74/yahboom_src/install/champ_teleop:/home/dwduong74/yahboom_src/install/champ_navigation:/home/dwduong74/yahboom_src/install/champ_gazebo:/home/dwduong74/yahboom_src/install/champ_base:/home/dwduong74/yahboom_src/install/champ_config:/home/dwduong74/LUMI_ws/install/turtlebot3_manipulation_gazebo:/home/dwduong74/LUMI_ws/install/champ:/home/dwduong74/LUMI_ws/install/rf2o_laser_odometry:/home/dwduong74/yahboom_src/install/yahboom_set_height:/home/dwduong74/yahboom_src/install/yahboom_mediapipe:/home/dwduong74/yahboom_src/install/yahboom_gait:/home/dwduong74/yahboom_src/install/yahboom_dog_joint_state:/home/dwduong74/yahboom_src/install/yahboom_description:/home/dwduong74/yahboom_src/install/yahboom_bringup:/home/dwduong74/yahboom_src/install/yahboom_base:/home/dwduong74/yahboom_src/install/yahboom_app_save_map:/home/dwduong74/yahboom_src/install/tf_publisher:/home/dwduong74/yahboom_src/install/bringup:/home/dwduong74/LUMI_ws/install/custom_explorer:/opt/ros/humble LD_LIBRARY_PATH=/home/dwduong74/yahboom_src/install/champ_msgs/lib:/home/dwduong74/yahboom_src/install/yahboom_msgs/lib:/home/dwduong74/yahboom_src/install/velodyne_gazebo_plugins/lib:/home/dwduong74/yahboom_src/install/image_color_lab/lib:/home/dwduong74/yahboom_src/install/champ_base/lib:/usr/lib/x86_64-linux-gnu/gazebo-11/plugins:/opt/ros/humble/opt/rviz_ogre_vendor/lib:/opt/ros/humble/lib/x86_64-linux-gnu:/opt/ros/humble/lib /usr/bin/cmake --build /home/dwduong74/yahboom_src/build/champ_gazebo -- -j8 -l8
[12.270s] DEBUG:colcon.colcon_core.event_handler.log_command:Invoking command in '/home/dwduong74/yahboom_src/build/champ_gazebo': CMAKE_PREFIX_PATH=/home/dwduong74/yahboom_src/install/champ_msgs:/home/dwduong74/yahboom_src/install/champ:/home/dwduong74/yahboom_src/install/yahboom_msgs:/home/dwduong74/yahboom_src/install/velodyne_simulator:/home/dwduong74/yahboom_src/install/velodyne_description:/home/dwduong74/yahboom_src/install/champ_bringup:/home/dwduong74/yahboom_src/install/champ_description:/home/dwduong74/yahboom_src/install/velodyne_gazebo_plugins:/home/dwduong74/yahboom_src/install/oradar_lidar:/home/dwduong74/yahboom_src/install/image_color_lab:/home/dwduong74/yahboom_src/install/go2_description:/home/dwduong74/yahboom_src/install/go2_config:/home/dwduong74/yahboom_src/install/dogzilla_description:/home/dwduong74/yahboom_src/install/dogzilla_config:/home/dwduong74/yahboom_src/install/champ_teleop:/home/dwduong74/yahboom_src/install/champ_navigation:/home/dwduong74/yahboom_src/install/champ_gazebo:/home/dwduong74/yahboom_src/install/champ_base:/home/dwduong74/yahboom_src/install/champ_config:/home/dwduong74/LUMI_ws/install/turtlebot3_manipulation_gazebo:/home/dwduong74/LUMI_ws/install/champ:/home/dwduong74/LUMI_ws/install/rf2o_laser_odometry:/home/dwduong74/yahboom_src/install/yahboom_set_height:/home/dwduong74/yahboom_src/install/yahboom_mediapipe:/home/dwduong74/yahboom_src/install/yahboom_gait:/home/dwduong74/yahboom_src/install/yahboom_dog_joint_state:/home/dwduong74/yahboom_src/install/yahboom_description:/home/dwduong74/yahboom_src/install/yahboom_bringup:/home/dwduong74/yahboom_src/install/yahboom_base:/home/dwduong74/yahboom_src/install/yahboom_app_save_map:/home/dwduong74/yahboom_src/install/tf_publisher:/home/dwduong74/yahboom_src/install/bringup:/home/dwduong74/LUMI_ws/install/custom_explorer:/opt/ros/humble LD_LIBRARY_PATH=/home/dwduong74/yahboom_src/install/champ_msgs/lib:/home/dwduong74/yahboom_src/install/yahboom_msgs/lib:/home/dwduong74/yahboom_src/install/velodyne_gazebo_plugins/lib:/home/dwduong74/yahboom_src/install/image_color_lab/lib:/home/dwduong74/yahboom_src/install/champ_base/lib:/usr/lib/x86_64-linux-gnu/gazebo-11/plugins:/opt/ros/humble/opt/rviz_ogre_vendor/lib:/opt/ros/humble/lib/x86_64-linux-gnu:/opt/ros/humble/lib /usr/bin/cmake --install /home/dwduong74/yahboom_src/build/champ_gazebo
[12.301s] DEBUG:colcon.colcon_core.event_handler.log_command:Invoked command in '/home/dwduong74/yahboom_src/build/velodyne_simulator' returned '0': CMAKE_PREFIX_PATH=/home/dwduong74/yahboom_src/install/velodyne_description:/home/dwduong74/yahboom_src/install/velodyne_gazebo_plugins:/home/dwduong74/yahboom_src/install/yahboom_msgs:/home/dwduong74/yahboom_src/install/velodyne_simulator:/home/dwduong74/yahboom_src/install/champ_bringup:/home/dwduong74/yahboom_src/install/champ_description:/home/dwduong74/yahboom_src/install/oradar_lidar:/home/dwduong74/yahboom_src/install/image_color_lab:/home/dwduong74/yahboom_src/install/go2_description:/home/dwduong74/yahboom_src/install/go2_config:/home/dwduong74/yahboom_src/install/dogzilla_description:/home/dwduong74/yahboom_src/install/dogzilla_config:/home/dwduong74/yahboom_src/install/champ_teleop:/home/dwduong74/yahboom_src/install/champ_navigation:/home/dwduong74/yahboom_src/install/champ_gazebo:/home/dwduong74/yahboom_src/install/champ_base:/home/dwduong74/yahboom_src/install/champ_msgs:/home/dwduong74/yahboom_src/install/champ_config:/home/dwduong74/yahboom_src/install/champ:/home/dwduong74/LUMI_ws/install/turtlebot3_manipulation_gazebo:/home/dwduong74/LUMI_ws/install/champ:/home/dwduong74/LUMI_ws/install/rf2o_laser_odometry:/home/dwduong74/yahboom_src/install/yahboom_set_height:/home/dwduong74/yahboom_src/install/yahboom_mediapipe:/home/dwduong74/yahboom_src/install/yahboom_gait:/home/dwduong74/yahboom_src/install/yahboom_dog_joint_state:/home/dwduong74/yahboom_src/install/yahboom_description:/home/dwduong74/yahboom_src/install/yahboom_bringup:/home/dwduong74/yahboom_src/install/yahboom_base:/home/dwduong74/yahboom_src/install/yahboom_app_save_map:/home/dwduong74/yahboom_src/install/tf_publisher:/home/dwduong74/yahboom_src/install/bringup:/home/dwduong74/LUMI_ws/install/custom_explorer:/opt/ros/humble LD_LIBRARY_PATH=/home/dwduong74/yahboom_src/install/velodyne_gazebo_plugins/lib:/home/dwduong74/yahboom_src/install/yahboom_msgs/lib:/home/dwduong74/yahboom_src/install/image_color_lab/lib:/home/dwduong74/yahboom_src/install/champ_base/lib:/home/dwduong74/yahboom_src/install/champ_msgs/lib:/usr/lib/x86_64-linux-gnu/gazebo-11/plugins:/opt/ros/humble/opt/rviz_ogre_vendor/lib:/opt/ros/humble/lib/x86_64-linux-gnu:/opt/ros/humble/lib /usr/bin/cmake --build /home/dwduong74/yahboom_src/build/velodyne_simulator -- -j8 -l8
[12.303s] DEBUG:colcon.colcon_core.event_handler.log_command:Invoking command in '/home/dwduong74/yahboom_src/build/velodyne_simulator': CMAKE_PREFIX_PATH=/home/dwduong74/yahboom_src/install/velodyne_description:/home/dwduong74/yahboom_src/install/velodyne_gazebo_plugins:/home/dwduong74/yahboom_src/install/yahboom_msgs:/home/dwduong74/yahboom_src/install/velodyne_simulator:/home/dwduong74/yahboom_src/install/champ_bringup:/home/dwduong74/yahboom_src/install/champ_description:/home/dwduong74/yahboom_src/install/oradar_lidar:/home/dwduong74/yahboom_src/install/image_color_lab:/home/dwduong74/yahboom_src/install/go2_description:/home/dwduong74/yahboom_src/install/go2_config:/home/dwduong74/yahboom_src/install/dogzilla_description:/home/dwduong74/yahboom_src/install/dogzilla_config:/home/dwduong74/yahboom_src/install/champ_teleop:/home/dwduong74/yahboom_src/install/champ_navigation:/home/dwduong74/yahboom_src/install/champ_gazebo:/home/dwduong74/yahboom_src/install/champ_base:/home/dwduong74/yahboom_src/install/champ_msgs:/home/dwduong74/yahboom_src/install/champ_config:/home/dwduong74/yahboom_src/install/champ:/home/dwduong74/LUMI_ws/install/turtlebot3_manipulation_gazebo:/home/dwduong74/LUMI_ws/install/champ:/home/dwduong74/LUMI_ws/install/rf2o_laser_odometry:/home/dwduong74/yahboom_src/install/yahboom_set_height:/home/dwduong74/yahboom_src/install/yahboom_mediapipe:/home/dwduong74/yahboom_src/install/yahboom_gait:/home/dwduong74/yahboom_src/install/yahboom_dog_joint_state:/home/dwduong74/yahboom_src/install/yahboom_description:/home/dwduong74/yahboom_src/install/yahboom_bringup:/home/dwduong74/yahboom_src/install/yahboom_base:/home/dwduong74/yahboom_src/install/yahboom_app_save_map:/home/dwduong74/yahboom_src/install/tf_publisher:/home/dwduong74/yahboom_src/install/bringup:/home/dwduong74/LUMI_ws/install/custom_explorer:/opt/ros/humble LD_LIBRARY_PATH=/home/dwduong74/yahboom_src/install/velodyne_gazebo_plugins/lib:/home/dwduong74/yahboom_src/install/yahboom_msgs/lib:/home/dwduong74/yahboom_src/install/image_color_lab/lib:/home/dwduong74/yahboom_src/install/champ_base/lib:/home/dwduong74/yahboom_src/install/champ_msgs/lib:/usr/lib/x86_64-linux-gnu/gazebo-11/plugins:/opt/ros/humble/opt/rviz_ogre_vendor/lib:/opt/ros/humble/lib/x86_64-linux-gnu:/opt/ros/humble/lib /usr/bin/cmake --install /home/dwduong74/yahboom_src/build/velodyne_simulator
[12.352s] Level 1:colcon.colcon_core.environment:create_environment_scripts_only(champ_gazebo)
[12.352s] Level 1:colcon.colcon_core.environment:checking '/home/dwduong74/yahboom_src/install/champ_gazebo' for CMake module files
[12.358s] Level 1:colcon.colcon_core.environment:checking '/home/dwduong74/yahboom_src/install/champ_gazebo' for CMake config files
[12.359s] Level 1:colcon.colcon_core.shell:create_environment_hook('champ_gazebo', 'cmake_prefix_path')
[12.359s] INFO:colcon.colcon_core.shell:Creating environment hook '/home/dwduong74/yahboom_src/install/champ_gazebo/share/champ_gazebo/hook/cmake_prefix_path.ps1'
[12.360s] INFO:colcon.colcon_core.shell:Creating environment descriptor '/home/dwduong74/yahboom_src/install/champ_gazebo/share/champ_gazebo/hook/cmake_prefix_path.dsv'
[12.362s] DEBUG:colcon.colcon_core.event_handler.log_command:Invoked command in '/home/dwduong74/yahboom_src/build/champ_gazebo' returned '0': CMAKE_PREFIX_PATH=/home/dwduong74/yahboom_src/install/champ_msgs:/home/dwduong74/yahboom_src/install/champ:/home/dwduong74/yahboom_src/install/yahboom_msgs:/home/dwduong74/yahboom_src/install/velodyne_simulator:/home/dwduong74/yahboom_src/install/velodyne_description:/home/dwduong74/yahboom_src/install/champ_bringup:/home/dwduong74/yahboom_src/install/champ_description:/home/dwduong74/yahboom_src/install/velodyne_gazebo_plugins:/home/dwduong74/yahboom_src/install/oradar_lidar:/home/dwduong74/yahboom_src/install/image_color_lab:/home/dwduong74/yahboom_src/install/go2_description:/home/dwduong74/yahboom_src/install/go2_config:/home/dwduong74/yahboom_src/install/dogzilla_description:/home/dwduong74/yahboom_src/install/dogzilla_config:/home/dwduong74/yahboom_src/install/champ_teleop:/home/dwduong74/yahboom_src/install/champ_navigation:/home/dwduong74/yahboom_src/install/champ_gazebo:/home/dwduong74/yahboom_src/install/champ_base:/home/dwduong74/yahboom_src/install/champ_config:/home/dwduong74/LUMI_ws/install/turtlebot3_manipulation_gazebo:/home/dwduong74/LUMI_ws/install/champ:/home/dwduong74/LUMI_ws/install/rf2o_laser_odometry:/home/dwduong74/yahboom_src/install/yahboom_set_height:/home/dwduong74/yahboom_src/install/yahboom_mediapipe:/home/dwduong74/yahboom_src/install/yahboom_gait:/home/dwduong74/yahboom_src/install/yahboom_dog_joint_state:/home/dwduong74/yahboom_src/install/yahboom_description:/home/dwduong74/yahboom_src/install/yahboom_bringup:/home/dwduong74/yahboom_src/install/yahboom_base:/home/dwduong74/yahboom_src/install/yahboom_app_save_map:/home/dwduong74/yahboom_src/install/tf_publisher:/home/dwduong74/yahboom_src/install/bringup:/home/dwduong74/LUMI_ws/install/custom_explorer:/opt/ros/humble LD_LIBRARY_PATH=/home/dwduong74/yahboom_src/install/champ_msgs/lib:/home/dwduong74/yahboom_src/install/yahboom_msgs/lib:/home/dwduong74/yahboom_src/install/velodyne_gazebo_plugins/lib:/home/dwduong74/yahboom_src/install/image_color_lab/lib:/home/dwduong74/yahboom_src/install/champ_base/lib:/usr/lib/x86_64-linux-gnu/gazebo-11/plugins:/opt/ros/humble/opt/rviz_ogre_vendor/lib:/opt/ros/humble/lib/x86_64-linux-gnu:/opt/ros/humble/lib /usr/bin/cmake --install /home/dwduong74/yahboom_src/build/champ_gazebo
[12.364s] INFO:colcon.colcon_core.shell:Creating environment hook '/home/dwduong74/yahboom_src/install/champ_gazebo/share/champ_gazebo/hook/cmake_prefix_path.sh'
[12.365s] Level 1:colcon.colcon_core.environment:checking '/home/dwduong74/yahboom_src/install/champ_gazebo/bin'
[12.366s] Level 1:colcon.colcon_core.shell:create_environment_hook('champ_gazebo', 'path')
[12.366s] INFO:colcon.colcon_core.shell:Creating environment hook '/home/dwduong74/yahboom_src/install/champ_gazebo/share/champ_gazebo/hook/path.ps1'
[12.367s] INFO:colcon.colcon_core.shell:Creating environment descriptor '/home/dwduong74/yahboom_src/install/champ_gazebo/share/champ_gazebo/hook/path.dsv'
[12.367s] INFO:colcon.colcon_core.shell:Creating environment hook '/home/dwduong74/yahboom_src/install/champ_gazebo/share/champ_gazebo/hook/path.sh'
[12.371s] Level 1:colcon.colcon_core.environment:checking '/home/dwduong74/yahboom_src/install/champ_gazebo/lib/pkgconfig/champ_gazebo.pc'
[12.372s] Level 1:colcon.colcon_core.environment:checking '/home/dwduong74/yahboom_src/install/champ_gazebo/lib/python3.10/site-packages'
[12.373s] Level 1:colcon.colcon_core.environment:checking '/home/dwduong74/yahboom_src/install/champ_gazebo/bin'
[12.376s] Level 1:colcon.colcon_core.shell:create_environment_hook('champ_gazebo', 'pythonscriptspath')
[12.377s] INFO:colcon.colcon_core.shell:Creating environment hook '/home/dwduong74/yahboom_src/install/champ_gazebo/share/champ_gazebo/hook/pythonscriptspath.ps1'
[12.377s] INFO:colcon.colcon_core.shell:Creating environment descriptor '/home/dwduong74/yahboom_src/install/champ_gazebo/share/champ_gazebo/hook/pythonscriptspath.dsv'
[12.382s] INFO:colcon.colcon_core.shell:Creating environment hook '/home/dwduong74/yahboom_src/install/champ_gazebo/share/champ_gazebo/hook/pythonscriptspath.sh'
[12.384s] INFO:colcon.colcon_core.shell:Creating package script '/home/dwduong74/yahboom_src/install/champ_gazebo/share/champ_gazebo/package.ps1'
[12.385s] INFO:colcon.colcon_core.shell:Creating package descriptor '/home/dwduong74/yahboom_src/install/champ_gazebo/share/champ_gazebo/package.dsv'
[12.386s] INFO:colcon.colcon_core.shell:Creating package script '/home/dwduong74/yahboom_src/install/champ_gazebo/share/champ_gazebo/package.sh'
[12.387s] INFO:colcon.colcon_core.shell:Creating package script '/home/dwduong74/yahboom_src/install/champ_gazebo/share/champ_gazebo/package.bash'
[12.387s] INFO:colcon.colcon_core.shell:Creating package script '/home/dwduong74/yahboom_src/install/champ_gazebo/share/champ_gazebo/package.zsh'
[12.389s] Level 1:colcon.colcon_core.environment:create_file_with_runtime_dependencies(/home/dwduong74/yahboom_src/install/champ_gazebo/share/colcon-core/packages/champ_gazebo)
[12.394s] Level 1:colcon.colcon_core.environment:create_environment_scripts_only(champ_gazebo)
[12.395s] Level 1:colcon.colcon_core.environment:checking '/home/dwduong74/yahboom_src/install/champ_gazebo' for CMake module files
[12.399s] Level 1:colcon.colcon_core.environment:checking '/home/dwduong74/yahboom_src/install/champ_gazebo' for CMake config files
[12.399s] Level 1:colcon.colcon_core.shell:create_environment_hook('champ_gazebo', 'cmake_prefix_path')
[12.400s] INFO:colcon.colcon_core.shell:Creating environment hook '/home/dwduong74/yahboom_src/install/champ_gazebo/share/champ_gazebo/hook/cmake_prefix_path.ps1'
[12.400s] INFO:colcon.colcon_core.shell:Creating environment descriptor '/home/dwduong74/yahboom_src/install/champ_gazebo/share/champ_gazebo/hook/cmake_prefix_path.dsv'
[12.401s] INFO:colcon.colcon_core.shell:Creating environment hook '/home/dwduong74/yahboom_src/install/champ_gazebo/share/champ_gazebo/hook/cmake_prefix_path.sh'
[12.405s] Level 1:colcon.colcon_core.environment:checking '/home/dwduong74/yahboom_src/install/champ_gazebo/bin'
[12.406s] Level 1:colcon.colcon_core.shell:create_environment_hook('champ_gazebo', 'path')
[12.406s] INFO:colcon.colcon_core.shell:Creating environment hook '/home/dwduong74/yahboom_src/install/champ_gazebo/share/champ_gazebo/hook/path.ps1'
[12.411s] INFO:colcon.colcon_core.shell:Creating environment descriptor '/home/dwduong74/yahboom_src/install/champ_gazebo/share/champ_gazebo/hook/path.dsv'
[12.412s] INFO:colcon.colcon_core.shell:Creating environment hook '/home/dwduong74/yahboom_src/install/champ_gazebo/share/champ_gazebo/hook/path.sh'
[12.419s] Level 1:colcon.colcon_core.environment:checking '/home/dwduong74/yahboom_src/install/champ_gazebo/lib/pkgconfig/champ_gazebo.pc'
[12.420s] Level 1:colcon.colcon_core.environment:checking '/home/dwduong74/yahboom_src/install/champ_gazebo/lib/python3.10/site-packages'
[12.421s] Level 1:colcon.colcon_core.environment:checking '/home/dwduong74/yahboom_src/install/champ_gazebo/bin'
[12.421s] Level 1:colcon.colcon_core.shell:create_environment_hook('champ_gazebo', 'pythonscriptspath')
[12.422s] INFO:colcon.colcon_core.shell:Creating environment hook '/home/dwduong74/yahboom_src/install/champ_gazebo/share/champ_gazebo/hook/pythonscriptspath.ps1'
[12.431s] INFO:colcon.colcon_core.shell:Creating environment descriptor '/home/dwduong74/yahboom_src/install/champ_gazebo/share/champ_gazebo/hook/pythonscriptspath.dsv'
[12.432s] INFO:colcon.colcon_core.shell:Creating environment hook '/home/dwduong74/yahboom_src/install/champ_gazebo/share/champ_gazebo/hook/pythonscriptspath.sh'
[12.435s] INFO:colcon.colcon_core.shell:Creating package script '/home/dwduong74/yahboom_src/install/champ_gazebo/share/champ_gazebo/package.ps1'
[12.438s] INFO:colcon.colcon_core.shell:Creating package descriptor '/home/dwduong74/yahboom_src/install/champ_gazebo/share/champ_gazebo/package.dsv'
[12.443s] INFO:colcon.colcon_core.shell:Creating package script '/home/dwduong74/yahboom_src/install/champ_gazebo/share/champ_gazebo/package.sh'
[12.444s] INFO:colcon.colcon_core.shell:Creating package script '/home/dwduong74/yahboom_src/install/champ_gazebo/share/champ_gazebo/package.bash'
[12.449s] INFO:colcon.colcon_core.shell:Creating package script '/home/dwduong74/yahboom_src/install/champ_gazebo/share/champ_gazebo/package.zsh'
[12.455s] Level 1:colcon.colcon_core.environment:create_file_with_runtime_dependencies(/home/dwduong74/yahboom_src/install/champ_gazebo/share/colcon-core/packages/champ_gazebo)
[12.456s] Level 1:colcon.colcon_core.environment:create_environment_scripts_only(velodyne_simulator)
[12.456s] Level 1:colcon.colcon_core.environment:checking '/home/dwduong74/yahboom_src/install/velodyne_simulator' for CMake module files
[12.458s] Level 1:colcon.colcon_core.environment:checking '/home/dwduong74/yahboom_src/install/velodyne_simulator' for CMake config files
[12.459s] Level 1:colcon.colcon_core.shell:create_environment_hook('velodyne_simulator', 'cmake_prefix_path')
[12.460s] INFO:colcon.colcon_core.shell:Creating environment hook '/home/dwduong74/yahboom_src/install/velodyne_simulator/share/velodyne_simulator/hook/cmake_prefix_path.ps1'
[12.460s] INFO:colcon.colcon_core.shell:Creating environment descriptor '/home/dwduong74/yahboom_src/install/velodyne_simulator/share/velodyne_simulator/hook/cmake_prefix_path.dsv'
[12.461s] INFO:colcon.colcon_core.shell:Creating environment hook '/home/dwduong74/yahboom_src/install/velodyne_simulator/share/velodyne_simulator/hook/cmake_prefix_path.sh'
[12.465s] Level 1:colcon.colcon_core.environment:checking '/home/dwduong74/yahboom_src/install/velodyne_simulator/bin'
[12.465s] Level 1:colcon.colcon_core.environment:checking '/home/dwduong74/yahboom_src/install/velodyne_simulator/lib/pkgconfig/velodyne_simulator.pc'
[12.469s] Level 1:colcon.colcon_core.environment:checking '/home/dwduong74/yahboom_src/install/velodyne_simulator/lib/python3.10/site-packages'
[12.470s] Level 1:colcon.colcon_core.environment:checking '/home/dwduong74/yahboom_src/install/velodyne_simulator/bin'
[12.471s] INFO:colcon.colcon_core.shell:Creating package script '/home/dwduong74/yahboom_src/install/velodyne_simulator/share/velodyne_simulator/package.ps1'
[12.472s] INFO:colcon.colcon_core.shell:Creating package descriptor '/home/dwduong74/yahboom_src/install/velodyne_simulator/share/velodyne_simulator/package.dsv'
[12.473s] DEBUG:colcon.colcon_core.event_handler.log_command:Invoked command in '/home/dwduong74/yahboom_src/build/velodyne_simulator' returned '0': CMAKE_PREFIX_PATH=/home/dwduong74/yahboom_src/install/velodyne_description:/home/dwduong74/yahboom_src/install/velodyne_gazebo_plugins:/home/dwduong74/yahboom_src/install/yahboom_msgs:/home/dwduong74/yahboom_src/install/velodyne_simulator:/home/dwduong74/yahboom_src/install/champ_bringup:/home/dwduong74/yahboom_src/install/champ_description:/home/dwduong74/yahboom_src/install/oradar_lidar:/home/dwduong74/yahboom_src/install/image_color_lab:/home/dwduong74/yahboom_src/install/go2_description:/home/dwduong74/yahboom_src/install/go2_config:/home/dwduong74/yahboom_src/install/dogzilla_description:/home/dwduong74/yahboom_src/install/dogzilla_config:/home/dwduong74/yahboom_src/install/champ_teleop:/home/dwduong74/yahboom_src/install/champ_navigation:/home/dwduong74/yahboom_src/install/champ_gazebo:/home/dwduong74/yahboom_src/install/champ_base:/home/dwduong74/yahboom_src/install/champ_msgs:/home/dwduong74/yahboom_src/install/champ_config:/home/dwduong74/yahboom_src/install/champ:/home/dwduong74/LUMI_ws/install/turtlebot3_manipulation_gazebo:/home/dwduong74/LUMI_ws/install/champ:/home/dwduong74/LUMI_ws/install/rf2o_laser_odometry:/home/dwduong74/yahboom_src/install/yahboom_set_height:/home/dwduong74/yahboom_src/install/yahboom_mediapipe:/home/dwduong74/yahboom_src/install/yahboom_gait:/home/dwduong74/yahboom_src/install/yahboom_dog_joint_state:/home/dwduong74/yahboom_src/install/yahboom_description:/home/dwduong74/yahboom_src/install/yahboom_bringup:/home/dwduong74/yahboom_src/install/yahboom_base:/home/dwduong74/yahboom_src/install/yahboom_app_save_map:/home/dwduong74/yahboom_src/install/tf_publisher:/home/dwduong74/yahboom_src/install/bringup:/home/dwduong74/LUMI_ws/install/custom_explorer:/opt/ros/humble LD_LIBRARY_PATH=/home/dwduong74/yahboom_src/install/velodyne_gazebo_plugins/lib:/home/dwduong74/yahboom_src/install/yahboom_msgs/lib:/home/dwduong74/yahboom_src/install/image_color_lab/lib:/home/dwduong74/yahboom_src/install/champ_base/lib:/home/dwduong74/yahboom_src/install/champ_msgs/lib:/usr/lib/x86_64-linux-gnu/gazebo-11/plugins:/opt/ros/humble/opt/rviz_ogre_vendor/lib:/opt/ros/humble/lib/x86_64-linux-gnu:/opt/ros/humble/lib /usr/bin/cmake --install /home/dwduong74/yahboom_src/build/velodyne_simulator
[12.476s] INFO:colcon.colcon_core.shell:Creating package script '/home/dwduong74/yahboom_src/install/velodyne_simulator/share/velodyne_simulator/package.sh'
[12.476s] INFO:colcon.colcon_core.shell:Creating package script '/home/dwduong74/yahboom_src/install/velodyne_simulator/share/velodyne_simulator/package.bash'
[12.477s] INFO:colcon.colcon_core.shell:Creating package script '/home/dwduong74/yahboom_src/install/velodyne_simulator/share/velodyne_simulator/package.zsh'
[12.478s] Level 1:colcon.colcon_core.environment:create_file_with_runtime_dependencies(/home/dwduong74/yahboom_src/install/velodyne_simulator/share/colcon-core/packages/velodyne_simulator)
[12.479s] Level 1:colcon.colcon_core.environment:create_environment_scripts_only(velodyne_simulator)
[12.483s] Level 1:colcon.colcon_core.environment:checking '/home/dwduong74/yahboom_src/install/velodyne_simulator' for CMake module files
[12.484s] Level 1:colcon.colcon_core.environment:checking '/home/dwduong74/yahboom_src/install/velodyne_simulator' for CMake config files
[12.485s] Level 1:colcon.colcon_core.shell:create_environment_hook('velodyne_simulator', 'cmake_prefix_path')
[12.485s] INFO:colcon.colcon_core.shell:Creating environment hook '/home/dwduong74/yahboom_src/install/velodyne_simulator/share/velodyne_simulator/hook/cmake_prefix_path.ps1'
[12.486s] INFO:colcon.colcon_core.shell:Creating environment descriptor '/home/dwduong74/yahboom_src/install/velodyne_simulator/share/velodyne_simulator/hook/cmake_prefix_path.dsv'
[12.490s] INFO:colcon.colcon_core.shell:Creating environment hook '/home/dwduong74/yahboom_src/install/velodyne_simulator/share/velodyne_simulator/hook/cmake_prefix_path.sh'
[12.491s] Level 1:colcon.colcon_core.environment:checking '/home/dwduong74/yahboom_src/install/velodyne_simulator/bin'
[12.491s] Level 1:colcon.colcon_core.environment:checking '/home/dwduong74/yahboom_src/install/velodyne_simulator/lib/pkgconfig/velodyne_simulator.pc'
[12.492s] Level 1:colcon.colcon_core.environment:checking '/home/dwduong74/yahboom_src/install/velodyne_simulator/lib/python3.10/site-packages'
[12.492s] Level 1:colcon.colcon_core.environment:checking '/home/dwduong74/yahboom_src/install/velodyne_simulator/bin'
[12.497s] INFO:colcon.colcon_core.shell:Creating package script '/home/dwduong74/yahboom_src/install/velodyne_simulator/share/velodyne_simulator/package.ps1'
[12.498s] INFO:colcon.colcon_core.shell:Creating package descriptor '/home/dwduong74/yahboom_src/install/velodyne_simulator/share/velodyne_simulator/package.dsv'
[12.499s] INFO:colcon.colcon_core.shell:Creating package script '/home/dwduong74/yahboom_src/install/velodyne_simulator/share/velodyne_simulator/package.sh'
[12.500s] INFO:colcon.colcon_core.shell:Creating package script '/home/dwduong74/yahboom_src/install/velodyne_simulator/share/velodyne_simulator/package.bash'
[12.505s] INFO:colcon.colcon_core.shell:Creating package script '/home/dwduong74/yahboom_src/install/velodyne_simulator/share/velodyne_simulator/package.zsh'
[12.506s] Level 1:colcon.colcon_core.environment:create_file_with_runtime_dependencies(/home/dwduong74/yahboom_src/install/velodyne_simulator/share/colcon-core/packages/velodyne_simulator)
[12.508s] Level 1:colcon.colcon_core.environment:create_environment_scripts_only(yahboom_msgs)
[12.508s] Level 1:colcon.colcon_core.environment:checking '/home/dwduong74/yahboom_src/install/yahboom_msgs' for CMake module files
[12.510s] DEBUG:colcon.colcon_core.event_handler.log_command:Invoked command in '/home/dwduong74/yahboom_src/build/yahboom_msgs' returned '0': CMAKE_PREFIX_PATH=${CMAKE_PREFIX_PATH}:/home/dwduong74/yahboom_src/install/yahboom_set_height:/home/dwduong74/yahboom_src/install/yahboom_mediapipe:/home/dwduong74/yahboom_src/install/yahboom_gait:/home/dwduong74/yahboom_src/install/yahboom_dog_joint_state:/home/dwduong74/yahboom_src/install/yahboom_description:/home/dwduong74/yahboom_src/install/yahboom_bringup:/home/dwduong74/yahboom_src/install/yahboom_base:/home/dwduong74/yahboom_src/install/yahboom_app_save_map:/home/dwduong74/yahboom_src/install/tf_publisher:/home/dwduong74/yahboom_src/install/bringup:/home/dwduong74/LUMI_ws/install/custom_explorer:/opt/ros/humble /usr/bin/cmake --install /home/dwduong74/yahboom_src/build/yahboom_msgs
[12.512s] Level 1:colcon.colcon_core.environment:checking '/home/dwduong74/yahboom_src/install/yahboom_msgs' for CMake config files
[12.512s] Level 1:colcon.colcon_core.shell:create_environment_hook('yahboom_msgs', 'cmake_prefix_path')
[12.513s] INFO:colcon.colcon_core.shell:Creating environment hook '/home/dwduong74/yahboom_src/install/yahboom_msgs/share/yahboom_msgs/hook/cmake_prefix_path.ps1'
[12.514s] INFO:colcon.colcon_core.shell:Creating environment descriptor '/home/dwduong74/yahboom_src/install/yahboom_msgs/share/yahboom_msgs/hook/cmake_prefix_path.dsv'
[12.514s] INFO:colcon.colcon_core.shell:Creating environment hook '/home/dwduong74/yahboom_src/install/yahboom_msgs/share/yahboom_msgs/hook/cmake_prefix_path.sh'
[12.518s] Level 1:colcon.colcon_core.environment:checking '/home/dwduong74/yahboom_src/install/yahboom_msgs/lib'
[12.519s] Level 1:colcon.colcon_core.shell:create_environment_hook('yahboom_msgs', 'ld_library_path_lib')
[12.519s] INFO:colcon.colcon_core.shell:Creating environment hook '/home/dwduong74/yahboom_src/install/yahboom_msgs/share/yahboom_msgs/hook/ld_library_path_lib.ps1'
[12.520s] INFO:colcon.colcon_core.shell:Creating environment descriptor '/home/dwduong74/yahboom_src/install/yahboom_msgs/share/yahboom_msgs/hook/ld_library_path_lib.dsv'
[12.521s] INFO:colcon.colcon_core.shell:Creating environment hook '/home/dwduong74/yahboom_src/install/yahboom_msgs/share/yahboom_msgs/hook/ld_library_path_lib.sh'
[12.521s] Level 1:colcon.colcon_core.environment:checking '/home/dwduong74/yahboom_src/install/yahboom_msgs/bin'
[12.521s] Level 1:colcon.colcon_core.environment:checking '/home/dwduong74/yahboom_src/install/yahboom_msgs/lib/pkgconfig/yahboom_msgs.pc'
[12.522s] Level 1:colcon.colcon_core.environment:checking '/home/dwduong74/yahboom_src/install/yahboom_msgs/lib/python3.10/site-packages'
[12.527s] Level 1:colcon.colcon_core.environment:checking '/home/dwduong74/yahboom_src/install/yahboom_msgs/bin'
[12.528s] INFO:colcon.colcon_core.shell:Creating package script '/home/dwduong74/yahboom_src/install/yahboom_msgs/share/yahboom_msgs/package.ps1'
[12.529s] INFO:colcon.colcon_core.shell:Creating package descriptor '/home/dwduong74/yahboom_src/install/yahboom_msgs/share/yahboom_msgs/package.dsv'
[12.529s] INFO:colcon.colcon_core.shell:Creating package script '/home/dwduong74/yahboom_src/install/yahboom_msgs/share/yahboom_msgs/package.sh'
[12.536s] INFO:colcon.colcon_core.shell:Creating package script '/home/dwduong74/yahboom_src/install/yahboom_msgs/share/yahboom_msgs/package.bash'
[12.537s] INFO:colcon.colcon_core.shell:Creating package script '/home/dwduong74/yahboom_src/install/yahboom_msgs/share/yahboom_msgs/package.zsh'
[12.538s] Level 1:colcon.colcon_core.environment:create_file_with_runtime_dependencies(/home/dwduong74/yahboom_src/install/yahboom_msgs/share/colcon-core/packages/yahboom_msgs)
[12.543s] Level 1:colcon.colcon_core.environment:create_environment_scripts_only(yahboom_msgs)
[12.544s] Level 1:colcon.colcon_core.environment:checking '/home/dwduong74/yahboom_src/install/yahboom_msgs' for CMake module files
[12.545s] Level 1:colcon.colcon_core.environment:checking '/home/dwduong74/yahboom_src/install/yahboom_msgs' for CMake config files
[12.545s] Level 1:colcon.colcon_core.shell:create_environment_hook('yahboom_msgs', 'cmake_prefix_path')
[12.546s] INFO:colcon.colcon_core.shell:Creating environment hook '/home/dwduong74/yahboom_src/install/yahboom_msgs/share/yahboom_msgs/hook/cmake_prefix_path.ps1'
[12.546s] INFO:colcon.colcon_core.shell:Creating environment descriptor '/home/dwduong74/yahboom_src/install/yahboom_msgs/share/yahboom_msgs/hook/cmake_prefix_path.dsv'
[12.547s] INFO:colcon.colcon_core.shell:Creating environment hook '/home/dwduong74/yahboom_src/install/yahboom_msgs/share/yahboom_msgs/hook/cmake_prefix_path.sh'
[12.548s] Level 1:colcon.colcon_core.environment:checking '/home/dwduong74/yahboom_src/install/yahboom_msgs/lib'
[12.549s] Level 1:colcon.colcon_core.shell:create_environment_hook('yahboom_msgs', 'ld_library_path_lib')
[12.549s] INFO:colcon.colcon_core.shell:Creating environment hook '/home/dwduong74/yahboom_src/install/yahboom_msgs/share/yahboom_msgs/hook/ld_library_path_lib.ps1'
[12.557s] INFO:colcon.colcon_core.shell:Creating environment descriptor '/home/dwduong74/yahboom_src/install/yahboom_msgs/share/yahboom_msgs/hook/ld_library_path_lib.dsv'
[12.558s] INFO:colcon.colcon_core.shell:Creating environment hook '/home/dwduong74/yahboom_src/install/yahboom_msgs/share/yahboom_msgs/hook/ld_library_path_lib.sh'
[12.558s] Level 1:colcon.colcon_core.environment:checking '/home/dwduong74/yahboom_src/install/yahboom_msgs/bin'
[12.559s] Level 1:colcon.colcon_core.environment:checking '/home/dwduong74/yahboom_src/install/yahboom_msgs/lib/pkgconfig/yahboom_msgs.pc'
[12.559s] Level 1:colcon.colcon_core.environment:checking '/home/dwduong74/yahboom_src/install/yahboom_msgs/lib/python3.10/site-packages'
[12.560s] Level 1:colcon.colcon_core.environment:checking '/home/dwduong74/yahboom_src/install/yahboom_msgs/bin'
[12.561s] INFO:colcon.colcon_core.shell:Creating package script '/home/dwduong74/yahboom_src/install/yahboom_msgs/share/yahboom_msgs/package.ps1'
[12.562s] INFO:colcon.colcon_core.shell:Creating package descriptor '/home/dwduong74/yahboom_src/install/yahboom_msgs/share/yahboom_msgs/package.dsv'
[12.563s] INFO:colcon.colcon_core.shell:Creating package script '/home/dwduong74/yahboom_src/install/yahboom_msgs/share/yahboom_msgs/package.sh'
[12.568s] INFO:colcon.colcon_core.shell:Creating package script '/home/dwduong74/yahboom_src/install/yahboom_msgs/share/yahboom_msgs/package.bash'
[12.569s] INFO:colcon.colcon_core.shell:Creating package script '/home/dwduong74/yahboom_src/install/yahboom_msgs/share/yahboom_msgs/package.zsh'
[12.570s] Level 1:colcon.colcon_core.environment:create_file_with_runtime_dependencies(/home/dwduong74/yahboom_src/install/yahboom_msgs/share/colcon-core/packages/yahboom_msgs)
[13.194s] Level 1:colcon.colcon_core.environment:checking '/home/dwduong74/yahboom_src/install/yahboom_mediapipe' for CMake module files
[13.195s] Level 1:colcon.colcon_core.environment:checking '/home/dwduong74/yahboom_src/install/yahboom_mediapipe' for CMake config files
[13.195s] DEBUG:colcon.colcon_core.event_handler.log_command:Invoked command in '/home/dwduong74/yahboom_src/src/yahboom_mediapipe' returned '0': PYTHONPATH=/home/dwduong74/yahboom_src/build/yahboom_mediapipe/prefix_override:/usr/lib/python3/dist-packages/colcon_core/task/python/colcon_distutils_commands:/home/dwduong74/yahboom_src/install/yahboom_mediapipe/lib/python3.10/site-packages:${PYTHONPATH} /usr/bin/python3 -W ignore:setup.py install is deprecated -W ignore:easy_install command is deprecated setup.py egg_info --egg-base ../../build/yahboom_mediapipe build --build-base /home/dwduong74/yahboom_src/build/yahboom_mediapipe/build install --record /home/dwduong74/yahboom_src/build/yahboom_mediapipe/install.log --single-version-externally-managed install_data
[13.197s] Level 1:colcon.colcon_core.environment:checking '/home/dwduong74/yahboom_src/install/yahboom_mediapipe/lib'
[13.197s] Level 1:colcon.colcon_core.environment:checking '/home/dwduong74/yahboom_src/install/yahboom_mediapipe/bin'
[13.197s] Level 1:colcon.colcon_core.environment:checking '/home/dwduong74/yahboom_src/install/yahboom_mediapipe/lib/pkgconfig/yahboom_mediapipe.pc'
[13.197s] Level 1:colcon.colcon_core.environment:checking '/home/dwduong74/yahboom_src/install/yahboom_mediapipe/lib/python3.10/site-packages'
[13.197s] Level 1:colcon.colcon_core.shell:create_environment_hook('yahboom_mediapipe', 'pythonpath')
[13.198s] INFO:colcon.colcon_core.shell:Creating environment hook '/home/dwduong74/yahboom_src/install/yahboom_mediapipe/share/yahboom_mediapipe/hook/pythonpath.ps1'
[13.199s] INFO:colcon.colcon_core.shell:Creating environment descriptor '/home/dwduong74/yahboom_src/install/yahboom_mediapipe/share/yahboom_mediapipe/hook/pythonpath.dsv'
[13.199s] INFO:colcon.colcon_core.shell:Creating environment hook '/home/dwduong74/yahboom_src/install/yahboom_mediapipe/share/yahboom_mediapipe/hook/pythonpath.sh'
[13.201s] Level 1:colcon.colcon_core.environment:checking '/home/dwduong74/yahboom_src/install/yahboom_mediapipe/bin'
[13.201s] Level 1:colcon.colcon_core.environment:create_environment_scripts_only(yahboom_mediapipe)
[13.202s] INFO:colcon.colcon_core.shell:Creating package script '/home/dwduong74/yahboom_src/install/yahboom_mediapipe/share/yahboom_mediapipe/package.ps1'
[13.204s] INFO:colcon.colcon_core.shell:Creating package descriptor '/home/dwduong74/yahboom_src/install/yahboom_mediapipe/share/yahboom_mediapipe/package.dsv'
[13.205s] INFO:colcon.colcon_core.shell:Creating package script '/home/dwduong74/yahboom_src/install/yahboom_mediapipe/share/yahboom_mediapipe/package.sh'
[13.206s] INFO:colcon.colcon_core.shell:Creating package script '/home/dwduong74/yahboom_src/install/yahboom_mediapipe/share/yahboom_mediapipe/package.bash'
[13.207s] INFO:colcon.colcon_core.shell:Creating package script '/home/dwduong74/yahboom_src/install/yahboom_mediapipe/share/yahboom_mediapipe/package.zsh'
[13.207s] Level 1:colcon.colcon_core.environment:create_file_with_runtime_dependencies(/home/dwduong74/yahboom_src/install/yahboom_mediapipe/share/colcon-core/packages/yahboom_mediapipe)
[13.211s] Level 1:colcon.colcon_core.environment:checking '/home/dwduong74/yahboom_src/install/yahboom_gait' for CMake module files
[13.213s] DEBUG:colcon.colcon_core.event_handler.log_command:Invoked command in '/home/dwduong74/yahboom_src/src/yahboom_gait' returned '0': PYTHONPATH=/home/dwduong74/yahboom_src/build/yahboom_gait/prefix_override:/usr/lib/python3/dist-packages/colcon_core/task/python/colcon_distutils_commands:/home/dwduong74/yahboom_src/install/yahboom_gait/lib/python3.10/site-packages:${PYTHONPATH} /usr/bin/python3 -W ignore:setup.py install is deprecated -W ignore:easy_install command is deprecated setup.py egg_info --egg-base ../../build/yahboom_gait build --build-base /home/dwduong74/yahboom_src/build/yahboom_gait/build install --record /home/dwduong74/yahboom_src/build/yahboom_gait/install.log --single-version-externally-managed install_data
[13.213s] Level 1:colcon.colcon_core.environment:checking '/home/dwduong74/yahboom_src/install/yahboom_gait' for CMake config files
[13.215s] Level 1:colcon.colcon_core.environment:checking '/home/dwduong74/yahboom_src/install/yahboom_gait/lib'
[13.215s] Level 1:colcon.colcon_core.environment:checking '/home/dwduong74/yahboom_src/install/yahboom_gait/bin'
[13.216s] Level 1:colcon.colcon_core.environment:checking '/home/dwduong74/yahboom_src/install/yahboom_gait/lib/pkgconfig/yahboom_gait.pc'
[13.216s] Level 1:colcon.colcon_core.environment:checking '/home/dwduong74/yahboom_src/install/yahboom_gait/lib/python3.10/site-packages'
[13.216s] Level 1:colcon.colcon_core.shell:create_environment_hook('yahboom_gait', 'pythonpath')
[13.217s] INFO:colcon.colcon_core.shell:Creating environment hook '/home/dwduong74/yahboom_src/install/yahboom_gait/share/yahboom_gait/hook/pythonpath.ps1'
[13.218s] INFO:colcon.colcon_core.shell:Creating environment descriptor '/home/dwduong74/yahboom_src/install/yahboom_gait/share/yahboom_gait/hook/pythonpath.dsv'
[13.218s] INFO:colcon.colcon_core.shell:Creating environment hook '/home/dwduong74/yahboom_src/install/yahboom_gait/share/yahboom_gait/hook/pythonpath.sh'
[13.220s] Level 1:colcon.colcon_core.environment:checking '/home/dwduong74/yahboom_src/install/yahboom_gait/bin'
[13.220s] Level 1:colcon.colcon_core.environment:create_environment_scripts_only(yahboom_gait)
[13.221s] INFO:colcon.colcon_core.shell:Creating package script '/home/dwduong74/yahboom_src/install/yahboom_gait/share/yahboom_gait/package.ps1'
[13.222s] INFO:colcon.colcon_core.shell:Creating package descriptor '/home/dwduong74/yahboom_src/install/yahboom_gait/share/yahboom_gait/package.dsv'
[13.223s] INFO:colcon.colcon_core.shell:Creating package script '/home/dwduong74/yahboom_src/install/yahboom_gait/share/yahboom_gait/package.sh'
[13.224s] INFO:colcon.colcon_core.shell:Creating package script '/home/dwduong74/yahboom_src/install/yahboom_gait/share/yahboom_gait/package.bash'
[13.225s] INFO:colcon.colcon_core.shell:Creating package script '/home/dwduong74/yahboom_src/install/yahboom_gait/share/yahboom_gait/package.zsh'
[13.226s] Level 1:colcon.colcon_core.environment:create_file_with_runtime_dependencies(/home/dwduong74/yahboom_src/install/yahboom_gait/share/colcon-core/packages/yahboom_gait)
[13.267s] Level 1:colcon.colcon_core.environment:checking '/home/dwduong74/yahboom_src/install/yahboom_description' for CMake module files
[13.269s] DEBUG:colcon.colcon_core.event_handler.log_command:Invoked command in '/home/dwduong74/yahboom_src/src/yahboom_description' returned '0': PYTHONPATH=/home/dwduong74/yahboom_src/build/yahboom_description/prefix_override:/usr/lib/python3/dist-packages/colcon_core/task/python/colcon_distutils_commands:/home/dwduong74/yahboom_src/install/yahboom_description/lib/python3.10/site-packages:${PYTHONPATH} /usr/bin/python3 -W ignore:setup.py install is deprecated -W ignore:easy_install command is deprecated setup.py egg_info --egg-base ../../build/yahboom_description build --build-base /home/dwduong74/yahboom_src/build/yahboom_description/build install --record /home/dwduong74/yahboom_src/build/yahboom_description/install.log --single-version-externally-managed install_data
[13.269s] Level 1:colcon.colcon_core.environment:checking '/home/dwduong74/yahboom_src/install/yahboom_description' for CMake config files
[13.270s] Level 1:colcon.colcon_core.environment:checking '/home/dwduong74/yahboom_src/install/yahboom_description/lib'
[13.270s] Level 1:colcon.colcon_core.environment:checking '/home/dwduong74/yahboom_src/install/yahboom_description/bin'
[13.270s] Level 1:colcon.colcon_core.environment:checking '/home/dwduong74/yahboom_src/install/yahboom_description/lib/pkgconfig/yahboom_description.pc'
[13.271s] Level 1:colcon.colcon_core.environment:checking '/home/dwduong74/yahboom_src/install/yahboom_description/lib/python3.10/site-packages'
[13.271s] Level 1:colcon.colcon_core.shell:create_environment_hook('yahboom_description', 'pythonpath')
[13.271s] INFO:colcon.colcon_core.shell:Creating environment hook '/home/dwduong74/yahboom_src/install/yahboom_description/share/yahboom_description/hook/pythonpath.ps1'
[13.272s] INFO:colcon.colcon_core.shell:Creating environment descriptor '/home/dwduong74/yahboom_src/install/yahboom_description/share/yahboom_description/hook/pythonpath.dsv'
[13.273s] INFO:colcon.colcon_core.shell:Creating environment hook '/home/dwduong74/yahboom_src/install/yahboom_description/share/yahboom_description/hook/pythonpath.sh'
[13.274s] Level 1:colcon.colcon_core.environment:checking '/home/dwduong74/yahboom_src/install/yahboom_description/bin'
[13.275s] Level 1:colcon.colcon_core.environment:create_environment_scripts_only(yahboom_description)
[13.275s] INFO:colcon.colcon_core.shell:Creating package script '/home/dwduong74/yahboom_src/install/yahboom_description/share/yahboom_description/package.ps1'
[13.276s] INFO:colcon.colcon_core.shell:Creating package descriptor '/home/dwduong74/yahboom_src/install/yahboom_description/share/yahboom_description/package.dsv'
[13.277s] INFO:colcon.colcon_core.shell:Creating package script '/home/dwduong74/yahboom_src/install/yahboom_description/share/yahboom_description/package.sh'
[13.278s] INFO:colcon.colcon_core.shell:Creating package script '/home/dwduong74/yahboom_src/install/yahboom_description/share/yahboom_description/package.bash'
[13.279s] INFO:colcon.colcon_core.shell:Creating package script '/home/dwduong74/yahboom_src/install/yahboom_description/share/yahboom_description/package.zsh'
[13.280s] Level 1:colcon.colcon_core.environment:create_file_with_runtime_dependencies(/home/dwduong74/yahboom_src/install/yahboom_description/share/colcon-core/packages/yahboom_description)
[13.389s] DEBUG:colcon.colcon_core.event_handler.log_command:Invoked command in '/home/dwduong74/yahboom_src/build/champ_bringup' returned '0': CMAKE_PREFIX_PATH=/home/dwduong74/yahboom_src/install/champ_description:/home/dwduong74/yahboom_src/install/champ_base:/home/dwduong74/yahboom_src/install/velodyne_gazebo_plugins:/home/dwduong74/yahboom_src/install/champ_msgs:/home/dwduong74/yahboom_src/install/champ:/home/dwduong74/yahboom_src/install/yahboom_msgs:/home/dwduong74/yahboom_src/install/velodyne_simulator:/home/dwduong74/yahboom_src/install/velodyne_description:/home/dwduong74/yahboom_src/install/champ_bringup:/home/dwduong74/yahboom_src/install/oradar_lidar:/home/dwduong74/yahboom_src/install/image_color_lab:/home/dwduong74/yahboom_src/install/go2_description:/home/dwduong74/yahboom_src/install/go2_config:/home/dwduong74/yahboom_src/install/dogzilla_description:/home/dwduong74/yahboom_src/install/dogzilla_config:/home/dwduong74/yahboom_src/install/champ_teleop:/home/dwduong74/yahboom_src/install/champ_navigation:/home/dwduong74/yahboom_src/install/champ_gazebo:/home/dwduong74/yahboom_src/install/champ_config:/home/dwduong74/LUMI_ws/install/turtlebot3_manipulation_gazebo:/home/dwduong74/LUMI_ws/install/champ:/home/dwduong74/LUMI_ws/install/rf2o_laser_odometry:/home/dwduong74/yahboom_src/install/yahboom_set_height:/home/dwduong74/yahboom_src/install/yahboom_mediapipe:/home/dwduong74/yahboom_src/install/yahboom_gait:/home/dwduong74/yahboom_src/install/yahboom_dog_joint_state:/home/dwduong74/yahboom_src/install/yahboom_description:/home/dwduong74/yahboom_src/install/yahboom_bringup:/home/dwduong74/yahboom_src/install/yahboom_base:/home/dwduong74/yahboom_src/install/yahboom_app_save_map:/home/dwduong74/yahboom_src/install/tf_publisher:/home/dwduong74/yahboom_src/install/bringup:/home/dwduong74/LUMI_ws/install/custom_explorer:/opt/ros/humble LD_LIBRARY_PATH=/home/dwduong74/yahboom_src/install/champ_base/lib:/home/dwduong74/yahboom_src/install/velodyne_gazebo_plugins/lib:/home/dwduong74/yahboom_src/install/champ_msgs/lib:/home/dwduong74/yahboom_src/install/yahboom_msgs/lib:/home/dwduong74/yahboom_src/install/image_color_lab/lib:/usr/lib/x86_64-linux-gnu/gazebo-11/plugins:/opt/ros/humble/opt/rviz_ogre_vendor/lib:/opt/ros/humble/lib/x86_64-linux-gnu:/opt/ros/humble/lib PATH=/home/dwduong74/yahboom_src/install/champ_base/bin:/home/dwduong74/yahboom_src/install/oradar_lidar/bin:/home/dwduong74/yahboom_src/install/champ_gazebo/bin:/usr/bin:/home/dwduong74/.local/bin:/home/dwduong74/.local/bin:/opt/ros/humble/bin:/usr/local/sbin:/usr/local/bin:/usr/sbin:/usr/bin:/sbin:/bin:/usr/games:/usr/local/games:/snap/bin /usr/bin/cmake --build /home/dwduong74/yahboom_src/build/champ_bringup -- -j8 -l8
[13.392s] DEBUG:colcon.colcon_core.event_handler.log_command:Invoking command in '/home/dwduong74/yahboom_src/build/champ_bringup': CMAKE_PREFIX_PATH=/home/dwduong74/yahboom_src/install/champ_description:/home/dwduong74/yahboom_src/install/champ_base:/home/dwduong74/yahboom_src/install/velodyne_gazebo_plugins:/home/dwduong74/yahboom_src/install/champ_msgs:/home/dwduong74/yahboom_src/install/champ:/home/dwduong74/yahboom_src/install/yahboom_msgs:/home/dwduong74/yahboom_src/install/velodyne_simulator:/home/dwduong74/yahboom_src/install/velodyne_description:/home/dwduong74/yahboom_src/install/champ_bringup:/home/dwduong74/yahboom_src/install/oradar_lidar:/home/dwduong74/yahboom_src/install/image_color_lab:/home/dwduong74/yahboom_src/install/go2_description:/home/dwduong74/yahboom_src/install/go2_config:/home/dwduong74/yahboom_src/install/dogzilla_description:/home/dwduong74/yahboom_src/install/dogzilla_config:/home/dwduong74/yahboom_src/install/champ_teleop:/home/dwduong74/yahboom_src/install/champ_navigation:/home/dwduong74/yahboom_src/install/champ_gazebo:/home/dwduong74/yahboom_src/install/champ_config:/home/dwduong74/LUMI_ws/install/turtlebot3_manipulation_gazebo:/home/dwduong74/LUMI_ws/install/champ:/home/dwduong74/LUMI_ws/install/rf2o_laser_odometry:/home/dwduong74/yahboom_src/install/yahboom_set_height:/home/dwduong74/yahboom_src/install/yahboom_mediapipe:/home/dwduong74/yahboom_src/install/yahboom_gait:/home/dwduong74/yahboom_src/install/yahboom_dog_joint_state:/home/dwduong74/yahboom_src/install/yahboom_description:/home/dwduong74/yahboom_src/install/yahboom_bringup:/home/dwduong74/yahboom_src/install/yahboom_base:/home/dwduong74/yahboom_src/install/yahboom_app_save_map:/home/dwduong74/yahboom_src/install/tf_publisher:/home/dwduong74/yahboom_src/install/bringup:/home/dwduong74/LUMI_ws/install/custom_explorer:/opt/ros/humble LD_LIBRARY_PATH=/home/dwduong74/yahboom_src/install/champ_base/lib:/home/dwduong74/yahboom_src/install/velodyne_gazebo_plugins/lib:/home/dwduong74/yahboom_src/install/champ_msgs/lib:/home/dwduong74/yahboom_src/install/yahboom_msgs/lib:/home/dwduong74/yahboom_src/install/image_color_lab/lib:/usr/lib/x86_64-linux-gnu/gazebo-11/plugins:/opt/ros/humble/opt/rviz_ogre_vendor/lib:/opt/ros/humble/lib/x86_64-linux-gnu:/opt/ros/humble/lib PATH=/home/dwduong74/yahboom_src/install/champ_base/bin:/home/dwduong74/yahboom_src/install/oradar_lidar/bin:/home/dwduong74/yahboom_src/install/champ_gazebo/bin:/usr/bin:/home/dwduong74/.local/bin:/home/dwduong74/.local/bin:/opt/ros/humble/bin:/usr/local/sbin:/usr/local/bin:/usr/sbin:/usr/bin:/sbin:/bin:/usr/games:/usr/local/games:/snap/bin /usr/bin/cmake --install /home/dwduong74/yahboom_src/build/champ_bringup
[13.502s] Level 1:colcon.colcon_core.environment:create_environment_scripts_only(champ_bringup)
[13.503s] Level 1:colcon.colcon_core.environment:checking '/home/dwduong74/yahboom_src/install/champ_bringup' for CMake module files
[13.504s] DEBUG:colcon.colcon_core.event_handler.log_command:Invoked command in '/home/dwduong74/yahboom_src/build/champ_bringup' returned '0': CMAKE_PREFIX_PATH=/home/dwduong74/yahboom_src/install/champ_description:/home/dwduong74/yahboom_src/install/champ_base:/home/dwduong74/yahboom_src/install/velodyne_gazebo_plugins:/home/dwduong74/yahboom_src/install/champ_msgs:/home/dwduong74/yahboom_src/install/champ:/home/dwduong74/yahboom_src/install/yahboom_msgs:/home/dwduong74/yahboom_src/install/velodyne_simulator:/home/dwduong74/yahboom_src/install/velodyne_description:/home/dwduong74/yahboom_src/install/champ_bringup:/home/dwduong74/yahboom_src/install/oradar_lidar:/home/dwduong74/yahboom_src/install/image_color_lab:/home/dwduong74/yahboom_src/install/go2_description:/home/dwduong74/yahboom_src/install/go2_config:/home/dwduong74/yahboom_src/install/dogzilla_description:/home/dwduong74/yahboom_src/install/dogzilla_config:/home/dwduong74/yahboom_src/install/champ_teleop:/home/dwduong74/yahboom_src/install/champ_navigation:/home/dwduong74/yahboom_src/install/champ_gazebo:/home/dwduong74/yahboom_src/install/champ_config:/home/dwduong74/LUMI_ws/install/turtlebot3_manipulation_gazebo:/home/dwduong74/LUMI_ws/install/champ:/home/dwduong74/LUMI_ws/install/rf2o_laser_odometry:/home/dwduong74/yahboom_src/install/yahboom_set_height:/home/dwduong74/yahboom_src/install/yahboom_mediapipe:/home/dwduong74/yahboom_src/install/yahboom_gait:/home/dwduong74/yahboom_src/install/yahboom_dog_joint_state:/home/dwduong74/yahboom_src/install/yahboom_description:/home/dwduong74/yahboom_src/install/yahboom_bringup:/home/dwduong74/yahboom_src/install/yahboom_base:/home/dwduong74/yahboom_src/install/yahboom_app_save_map:/home/dwduong74/yahboom_src/install/tf_publisher:/home/dwduong74/yahboom_src/install/bringup:/home/dwduong74/LUMI_ws/install/custom_explorer:/opt/ros/humble LD_LIBRARY_PATH=/home/dwduong74/yahboom_src/install/champ_base/lib:/home/dwduong74/yahboom_src/install/velodyne_gazebo_plugins/lib:/home/dwduong74/yahboom_src/install/champ_msgs/lib:/home/dwduong74/yahboom_src/install/yahboom_msgs/lib:/home/dwduong74/yahboom_src/install/image_color_lab/lib:/usr/lib/x86_64-linux-gnu/gazebo-11/plugins:/opt/ros/humble/opt/rviz_ogre_vendor/lib:/opt/ros/humble/lib/x86_64-linux-gnu:/opt/ros/humble/lib PATH=/home/dwduong74/yahboom_src/install/champ_base/bin:/home/dwduong74/yahboom_src/install/oradar_lidar/bin:/home/dwduong74/yahboom_src/install/champ_gazebo/bin:/usr/bin:/home/dwduong74/.local/bin:/home/dwduong74/.local/bin:/opt/ros/humble/bin:/usr/local/sbin:/usr/local/bin:/usr/sbin:/usr/bin:/sbin:/bin:/usr/games:/usr/local/games:/snap/bin /usr/bin/cmake --install /home/dwduong74/yahboom_src/build/champ_bringup
[13.504s] Level 1:colcon.colcon_core.environment:checking '/home/dwduong74/yahboom_src/install/champ_bringup' for CMake config files
[13.505s] Level 1:colcon.colcon_core.shell:create_environment_hook('champ_bringup', 'cmake_prefix_path')
[13.505s] INFO:colcon.colcon_core.shell:Creating environment hook '/home/dwduong74/yahboom_src/install/champ_bringup/share/champ_bringup/hook/cmake_prefix_path.ps1'
[13.506s] INFO:colcon.colcon_core.shell:Creating environment descriptor '/home/dwduong74/yahboom_src/install/champ_bringup/share/champ_bringup/hook/cmake_prefix_path.dsv'
[13.507s] INFO:colcon.colcon_core.shell:Creating environment hook '/home/dwduong74/yahboom_src/install/champ_bringup/share/champ_bringup/hook/cmake_prefix_path.sh'
[13.508s] Level 1:colcon.colcon_core.environment:checking '/home/dwduong74/yahboom_src/install/champ_bringup/lib'
[13.508s] Level 1:colcon.colcon_core.environment:checking '/home/dwduong74/yahboom_src/install/champ_bringup/bin'
[13.508s] Level 1:colcon.colcon_core.environment:checking '/home/dwduong74/yahboom_src/install/champ_bringup/lib/pkgconfig/champ_bringup.pc'
[13.508s] Level 1:colcon.colcon_core.environment:checking '/home/dwduong74/yahboom_src/install/champ_bringup/lib/python3.10/site-packages'
[13.509s] Level 1:colcon.colcon_core.environment:checking '/home/dwduong74/yahboom_src/install/champ_bringup/bin'
[13.510s] INFO:colcon.colcon_core.shell:Creating package script '/home/dwduong74/yahboom_src/install/champ_bringup/share/champ_bringup/package.ps1'
[13.510s] INFO:colcon.colcon_core.shell:Creating package descriptor '/home/dwduong74/yahboom_src/install/champ_bringup/share/champ_bringup/package.dsv'
[13.511s] INFO:colcon.colcon_core.shell:Creating package script '/home/dwduong74/yahboom_src/install/champ_bringup/share/champ_bringup/package.sh'
[13.512s] INFO:colcon.colcon_core.shell:Creating package script '/home/dwduong74/yahboom_src/install/champ_bringup/share/champ_bringup/package.bash'
[13.512s] INFO:colcon.colcon_core.shell:Creating package script '/home/dwduong74/yahboom_src/install/champ_bringup/share/champ_bringup/package.zsh'
[13.513s] Level 1:colcon.colcon_core.environment:create_file_with_runtime_dependencies(/home/dwduong74/yahboom_src/install/champ_bringup/share/colcon-core/packages/champ_bringup)
[13.514s] Level 1:colcon.colcon_core.environment:create_environment_scripts_only(champ_bringup)
[13.515s] Level 1:colcon.colcon_core.environment:checking '/home/dwduong74/yahboom_src/install/champ_bringup' for CMake module files
[13.516s] Level 1:colcon.colcon_core.environment:checking '/home/dwduong74/yahboom_src/install/champ_bringup' for CMake config files
[13.517s] Level 1:colcon.colcon_core.shell:create_environment_hook('champ_bringup', 'cmake_prefix_path')
[13.517s] INFO:colcon.colcon_core.shell:Creating environment hook '/home/dwduong74/yahboom_src/install/champ_bringup/share/champ_bringup/hook/cmake_prefix_path.ps1'
[13.518s] INFO:colcon.colcon_core.shell:Creating environment descriptor '/home/dwduong74/yahboom_src/install/champ_bringup/share/champ_bringup/hook/cmake_prefix_path.dsv'
[13.518s] INFO:colcon.colcon_core.shell:Creating environment hook '/home/dwduong74/yahboom_src/install/champ_bringup/share/champ_bringup/hook/cmake_prefix_path.sh'
[13.519s] Level 1:colcon.colcon_core.environment:checking '/home/dwduong74/yahboom_src/install/champ_bringup/lib'
[13.520s] Level 1:colcon.colcon_core.environment:checking '/home/dwduong74/yahboom_src/install/champ_bringup/bin'
[13.520s] Level 1:colcon.colcon_core.environment:checking '/home/dwduong74/yahboom_src/install/champ_bringup/lib/pkgconfig/champ_bringup.pc'
[13.520s] Level 1:colcon.colcon_core.environment:checking '/home/dwduong74/yahboom_src/install/champ_bringup/lib/python3.10/site-packages'
[13.521s] Level 1:colcon.colcon_core.environment:checking '/home/dwduong74/yahboom_src/install/champ_bringup/bin'
[13.522s] INFO:colcon.colcon_core.shell:Creating package script '/home/dwduong74/yahboom_src/install/champ_bringup/share/champ_bringup/package.ps1'
[13.523s] INFO:colcon.colcon_core.shell:Creating package descriptor '/home/dwduong74/yahboom_src/install/champ_bringup/share/champ_bringup/package.dsv'
[13.524s] INFO:colcon.colcon_core.shell:Creating package script '/home/dwduong74/yahboom_src/install/champ_bringup/share/champ_bringup/package.sh'
[13.524s] INFO:colcon.colcon_core.shell:Creating package script '/home/dwduong74/yahboom_src/install/champ_bringup/share/champ_bringup/package.bash'
[13.525s] INFO:colcon.colcon_core.shell:Creating package script '/home/dwduong74/yahboom_src/install/champ_bringup/share/champ_bringup/package.zsh'
[13.526s] Level 1:colcon.colcon_core.environment:create_file_with_runtime_dependencies(/home/dwduong74/yahboom_src/install/champ_bringup/share/colcon-core/packages/champ_bringup)
[13.588s] DEBUG:colcon.colcon_core.event_handler.log_command:Invoking command in '/home/dwduong74/yahboom_src/src/yahboom_set_height': PYTHONPATH=/home/dwduong74/yahboom_src/build/yahboom_set_height/prefix_override:/usr/lib/python3/dist-packages/colcon_core/task/python/colcon_distutils_commands:/home/dwduong74/yahboom_src/install/yahboom_set_height/lib/python3.10/site-packages:${PYTHONPATH} /usr/bin/python3 -W ignore:setup.py install is deprecated -W ignore:easy_install command is deprecated setup.py egg_info --egg-base ../../build/yahboom_set_height build --build-base /home/dwduong74/yahboom_src/build/yahboom_set_height/build install --record /home/dwduong74/yahboom_src/build/yahboom_set_height/install.log --single-version-externally-managed install_data
[14.376s] Level 1:colcon.colcon_core.environment:checking '/home/dwduong74/yahboom_src/install/yahboom_set_height' for CMake module files
[14.377s] DEBUG:colcon.colcon_core.event_handler.log_command:Invoked command in '/home/dwduong74/yahboom_src/src/yahboom_set_height' returned '0': PYTHONPATH=/home/dwduong74/yahboom_src/build/yahboom_set_height/prefix_override:/usr/lib/python3/dist-packages/colcon_core/task/python/colcon_distutils_commands:/home/dwduong74/yahboom_src/install/yahboom_set_height/lib/python3.10/site-packages:${PYTHONPATH} /usr/bin/python3 -W ignore:setup.py install is deprecated -W ignore:easy_install command is deprecated setup.py egg_info --egg-base ../../build/yahboom_set_height build --build-base /home/dwduong74/yahboom_src/build/yahboom_set_height/build install --record /home/dwduong74/yahboom_src/build/yahboom_set_height/install.log --single-version-externally-managed install_data
[14.377s] Level 1:colcon.colcon_core.environment:checking '/home/dwduong74/yahboom_src/install/yahboom_set_height' for CMake config files
[14.378s] Level 1:colcon.colcon_core.environment:checking '/home/dwduong74/yahboom_src/install/yahboom_set_height/lib'
[14.378s] Level 1:colcon.colcon_core.environment:checking '/home/dwduong74/yahboom_src/install/yahboom_set_height/bin'
[14.378s] Level 1:colcon.colcon_core.environment:checking '/home/dwduong74/yahboom_src/install/yahboom_set_height/lib/pkgconfig/yahboom_set_height.pc'
[14.378s] Level 1:colcon.colcon_core.environment:checking '/home/dwduong74/yahboom_src/install/yahboom_set_height/lib/python3.10/site-packages'
[14.378s] Level 1:colcon.colcon_core.shell:create_environment_hook('yahboom_set_height', 'pythonpath')
[14.379s] INFO:colcon.colcon_core.shell:Creating environment hook '/home/dwduong74/yahboom_src/install/yahboom_set_height/share/yahboom_set_height/hook/pythonpath.ps1'
[14.379s] INFO:colcon.colcon_core.shell:Creating environment descriptor '/home/dwduong74/yahboom_src/install/yahboom_set_height/share/yahboom_set_height/hook/pythonpath.dsv'
[14.380s] INFO:colcon.colcon_core.shell:Creating environment hook '/home/dwduong74/yahboom_src/install/yahboom_set_height/share/yahboom_set_height/hook/pythonpath.sh'
[14.381s] Level 1:colcon.colcon_core.environment:checking '/home/dwduong74/yahboom_src/install/yahboom_set_height/bin'
[14.381s] Level 1:colcon.colcon_core.environment:create_environment_scripts_only(yahboom_set_height)
[14.381s] INFO:colcon.colcon_core.shell:Creating package script '/home/dwduong74/yahboom_src/install/yahboom_set_height/share/yahboom_set_height/package.ps1'
[14.382s] INFO:colcon.colcon_core.shell:Creating package descriptor '/home/dwduong74/yahboom_src/install/yahboom_set_height/share/yahboom_set_height/package.dsv'
[14.382s] INFO:colcon.colcon_core.shell:Creating package script '/home/dwduong74/yahboom_src/install/yahboom_set_height/share/yahboom_set_height/package.sh'
[14.383s] INFO:colcon.colcon_core.shell:Creating package script '/home/dwduong74/yahboom_src/install/yahboom_set_height/share/yahboom_set_height/package.bash'
[14.384s] INFO:colcon.colcon_core.shell:Creating package script '/home/dwduong74/yahboom_src/install/yahboom_set_height/share/yahboom_set_height/package.zsh'
[14.384s] Level 1:colcon.colcon_core.environment:create_file_with_runtime_dependencies(/home/dwduong74/yahboom_src/install/yahboom_set_height/share/colcon-core/packages/yahboom_set_height)
[14.385s] DEBUG:colcon.colcon_parallel_executor.executor.parallel:closing loop
[14.385s] DEBUG:colcon.colcon_parallel_executor.executor.parallel:loop closed
[14.385s] DEBUG:colcon.colcon_parallel_executor.executor.parallel:run_until_complete finished with '0'
[14.385s] DEBUG:colcon.colcon_core.event_reactor:joining thread
[14.395s] INFO:colcon.colcon_core.plugin_system:Skipping extension 'colcon_notification.desktop_notification.terminal_notifier': Not used on non-Darwin systems
[14.396s] INFO:colcon.colcon_core.plugin_system:Skipping extension 'colcon_notification.desktop_notification.win32': Not used on non-Windows systems
[14.396s] INFO:colcon.colcon_notification.desktop_notification:Sending desktop notification using 'notify2'
[14.409s] DEBUG:colcon.colcon_core.event_reactor:joined thread
[14.409s] INFO:colcon.colcon_core.shell:Creating prefix script '/home/dwduong74/yahboom_src/install/local_setup.ps1'
[14.411s] INFO:colcon.colcon_core.shell:Creating prefix util module '/home/dwduong74/yahboom_src/install/_local_setup_util_ps1.py'
[14.415s] INFO:colcon.colcon_core.shell:Creating prefix chain script '/home/dwduong74/yahboom_src/install/setup.ps1'
[14.419s] INFO:colcon.colcon_core.shell:Creating prefix script '/home/dwduong74/yahboom_src/install/local_setup.sh'
[14.419s] INFO:colcon.colcon_core.shell:Creating prefix util module '/home/dwduong74/yahboom_src/install/_local_setup_util_sh.py'
[14.420s] INFO:colcon.colcon_core.shell:Creating prefix chain script '/home/dwduong74/yahboom_src/install/setup.sh'
[14.424s] INFO:colcon.colcon_core.shell:Creating prefix script '/home/dwduong74/yahboom_src/install/local_setup.bash'
[14.424s] INFO:colcon.colcon_core.shell:Creating prefix chain script '/home/dwduong74/yahboom_src/install/setup.bash'
[14.428s] INFO:colcon.colcon_core.shell:Creating prefix script '/home/dwduong74/yahboom_src/install/local_setup.zsh'
[14.429s] INFO:colcon.colcon_core.shell:Creating prefix chain script '/home/dwduong74/yahboom_src/install/setup.zsh'
